url_hash,cost_for_two
4c03feb80bd15cb28688b7d27b67afddafb894ab,"₹5,000 for two"
b9d54152a504aee8e4fd39f691cb1e838fd5326b,"₹1,100 for two"
600c9bffe5905875abd31309a120258063de5af1,"₹1,800 for two"
dc8af4d643adf35a8cb6f895986579999265fc42,₹500 for two
5b02e894bcd3e9f2d28c0e606b633fa47c3898f8,"₹1,700 for two"
8a4a05e9aa45a5cc12f030562980105a045839f4,₹350 for two
,
731905724a4fbc80615301fe377167b8d182fbc6,"₹3,500 for two"
9ea25b2fa3d24568687ab34a962894a30a118fdc,"₹1,400 for two"
932679f7edca46ed76b81bdbe10c054b51fb0929,₹400 for two
7359d53a7e0c3a978ad2da9982ea6f41417701c0,₹600 for two
35ced3e4f919a8e3ac2ed304a1e04202904b02c8,"₹1,700 for two"
7f1f1199e42ece98054be7ccc91d1fb8a8b9c1a3,"₹1,500 for two"
2ae74ad746ddc2377367ee0f4a3c81351eff0717,"₹3,000 for two"
7c60e6c630e3e722bac50b213ec5682b77e2e074,"₹1,900 for two"
ac5ae66319b622bc0b4b50e9791b21571768e999,"₹2,200 for two"
8342eb65e4e380ebe26502422363e0082cc49d55,₹850 for two
eceaebae7963fbcb612b10719b88a0f71fbf4ccc,"₹1,000 for two"
edf85a03093bd82ff1fffe5bba266be98f0edcbb,₹500 for two
583f2eac427978f1c4b288ea83b495fcd472e092,₹350 for two
2ad532d8f7f75d10641e3bb47ec0388c4550ea10,"₹1,900 for two"
c472550bdd70aa3b69be331dfe9817f617d14ef3,₹500 for two
89a4f47a7fef1c773dbb9d9f1a5aeb3a14522466,₹200 for two
60888bb9b66b1d36998dba3501583f2633a21a3c,"₹2,000 for two"
8fa67d853848bdfff5aca6eb999e8988c53a295e,"₹2,000 for two"
01e7789f4677c62b904c805eaebc3e3923271c2a,₹450 for two
40672d717560e501dd4be6c174e0c91c65f019a5,₹400 for two
f327440542e3e8d306958a25f11d59e4e5970c8e,"₹2,400 for two"
99c4b910c0694d6b4192c08025dcc50267ce8eca,"₹3,000 for two"
bb9f78882178b9fd674ea57a1c65ddc17b9d5ba3,₹600 for two
8503249b2ca5045c0c6a538998e7cb15d7623e54,"₹3,000 for two"
6776cb78f80639370b18c43e12c6e5a716465bc9,₹500 for two
7038c59c2312b6933de468a8b5d259327738121a,"₹1,200 for two"
37da4ccb01bf2d6e6948d30758423530199cca3e,₹300 for two
9769984dd544e41f011cb8fdbc93f8c9490c4245,"₹1,200 for two"
34dceb071fe019209359be59237734d7e6e0caf5,"₹1,500 for two"
b5d415ab57c5322a4c511cc836f0164d4599deea,₹400 for two
ed5efa5b1ee09851030857fc390bf527b478d72b,₹800 for two
5d42459017ed44ae906945c7c1956e39dece23b4,₹300 for two
2736c2a77e542bba03e5d2756f0f66e66f2679a1,₹200 for two
e3bfac8bc215af3d901506cf8f44888b92935054,"₹1,100 for two"
ed1cbab9a5351581cefd71bcbab09741f8dc7efb,"₹1,200 for two"
b8715c5ed2412f79664e6a286506c7e94cbe2fc1,"₹1,100 for two"
c8ba290004559829bdbd09b4dcefd14fb28dd6f2,"₹1,600 for two"
a114ef4aff47f83316cfd0a54f81baf10514cf35,"₹2,700 for two"
d0d201136e675e77055f24fb69bf76009fa45112,₹800 for two
401ad945caa1a7bcdd839185734bbffda147f776,₹400 for two
0c52e82e3c567f8a95491e0c87dbc16dd836adf0,"₹3,000 for two"
3d9b33bc8f4b0fa0d18ee9c6020f2c4e28809c3d,₹350 for two
cdc3facf617df0a40abb6a5c8394fdec091aeb72,"₹1,400 for two"
1c3d8d984f3a7779387a1738f5796a32c373082e,"₹1,100 for two"
e475b28b9ad30df53ba1e652fbe316f625399557,₹350 for two
c34bc3a9cdbf34da21d5478839b0d4208e14fffd,"₹1,500 for two"
4eb12ef36d0dde0a9b71416e91ad6ddfe5f403ad,"₹2,200 for two"
8344ee0f264c4f3cdfbe8aff57337e5a5300ce8e,₹250 for two
c840e7a9a0d3f186e8588304076a35ad15764396,₹950 for two
02751b332f171355b457879be4a04d84b6176f42,₹900 for two
e6808d018d84335f00c9736faa79c65b7d101a76,₹250 for two
4616ba04777761215bc34bb8959cc247599a67bd,"₹4,500 for two"
5afbde4d3d20591c8433bb5d66d0cf0e1b6b27e7,₹500 for two
c873f6586dcb87134964f79cfc151fdc1d8bc057,"₹2,000 for two"
c8df3a04d182eb73575ab154622e72c33dd7c989,"₹1,600 for two"
0f1c3b07bc319a397471392b7220eef6f18d2c37,₹600 for two
f20957a073e31b7039aed0763f9e2082832d5945,"₹1,200 for two"
a2410b3ab54392a386fb8c862d312d416bb863c3,₹500 for two
4ac620e07f820a489a8666932696b64ae1236837,"₹1,600 for two"
1ca6a8a7bd80b5f920e3922424a47a32dfc78f2d,"₹2,000 for two"
93d85da2eb77be4de27094cae20a948bbef8f2ff,"₹7,000 for two"
34b6c41813fdbd4a5213127ecd928115f0496162,₹500 for two
7aac0fdd229d9b51d2ca90b6f0cf3944f63216b2,₹500 for two
8a0842ea608862739ba141b1bb4927079b0c9adb,₹950 for two
503bb985d08b4ba25ac295c4f1a1f44e8b54f263,"₹1,000 for two"
ecf431fd98d67b05016894df2f33adf306c481ed,"₹2,300 for two"
1f05caeddd519eb8e55faaa03b79174d633521a1,₹600 for two
6fb616e0deeb4bae1e0fc1c387b66e1bda55a66d,"₹1,700 for two"
b248b7f39f09878d30854f8e9cc35a227decd876,₹300 for two
5ff09fba3aed89f0420b6651917aa1a94f62e809,"₹2,800 for two"
8fd80d5d884d20b9e3e10156da260623323505bf,"₹3,500 for two"
d973dc53a583cff5e38c7a207c5369233e4401fe,"₹1,300 for two"
2e23558df1455e75eeebea8089d545a135ca9649,"₹1,000 for two"
b66a1db4917fbe94371dbaf7b90b815f69451f4e,"₹2,700 for two"
84f9b315a817ca99d59e1fad6530660568f8ee4d,"₹1,500 for two"
c4f85c278fbffda4b6fc66f8a4f912b209460202,₹400 for two
f73736913ed40cbf8383d51acff9ec411cff5ac8,₹500 for two
a9f89ca25be751a9b4e4815be3eccad9cda4c882,₹500 for two
288ccbf46c0c1eca173892bcdf60082c109a04c0,"₹2,000 for two"
f2fa9cdea317b855b7a3be008c82b70ba36f0257,₹600 for two
1d93162d3e91143296cde85e442ba8fc53e7d697,"₹2,800 for two"
9ec43b740b7a56bd98a3a111185168fdae7ea1e6,"₹1,400 for two"
feee18b59df8cf36a30f8c34076bce7b0317be45,₹700 for two
daed7acd39b2e71a5679d93222735a274964b0f2,₹950 for two
ad550c667966a857f6db3eed5adab81a0f244f1c,"₹2,800 for two"
0f1a0148d971eb93e5dabecf8a8d11f0805583c9,"₹1,000 for two"
bda484acf2ccd9fc812c2a1e250dd6e192feadcf,"₹1,200 for two"
51186176def191dc96e67a11319a2ebd87ac669d,"₹1,400 for two"
b49619f4435e8b9c5e11fe5da321e6b8ab078d08,"₹1,500 for two"
f716814ffe9ef52d5e99f5846010a44fb6230cb2,₹300 for two
9aa86962ae6e426fca2ca7f0e0c5437f91099277,"₹3,000 for two"
2b529b35820c691e6d2a95517c28d3ae1f9d86ef,₹350 for two
ab15e35f41fb034fb8c556dafe2ffbe4e3ed1217,₹600 for two
137ff66fb95738a4b7701f9046c41a8574b0aba2,₹300 for two
985e9611b7efc9d13ca447d6eef4e0d3b475b3b9,"₹1,200 for two"
ce091441b3eb953627f91be35f9c6fb5ef88da3c,₹400 for two
ef932647a0a5855cdc24c98d05cb541c835ee590,₹200 for two
3fcd0642823bc1f851e20d8840f4a6a99b62f77d,₹300 for two
a83fcd604074a21412ab8e29acc1c0749857e014,₹200 for two
14a3f90202e3b874f5ed81e88a3bb808ee8e6376,₹200 for two
64e23d26fcf9f0302a6a69763ae8150503ce5fd3,₹300 for two
daa000c59110dfe808a0124998d737fc90d89a7a,₹500 for two
6be7e7b881b6c6c74275ad462e8975a15a9fac89,"₹1,800 for two"
0c6c40bedb86944a2eabb929e17592799e686011,"₹3,200 for two"
18639c56dfcf2b5077dd368b8eed7ed7143ecad0,₹350 for two
213bfbf8ee46b42deece753ab08f1ff4ddd6cb0d,"₹1,000 for two"
79f73bf809b23be06730ccf1935f79e1c7583d3e,"₹1,700 for two"
3389a1ed3cba25532271a12d473414590f62b779,₹300 for two
b4f39ab8217ea9fd536d9b8556e93fb7ce9fe43e,"₹1,400 for two"
84b62375f052901a7ede6a6d2ecc3c05414929eb,₹250 for two
f1241edee7bd85468196473e956ba552aa939fa5,₹300 for two
75679c6c17c747097c712ba2da063e2df30b0a5b,₹500 for two
2ba5c8000ea70e95137a2608ad8adcebee22994c,₹700 for two
0cf99ffb81139c605b986f84a7b41ef7f743cc84,₹550 for two
48bc8197acb1b5a18d106c5d2abe7c354435ab25,₹200 for two
d024561bf6a6c79a60e470c17e1fd519c6a3ec69,₹500 for two
49eb7ff188ce01c79817220354816c8d419e499d,"₹1,500 for two"
a92c116a2c4c95af329f2fe2f16ab91d60cbe915,"₹2,200 for two"
9338cd1703f1dd6029d66826cf9ea60c153e873c,₹400 for two
c809602ad0576514d6c311c980d826adb1d566a8,"₹1,600 for two"
4d1e52527fd2fa403761ff1f3228edd757e656a1,₹600 for two
48188bd9d4ccab26179ca8ac2c2452a35c73c4b3,₹350 for two
9f3bc7a5f6179536a2f829d8967d97d01dd619c6,"₹2,500 for two"
d32ec81a8d65a17ba638eb6846dc5792bd913901,"₹1,200 for two"
3e99d25e12ab94b5dfe9b6c2580f62a26015ec50,₹950 for two
65f9a8d05f2caea711c6bf5fda34f41ed32dc740,₹450 for two
f867cc01356b660307208925ae07229f16096318,₹300 for two
fb45ea7ea7b3ad06e9e4fce48dda2d41147a9028,"₹1,500 for two"
e861a67fa2cf9b209b9f4534f69bc1a7f84c0c19,"₹1,100 for two"
9d8e3c2beb8ee521d23c09d4dd25bb62bfb6af11,"₹1,700 for two"
b7598d705ec095a1bb0f97ff6ffedecc25d88fdf,"₹1,500 for two"
6a920ccf5b0aa35d0d9afc4f7177c52a66bc50a7,₹400 for two
4c3b6a43a0b6a0d2ddc5eafc171bbd16b649c1c4,₹550 for two
7c9ea4a5e4365d0ee6c5ebd33f11f55a99f4a841,"₹5,000 for two"
131e51bb163583ba72eead011389c4710bae4a4d,₹350 for two
39f3aac1ef24f108a04e33c0828586b97388a2e2,₹600 for two
d473c0005c5db40a15a05b84146865eac8f95f29,"₹1,000 for two"
cd36c67e2d9ca45e9a06543006ee15419d0fe341,"₹5,000 for two"
f062702d23b2ffc823870530d3fe16fc5289c2e0,₹500 for two
b5c95da6b27943c2758a004d6638a4bbee40a82f,"₹1,100 for two"
7b08655eba67a8d1ffcb161dec9f9c1572bec4db,"₹1,000 for two"
dc06d3f9e57a9de6a229703b01a8120b9ea5a5b2,"₹2,500 for two"
40f39379451c640ab1531ea9731bd91392769f35,"₹6,000 for two"
f61f4289340ee2debd0b7f75e7bb8a82e135a8d3,"₹1,000 for two"
3f316e7c1ec74aaf7fed1ceebd2f1f74f1ec57e2,₹300 for two
e679786da22e6f60e2b2c049d022d952e4ab1bcd,"₹5,100 for two"
3d85ca9c63ba7d55eaa2333c648abf5c07d471dc,"₹1,600 for two"
6848e1c4c39dbb91ce02244ad06deb4f0624886d,₹400 for two
6e58815b4c663dc85dda3fd35c5a8dd19fb02ef9,₹350 for two
9ad99311481b518618b376d889ea818d90e6c922,"₹5,000 for two"
10f1d0e9033f995b488347adb4ac0224a90e1189,"₹1,200 for two"
7472164c3cfa9937afe3356f3a8e1a4086adbd92,"₹10,000 for two"
f804d09174dea5b751d5a29fba88837abf598e58,₹850 for two
e7d61ca806f0cb949f060a81a8488898f533d9a0,₹200 for two
aef70045684127380c00c472ad4d64d3cd980279,"₹2,600 for two"
08fc3fdbeb85eb22ba41d9faddca7b1bb13663de,"₹1,400 for two"
2713e135d54976d145f9d5d2efd0dffa155fe19b,₹300 for two
4c721c9cda5063007c6162078687a4ccbb3d9c57,₹250 for two
3f40db2c6b145ccc1815b61382faebdd389318c3,₹300 for two
8cabf3d02022fa5f419c654fb1d471538c6f8e9c,"₹2,500 for two"
fe028e6cdfbee61bea721eaa8defb25f0bfb67bb,₹250 for two
286c1d7ac323cf5c286f6043dd47f3da03711b91,₹300 for two
ba2292bed56862a6a6138917a92219ce90d4f6da,₹800 for two
7b44f4a4d2f9e56ebdd7e9ef23b5d312add7dcdf,₹300 for two
a90d15bb64bc45c208668d0bcc2ed0ebd681fb34,"₹1,700 for two"
bb8f7daed27647c8509abed8dd28d416312f09a7,"₹1,200 for two"
75b0447094b2a42f9217f8c0ea9abf12590058e0,₹400 for two
218e0404bed643dcdc681718eb5553d27fc9d684,₹500 for two
940c82ef9c7fba7bdc946e613bdfcbd6d79a9dfb,"₹2,800 for two"
22f1eb382936b59261df8fe45b2661a3f89cea50,₹350 for two
481e181fdbaea1ce6f56f0db7d795271b0b57e0c,₹950 for two
e4ee5a904404deb63cc8a3c5dc3b17c6555868c7,"₹1,700 for two"
1684c73993b186b0f4bb4cdfc15520ef8b8278b4,₹400 for two
4f906b4fe7469d3004ed5ebd6ceb4e2fe0f5aa60,₹400 for two
2b943ddfe6699de991b1224a98377264720d3c0c,₹350 for two
7fc412effaf25279d792cc5ff1ecc7c1b683210e,"₹1,400 for two"
0fe96dda9156e6ca5aa73a032e43b51d3ae813ec,₹400 for two
b1c369b64251b8c91333092386ee2f7582b64431,₹200 for two
b9e6b6aeeb2c266cd9eb4ee0c1b11c5f6d9dce87,₹400 for two
555a1dfdbc92e6079ffbf99b515c511eaeeaee26,₹500 for two
18e273c6e026d91dc99c7dd966e395bab58d5f2f,₹850 for two
207d8b14ec53c0602f7c9e0b33123bd2b77be46b,₹300 for two
fc888d315d520d960f4910df2794f585f5e0317a,₹500 for two
79f59ae8b76252b32507783daa172607e7374723,"₹2,300 for two"
23f52f7daf133a780a24925482526ff597d37f49,"₹1,500 for two"
c572c16281eeb92d9d42cffec19eea03850a24a5,"₹1,400 for two"
49593f6115143ec641e208feea2d3c1f5637d490,₹900 for two
1908f2d475f9a6a14525cb9a42864ddff985fb05,₹900 for two
1eff34ba5d985937709f363d1458d415446ff310,"₹1,100 for two"
ff0510c599d34b63a12feb06453a3f59105b8cee,"₹4,500 for two"
6f1e1089fb7611a76f4b132dcd6e507bb6e6f3e4,"₹1,000 for two"
77c4d8f58a973bd0d18f77edd9706c3ef673b764,"₹1,100 for two"
45cc6b8ab17abafd360341d85b093ca6f705f232,"₹4,000 for two"
ff56f5d3519065603a069b60a6cb34beada0874e,"₹4,500 for two"
f121d0efe1d14deb19ce0f2172169bc080db63c0,"₹4,500 for two"
adcbcf6f44a83c22b335333604cdfc0ad2dad5fd,"₹1,500 for two"
504a81064b3a15778cd5751160fa815972c5bd24,"₹2,000 for two"
0765fb1c60602fe4cf2791e77313d07c4b8fab29,₹500 for two
08dfecd4af3f05bb9987436d82be4d3c39010ac1,"₹1,300 for two"
1f2b6f06c833b5ecbca0bc712db43091e9912aa2,"₹1,500 for two"
8b998b97f971c625a8df0b8412f345ca740b362f,"₹4,500 for two"
0f083d86e0c4015987581dc3cf3ec99c15f80393,₹350 for two
5a7ebb6fd42cd2d141f9e78ccd8f9ff76c92cc3e,₹500 for two
9af58a89548f9bded0bd763074558c9536cbeba8,"₹2,500 for two"
a3c64eee0f7c02f663ca4514ad45b3512b67cae1,"₹1,200 for two"
f103931fdb06c15257e8d535038787c12958dce5,"₹1,200 for two"
9a8ba8a696aea13fb278e102d72b0d14bf4fd222,"₹2,000 for two"
896a94eb4049d803f1d04b16efcbf3fc38472745,"₹3,500 for two"
94a4739d4c1492d52b5c16024294fc0b7ad8bcff,₹500 for two
9ebf9b38db1ff7d9c4acaf64119618f51759c17a,"₹3,200 for two"
705496fada328731d6c7a018b6d97a2c667387ff,"₹2,900 for two"
783a978fec88d9565b5e56b952c8520942c6e7a8,"₹1,800 for two"
af8f358ac7b35ee1ccf944ba858cdfa24e719a4b,"₹2,400 for two"
6aaf68186d5411a984c753a9f0203ae5de629c53,"₹2,800 for two"
f63325e0b53724fe2834bff2bb978f9e39c99cab,₹450 for two
39b32ea1f2d6299557fddc7cec0989a489198964,₹300 for two
b716ddc0060af3100df0d67c741b12a406dbf07e,₹900 for two
69fa64a954d75ce7438bc85569e564c044733e2e,₹300 for two
78485d46d40daa2bfffd4ef24c1e5350e37b852f,₹400 for two
fa70f76dcdbfcf9581d304b10501602210366fd4,₹500 for two
1a5f9e203da1a38c9c50e38e945c4dabd5df51bd,₹400 for two
8502408a97ea740f5b126dc70cfd333764ba8c95,₹500 for two
c09c84c25fee0c346d0897288900fce7dc1a1c2a,"₹1,600 for two"
6962704a126cdc4ba09fd3aff44b8eafb47a519c,"₹1,200 for two"
66f7d9265c422ea822d930f4777ccb080b22b5b7,"₹1,600 for two"
388fc3dc7e1e6be2424e4af9ccb4185876b1a9b1,₹300 for two
2ba709247ad02ffdb195a667d425f3fb30e757b6,₹450 for two
a260b0ab530bdc44b7bafec65b264654473341ac,₹450 for two
7b018c7a6f6a39bb7f6093bae5f1bd3f30c479b7,"₹1,300 for two"
e2d1a949ec89700630676560be4765fafb50dfc1,"₹2,000 for two"
fd499b199ee74496fcc2532ece4353808b795840,"₹1,500 for two"
8148de70e5a7c415ec1b98d6e8cb3b1a0fb8d927,₹850 for two
92a8403026a4ba604b7c10c36074e8c7f5903d74,"₹1,700 for two"
7451c90c8586ad414c33a83b327bb1f86543aa92,₹300 for two
013d6d7be69bd497bd3415d169e79c9d4a09be7d,₹300 for two
019708bcccae05177bd558d543a3ebc9407941c5,₹300 for two
f0b273aa97f671830a2c64fec433fa06eddfdeb8,"₹1,100 for two"
5ac94f2e092f7bb7306dc9547f92302282f8c1c0,₹550 for two
bed6db6115fbdf8e419a5fa9262e16de1e43e3da,₹450 for two
69ac6afdc84ad64a8f0d5556c2b34a58f905a9f0,₹800 for two
8886356aae372193aa754c6a8bfb99d398a1d54f,₹400 for two
55986e50d1dc7e19cf10e936438dde8e0aba9191,₹500 for two
15f640ab72199b74fb6c3e41a734371f917d73cf,"₹1,200 for two"
4a85749cddc9c69da3d5c6c2757cb1d19f423cd8,"₹2,400 for two"
5701a9e58e545226744c3d0fc5b63f4adc0a3a74,"₹1,200 for two"
dcb73ce2ed1dfe4691c26eec9f819022002cea97,₹950 for two
7e906908fecf07163cd1dc424e9ecde39a62a1ef,₹400 for two
555065f52fc1a64e8ddec1acbb8ef31a915b606f,₹250 for two
f24f4b7bd2684bb8d3024200fd5ea18673c5255e,"₹3,000 for two"
724a93ea19a3b4e769e25801cfde62b2b25ed11b,₹700 for two
6bfa62ac95da0e08ecc4f1ce31764e62763885a1,₹550 for two
76056d46c330101cbdbf0ca2e58b4e0506f75018,"₹1,500 for two"
230c232a35c672e1130c1a4b2a202225bfdf7adc,₹600 for two
fce87c75e41521ef4e4d0b9a009340ce5bfb79b5,"₹1,200 for two"
41b72f221ceb99a0f298eb29a52c9bd85f4bc092,"₹1,800 for two"
af75f379e6a2067262996b3f7ffb2830a8cbe571,"₹2,400 for two"
dd80a7fea5fdb21f90730c4b6df7be2dcca840e4,"₹3,500 for two"
661e5b50620a69bee16ff3b97c4c8bdaca99cba8,₹300 for two
a455925fb74ac9fedcb41c5d0b55ec97dfb253e7,"₹1,600 for two"
5bfb37d4e5f5e3c937dc840595bb2de852f54760,"₹1,400 for two"
a5992c8c096a73725f5f0241997a849bee193f63,"₹1,000 for two"
2c0234e4caf7ce65afbc5a63143bde45060e885f,"₹2,800 for two"
803bd786cfa84887aba8f9c9b272f45cbe74bf63,₹700 for two
e958c541baf7c298239f9edfc23e9ef2f4077451,₹500 for two
b44e2c8f1c59c0bf139f3fc19d47a52b9366a27b,₹600 for two
ffaaf10397f9bccd4d7c0f6af203c7134dbe0375,"₹1,500 for two"
8387b2e9d721713c3f6932bb97a51844dbc8471c,₹500 for two
ca594e50f36f59ff0ed26ecda63b74b470c4d865,₹400 for two
fbd8364814b169d7d4a691e0f68817c8d9f39cca,"₹1,200 for two"
2b9317327f70e6dc13612b9ff63b7674fcecb9ab,"₹1,100 for two"
14e37981bafec1b004d60a89b1d419b15a06da9d,"₹1,500 for two"
b9559b7311b55ad3c7aa834d217efd0a69958761,₹400 for two
6586f1130adf3352706d17e319e6d1e175f82639,"₹2,900 for two"
5fa66e033a5c35ff165dcebf4578bd1eb514a8bb,"₹1,000 for two"
7bb80236550b00921c83abe1f20902147ac63bd8,₹400 for two
256157e60b302ad19e33824af0c66d27cf7a5943,"₹2,800 for two"
a3bc4dae57d984019ad18f047f1c31f27f7acda2,₹900 for two
c5b3f54251eeaa4bf34ed5ead99261c3c5dd7d08,"₹4,500 for two"
758f0b5e138ae1fc0c255297f39f015179cde0a9,₹300 for two
fbd60d4944fb6bd05818d9fc9a9a39e6fbc530bd,₹400 for two
a59e430f9ba3150a21df9c99e7d0b957de55fd74,"₹1,400 for two"
d0a1c909d8dc94624ceadc87a375399d80f9688d,"₹2,500 for two"
7521d8cfd535395de9c1b410e6f136a50adbb52a,"₹2,000 for two"
f2175219b60330dc62ad74aba66641ecf7127a98,"₹2,000 for two"
2361638ed3618ada43b1d7a686bfd1003a3ad81b,"₹1,200 for two"
b39cc8b334b0e380a5d7daae941813a3f59903ef,"₹1,800 for two"
07212366bffc4aadfa896219a7e6eea7ad30a0e5,"₹3,500 for two"
bec5acd4e1727676872fb1b81b80c47e04d5f1d7,"₹1,400 for two"
e908ae8d38b476783329b2e7d8b50566baf1acd3,₹400 for two
dc66b56a2d1cf91ecfc299f058da43a4e745180a,₹450 for two
e8d52ce235eae9d96ebfe9fdb29c5ba565435aec,₹400 for two
88237b126f25032bf484644db916038aee2f4f58,"₹1,600 for two"
867d8b0f9074aa55ca18f61fcbf8bd23022af0d8,"₹1,400 for two"
5c09b734bf7e6f263d4022afe6729e94e37526c6,"₹3,500 for two"
e16e6d133931cd812a4b8b45fb3749a2dfbe53d3,"₹1,500 for two"
4280555cb961a07b8676a18149ccdc07d6b93812,"₹3,500 for two"
8b922717ad0445be3a95825f2b9dbffafac63faf,"₹1,200 for two"
c51fdaf61766b0ddb65961343daf2d2edbed16f1,"₹1,800 for two"
34f940dcca068343cfd0ae5fa8896e264f5131cd,₹400 for two
0cc0250aa695dbfd0a1662eab01e45de388b24da,₹400 for two
db5c56f0a6528ca52fd42b103affc45655d3177f,₹500 for two
a44185ab96fb81c7e04cf3a6674940cfc9dbb79a,"₹1,500 for two"
492f7c73d8285e050555982f461e3c9d177c1221,"₹1,700 for two"
a15c30fa9396a4adfd5eae7aa100fee9722ccc0d,₹850 for two
27883a0b32d4d224469463336387d47f0b8ed51b,"₹1,100 for two"
a162c4562519bbd7a82f98a8a086798232171523,"₹1,500 for two"
ff59345a7305029f5769516148e0c6552d9e12da,₹950 for two
949ca6f30163f7773f03f33f904421ebe0fc0512,₹500 for two
912fa33dfbd456e116a097c0d70d9fc46b3e9bb5,₹300 for two
8b11f7e39e0b111e63fd2544796697322a8d3fcf,"₹1,400 for two"
ee85599f042435d15f0daebd4a82740f62781978,"₹1,800 for two"
2df8634d52c8f07f32e63df4621c2b9efee1f8ed,₹300 for two
1799377e23ec01a362bf58e6c7b8ad85796f086f,"₹1,400 for two"
a5fc3f09ede67fd1e462ea5206950fc6b3092b59,₹400 for two
3ca06f07bd10d9a62273fc1115bd4804f2cf27bd,₹700 for two
f9ffa2080e387055d4c8eb0e7fa71f98300cb0c1,"₹2,000 for two"
e463722e9e9be1e200f7df5bff8bdfe5236f0838,₹700 for two
b4ad4bd4d239a86dc46fc0f2266f2137447cf1ad,₹500 for two
bd64fdc16d66511eb0e189be339442ed7980328d,"₹5,500 for two"
a2e2f228a304ff5344ec08dc43521d5d8952c247,₹600 for two
1150925770f14f1a0127fc724b636baa3434fe34,"₹2,500 for two"
7a07c29dddae87f9cad0a2e2b763aba97378e5e1,"₹2,800 for two"
5c0a357d5ba3570b493d32d7f88f5ca447f384fd,₹200 for two
6058acc917184d3184997976dfdf30c9e5e4219d,₹300 for two
5cb35a0a5f1c4ad3062e313ddb209b4c20f3f61e,₹350 for two
9dd3f2e63b1471b93051a11c262f8720f6e4cd5b,₹600 for two
6a6d75d998dbc1b2e92facda2e760a9122e6968b,₹350 for two
0182699d379563348e24f8fa34e95cf09caa6db7,₹250 for two
81f9bf7c6babf1b42cea414c8cc781ab3874e529,₹500 for two
9e81109a1d2840f16d7aea799fc0095082f4224e,₹400 for two
0151f7ef94184a343fad0c7ba23e19a21e4904d5,₹800 for two
37a40527248a2aa10eaff67ff55499c5756c8898,"₹1,200 for two"
18bbf70c09323c2ecd6e2209e76ab7833cb05350,₹500 for two
2a8daa58a320e14f747b3fbbec5e9d33f6f7218a,"₹2,000 for two"
43056914f3d3203b390b703d41e2904000d4171b,₹400 for two
62b00eb8e13914792a2db5c42b7dd9588d06d40d,₹400 for two
81c745e50ed4a048618a44456c1c1c92b4c0f5ab,₹250 for two
7ea457651890986bb9f20f87678c5fd6b6546ac9,₹500 for two
aa2743fb74fb1843cfe8223a32a96caf33a7bf73,"₹1,800 for two"
c27f82b99a937725c8e8fcdece135c869ad001e6,₹350 for two
227e2f5f62d965da202404ced6a8bfb0167452cd,₹400 for two
3ebe0c9bab7a6a04c48dd9bb102a1222dfdd0c5f,₹950 for two
29516e09e09d54ea32ec4b70913ea67af9667b89,"₹1,100 for two"
2fe1dbe6d1d951bd3fbf2cbebbe7fc793715638b,₹500 for two
81e9e25aa9e94cdaef6681ea3f4f4b019e7255ea,₹450 for two
9f545deb2f74e6599b3eaf52164cc6278b4d977e,"₹2,600 for two"
536504930286ca6b478c1b3a6f83492995a4e48f,₹650 for two
60e03d94a2c6a0a07317153f5202eb9828fcbb0e,₹400 for two
7150adc2a6c12420d305a8f38dbbf083b4eaa566,"₹1,800 for two"
88449d8d5017a12b586a709e170316d6ec4c5491,₹550 for two
e0dc5fe80961b41c08186abb0f8b49fc0f07d337,₹200 for two
f87f7bd310b9623e7a5242f68249941186689541,₹500 for two
462c6e328eb0c794d404aa71ce44d4d403ed56dd,₹550 for two
95b0e414d80ed34edd617688ae9cc0222e3d7db0,₹300 for two
d9edbbbfedf7cda7685ce35890dc2675c4008794,"₹2,100 for two"
da72d9521e978cb1272d18c339a093cbf4539e71,₹500 for two
2e53bda25e6778922b511db0f0ca15269b8a6a15,"₹2,200 for two"
81dfd2e52ff7abce3ddb54349014b8fdfb2b6762,"₹2,500 for two"
982930658865d2a7614cd437044afc040423421f,₹400 for two
7324e56884334dce2971ff490c782b12b969a45c,₹400 for two
2782d3c54d3e24aa6883f4889ff570de9eb1d576,"₹1,300 for two"
18a2a4cd4aff06bf92281120fe73b40eb89cc88c,"₹2,400 for two"
12b74e510ca55746e360fb9e06797f0683976226,₹600 for two
fde4863cfd746867d8c16784b8261c4fd1967d05,₹100 for two
1c1a69774c425e5e2597e0c00273012f9fbc3d0a,₹500 for two
79efeefaca3b494040eb8bc96ddcaa2f06ab9cd5,₹500 for two
48a2053b08725091c684c67ad2f702787ecd0e67,₹400 for two
f9ad83c5bcbaa10b42557227eabf9d68d672a065,₹600 for two
b59e11ed46fa12b00e63e03782b492aab64cd7f7,₹550 for two
82f3a493896fdd21d882d2a8f5e77ca5b6e1c417,₹950 for two
5f7770c9c474e9187bdb618018e89549be70deaf,₹400 for two
2fcb24ce88b5d0f5851520577b32c67603502da5,"₹1,500 for two"
746bd764d46b65ca9ff7ff91ae71bf8e61f16e87,"₹1,700 for two"
8c0ff66aa2694a8c92b4abd57d030d48da6df64e,"₹1,900 for two"
e8b7419f4b40621e3355ede00a517b4616331216,₹400 for two
214e99830ea6d1cafe7c13fba5383f90569c057e,₹400 for two
7558f924d7da9c1460074963b51fcdc9616a4a74,"₹1,300 for two"
95c6435fcfa3f6829a3173c5c67fa7a25259fd49,₹700 for two
61ad11c8195c3185e8d1c4b638e4c7a95014219e,₹500 for two
12c1adcbb9c70c3a8f863b279321899a594ec504,"₹1,450 for two"
e2eba5cd7cee5da4c3d59e369a1076f9a2d6cf3b,₹700 for two
8032c02b59b09a8e7a91264a05dd85d53d8112d0,"₹1,500 for two"
9765c29e54bba8d1c265d09cb53e88c2a58de48b,₹950 for two
9ce0a2daa3157b1087a4daa4d266fece7e6fb361,"₹1,000 for two"
dceeabdd02262da318aaac6c23b84b5328c1bb78,₹400 for two
67408a313dc189a90dd1a265fd62faff0c248aaa,₹300 for two
41fc8738f6faf02417cf2beadf241c9de1aa3703,"₹1,500 for two"
8c0a747e3cd7e38b1739f3f0636c3b2abfadf990,₹400 for two
d32f4f4576144846b2b582aeff551f5cdb0b213e,₹300 for two
423f6f859b9f64aa6bef3dc940abc8b32f9b0f0a,"₹1,300 for two"
8a866ae22f7391ffb7ecee9ececd31a50db816c2,"₹1,700 for two"
b048ca4537b097a56a8925bae8ff8f315d06a4aa,₹350 for two
02e04fd641ff4de1d2767dcf2d9f95efca115acc,"₹1,200 for two"
67f38aaeee7a61f0b060c652d45a2d1536b2bb04,₹500 for two
c4dfe72c9e073a61123cc782583b645af06c031a,₹600 for two
1206e0ea59894db843334cd1135b56e6a4250a2e,₹600 for two
43814d1c2efc58f1074f9d790aaf65c8949c9c4f,₹350 for two
0c797168e0f6833d4d5a037777d4aaff53d21d93,"₹1,000 for two"
e6587d94698b36f3da1162f4d0e9d815e749316e,"₹2,400 for two"
7a3d01c4de4a43224fb33f9508155f46d8097441,₹300 for two
c02208ecc78aabb31dd832aaa1e06ed888ad097a,"₹3,500 for two"
68397ea4daf89226224f448dd7c19b2015b698b8,"₹2,000 for two"
495e3cec8b950d526ecd15295e0705e3f356394e,₹550 for two
db97f537b713928232b25ee4527f0c231dd34d02,"₹1,400 for two"
bd4d40226e2b44fffff4258a6355056d757af47e,"₹2,000 for two"
377b30c539a36078615f2fa4c558e31259b32d1a,"₹3,800 for two"
817679abcdb4f12f064dee473fc02cfda0f83c55,₹350 for two
8c03bf7c9ffacefd387a26e245f30c47cff613c3,"₹1,200 for two"
f5eb743ff3054a074c5e51c2047f7a9b164eecdb,₹550 for two
cfe931fe9cbd0da41a78cef56a9fdf176e85572a,"₹1,800 for two"
f93fefb34f70e36d84046d908fa00588ef95aaff,₹400 for two
efdeab526fe580f28f56c9648c38e26ee0807f6f,₹550 for two
97ad5d3d414eb8d919ff9b974c538eebb37a05c8,"₹2,400 for two"
d1cda1ba9c87090d5b1493369b5fcea0031a85dc,₹950 for two
9d5a0dceec772e2e622d51a2ece6c419e149e3c3,"₹1,200 for two"
baa9b0f12ac33dab072e867307f4be3fb7bb5679,₹400 for two
a5b610cb430258c8fd48e9bc04d3ed4df7746cd0,"₹1,500 for two"
4b7d668173356ca63c1541c0169dc51318ed5842,₹850 for two
ab40ce78d5193283400880b7027b0a076af7a6b6,₹400 for two
5152cd0d83b2e91182c94be385e30ae1584f397e,₹900 for two
ec08780c99f74169fe7569f4551437c8e8c8d539,"₹1,000 for two"
0d2931c9eacf74e8495a33cc05d32f238a19e4b7,₹350 for two
04624588bd5c76b3e568b8d2218d7521fa13109d,₹350 for two
a9ff241bc63c14cc2f23f9a9a54a8f742ea243cd,₹400 for two
59f7519af4f82f4ef70241e6a73763e37251c411,₹200 for two
015b6560cd2d16a163be9e334693eab3f0e79db5,₹300 for two
a6b02b64697b37792903807866aa1f95fe83efe6,₹350 for two
57325bb2198c69536a60e4289c31708631121cc4,₹700 for two
f3c6839fa186cd7764bf8931fa2446a6ad5db925,₹150 for two
a9e70a8bd7c6dac6073a78dab852055284ee6df6,₹400 for two
f7c4313f8fde34fd516fe052c0290d55bf620a22,₹300 for two
e67e2f631c88cae9d741edd7ef30f176e3755d0e,₹150 for two
762acbfdfd09ddbec1b9afd27af6a2cf83dfb688,₹700 for two
d78541d8d6f69122be55713436ce9f289172cf53,₹200 for two
f00a942422e581caf53d29e0e7adcb53418ab9a7,₹500 for two
1a3831eceda1951d3cb5d6baf8f1127e46c219a0,"₹1,700 for two"
1c2c8acc6611ccb5dc964b78a5c24a8db7785c23,₹350 for two
5e0cf210b38d436c913d1743cb394fbca79683d7,₹400 for two
45ab46b40ab152845b756740e3a2c21e3c7079d3,₹350 for two
235e7fe655d0d810d7697fbd7fcc149d3e3136e3,"₹2,000 for two"
f4ae54f54ff22275252b24b0d80d21dd0c8d5189,₹300 for two
ebe83a152b89fe6e9629c8ce8cc5f0d52e0fc3a3,₹400 for two
4a7b398a9d5c9bd89d17b47ba6b411c87c5f7c56,₹450 for two
e9b8e09f66d87468fcc0ff5eedffc71cd8ae861b,₹500 for two
4bd832bbec55531cb1f1171a2d74bc3f73e219e9,₹350 for two
8b51f5399936c7b316c11ce884bba8628c5efdaa,"₹1,200 for two"
6934e404bbd7c37eeba968dab28156553c627a77,"₹1,200 for two"
324c48ac8d345307b9b59d579106983840966ba7,"₹1,400 for two"
8b82a16ff1cb05de18bd2e5bb069516932d65102,"₹2,200 for two"
0a3c5ae4a4832928edba2fd901ce9889c7d249b9,"₹1,000 for two"
5cc72fcc4e6d09817a5005612be4632bcbda425d,"₹1,700 for two"
44096c34b887716c6a2ec7396eb083fb3efdcbd1,"₹3,000 for two"
99a7cf897da2753393f10af20a025a11867e1eb2,₹200 for two
c98c43ac087989599de6f6d387b3b9e45a892f61,"₹2,000 for two"
05526994b3f5957915bff26829b1540c81abc0d4,"₹1,000 for two"
995ce7f2748a580992ffbe8eba76707397f01122,₹350 for two
e0e3a5f097131afe88df5b3d4d9a3c2818bac90a,"₹3,000 for two"
81042f96fd93bdeede2df2c35092c88a700f7f0d,"₹2,400 for two"
1c00f6957cc02edffd25d4431692461e3ea3dff4,"₹5,500 for two"
662b93c78735be15658d15ef11dcc33b6d20366b,"₹5,000 for two"
a10239fc192f2b7dd0575b19aa2b5a774dafad27,"₹1,800 for two"
25fc21ef49fc4492f26d115f19bcdc2ac4255c21,₹500 for two
7f9f777f00533c2253772e7ca0f1c49dad1c7b82,₹950 for two
9570ab385d372eca31a439e012c5f50f5fc6531b,"₹1,200 for two"
c4c06367b45c07d00c9215d1ce9980e8b6db2047,"₹1,000 for two"
486d58c07b6cdbc2ebc6fa35cef6b8ea165fcb4c,"₹1,200 for two"
44deef7a64d426c2fe188a36f54ce48f3b65e900,₹700 for two
d0d3f3a516a5d1e5f8a3cc50b7ae8904adedaf4c,₹500 for two
2260b29959876b046e1442b04c85e14e6804f2ca,₹500 for two
0aaac9c2448253b6832772e77a93046675d22189,₹850 for two
5166330d996233ba87bf5c0e2d77ab209abbadd9,"₹1,300 for two"
21c799fdee829ab2391c3e3343058f543be71c27,₹500 for two
664afcb27c650b14aa967a1ab726647e5e23eed9,"₹1,100 for two"
894bf763b5104aca678661d7fb6a21ccc3053720,"₹2,800 for two"
6c3e00141c41814f54c669a5953cadd183f91fc4,"₹6,000 for two"
ba1fa28d7138465f9f148ee9abccd001e0abc65c,₹200 for two
b01b136f16f0a06d358e5d9da99674e7f188cd14,₹300 for two
8d3857f877054fea3335b0274bc44381f343c40c,₹850 for two
c117be108f22f5c75188113557de7dfc62be29c4,₹600 for two
5376eba3db212249e4c99ee45d4a2ef96f502a15,"₹1,200 for two"
fecd5bdd24e9ec65090ea36dcd8b9231ce970d21,"₹2,800 for two"
5d98dddb9c16175b3cbc3532cdf1591afce92447,"₹2,600 for two"
c4e799b31e859068ece5824c18ccd1514a53432e,₹850 for two
dd91f0dcc10ac7bcf8e9307a1fe322dd38a4994b,₹950 for two
341c3ed581fceae2668c8a0b860cab0fac4246fb,"₹2,000 for two"
ab2e294b08dca687481c4cbb9702c994b4286ed5,₹600 for two
fab1ed66c0c54a60baa552bf595e0abb711f94cb,"₹1,400 for two"
dcc4be1fabef9d2a239665cfe9a64a7476b14fa4,"₹1,400 for two"
0e9e24cc62141b4768760e5496bf4f31823f27d1,"₹1,500 for two"
a24d0cd1ecffab96883cca33e9c7f763d053dfca,₹800 for two
650b6551a87349a719821dad6f52fdf3276ddedf,₹400 for two
1fae34032d7bc2253bcc02b94a15bb9891d0ecda,₹550 for two
ce3fd87ce172d21f5da2f8015c58b0e047940067,₹700 for two
0a95a33f6f8fcb5b6becab7eb973582033272e90,"₹1,100 for two"
91011457426a3ccdc1809ba5ebd655d1a58a8a96,₹600 for two
cb15a3360a61c08ecbeaac97f284964a7ba1bd44,₹600 for two
f4f6978f103813a5cef568824343e8e0697a6865,₹600 for two
0f724e6d132f53b46c31eca54139d9b98f169d31,₹500 for two
cd072cc64856e04555394ae11ab6ab4d95ba95ca,"₹1,700 for two"
2c68f1caf2e168ee909874f2ebfbaa32220f7de9,₹200 for two
4e9f9c90d12d7acb07b5ffaeba9b0a2f8d04d737,₹800 for two
e85bb1bb0b0ef48b3a9bc4da513d96f88fd0ca21,"₹1,800 for two"
829b64c2a762b522b068b2103c1ac857fea895d9,"₹2,400 for two"
9adcd8729190b350a31632268353c790805bfd48,"₹1,300 for two"
09029dbf9aa98947f2ba204e5adbc2df9b7c9070,"₹3,000 for two"
09695932f01a62aef081989b85697ff052d637ac,"₹1,100 for two"
5e4f0bb2dde59169b85d81f7fb82afb0d1f741b1,"₹1,900 for two"
6f2860ad4af150c2aa077f9df679b5e143e23bba,₹950 for two
b980f5cf93bb10b19e626fc4a2963ed7ecbf79dd,"₹1,300 for two"
c33f0b6028099278b1aaf337a7d934be924912d5,₹300 for two
b125d12f5b7bde39657bfe8addc87ae2acaf722d,₹850 for two
5a7e306777c8ed06e321c052b6ec20e09940fb01,"₹1,600 for two"
94e7b5aea5d55897df6170a65ad82806534f7be2,"₹2,500 for two"
2060d38d4d34f546d4d25d37bbb35575bc9320c9,₹300 for two
24359082176dbfa7845ad61f34929dfb3fd8baf2,"₹3,000 for two"
5eedd9270159d4e81648227e38d6fb48fa2bcba8,₹400 for two
3fb0666933df8bec483568ffb0f3a8c508394288,₹200 for two
ad74ba3f89e13c4ca9217b76505651c03176bf75,"₹1,500 for two"
0cef25dc92318b247930d3cf1bed4d31a0d2d663,"₹2,500 for two"
182068d32961353e0dadb6f3a8eef2587b9722cb,₹850 for two
11a68d3478acbfd6bb64f3587c994927b6d70818,"₹2,000 for two"
782e1ad11f36fab1a82eb93421dc9ff406a2c0fd,"₹2,500 for two"
ad5da74d7db96c7fc0a5bbff578426f9f6e31e45,₹300 for two
65082a2fee8288ac65072a5ff9cfc8aa8b66390d,₹450 for two
cfa15993038e443c0800467cfa858968c4180e44,₹500 for two
6dcadca19b83a736d376423003da6e1c28c8ae32,"₹1,200 for two"
14d5da775a0ac5b0bf37790ba88373fcd2412b25,₹400 for two
6724a4853773dac37acd044674dbe49434c53ffc,₹650 for two
e6dd56a2a9ff0be1a478dc28371b66440c37c7ef,₹200 for two
8d50307b61313ef46a79be677796d24291bcd46d,₹400 for two
01a36a5c3906a74f70559e400cb143d30daccb55,₹500 for two
a6d1dfe32d24ab6a603463a70c2d9bf8478c3209,"₹2,500 for two"
b1235c9241f2e3d9f849c5cb3e82ad899b801311,"₹1,000 for two"
55b1dabb47bc81e49f8596a80ec1308b8d0266c4,"₹1,800 for two"
b2e344b94c82a5ea9898b86a98c1fbf54060e19f,"₹2,000 for two"
5454a82e4f2e37ba22e0dd6403fd7453d3187209,"₹1,200 for two"
4aac6a7bdb8f7c1cbb6ae2e682315b38f06c2a80,"₹1,000 for two"
b672b0e8465fa86bd1bad706571432f9c7baedbf,₹350 for two
33da3a420d60bae7ba146523bea3818383f2946c,"₹1,400 for two"
271811b423eddbfcfd577dcad44c1f59f28cc622,₹250 for two
184543e74c933eed38382d3f17b3f8dfa4355113,"₹2,300 for two"
0ee6f3d0cdcfa889c8586915c7f936c1a0b98c9f,"₹2,700 for two"
4fb27e9b039a2116d62b9c895c41a1c9004e35da,"₹1,900 for two"
e0921cdbce39032c228a571b4a95e73a40e3dda8,"₹1,500 for two"
cd0eee0bcda4313e7b493b0e6bd386ff9c0e932a,₹300 for two
f0579be9e8a05ff8fdc7e90c841289d781870315,₹450 for two
a3aef4e2c7316bb93a7da6c1cf38530accd56a4e,₹250 for two
f7e9623b8be474fe68a24a75a4ff3db4aec15688,₹800 for two
e5296c5928621f80bf8f529f4e2ba5ee8ab6afb6,"₹1,400 for two"
87bf350ad09347841d85205d6f78b533c2cd86d2,₹400 for two
d536af6ebfb5e7e39181f1dc96061b9a9b234fff,"₹1,700 for two"
0b5c6a0d48f1b2cec02293dc72fc57c943c3faab,₹350 for two
8e456e06ac337158f96f8e5424cad6a79dcbe7c4,"₹1,200 for two"
c66e869074681f368dfe9b9aafe74f75dd9fe3fc,"₹4,000 for two"
e898d548d7792c4081c9a78eae4e04e5fbf74f99,₹450 for two
a0a4424a6a847f5191a8ca7b6dfec33b72713306,"₹1,700 for two"
b4ead3ad58f358a30d0dbbcb9b8652ef5a489a53,₹300 for two
49d70cdddb4ab94175247a0a786130df793bc4a9,₹250 for two
2699aeb170b8bc6b4e47845968391d29c72dde88,"₹1,500 for two"
1abcff8ad5e92a5d5296fb597bfdc4200cb93e0c,₹500 for two
6be938581870cf7c8861f1963680d17f974fb127,₹300 for two
9fdcdc60223675379ca47655a774d1f139dee019,₹600 for two
fee9cacfd458281ef42043fc4833309cadb47d54,₹400 for two
6089f6c31285108bf3c4a456be5e0093a55202c3,₹200 for two
b7046f82fc37b34911470680bc268b169b134371,₹400 for two
fd9a7b7a866877c46352f387df9458262c4e0842,"₹1,000 for two"
d09f8a3601dbe4510ad4db6f7f9b6e6c1ffbc30a,"₹1,700 for two"
dd99fd74a57ea93fe15cb044bdc1b58725986022,₹150 for two
b3cad6ed83576a7c7a48e3c63aaac4373c198214,₹350 for two
ab6d8c5f783aca327092314f28d719ef4c935970,₹800 for two
e3c9cc538dcd58558c0ce0e07152daeff5f97a7c,₹600 for two
02aa26c6d4fd231760d30b093c7cd46ded7a5d07,"₹1,200 for two"
e59c17c5b6372baede45a2cee79598fce873b55d,₹700 for two
729a241a8d9f32db9e6ffbd5cad3a11ab792fa8b,"₹1,800 for two"
755f446f5cb0fd3bd36e50f5320472a16ede73ec,
f96acec57d4a06fb920a23de7b6e8ecc2f8b5347,"₹1,800 for two"
95df424513066df7e63fdc9bd15289fc7280c86b,"₹1,100 for two"
ecdcfd7dc75b9d0ceff888e849aec4a8b455991d,"₹4,800 for two"
017368d289410772ea0d72091406f340923f7d48,₹300 for two
e57f3f266a2345b36144ff72d63cc7e614db599c,"₹1,200 for two"
e82457f03bcc4330b8c009f956625e4ad8ab6303,₹400 for two
83e260d7983ef3c253ca42f5da76222ca805e357,"₹2,200 for two"
62944af0ca7a4f7c8f7abd7273db40d95d6c029d,"₹3,000 for two"
91db5bfec279ae513ce09a5f9cccf3dc9c74d69b,"₹2,000 for two"
3069fbfc71a67bed704a91c3540b7b7ad7030ecb,₹500 for two
ac33e96cf956c87834776463b5fdb95ac9db8608,"₹2,000 for two"
97be8b9065d85f6e829cdfa9778ab2af40492b1b,₹200 for two
aa279446a2a0c1241d2b24f080aefe3d2de84c88,₹450 for two
3d1e1810dc129ed51a7fcbcc6ea9f5334e67c34e,"₹2,000 for two"
b2349191def42d4e80e7a28807af77b01cdd3eff,"₹1,200 for two"
a71eb847430773d93dc2d5b4e3ca7a776fcd8e68,"₹2,400 for two"
9ac4650415758e2fca8b4929cc698b47eeaa7b02,₹550 for two
ee12d2dddbb9ba73731386e531876047dff02f62,"₹2,500 for two"
96a60b9806700632e9c9331d405154ea5d5daeeb,₹400 for two
3c50e4e130aeab6eff5c726773d0e31cb9bd5b46,₹600 for two
4540d3db6c4412bf72ca0fbdf08f552bea4adf1a,"₹1,300 for two"
1332792dff02abbdc0936146ebb77a5fb0d969c6,₹800 for two
7145e4169740c7ea039d01636c5fc65ef0284cf3,"₹2,500 for two"
fcac3ddf6bf7889dfebd476920c2ded5fcf5eac0,₹650 for two
8970e727bc144493b05c10a2f85196b5464d7e0b,₹550 for two
beca2642bcd451d0599790187b01bc3a4313880c,₹450 for two
79793c20c4454787b25e52190ce0f13b8d0e0c0b,₹500 for two
49206b5aa2729357db1031ccc8c267b278f15511,₹500 for two
d2b3357537940f5dd1f665a1e4dd901a3b5c0bbd,"₹1,400 for two"
99178e46bef0ed7d713bfba6548d844586d77304,₹500 for two
51d1b68f8259f9237af6c90eaeb156e534936888,₹200 for two
146b50ebfefde801a965abbf26cd1181fd8687f3,"₹2,000 for two"
d34f3919c4f21b0542965bdea62cc5b48d4c8bd6,₹700 for two
3d8270e88bdacb424ee0857008b8d42391347b21,"₹1,800 for two"
f6f22a440d16b8f5caa5f7002aaea34efadce125,"₹1,500 for two"
d9f2ed9c4251cf0bce41f0119e223c449caf9d4c,"₹2,000 for two"
0b3103f9a0589aaffdd296dfb77f7fdae83a1a64,"₹3,500 for two"
11f52c9d9b91096e6b39c1d5708919fb81eb8cac,"₹4,000 for two"
41d87336337c0317a3dfaa8d834925f4e4c79e9b,₹500 for two
ccbffe271e6d29c9f86b44d036f4668b35913744,"₹1,900 for two"
08b01c5255d0a2bf9e01d57b470588a07bb27ddb,"₹3,000 for two"
4ea8eb9ab3a5584a8b7ee9250a8a364453b3d13d,₹350 for two
d95d190ddce0846fc692ea588c4537a4b042d2ee,"₹3,500 for two"
5054cbf264a2e164ab4a1a9c7c5e088134117396,"₹1,700 for two"
38b6e0a3159a07c9889342237702ee671dcbc4d6,₹600 for two
3a9cafb3778a40df2d5f10d54901bdb47ab5692d,₹700 for two
b2929f43680156446fe442572cbf65c3eda9ea51,₹500 for two
ff8cf9a6a1c59a65096e6145f50378ffa4f7a226,"₹1,600 for two"
8c505d89af76fcc87a7e525795a5781e4295a1b0,"₹1,800 for two"
e9ec25dbc6b9e852da204f1579a73af0db4ada83,"₹1,000 for two"
2d16ff518a1b85c17250df42328f4c99e2d4ae8d,"₹2,500 for two"
022a10e00bb516c5016ce32be81af9b153929e8d,₹400 for two
3c40a666ff4501742bf2d0727d992b6cb39b0905,₹400 for two
d03cabf86d89dede8a43564bf31bd3a4f1d62662,₹600 for two
d6036181708c4a07bacbc3fa533faa75f2813cd7,₹350 for two
c3af930a773d011d1650789e8b2aff2de064167e,₹400 for two
0cbd5d674c064cf687b0dc0d40f3bcb95cb4eea9,"₹3,200 for two"
9b41bc9acdb03cf578d9df0c90edb3e28f285480,"₹1,400 for two"
22693dc64c5309d621c5b6c86e919b711015b17b,"₹1,800 for two"
4f2e6dd202ec37da2c55e55f09e7ab3823459afe,"₹2,300 for two"
040c0c266b8f027ad22d04b97eca19f71f8bec0e,₹600 for two
39681ff28e47570bfdd7eec7b133c6a36574ca91,"₹2,500 for two"
5c5a8713e73a71d44681d8f2cb5df20a5e7cde07,"₹1,700 for two"
5565f38a7db9632c4926a31b64853ae03cc2caa0,"₹1,300 for two"
a295799a69dfcb86d375431073d5959e05971d35,"₹1,900 for two"
8b9e8a582d46bd59a605b8d5e2b6ded96adc08a1,"₹1,900 for two"
854a15dc39516a1c72239348a37e1e2f5ccedc06,"₹1,800 for two"
ef9c765e1aa4ee234bbd50d8797cd551febf851f,₹400 for two
497d5a9f8d581f15055eb6803b48630e11013a1e,"₹1,700 for two"
f2f227adb10f2efc84c3048d0d49481ab3f55193,₹800 for two
629ef4954fff3ba5f9350f6d0f5f1187eacca62a,"₹2,300 for two"
ea33a45770fe97e5ca622db629ed94db17e80914,"₹1,500 for two"
d0b88692acbc5b85972ef83a16a93409ae5e23d3,"₹1,200 for two"
8b57b2e9fe90b66cab760535818b62c02fd960f8,"₹1,000 for two"
f05130bf68113746eae482c2006afcfaaa9968bc,₹600 for two
93cd0d2f438167621812426a0089bb54b7970608,"₹2,000 for two"
b1c9e16865d859877e6b312ac0a4f8aa3d840889,"₹3,500 for two"
8f1b4cb0d849ea97cc12980babe0a3039299f4e0,₹400 for two
84301eecd0461d38f065738564f462aee17cd235,₹350 for two
2441bb5a51a488ae67f50863c3731f69b7cd75cb,₹450 for two
428063dce2435cc6cbcb298d4c009efd5af6aabb,₹500 for two
f7599bc03cc871175778ea146d1391bfba4ac3d5,"₹1,500 for two"
d01011c251d55b41135fcd04eb321287d618806b,"₹1,200 for two"
8056a831bc7cfb33e94052f3a6ca0f2f260655cc,₹550 for two
2e9e2026958cc201ba1fae301213621476e29bba,"₹1,800 for two"
b037a74b35f1de11b7f3ab11e62981d994df88a7,₹250 for two
711c913d5989c0558ac3add75b35dc610ea7a39f,"₹1,300 for two"
50a3fc84acc56b6f914a24e1dd1f06fef982843e,"₹1,000 for two"
8235b48d1abfed38b8a23ce2887d5f8e84d096f5,₹900 for two
9663ede4a7a27a04679216b5c2bce31f6c023a98,₹250 for two
42236dd7f35b444e112bfd3af9324a141d9768b9,"₹1,800 for two"
7778d55baa243cdc9b6e0696685bd8306fd739b3,"₹2,000 for two"
f78fd44e19280ba2e948c6378add4760c95e69ca,₹500 for two
6ba7fbeb3c79dbe8efec50010f2538645f5db4fb,₹400 for two
0a9bc8b5cc568da66ce8b1c8a5fc50fe4398f178,₹400 for two
15eba61f01b1ab091fa6b9c2778fe2cb09b9d280,₹400 for two
ad2c6d4193244f87c5a7e456a5f38e2738ab8723,"₹3,500 for two"
1017fe1399cba36cf9244d267a0264da80398667,₹400 for two
73d9f71d80250ec87beab0b3a17c84e67752655e,"₹1,000 for two"
7e70dddf3aae51df369aa14cbb9462bf84fe64ca,₹400 for two
718a60c66bae4cfdf4f7128c97e5427e381e491d,₹500 for two
574ca1b21628f3bb4d7dd20cea95f98ca3789518,₹500 for two
2b3746f9af3b48227e7f7885ed3d090f9209335a,₹700 for two
c7e21cf92c4ab333d61982d18e83e8d08adc131b,₹400 for two
e990da8c5681125cb06bdba7753e8cd6a989c83a,"₹1,800 for two"
9854dfb098436f6860887c173b6b56f29138d1b8,₹500 for two
5c2da9a3e1f371255a8cebcd26ff9537ffee00d9,₹800 for two
1643f46494c6767be87fd6e8f95e396a8ec30f7e,₹400 for two
16b0b77461a91f27a4820e9c5d50aa8d61b7b0ea,"₹1,300 for two"
a27f289cb8358e6878ddb818f1f4e555eaf3ddeb,₹300 for two
21d9679e227c78b8c4cab5e0fad3b45fb7d8161d,₹300 for two
33a0b02ec7ac791e8669a61de473ee0ce9e4e2d0,₹400 for two
fa2c2719a96d9aab52188495ef66a98b0ab82428,₹450 for two
f239ebe4199929b4f4f0b040a8b85bac88f56d68,"₹2,000 for two"
0a437f10d1f56ef18b2ce8626305a6c734389741,"₹2,100 for two"
6ef3928883ad128c3f99fa720f868d05120094d6,₹400 for two
0cba0f3a2308141ea10e65720e315e5153a156f7,"₹3,000 for two"
a8da8f0c129cca6252378e683f0e22436e4645b0,₹600 for two
8a6bfb02e74e4b52a20f6ee5104203c553e5447c,"₹3,000 for two"
5d349b6e7d324fed9e44e81a21112d07bf10b808,₹300 for two
f04bbdfa9a815f70044a93edbfb469654cd022e7,₹400 for two
4ce57db4ff22ed2d448093c121b0c3c79a3427ef,₹300 for two
2972ae12ed530e3aa1917de0076c848fd9bfff7f,₹450 for two
490b6cffb6a24df070eb411b74ab63fc46f0d4d2,₹400 for two
f739976a4cc81fa18802be57a30c16d0bf763e6c,₹200 for two
7f5ad5a946fb9ee523051dfaf994e8301b69fe06,₹400 for two
ffb705147e873089283b0cf95831b764d28c20ad,₹550 for two
272c8efe87569b8f1d40623685daeeaae1d6b203,₹800 for two
bd2edb11ccac13ba6962127385b940382b3dcc6c,₹500 for two
e9b964eb38a0ea77f4a2382ff92281b0880df47e,"₹1,400 for two"
19a8e7707db4b4a5c862c21efa39a743cec08bf5,"₹1,400 for two"
db74ed550fa4fb539fd19c58242e8b8b14bd563a,₹650 for two
5bb54fe89e4deea9653aa6c68d7de017df988f06,₹850 for two
811384c218645624b5f47d181fe51518663360d9,"₹3,500 for two"
b2aeccc02eb9f1ad70cf29417b7b3406de697874,₹900 for two
61aa06fe1ebf0e093a4c3e4dc070cff7865dd4b3,"₹3,000 for two"
14f59d11c2fcc0a2a49e39104f3e810fe6e45388,₹800 for two
6222f41a5e5bab7e0c215298ac25e3b541313ce7,₹250 for two
77f3a7bae24eac57b86cd21668e367cec37cf5fa,"₹1,000 for two"
ec01096dbe509387da2a3dd1be5ccd60e6050ee0,₹950 for two
e6832594e0671f8d3ec2f34338cae997b99053ab,₹500 for two
6aa23f76d75bf3c0e8cb55835978e5bf2dd123ff,₹600 for two
1b0b0c81cd0d0fc286c3bba0023414ea4bc50db2,"₹2,500 for two"
8b727c541f00a1410c165b37d093eb44c3461fc8,"₹1,200 for two"
50a2cacdcfac0349b003c1c5448ee39fe30f1680,"₹1,100 for two"
5938b540aece98b989f19022ef1321ff64d80211,"₹1,400 for two"
ade6e024761c82e4fb5f2314e198e02427303fae,₹700 for two
d056114c104e18876f0ebfa93eb75fe51d79b17d,"₹1,100 for two"
21fd3e3b483c8514394224c91f854da56f081849,"₹1,200 for two"
e5f1d4c47e16efa2cbf16367163829031b4d6ab4,"₹1,000 for two"
6349db1e84c29177ce2061b78528c69ec51c43a8,"₹3,000 for two"
24580a4adf280cb8164ca82441da86e931218592,₹950 for two
a280046ace470d146c14d8d88d338a7259cc2859,"₹2,100 for two"
45d80c584cca262c4366fb28663723ed3febcb93,₹400 for two
44fa694de44c74bf3817b9ea06ca29727c20b9a1,₹400 for two
9ad0b0c51e24352085b80357f46e66c55c69ac51,"₹1,400 for two"
00ea279009ae20ee2e2d019a230f7cf82050bf47,₹800 for two
5c79da86bf212fd465c0cc6e3520fc47a6678617,₹700 for two
9b0962dc748ccdac28da673fb5c0504251089cbb,₹300 for two
af936ab42fd11d9c5ab300de7734713b61fb26f9,₹300 for two
7f408edc61aee646ca84ac4bc1e41371fc0fdd2c,"₹3,500 for two"
43d10e92c5dbcf825365c572cefdcea2831e1de5,"₹5,000 for two"
74b46bcc82fd757961fb71a86aa5e9e2a08b0824,₹900 for two
c58015dfcecfb4d36e8b0e44c6f5069b7c21c730,"₹2,000 for two"
0c8db3562a61946ecc09b4f6a9ba8f55bbab8f3c,"₹3,000 for two"
4624f149cbb07bc8b5d05ce4339d7a31903e8c2d,"₹1,300 for two"
83b17d553ac47ded1f663dd72d7aca8c59a5790f,"₹1,200 for two"
e0c238b32318a262f4a955844ad1b34a9facaaf1,"₹1,300 for two"
3a58073ebc60acb8f4516f2961da692e94dea3ce,₹550 for two
12be2a10b5c7df3d1f50f78981d9ff6904560a83,₹500 for two
ec4723f44d29c772573c771aa517ce287a0d1827,"₹1,000 for two"
256bcee50cca70049c19c926da762dec544658c8,₹250 for two
f535c783f7debacece824775b946606a3469d2c4,"₹1,000 for two"
be6c22040fb7ac52db6242bd4500429e26a9237c,₹450 for two
73cf0a3ba008676be0f271b657222527ce9fb8ea,"₹2,000 for two"
12733488a9cebdfa22be25baf622ec5d0d78c3b3,"₹1,000 for two"
e156f71a0a8ca3d01fb4f9468474af1b41a94326,"₹1,300 for two"
73bd7e9f5b880a10fdfee4f93c6657c3534a919b,"₹6,000 for two"
82d6ae0f5df973341b0aff7be69f72533de6121b,"₹1,200 for two"
26d72c3242219dab43f7453a0791a08958e5d888,"₹1,900 for two"
f373f5665234e5336c8d4ec5914258da45752857,"₹3,000 for two"
33742d5d9050e501106b6248284265ff98e857af,₹350 for two
2f9adad867231c37b3a66271d437c9b66ef857c0,"₹1,100 for two"
0668243bbcb7d441c5c2d8710736e654bee6917f,₹500 for two
ba38da3962eba5cf44f2daef9400d9e2441a8bd1,₹950 for two
993d1b15615c5200c5fb8a6eadad13d3618457a5,₹150 for two
cd062fa80a8aa61f70e09e39159a2a019b88cf4f,"₹1,500 for two"
af29aab29fd3051e1d2d212e671cc7a5015ea168,"₹2,800 for two"
700b13e5fdcfffda70469599ac66700395927885,"₹1,200 for two"
5dda2023669c81af10c62c89d8e0f0448916afa9,"₹1,300 for two"
b8c158ff4f6c70c007cbdb3dbb17ad63acdd69e5,₹250 for two
6c19aa3643881cbf00b505522364e722871d7f16,"₹1,100 for two"
e0f6fc2df7404276fac328185a47f530e5610c5f,"₹1,600 for two"
d5f5955907e87a2899a17064e49f97ae5b1cc9e5,"₹1,800 for two"
9fa55c160fbf99a57bbe21ad02397d4c4baf97dd,"₹1,700 for two"
2a32d2a821df22decb4f114c15abb77152e8d7ee,₹950 for two
d07e065ba3a40d5543f4479668f58431d7b1c33c,₹950 for two
7f92fda6c7ac77e8be4212ef84c44eb0862be149,₹300 for two
af78dbdd71b46e93e72f9dad967ea1255736646b,"₹2,100 for two"
0cf2ee1f007ca74de0f395ed0c0c7dbe25018c18,₹700 for two
75aecfcafac8b1a80967883852d40a5f59c477d4,₹800 for two
b17fa40bcaec6bd7a5e68ecc4d4739ffe140869c,₹500 for two
4dc5eea5b70b2e363b76db82a752c8266a99d8a9,"₹1,300 for two"
b0e17e7ba2997ba7c68a5358f1d32b12c38dec23,₹950 for two
2e8a0b62c4284b592fa74e6a735abc1f6624c089,₹850 for two
bf9b709e2ede99a885a4be1140415cabdabc39d6,"₹1,200 for two"
f8c129c9b954c7ba5279d66af5617dca3f8fa626,"₹2,800 for two"
64743383f0dbfec711fd7da637cac769be372a68,₹500 for two
35be19a473abf845d040ef12a3116ed6030a9b98,₹350 for two
1c50129220d3c01c76ac675fc4e10f9879435ff6,₹300 for two
af764aff33eb58ce47f3910de7e1b4495c2a670d,₹700 for two
abdbe9fcc5bcb69367c0c70c3d8bb279e61b46c6,"₹2,000 for two"
c3e288f93862525d12287f5cdaf71cad45e1dd78,"₹1,600 for two"
83b33bc3f8211a63793538cc448b3d9b3daefa53,₹900 for two
72fbe5c071e1571d7eba6982570787e8b140eb13,"₹1,200 for two"
968a18646575489c40a6a86e2ce104336b0a7be3,"₹1,000 for two"
1289e737965a64e44e811c3930605a1bee6ad683,"₹1,200 for two"
6a85f580f6081146a4b1b79d1f54b223e4ebbb5f,₹500 for two
dfe165aac62f47cf91c5e9228a3b4b04b9c682f3,₹400 for two
5b85cf50d37b8d48757d4589308f2375d7ae058e,"₹1,700 for two"
89b473ef78a4bd432d7f3eb495252c4db2c9736b,"₹3,500 for two"
b85029c8c9fc939d423c0f2267ca818fccb37b03,₹300 for two
3a870e7eb3f762f741841d189c1451ac2e87d8dd,₹500 for two
20646e876e6a58bf849d3158747b6fc6c6a70b67,₹450 for two
16c985e67bb701ea7073ab98f7138a2640a8f204,"₹5,000 for two"
f9183a32b04d95607c3a32ca3fba51561485669a,₹300 for two
5c3c9a51ba1d4b8a5c4951e66db124b6deb9aaf0,"₹1,900 for two"
15abf2f21ee215d7a832bb3bc8cf17a66a3fbc67,₹350 for two
544e0a4c7171fda915396d0d086914b7bf01c1e7,₹250 for two
ea4ac62208718958b91fb950ff6ff50e7a5fd838,₹400 for two
059deb7a538fd562190dc4e1a11b56deb5f0c4ab,"₹2,000 for two"
a4c07371f20d514070ae81b35e3592750c1bcafa,₹300 for two
0e574639195074b0537019c2d48b5608d9ab513e,"₹1,800 for two"
8ce0413332248e1e2e73b5cc40d228e170d724ac,₹300 for two
722bd3a20c239f99bd2c0eb1c9b5c7f8b5d3c274,₹250 for two
804333177c51f908f2468e1fcf15b72feec5cef0,₹500 for two
229c8dc702862a47f821adc22b1ab0b92b98d58f,₹300 for two
82375cb90a7811d57147ae924751490743e2d53b,₹350 for two
339832a8e7ed3f5bea287a19c787dacaabcc0bb9,₹250 for two
bdc5414bed797d3192f432f1aff3a7a92920e2e1,₹200 for two
c6d453da06818201d95083c2a7f08fd0542e497a,₹350 for two
afcc9d56abd95778d0d87ceeaad1bc1b133392b3,₹500 for two
38bdee8fe2f3dbfb11f951974f022c04bfb72695,₹950 for two
0a7e4684d320a571f3dcacee5ec22edb8fb47d4f,"₹1,400 for two"
f2c5e9ae6ededa28afde13006c67a770f09d8122,₹300 for two
1c52656ed683750d7bbef7cfecca8139d97936ef,₹450 for two
e7f05b89fc2f97325df549849fced48c183d7893,₹500 for two
8b41c6aa2fafde2403a3999485abfc3933256363,₹400 for two
9f939aeb270f889bd35f191011a095de1be70c7d,₹450 for two
aa1a1cbba87bf978cb1d97e028c8388d5f62f24e,₹600 for two
c401db1227a7873fba6c6b9d72c39048eb8d0593,"₹1,200 for two"
cf724f4d6808f43aa2802b535dacfbc463411863,"₹1,500 for two"
a8f8cb5449bb9d18529902e18f0f45742c23ee53,₹400 for two
41eb196d2d813be5301a55869148f2f0942f4726,₹500 for two
33e4ab9018fce692716ba5853bfba0ddff355888,₹950 for two
753e5816a1aad894d1e52e22ff1e9fcea8f0a0cf,"₹1,400 for two"
b37c36b86b7b3482000c574a94363b316168b2c4,₹600 for two
b79af45896d97cf0a4cc5a1bdcc21b91a4a5b3ec,"₹1,200 for two"
cf440775e7185135f8ea3bc6b3df76912ed8e14c,"₹2,500 for two"
9c7285f521fd9df5e475d11c6300b217b56aa2e4,₹400 for two
6ef1c79913c7514f722f3e02f113603aeb633059,"₹1,700 for two"
fff19e10e3fab547f33e549db0eb896db58dd25f,"₹1,700 for two"
140dd9e727a79c7c99e90641763b7860c0bf6f3b,"₹2,400 for two"
1a82f81f7db79f123f611a8de1b901b5d2944f23,"₹1,400 for two"
bc73bd6a8d7ea325aa27d484e2084d3cff6f8250,"₹3,000 for two"
42784941f50733445eb7e40607754adbddf6677f,₹300 for two
1b5e09ae9b4fe824bd87f943de3c08a77ec76aba,₹500 for two
5f1da4bbbd3737a2d84f5046a243cb7696bdd1a2,₹200 for two
07ffac0d24a15fe50f43070bca6e0bc3a65265cc,₹500 for two
59569837775188fc4667a8fb2eebac5829abdbbe,₹600 for two
e0401d81581fcf0759cbd9d267134c330aeceb0f,₹300 for two
e724319a1a678ec81f599bb60552dc575121bd07,₹950 for two
7ab6487d0a44c7f8da719377cd1f68c1729a6aad,"₹1,400 for two"
47d3435af2338e6db9b3a75ce376ac4eb4171c55,₹500 for two
f883d5381062a5daeb815022e4b3e5e2c68e69cc,"₹1,200 for two"
2c68951f96a9fceab7fd7ec6c7e4331e35eb585d,₹450 for two
3ded32d6f6c79a724fe4674d7a0381379741499a,₹500 for two
dda04f3aeb06e742400a76665c9a588a79b4d50f,"₹1,300 for two"
abb8e315a128debf8f47a0f1d6b3a19a3f93d9a0,₹700 for two
c5caafc18677c9f98ba582e1c875905777f2fb4b,₹950 for two
dba598d274ff338b7d0a3c08561144bd5ad087f4,"₹1,100 for two"
ce1d7a1569893077bade60a11483bce80875e419,"₹1,000 for two"
4c3975d24a6b5051b630a24795b093244680d7a2,₹400 for two
5f13d024f9cfc094485673447a372f88dbeb0e55,₹600 for two
6ec4b8878fad46b842ea50bfdcee922727774b0c,"₹1,000 for two"
f8ce551cc45b6eb38ea08fb77e5fc337b713d608,₹950 for two
0270a2f9b9309a40ab0c1354b6ffaa267337bfd0,₹300 for two
c7ea10f16234e4a651a812c919563fafccb6f146,₹350 for two
1da1fe14bb804eda42fdb64421af1ae2b4b576cd,₹300 for two
31ae230943232c009582be4a8949f55748c73774,₹600 for two
0716f24e734e415cf4e42ab40f2cdc3d4ceb3f91,"₹1,200 for two"
1ca7e77bfc150c632843808d89907e81ac46c654,₹850 for two
fb0e7524d3a65a3cda4d04b7574d73e7c4fbc53b,₹700 for two
83820a12fdffce86b8efa9386fdd4f1a3fc05aae,₹850 for two
699c111ccdc4991594a3c0e8484a10d089bdde6a,₹900 for two
7736760c4af5486c421997bb68ce992407c9476b,₹500 for two
acdc646f9028028b860da9ca497c6cadacc85d4d,"₹1,400 for two"
240e13cf1ec0a45665b19669cf7eb3c7ad4abf6c,"₹1,200 for two"
0e55e93128b22224ba90355fcced7f640c595b67,"₹1,200 for two"
d36caf16cc23a72b9a061fa4932b11d4ddf068eb,₹400 for two
b04eabe65db4dcfaf7aaf6e8e2f358785c980124,"₹1,400 for two"
b1055524e1c1997d71ea01a7a7bc6be10ac7d91e,"₹2,200 for two"
c42b4c8bf1e86ebc2eea9aa75a76d54ad70936d9,₹850 for two
3a25eec32c99c22b7025a14fb783fc04092159b9,"₹1,000 for two"
85bf53994913531ec184d1c4534553811761f081,₹400 for two
91b2b6fc055c013880104b4a81a6b335c5febdd0,"₹1,100 for two"
652576fbc695ad362543721a71ed72dfd0ca3c34,₹450 for two
014474a20134010bfe33c684b3fa93979de1f6b5,₹450 for two
59ddda265d0e2ed69cc0f5e75efd7ece0e9f0ffe,₹500 for two
77ac9c181258bdec3456d807f814f4292acafc3e,₹600 for two
bf4cad3bb3ca3187e5ebfd9763da4ce11270f1ab,₹450 for two
d4483bc18f254900248e7723f576c5ec4334160d,₹500 for two
e468d8110077ea54d06821a515b368c2a2627909,₹850 for two
125f8664fcdd6b58cd1fc1c90533fc51c4eab707,₹800 for two
9efec0c2c815711aeb191b83e589d512f27dd42c,₹400 for two
0e4f948af40e6b838390f474602e0206b2e3d3a3,₹850 for two
99e613010caf7d3ccb6e639fc1d5f7f42ecac34d,₹300 for two
53bea893df5c68cdc3c2248150d540f4ed3416e4,₹950 for two
e433d3d0d62ec5f12f036a1bf082329e5198bb46,₹850 for two
4a15cf0213a9b9dd05d2d796e7f9f135c40e3c46,₹600 for two
6013f2ea9e5f3368f211e9896d0febcd90527299,₹650 for two
a2a6e629e49bebc9a91f8c3ce2bf4d33a3514e4e,₹850 for two
0fc43769235deb60ccfe706476e34933b62bc3ac,₹700 for two
e4bca256e90f77d454677d49b1cf7ea2df95e3df,₹400 for two
486b07fe7dd787db1a80616bd2dcba94371fe691,₹950 for two
bc76600acdd34564ebe9e8e45d8a65aa03b237b1,"₹1,400 for two"
ff06918b8d1fa66a5d1db0d4f9fbb3b215b72a5e,₹300 for two
8f57023c4473aa090ae3c7b6271759d82069cff9,"₹2,300 for two"
b2d4f2dad5740a7d7764ca7e96a7c97f2df93ad1,₹700 for two
1c941abcc9efbe8aa92d7c36b4a2e246f4c0256a,"₹1,500 for two"
d69030068d40e668817c0eefe919be79946aef57,"₹1,000 for two"
a23ad0fee76df27aa1849f75282d277d826d94d2,"₹3,500 for two"
bf3611950a49d1bc6f79682e49a8b6f3799cf1ea,"₹1,000 for two"
31b8f564cdf049278622c18361e9712d1580ff1e,₹800 for two
11861d30b244789b81dde6e5c747a903aa588cfd,"₹2,500 for two"
3c593f3588a168016ee0329a92b55ca5a4b35485,"₹1,100 for two"
e47d9270e58b23b2b31dc2d7df31f1cb122d31d4,"₹1,900 for two"
418a3eb8ec29c8aa6013721feb02dddc675caa5e,"₹1,500 for two"
13bc9b2e7ea60114ccbab0cfb42706d4a12fd21d,₹700 for two
5c1e33343232b4fce31a0ec4b3bfc3c439c2fc34,"₹1,000 for two"
9640b14db1f9c02b102c11836811b20f4a4fe234,₹700 for two
7bc245ab8e278a2f3a15c5d8852782314e7f9f14,"₹1,200 for two"
be1598f4e002deb83464f34ce517cfdf846ff83c,₹300 for two
ce41132af4958baef8256ef241f9681521977fb1,₹300 for two
ed2db11ddc4359d6264c5025b51cf158c31763a2,₹400 for two
c6376b624347456da94a90da54128fae4d0cb336,₹600 for two
a0878846ba5e61a72e93dd1b17661b8380e13677,₹400 for two
074e060caab8de40211b24efe6fec372e4bf4cff,₹500 for two
1a7d7f2c04d95c6cc369512a68547f77e7391a27,₹400 for two
a52214807ab81b16662971d9b818bbf6198f6021,"₹1,800 for two"
61d2ec8946c3b25f3fe0738102073252e52372cf,"₹2,500 for two"
34ac0ecc68dc63820342e49718ca9e34cc08fbd9,"₹2,500 for two"
c42a7ceae8f1402a8276aec0ed318327dda71d4b,"₹2,000 for two"
c9d681b0add0f6c9b3e5f493db279285822bdbb8,"₹1,200 for two"
847c439a2794bb35763833468f9dfd1a9dd3577a,₹400 for two
4758502c489814b53e1ce7e8cd7bafc22af1e02c,₹300 for two
44cfd3057d3f7f055f2ff2d1242b552b74223630,₹550 for two
b4590656fbda4bd6b6acebc635b816e2a1360ae2,"₹3,800 for two"
ad3c362c0b1378d628cc0e11d616805f25e6886c,₹450 for two
be090de718f574c03eadba17853b603c305189d7,₹500 for two
6290ecf51d9639528999cd4ae19e8362586a9d3a,₹250 for two
b673135a35035440b8640de2a6251c6d1ee989a8,"₹4,500 for two"
7b8e05393f298be2d9c94ac7477b2d477e437b6c,₹400 for two
12cf88dbd1048ae2b3c88cc671a16a632f417c0f,"₹1,400 for two"
69738713d747194947fb80c6d0d00a20972c6d52,₹450 for two
23a846ba9fb2be9ff21c122d151dc95a91827583,"₹3,000 for two"
f49c8b51acc8566911ff753c8f1c96963c68f033,"₹1,000 for two"
7050727cb9068a6cb07e6ad22c96d0241176171b,₹600 for two
41de398ee6633e650c15790ea2183c5dcd187e1c,"₹1,800 for two"
dce509110931778117b397f3f73a82045fcac741,"₹1,200 for two"
7987634139e9eedc9ef89e143e1d1429c4461bcc,"₹2,500 for two"
946afa6991e133826317c2a685259338637e55c0,"₹1,100 for two"
e80485659889c038da7604bd000c939871cfcf76,"₹1,900 for two"
78050207196321faa4733d372826e5a3c013f112,₹200 for two
c7e88485191925d6e1c1746e814b057549fb4da7,"₹6,000 for two"
c20b3b74b0483882cb98c814ecfda89623164e31,₹550 for two
e6865f74c403953d176cca1c072732bd9867f5ec,₹450 for two
d703dd480d9064962998f90e0b92d5446205dedf,₹950 for two
fd07c07de4b036b23783a44cef7eff9a4345c843,"₹3,000 for two"
2ac3adcc7def717fceee55ad1f644916c3161ae3,"₹1,500 for two"
f29da508259d869f5d2d2b65695e2c084a59d300,₹250 for two
f43576981baa2f361f0506dd454931ae955357e8,"₹2,500 for two"
81d6740ac1ee556106d601168ec0aa1a51f2d967,"₹2,200 for two"
4c410902d1e776e7ae4673c78d83e38535c42713,₹500 for two
624275d5618a1c0841611e8398cf6be5cc3217b1,₹400 for two
4387953e3f9c2623d38abdc0cc8c2ff0489c2aff,₹300 for two
72b49f3bdc54602fff875579a2d11acde6ccacaf,₹500 for two
99e287aabbd0780dcd0bed1c65b8a9fedb580574,"₹1,500 for two"
7d323aa05e4b69581876c3b137eb957fe289fadd,₹300 for two
ab8d8c75903e935ac76e2c53723834e1e527d289,₹600 for two
dae64321b15e3e3123eed2d977fde5c351e0db5d,₹200 for two
7a16ed68ff5b2054173f8e66e4fb774aef3d3321,₹400 for two
3dacb5dd9674b1e29ae83e8eaaa43f5db25c09b6,₹150 for two
3afacaeea6fcf41dca06256ad763671c03ed168e,₹300 for two
c49b4533564554101bc479d31563b52f21e20dfa,₹450 for two
d97b4101f7508db03c61b0a882d66952bdf29b22,"₹1,000 for two"
10cb247048389990728008dbe979979733cd9793,"₹1,300 for two"
732905b6f7e4627a1bc6a49898f16589b8bbd489,"₹1,200 for two"
854215068a689154f16942e191aa248ab2f60f14,₹300 for two
d5347d0830febf0dda3905b8d128b50b952ac4f4,₹850 for two
67ccbeb792b892866ca491efb77115956469939a,₹500 for two
7f792e2229ce78ca5fc5499c1cb727710cdd5e07,₹350 for two
452c24c116c2d7778a20a221b7115dbc7a73a97b,₹400 for two
3516f01c2c1e53152df95bc482153581fc306333,₹350 for two
207ee009fb07b599498f37096ffe1a1868e1cb88,₹700 for two
74b18c55f4788f98c90e518c343f55074b953d46,₹300 for two
99ced6917b38c3844c7d2161e5fbedc3c4b11015,"₹1,000 for two"
389f03294743a281c60328ab1f12082e4cfadd8c,₹550 for two
5ca1bdd4f359404e709ddeec905412eda481b38a,"₹1,000 for two"
4d5cf388bc7271f4ecaa749f5e6ff9579b8b476b,"₹2,000 for two"
31fc8be90bfbd23bb69c8b0cf9cbed59eb4f5af6,"₹3,000 for two"
0562ab112568f4393dd629db70a8067bd1e381b2,₹500 for two
5a64eebb20105df1806c0798ea10b2cafed47a4e,₹850 for two
391cb0070bc81adde25acf3f4ae9523fb2909975,"₹3,000 for two"
b907c812efe256a5464673a7f569ae4df32c6d74,"₹1,400 for two"
2eb945e34138e6de4a3c6279890239b6e057f877,₹550 for two
6abdd91da5b3a459e91d424d75810f8525ae71ae,"₹1,700 for two"
420bcfdf3735ea0bd971b118d0225f1fa6d72bfd,₹400 for two
1657149fdfb537d02d203610fde69cf00c22db5d,"₹1,800 for two"
ab2413fa41b518ddc96dea012a36979ad39b31cf,₹250 for two
31aa0ebf7606f65b8eba6bb8c42283c8dd97e9c4,"₹1,500 for two"
2e5d98a08b645d0e81cfa46c63b1edc3265621d2,"₹5,000 for two"
a70704b0cd039bf80e2f06355821aefab27b583f,₹400 for two
bf36ad328c927f0bf2bd7282f9bc7692a36c9eb9,₹300 for two
e6eb4fb931dd1be2d9e1ce1dbcf742ba92baf09f,₹300 for two
f9d6bb5097f35d46307d1facdb7131ec94661c8a,"₹5,000 for two"
5d3b3f8494bf74bd8714ca0948c57a83b44ea46c,"₹4,200 for two"
39b6949ee06950a1c9d36d2946d56e3568e046d8,₹300 for two
8211dd3479195b86d5642ab0fdd50dc0e1f1a924,₹350 for two
e9db532e382c223ff882d2e34c427154dc5b625b,"₹1,000 for two"
0790b7594ebe50167faacbe2b95f352aa1db6cbd,"₹1,600 for two"
d58d4646165f6d16b2a639e5413954890f17849d,₹400 for two
7fc87d43aedf2676c1b37d4508cd7564b2aac9cd,₹600 for two
d112cdd9a9908bdf817f324f1326cba5c8318c87,₹250 for two
73b4345b61d4a880f44be9d9e01ab7aaee4cd98c,₹800 for two
0c36571969be1491164d108734b55e2378159a93,"₹1,200 for two"
35732b3f68f8b7b242cbeed23956cdbd9af45430,₹300 for two
8072032aea9cfcdda3f8cebc81e099b964518fc3,"₹1,800 for two"
e48adf6cdd72a8a8ea2df533065f465f833d5f50,₹800 for two
c7e920bfa9b1b59e57b7bc981036d7f3760f622d,₹400 for two
8c2f352aedfd715508df21702b109a8f45913231,₹600 for two
74f4f8ccb4c3ff663b0b8e6afdf00d50e2b87793,"₹5,500 for two"
957d89710a4a21053f91f6b87d05e101be59f45e,"₹1,100 for two"
b2f7694c0a37d313960f42560e72feca300902f1,₹800 for two
3c9029b765ab3d987f2203cc58cd80ea0854594d,₹300 for two
ef3b90354fc6bc3e65607c2a0a12074001be51ad,"₹1,200 for two"
48685c3c2694df3e4299ef4e8147863607746488,"₹1,600 for two"
e02da0460362f71a04cb850f669bc478f55bddd4,"₹2,500 for two"
ab55cba56baaca8401cdc28fa75a74fd193787d6,"₹1,000 for two"
a67f354764dafbadd2620046c7daa701ea87a04d,₹300 for two
7e8ce82a1da42f9162c4888552ba10a0d660611d,"₹7,500 for two"
5e31cb04ae0c198ab92f5b0f73fefdd8a19211d6,₹300 for two
6f875912aa6201c26459cf25c5b05292529a0ee2,"₹2,100 for two"
d9f608d9d58371abf50116965e6777020a4906ed,"₹1,200 for two"
4fd078f9d3da13a6d53c72837172f83bf3a83069,₹500 for two
bebb47b56ad771de40be79182939b28f3a11ab49,"₹4,500 for two"
b9de9a01b95832903410832dfdf1452423369f66,"₹1,100 for two"
d07201d6ac501f6d62a85845882bcf73dc8c9126,"₹1,500 for two"
c6698e492a8dcbf598d89c2cb531d80a63c25fc1,"₹3,000 for two"
1e63fd083ac88177c014ed474370bf26f3e82bae,₹400 for two
70e4795d793fdbb84cdba6e9482317585e16c0f1,₹200 for two
f6572f91cf59f0583bc592cc394992b2c351d1f0,"₹2,500 for two"
440278b2ffe6ec4c9d91f624df0921deabc4cfd0,₹450 for two
5fd36b9c5229858244e8e1c0773da5113c63a05d,"₹1,400 for two"
357fedb3e5fe26dce4c87db765b1955c1a9cf298,₹450 for two
b899dd5850ccbae3a2a878147c4a634b715ab92d,₹350 for two
a9d9b3dee054e5297dde380a547f10f8303f3d55,₹250 for two
920c2d567919b1010d769180b8681f93bb20c208,₹900 for two
9e9b2798b00f176f55724af8f286a4363ae1591d,"₹1,500 for two"
afbfa33664182bf3757caa55b55cf6bb2e41c8b8,₹400 for two
762d66675cc39b8c458e2099341435bb356c2ec3,₹400 for two
55b6ec808235976cc74208044c00b68993f26553,₹400 for two
bbb6f845f4558f4565867e1166a476f63f42ec19,"₹1,200 for two"
d67d62f610cd71097cebaafea421e8a711c155dc,"₹3,000 for two"
d923524c48a564488cb00728335354eaeb48bb70,"₹1,200 for two"
981620a1173118b87449a2fe2900ec62c24f310b,₹900 for two
59f892f4d0b016dc48483875b9f18d6e48526b99,₹950 for two
af74a9b36e7a131702275edf4ac3cc144c262384,"₹2,000 for two"
28376535fae1e127ae463373ed514876db11c336,"₹1,000 for two"
0981b6e7112068d1cfef930472d8c47d622ac1ac,"₹1,000 for two"
49bea2118aaa7e1f4081e80686aafbac6b34237a,"₹1,000 for two"
f40f8d6d40c491b4ab2dbec91071fa57c6822a0d,"₹1,100 for two"
db1931f2b10df2a20ef80fab7e8736d8015c3e4a,"₹1,000 for two"
8320f0b85bbe6ca9fd9d97e3c56f0177784de33d,₹350 for two
da84f7daa3d540be0a60bb580dd6d518336fd3c9,₹300 for two
e51f9836aa96aca6ba87474d704c6db5fe47edb7,₹400 for two
8aa0b05848468e9d591c24e03986794efcd447fa,₹300 for two
c940358e06511e124f8883476f8dcf78a0daf8f3,₹500 for two
8fc13e5a2e332f625f3a2d9818f1b2aca1bef12a,₹800 for two
1bb273fea0a3d3d8f4eca96d7111f3a37f319483,"₹2,200 for two"
611e6d8a9ad3a0915ff02278cf36c218e71aff20,₹700 for two
4d1e8535266ab7797bacab90860a02848414a384,"₹1,200 for two"
6d0ff3e8a637d6d663bf05b6c1892938cd5da852,₹200 for two
d904e5226355149aeff60090e15f2f6bf71b67ee,"₹1,800 for two"
9839ac46fe77a0a4ec5164b1028ce8e775b3e407,"₹1,500 for two"
e3ae678a726ce74a9d290773a3b5005be2f7851f,"₹1,000 for two"
e670cb04b0ab3bd352abb6263cf973dda0a9f3fd,"₹2,500 for two"
a215cc22afa4eb894eeddfe2ff6d7c8a0899b900,"₹2,500 for two"
ca894622df811c121d419b893cdc05c0a92c6ebf,"₹1,500 for two"
ed4e06441fd2428641ff78ebf719b5f32eff4a35,"₹3,000 for two"
f6032653ece2458e038e3f0522f9e37b9d7919f6,"₹2,000 for two"
b179b1aab419c8b75560264dbc254710f30694a4,"₹7,000 for two"
c167612804d3cad1467ce771cd134f35d1d5eb78,"₹5,600 for two"
dc5776e617fc77bc0bbdfb5ea88c2fea5a54a8b3,₹700 for two
3982e74b66fff12afc1600125b0aad81df8fd138,₹500 for two
bb0942d257e18cb98867edbd3f8e4cd2d71aa3f9,"₹1,000 for two"
d0745846b6bc8efabc6e68ad65f0201079a2700a,"₹3,500 for two"
4cfff7b0a14a83deeac086dfe88f7636fdaf4dca,"₹1,500 for two"
1b58523bf2a0ac9c25a3dc46cf2250998a4fbeee,"₹1,800 for two"
1f3fa8baceb6a7838085851f5001b2ca2a03f8c7,"₹1,900 for two"
9663210fab13f331a5bdea0a35d318293d8201df,"₹1,400 for two"
109e84023fef276ccc7e538439d3dc2306d46a0d,"₹2,300 for two"
c9a6da01f22de5a1bcdf5a279d534ecb8894c328,₹700 for two
811a7d6a0e6d722ddcfc121c43aa924a45b1706a,"₹1,100 for two"
6e32985c94c78b3e740c68b78241a48402513bee,₹700 for two
299cf2c422004e65480373359d0a68239f4039b0,"₹1,200 for two"
dc55328c5dc28c2c961dc02cb010c1c7fe2ff792,₹300 for two
d82d48d6bc26f40d6edd74f6696941bcfcaf3e7b,"₹2,500 for two"
1d2a5a3c91f8d5d14c4c5dd33c66cd1a2b93daac,₹200 for two
9b67cdcdfe0babe0fe3a246c4c17c7a73bb5cb51,₹500 for two
c428098d915781b7e158382d50f341cffb24aafb,₹300 for two
daed83ba7b12fe9080c998104b075379c1605f91,₹800 for two
aa1557642d1186883f7e81c9b23b638729cd4534,"₹1,800 for two"
674ee88e2c315da92ec6ba4f3fc36f56d043d69f,₹350 for two
8bf3b116978ba74af8df987d2723ed0bd5495f67,₹800 for two
c11f2d87a66d22a8cce95e8cd3c348ea5a2fde2a,"₹1,600 for two"
ff01bb4cf92ce654fc551313e86353bce575d26e,₹500 for two
ce6b4ac5c445c068301c822eb5a16924166a1e1a,"₹1,300 for two"
0b60b1853d1186c1d9f0a654d6f01748c9979d3b,₹300 for two
63fd54b5291f089bb9b075590c9191b205a827fc,"₹1,400 for two"
49093c5a38be0b5600d886e310aeed8bc5a65eed,₹300 for two
2dde80fdb8f60706d292bdb34524aed413050d1b,"₹3,500 for two"
ff48b8008b5a9c4621d52e27259465c91563148f,"₹2,000 for two"
adafd343c99437fb6c637091da9328bda6c13a5e,₹450 for two
c6eb8df38c16d0ed51da5f28d37749cf7363bbf1,₹600 for two
73c685de96c2b810ae20451e12dddfb65605bcd0,"₹1,100 for two"
01a6123e0060e41476f9cb9d3ef668b6be92bc4d,"₹2,500 for two"
40b9ee0e360aff442bb15a4c3bcde9a83d2c3fe4,"₹2,000 for two"
b92de2779ca98db11dfef499e95982b7e75f971c,"₹2,000 for two"
31519870afc43f2e9ab98a29f6f0f49692883fc9,₹500 for two
f2507ec1a2baf64d124b0368e35b355c373f72e9,"₹3,000 for two"
fb0c46997ae215b50253b602a994eb3f0ffb2ed3,₹850 for two
f31f2f0086b79429c1753df54e43180bb01ad9c4,₹300 for two
9b8876e2ede5e3c4e9378fd6899d97eee8640001,₹500 for two
4d09a5bbb1af96ae6f29d8d4cee00b1cb8e4f233,"₹1,400 for two"
c8039e0e21000dd1f308b71ffe534c906158a9d0,₹300 for two
8e15ac6f3adf33d141e4901e1b47bfab567b8ecf,₹200 for two
2c540db2aa1b51dd4bcb6310e55530fabaa36478,₹500 for two
cf5e6c961ed0d3ad65ab641e6f4ac044187b4922,₹800 for two
6a06fad5781c712ad6d8e6a5b74f7849cf68dbdc,"₹1,100 for two"
e0858c22beda79d221361f3578f9fd3a157f6ac8,₹200 for two
d133496b815c66a4caef9aad7843234dc843777c,₹600 for two
7100ed1c8d5fd20618d0b1879b2d5d33a7d516bb,"₹1,000 for two"
f2994104618d347d85c6a470718fdf840e494cc4,₹600 for two
090a2b14e916baf672c1414beba5006f16aa4a0c,"₹1,400 for two"
53e68b56ef4a08ed05287c2b63fc84cf9f09b983,"₹2,400 for two"
15b3985f2d53f9f9d410198f2c628a2ca9eedec3,"₹4,700 for two"
898f5006a0a5af3912030b8fbd3f418e2a48e3f5,"₹1,500 for two"
bfa577994369056fd36394c384802aad9a7c26a8,₹500 for two
305601222217a115c09b5e03fc5ff485c594355b,₹500 for two
ece8ab1a3fa1c85c9f5bb1b002a915c5a5df4d2b,"₹1,600 for two"
7e29fc0d5789aff8467abdee8165ffdb9a416f96,"₹4,000 for two"
5a162d33310fb50e1a8053918da398ca7b0fe5ec,"₹1,800 for two"
78f97091b49cfbecd3104665b37c177770524240,"₹7,500 for two"
6ac640f640ef718c4911ec2b87c0f4308d6c61e0,"₹1,100 for two"
966ba629979b93cd78754ea43b6fa15727a1f047,"₹1,200 for two"
eb2b42cf61e0ed0730b21d8105aecdbb66c187d4,"₹1,000 for two"
fb27baa148b3aa53990b609127a6b65c64ad5e0f,₹550 for two
68443f543e690318236bb819ab5fe9c1c6da1769,₹850 for two
7a6de1e167346c068fee90d74b963d2c899edb0e,"₹1,200 for two"
11bdf3798da424c02808900289840f84d96558f2,"₹1,000 for two"
14c2d7d7445b8e326c8364a48e5d60f26818796f,₹300 for two
3d1aaa63533a41c29a594d3e495ca78722611d03,₹400 for two
cb0e3ba8b166ea514bcd94278f946843978d064c,₹400 for two
a2e83c39bcb0f493929af432f8e9d406beceb395,₹300 for two
1bb519a9152b28e225fff4103b5323fb9a0a5213,"₹1,700 for two"
793db8cd22ecf6197de2c3f9852296d5a8bfba0b,₹300 for two
c73f732973cc230c537caf52cc9f01e344af4aee,"₹1,200 for two"
f63920f77d772ff9ac8f8a3696fc51adb68ddd43,"₹3,400 for two"
93a3385e5847feb592f80f44e2ae4e7d41bee827,"₹1,000 for two"
9995408157cc54f07f3ab06cf2dd5d36512cb10e,₹150 for two
f07b51dcd5d0856fc74eaac353846ce1dd104321,₹300 for two
07a032fa1fe9231ef2eac0e46cc5b85d8de641c5,"₹1,300 for two"
5086087693d79a54baaa4867247121f35450b49b,"₹1,500 for two"
48361f0e01a9780416ab830f81ab54ae4d45334c,₹400 for two
3e28cef6fdcfab62d42a7562ad07e0918e9c9286,₹200 for two
68487ac11b1dcc374a659ff58397db56f05f5582,₹600 for two
c3937aa66f9203155b5cb0efa9e00595afc980fc,"₹1,000 for two"
3cd1cbd99f448ab5c42058ef7867377181fcaefd,"₹2,000 for two"
7293ce5aab08b9c11e9cc72a30c6443ed3c05e14,₹950 for two
277cbaa1cef85f520a7b261a56553715c2d54428,"₹1,200 for two"
b197b873a8e593e2fdaead46ac5ecd1e31277681,"₹3,700 for two"
d625112db1092eaeaac3562e6136933f6baeec0d,"₹5,000 for two"
7fa7e6caa780b2ec388783c13ef63293397612cf,₹150 for two
15af63c748bbbbac954036b1e8895588bd9c123c,₹350 for two
30fa4c047e3bd1eead96c0a6b15cd18fbacc787a,₹700 for two
ced6879a7e50b2496b2e2850c2f83354b993b6e2,₹200 for two
4eb8770dffe3ab53667a14f6553f99944db66156,"₹1,200 for two"
32aeb7737e8878ae607a3bb5a6cdda6f23a2b2ba,₹450 for two
b64e212265edd40e76531fcaacf7b3a0b0780f99,₹300 for two
01c3c9e20201c90482708e648ef384be814feb44,"₹1,200 for two"
c2ddf8a963769d959f884b5fe0da351ea70695ec,"₹2,700 for two"
147ca5100b58af76f029e0c9aabc3d0c1eb13c57,"₹3,000 for two"
2dc336daf279d565abb4e62c78f68370491f3b5c,"₹2,400 for two"
239f579cd285377305e147a6115cdbd8ea16296a,₹400 for two
9c1a225462cb1a713764705455e3ae40e762169b,"₹2,100 for two"
202baa02c985b6af771b9468e43add11119739df,"₹2,900 for two"
bffe602c53e7e5d7bacb65ebbf4041fbbd75b70b,₹300 for two
544774158b7728c8684a371237e5a725719f8d8c,"₹3,500 for two"
4add77eb6f3fb68264328c94bcd9416618d69f70,₹350 for two
d06a1474180687ac3f33c47781f56ad4a284b8f4,₹350 for two
1d49ac50b62dc09d1519ae38d418bd45e819a888,"₹1,100 for two"
99076c663e8b53241bd3106f83c754b947abeba9,₹400 for two
e36e3a9493bc63d8210753940249c4c02e7af522,"₹1,500 for two"
38d8f6782febb6c0a291558067b5de0a1c1b4fdf,₹700 for two
74c6704a6ac141e296f177d20bb87a32659e0557,"₹4,000 for two"
b8372f4c0e9efa1f2f0a1b573691da9e40eb0578,₹300 for two
98448c96280bda08e4951bbf9cb74e4adfb7a541,₹700 for two
9df740514bbee616a81c409c307055438ed68eb5,₹400 for two
9d6b09ca9b926d45e71ec0c81b58d602de06995a,₹300 for two
8f6c533d15687ec985618d35ea05b4eeb42f367b,₹300 for two
38d82ddf7301ae368c59384b360b52ac3cd4a8bf,₹500 for two
393a0b32622ae4253a891badd2275821a8d23599,₹350 for two
89753a974392302fa8ae5bb547dac87298f2611e,"₹1,300 for two"
150f0bb0e43f0d444f222c40c435d06a7316433a,₹300 for two
c5a931817c6a3ddce72d3758f1bd1d9b5e341aec,"₹1,000 for two"
ab64cff29c6d67e7d63b0ccc2024e24a69b3bd69,₹300 for two
c6f779c32c6e5c2fe1b2bf1d7f29cb11620872b9,₹450 for two
6bf2a4f837f4e199087db8a2a6cce97819864024,"₹2,000 for two"
ec254c95bd2ffd15a83f7f90414fb0bda22cf007,"₹2,000 for two"
a9ad1b3cac53cb5ff6cc04b0ff1884abda133700,"₹2,000 for two"
f3c6730a0184af6299511848c03817e95f8e3bd7,₹300 for two
d746e16c670e6e6d1a8596584cafe2a8f0b66dfc,"₹1,500 for two"
74454f599a91359cd07b0d1e46750f0a73ffd72b,"₹1,100 for two"
e5c4a36873bbe2ef78d092697a945aaa72f42246,"₹1,600 for two"
3f61414e6bcce02768e57f71698dcc47d5f3e2b2,"₹1,800 for two"
f497fdb373130f8e3778176c7ff5257ef99f6142,"₹2,600 for two"
c41d424c1cead99ba40af24375dae153cc65c092,₹500 for two
70eb8944a70a45a2601b559c14c261b25abeb870,₹700 for two
1d5c8998efed9917b8d08753ea632416ebb7f67a,"₹1,000 for two"
4164b22e10c8f2462c0a3d20487bae48d5d078e7,₹850 for two
4ea365d7657e4778becc0f3ea6c564d29b189732,"₹1,000 for two"
e634daca0bac3ad78a2d956bac9fed13d41599c0,"₹1,000 for two"
39f6c51714d12e184ad487ca0ab65d221e1cb819,₹350 for two
65a3b9a9dc89636658afe50d34c727eac29cac1e,₹300 for two
fbf7b0324f1c69850c7285d3201b78d046cbf7e7,"₹1,400 for two"
8e28f64800256f11f7844e6195a2c7c146ff94fa,"₹1,200 for two"
8010c2b5d445b701b6f68d055d03f1bc1bc4b6d6,₹600 for two
8f6ea3272deb5e8b51adbaafb175f43e9f3ebc6b,₹500 for two
0d060608f69c4ac9471f6e293572d16eba39c63d,"₹3,000 for two"
ec50cd0061ae84aeced48b56a6949a65aa42ac5e,"₹1,600 for two"
ae5e60dba271e5c7f28f0339a21ec9cf65050c25,₹950 for two
2d69bd05688f8fbfb2ba6c80385388046aab9430,₹850 for two
e2a9177c4b2459e66c523b7c616b66c01b1e4626,₹300 for two
71257350bf8a9ed59175a6fa8aac4ede47a8db47,"₹2,500 for two"
ec1ba2cc7b51fc4fbae4beb992b3f90ebdf0b256,"₹1,000 for two"
df7ef8ecc029ab682f2b51ffb0a9c2defbcfc27c,"₹3,500 for two"
184d576f001f934d057e6e9049bd4d1477ff93cf,₹400 for two
27bf70c0d5c7269d6ceb499e64a201e746f8bf0d,₹450 for two
b731b64158e0444ca0747b23e7d4b088842439ab,"₹4,500 for two"
cc221f90a6ce94e65e4548e71fbfb2e00e559a4e,"₹4,000 for two"
1992cc73016f882a94b6888ebc0869e36d6434ff,₹500 for two
3f5080e2744face803b14ac6000b7a31d05fe392,"₹1,500 for two"
7f8970da46d974c46eec42e966137fe69ed0fee1,₹500 for two
fcc2248d51001f6f917a99265924ba60ab60a4f5,"₹2,100 for two"
7cc2f766c6e8ff894131170fba6508b7973d3686,₹550 for two
2cb1b52061988d3c707e20a3416a20879bf6298d,"₹2,300 for two"
172d1977eca45da363de8aacb50737787c0c9bc8,₹500 for two
b48bb5fef6d28de97c4e69d193d19b63190c89c5,"₹3,500 for two"
dee5160fabde1a5545c559139fb0eff484dcaf69,"₹2,000 for two"
86e74a7710461a868b19cb6c3eabc5266b5baede,"₹1,800 for two"
cd9efb6494811ea85257d3fdd40f6e86c5aeccf0,"₹1,000 for two"
f3f8ee184df94f6177ac908f5de1e8121d615468,₹350 for two
c1999eb0d73f9fc27b8d3b25a8580834f93010ea,"₹2,700 for two"
4661ec3f22166d62ece664f4043f8f569505b8c1,"₹3,000 for two"
76338dec6115480c6c6f4e6b8f2ab1b13896bd5a,"₹6,000 for two"
783bb1950d01051dc336bdb7576101adfe3c555f,₹400 for two
cf3d62fb5bc7da72102828298bf12b08ad1ddb83,₹100 for two
9079dc6cf84b2969a8183456ac2d1934240d6bbc,₹400 for two
9b2b5acd132261aca0c2d20c7b18b845880b32c0,₹800 for two
e1508f7f8bb896767cad70879b47453404457ad6,₹600 for two
ccc13dc2fd5e5b618d2ebc4db12aa46cec1691aa,₹300 for two
ea2d1bf5765f20dc1d800040687aa6b6e3163191,₹800 for two
dfa3116022e3a902b41ad483aacf0f72b224e16c,"₹1,600 for two"
7ee68e0d1b5f5a18beaafa6a4050b4ed538636b5,₹850 for two
1d029351c81ac1723985e2fe6ffe991ccd825d4e,₹300 for two
e505e5df606fa3d04848f116d3f5255422980c89,₹400 for two
3f588d127b71f694fb62aabb2339d8a5bdf0ce34,₹950 for two
c1eb363cc86c0e058fd98ee008f2bc7e7d9d2640,"₹2,400 for two"
a4db95f32a623b6858076e856f7f1d88bcb18f58,₹300 for two
0b4b6e16b60b2e779bd86a9713e4531c81e77324,"₹2,000 for two"
af3a55fefc1db36b0b39f1cec9df280a497363b8,"₹5,000 for two"
b39ac2f7766390a6e58b42df8c5898d5ea9e3d17,₹250 for two
c5dde654db8447c04dfd05edb34a32031e6be316,"₹1,800 for two"
92888e117dbca7d7e75a1f7fbfcdfa492b820a5d,₹500 for two
b11f7bed6a20b70eb6e77726637484c1bbf0b5b7,₹650 for two
6bbd1a5ff19f737166c93350f8238c0bcd4095a6,"₹3,500 for two"
30baebfb8dc4082960ec070b480e3403520d9db8,₹700 for two
fbd0c60441d85a99d456a2ffadffda1ed66033d5,"₹1,100 for two"
ea4d647bb5f55b070b43bd90693ae7b1641662fc,₹300 for two
319334f6da9e0320817d3c830b7f78536af267eb,₹300 for two
4d7eb98e89fba9c8e088ade1256f6d62d55db997,₹450 for two
83d7c3a32d2261cc32e76e3c221d78fa7ac7ebd5,"₹2,700 for two"
5fe2f922812486037f1b5b63e44c80768c0e6082,"₹1,300 for two"
5bffb1913e2d7555d9d1e1b5b0f78b3db8f2b99e,"₹3,500 for two"
8bb5d42c6b5100e0bac8f38a14bc3bb4cb2a6fec,"₹2,800 for two"
d404884ba9870468979be2ee05e2fbfb51b04d7d,"₹1,000 for two"
a740e9bdd8804a47f31deef0c38d05064b840fd8,"₹1,700 for two"
acbe7b6f6d263416326ed0122073822b690a2245,₹500 for two
ca341ec37da72c9bcb72124554af14f5f22a2795,₹900 for two
3de2e22ad5c6818e68dd7d5ea58fe8adf31e8202,"₹1,000 for two"
2d1158f681f77f66e1ae658fae1687bced51fe6a,₹850 for two
c5799e716da180de2185e5436511232939372251,₹500 for two
d75f092d87be652ff5c9456e4c443cc7445f8917,"₹1,200 for two"
ccae2cd307ac25f045fcb4756ee9581660fd1f63,"₹1,400 for two"
7a9d230bd375103b41c99f795fa0127b51f27b65,₹450 for two
9f54e698bcec0466673dd25c64bbab21d48e7a07,₹450 for two
deb82e78673c802dded80e7b088d39ff78e24913,"₹2,100 for two"
c208cac9926e9e80568428c273b928fd827b1d7f,₹800 for two
451313afa1df2a5deb0afb2ca3dfade06ac95695,₹500 for two
bcc11ff1420cef87324a4b38300d534114d8360b,₹450 for two
4429e3c3bc28a827f7d083e9b113f8decb97847f,"₹1,400 for two"
90ea01b20cd71775d03e2c291f20b630d4687da3,"₹4,500 for two"
befea75d03bd0a2329cd963e563e20186a9cdcbe,"₹1,200 for two"
554a4c032667b79344325efc50f4ac4c813d7b9b,₹750 for two
5cc5804b713cb496ab307d6757de816c01e9432d,"₹2,200 for two"
5a46066a49756114186530ac55ce941350b9fe4b,₹800 for two
868f262449431ea80c498a4281d09941ebf9fb44,₹300 for two
c87960e592e81363d41042f9bf5fb96671b3f6ea,"₹1,800 for two"
da32eaf862aae2b8f1edc4d933d73662c68a1206,"₹3,000 for two"
27e6b2d01cda743584c3784ddb0ce9bee5a47d3b,"₹3,000 for two"
cceda9ea2b88ae4211fca96db068ee3125d3b8cf,"₹1,800 for two"
a10d4f64882af2683803a2e96ecb448e8098a84d,₹300 for two
f5be9ffb6a52814061c37e70addbfd491adbd999,₹500 for two
e5bfa6be13903e70dd2b40ed40d919810949872d,₹250 for two
fa4d0ed74ca3f145bedfb99cf8ed2c7f1eb31200,"₹1,700 for two"
74905ba7ebb4012e98a3c32aecfc680cc3acfcae,"₹1,800 for two"
c71b0a10602f09d2f74a63ca59b9d241eb866b8a,₹350 for two
68569f9352896cf7fbbd2316b902c475bc7a92d7,₹150 for two
d0c8b2925d1af57272100aef6b3b7b264d7e082d,"₹1,500 for two"
baa5778f8237da7a62834ba97b0820a296c63caa,₹600 for two
d953785eb50860619b121b169bf2484731d461ce,₹300 for two
6389be7b9eb9ef0b2692a30e7f68e41ff17e2fa5,₹500 for two
e6fc03a46571b59d604b08a5215d5b22b3bd15b7,₹900 for two
7f73c0aa1ce4801d9b760a6b86ae386fddda3b59,₹250 for two
4630f9f24a55571756dfc8b6c3c902dc697b9e14,"₹3,500 for two"
86faf1b5d515021c6e64a5e51016ed32a6fe38e7,₹100 for two
0a672e73f5641aa545a296bc3ffe1f61db4d0af9,"₹3,500 for two"
9b50f42f717933e8c3f2e48ff362371f7d971ccb,₹400 for two
b82377b5b2aaacd96e6bc835544b487402a446e8,"₹2,400 for two"
20048d82f498d17b51f6a1d5048a0c6621bc2b5a,₹400 for two
62664c4f2b2e919888f92f2783b17a3e573a46a0,₹950 for two
6d4681e8a43fd1ebb1d2c83e5ccfdbf76f9a0eb0,₹450 for two
7977402256cac0e820c096f30c6b975e42b88e92,"₹2,900 for two"
5e7e5fb6f26645c1feb24d380df9dfc4936080da,₹300 for two
c08ea3d74515e66c1e5236d04600bdb00238d7e5,"₹1,300 for two"
b160135288add1e31a6a0a55626cf30b57998db4,₹200 for two
cf8142ab62d62482e8c02ec2e78acf69adfa61d7,₹400 for two
8cdd537a75db410d5e255ae5d7bd7a2a89ad6404,"₹1,500 for two"
2890750ab5f5352c52b1333a23bb05e222593bba,"₹1,200 for two"
b6611d543c66a337e774cbb4394a9d10cf0ea1eb,₹700 for two
d5263dbe17cdbadfbb11546485d9064672118692,₹900 for two
bc5175608dbeff8c555a8c64c92d361cf40c9a96,"₹1,200 for two"
42967d280db05e6a545b3c6c41c4262bb85646ec,"₹3,500 for two"
780a8968e33c4163da3ccdf7514264c570c9ff7f,"₹4,000 for two"
bee34e6ca72997a557b34566f8c01b9dfe837560,₹600 for two
624ac69da68ccf36812d4806ff48fdb8809166b9,₹200 for two
9808539974584433dc1dddf285fe8641b4cecc78,₹400 for two
e7cc57bd8c3c194ea95753ac957a4149fb3c3260,₹300 for two
e985b7968224de8bd9956a2ad9d078f893981eb9,"₹1,000 for two"
103936c938ead585463e56959a0ee730dab8c13d,₹600 for two
8e65bf8b9d37aa2a13b033704f79ee1181ffad49,₹450 for two
61312930ff7d9c400c94876af1603a0298e76d97,"₹1,400 for two"
b89a1585249fd87d95aebec37ba6ef62661c69ff,"₹5,000 for two"
54da6137115d9a4e995ba2df613c48f7da0f491a,"₹4,000 for two"
44eb773d1f6db7b158c6ec09bb92f3e9f3e8d900,"₹1,300 for two"
7319cc735be71e61e5e7376be5d3fd179d3f89f9,₹300 for two
ee04101df1163f1ed749d7b0e520def26eaf4c3a,₹950 for two
94f8fd16ad32d3859e611bc84b68412af333e8b7,₹500 for two
562801e9ec77af27ee5184cec2094791eefdadc4,"₹6,000 for two"
cb81be77cfda8e12cd6eb852939f0ec8351f0369,₹950 for two
8bb8debca0cb5ba5ad372813ff98eb90576d4918,₹450 for two
a1e1ef91cd61c466815b3f6d477b5a2157d7702c,₹700 for two
c79afbe98b532130046c7bb6b840248c7af76153,₹550 for two
6297470b1b74de28160b3661a6749f0243c1f4dc,₹700 for two
f86c5b15f963b8d70d4985e7bc11abae65e70637,"₹1,700 for two"
0a22b27be69e4a3d2b263b7628f32bdfdf7893e5,₹500 for two
5dc65f3126578fbfbaf6bc32698b487e2f237dfc,₹250 for two
c673c89e6a5c041f1b4e7a93179053e3a3d0c346,₹350 for two
0aadccdedc252cfc2fa5f22eecf0f957d6f7abf5,₹400 for two
8e06975eb7031d3de9a3d8435a774fdfc8c6f320,₹300 for two
c9f6eb2178779c2c36b5c31cd4ea20368da3bdd5,₹550 for two
e152f1792a9fa44e8913a2181846910680c8c48d,"₹1,400 for two"
9707c12d32722077ee2e8a545c2e0c1cba14c6e8,₹950 for two
cdfb4064610696023f6b6bec83882c354cbee646,₹450 for two
8e917d41a063b7987fdf39be79907f797a1955c5,"₹2,000 for two"
1ed3009a7bfb1220fb8287cfbaced7a412a87616,₹450 for two
1539f84970455d7c6ae84e6de812159fa8d7eb6d,₹950 for two
b093f05bf71c351f40f852429bdbbd6bd4dcec02,₹550 for two
cc30e19c0b39f0cd606a314bce68456e3a27e360,"₹2,200 for two"
ace9491dc6a705424f8b72d2e726484fc7bfd940,"₹2,000 for two"
9e77d6945c03efc9c7ced27c61484552bebb3091,₹350 for two
fa4c800319c0aae7bd748c7145ca56a5c2681024,₹300 for two
b9d4932af8e638e7ecf7190a9882b5cc40b55f45,"₹4,500 for two"
8754e5e9a23fe23c37f263f22bc9f53c09940028,"₹1,800 for two"
bc9d404018d8ce7ccfc1debf9fbe9b5a07eb1aa5,₹450 for two
27074100b9e20662c847deb7f8e290fc53402742,₹200 for two
8caa10a63ee61edacebe46a0352ccb696261189e,₹800 for two
5262202f5b8ca15ae72309388f3a706a7f5b0572,"₹1,200 for two"
61f952b37f6d907b0d8cc4c3bb9b03c181659a0f,"₹1,700 for two"
d7002e62315a8752ac1ff110e83910bd927fe2eb,₹250 for two
6aba468c0c9baefd7772977429afb864208889ef,"₹3,500 for two"
02da8bf7fa5825366e9d02217148670bce51869c,₹800 for two
fc8538249b7350cd152aed9085bd5b19855f8eb0,₹300 for two
ef3798b019b272a18192c3edcbd69fd10352dad7,"₹1,300 for two"
71ed9254c3f41e20e4451a04bc1e995190b39583,₹300 for two
579ddfea005ca2533826d9bfdde47ad03004ad56,"₹1,100 for two"
b38f0724a4a10551655e7d875e8e0f7a1bbf0f52,₹600 for two
8fd026333c8954be47e2e1d4005d35b4fc6b4417,₹300 for two
911486687a0f3f9ee9fd2928ee065f50eaa5d931,₹150 for two
4b1cda6db3af29d49766e26c08731d44fa46d54e,₹350 for two
4216cb2b24c42451461a628e8eb70af62f02c636,"₹4,000 for two"
08add1c1500482653df86177368a144b0f340c12,"₹3,000 for two"
56d5bf670d5c0304a16ea6d0d2dbd87f0424e5aa,"₹2,800 for two"
9dc1f88d7ada450e5b946cd8ab5c2ec4c42a85c4,₹900 for two
1a7a50a0355c6b7e92b864890c1c174b36655868,"₹1,100 for two"
e134cbaefdef9c1ba631f413332755d8423766dc,"₹1,500 for two"
bb4cfb292111492ddd2dc2662e809fdb2023921f,"₹1,500 for two"
fbaa2d0dfda1d365eb7edb29d0327430ce1b8f3a,₹500 for two
a8cf93478ab8df65b3ff6254e5859bbdf0a85176,₹450 for two
b3667ecd3d4fe5da4aa412b4299b05dfa33fdc2f,"₹2,800 for two"
b90901666eb7c196af3d275b66c7974986fd543a,₹600 for two
43ad7eb89473030f61c124350b45eeaf0a809f21,"₹1,200 for two"
1e1b336ee74fb151123eb3ee99fdd84e66c02edb,"₹3,500 for two"
77c78955d1eefdb4cd950c9b9b671814c5fd36ad,₹300 for two
24e9f6d2a9518b06638eddecaf6f9fdf36536e84,₹600 for two
9f4dd836a3b13c56e86455fcd9e34fc3c85e3aa5,"₹4,000 for two"
8acd4171e91564e45c9befb8308a201f500e18ee,"₹4,500 for two"
53f7ad252a583f9c4a042bf396176da09461110e,"₹1,400 for two"
c88709546e495553f5044023b4d078d2e6f75e16,"₹3,500 for two"
83da6571b7e1d181c661baffad6b2cfa19af89b2,"₹3,500 for two"
9af178bcad38eae4e5cee87b03e8082ca6001c18,"₹4,000 for two"
ff089020ce928edba9cb589e7ec364edf38f9450,"₹1,200 for two"
85236a72bac4361fb62050397448d9002f3c0039,"₹2,000 for two"
2ff23058172a9c87054dcad9fae6b61289b79178,"₹1,600 for two"
44207e13f4437b7117eb4aa8cd2df73fc3906681,₹400 for two
c6b03749d1610b9bc8e7ae50bc49255f5fdf80a8,"₹3,500 for two"
fbdee814049a3dee24446746bac101f8a8ba5e5b,₹300 for two
05f874abfce2398ad53f7252de8375a006a66571,"₹1,000 for two"
31f7cf820127ddadbc3553b2140b308f66049088,₹300 for two
381c9689323d3d4243832ed75bb24bed1b0af7ce,₹950 for two
932a4df4238cdfe5ee8df36d494e43f835108203,₹800 for two
7c37e89caa483bd9bd17de2f35080bd95287dc63,"₹3,500 for two"
b29606f85a9e043a6e4a579e4390facf9e723507,"₹1,500 for two"
2838ca5c9e5f79774e08944ff02b4fa87078f614,"₹1,500 for two"
aa6603b32fbb38deb73bda06ef5169d3bc806043,"₹1,900 for two"
1c4bbcc13212c2a9e740536bfd713f13730fc5aa,₹350 for two
b6be1e9583410f6d74d9a0e3ea2e9b10ba7eef1a,₹850 for two
cf93147617310e34abc2f83fc3c0402fc7fb7eea,"₹1,800 for two"
b38d5bba99c66bf7d2c56c54ab15c6e561df5235,₹500 for two
ee8dfd187d5d9ec8b9621f95064c353b60d2512c,"₹2,100 for two"
d44a26da2091fda756871c79dabff8fbacd3d752,"₹5,000 for two"
c15505ea163590a546192bc1405b520d33dc19d8,₹200 for two
b0542594402acadd8ce3ea5b5cb53004ada6a036,₹700 for two
9155232bf071face705fe66c15bbd5af9153463c,"₹1,200 for two"
3b9f474324f916bc4d40c3817543af42d7a6c641,₹300 for two
17909bcf4b393320ef154a3803bf98f2d10f5dc3,₹400 for two
c2f0baf657949446ca897ec97c527777a656870b,"₹1,500 for two"
5c5fd28d26417724bc1b3e7f5989e90c03a46da4,₹200 for two
8522b2cb48b83164b43117112efd0881411a5dcd,"₹1,400 for two"
b3cfa767a83f6a355c9f3b19448401aeaae9fbb6,₹600 for two
ad0017fc8df38d62475569c10712cdbd20b52c61,₹300 for two
01e1464a600ed1b1f5fbda3fe441795eed5a376a,₹150 for two
0dfee2f709c6758e07bf0ff515bec83da1afa8bd,"₹1,600 for two"
8bdd1ce9c25e286c39a59ddb91905c97a457fdd5,"₹1,600 for two"
e2b67e557da3777416d9fcdd91903c3c94458ad6,₹350 for two
61d0beb753cd389a7d6c0afff703351a0c80219c,₹400 for two
deebb2219fe3bbeb7148c1aad9c80ee7eac758ea,₹500 for two
d5d43038ae88e63f9431f71bb5326732989693fc,₹450 for two
c2a4f96dfd46442eb5312953426eba252c344aec,₹600 for two
e115a57f17c52fa87e878c877aee6703050a5b45,"₹2,500 for two"
aab6d83f898ad38b2628ff816b94e24e2295d204,₹400 for two
b4bd1b4f2fd384feecf4e88383442f9885bc0400,₹300 for two
b1be7c7050e36a14f1555c923f32de23160281cb,"₹2,500 for two"
5e649dc728522247705c4874636eea992ebb2de2,₹300 for two
a49c8f26b37c53181881403614cc7307f2ba8d80,"₹1,000 for two"
81f8b26ecef91838a76f50b3583258e99f6d641e,"₹1,500 for two"
bdcabbd72142254c9cf7e70da3d32f0014684098,"₹1,800 for two"
a7582a50091003ee5575ac162aac87aa58f833b2,"₹2,100 for two"
d796f1b9c13d0a61bbffdbe8224c5d5160a9d7e6,₹800 for two
15dd5f070e38afc8794741e94dec3f3ad05238c0,"₹1,700 for two"
accd5803c9318ee2bf925d127e76e6d1c733e502,"₹1,900 for two"
e6812d47040c390ab963e90f3d85535a758d735d,₹800 for two
d07a5cf946e4956219755fe51e7d63299299d18c,"₹1,800 for two"
1086f4f6d216a3c118c49e7abfabead83f6a016d,"₹2,000 for two"
f3172fd7957babb07f6206b16a685ce81e195f12,₹500 for two
451cae5d4b876addec998bcfeb97e5acff347800,"₹1,500 for two"
925fb4da7c25518006ef1419912f338fe034f420,₹500 for two
83611e0f9c986a7d4ad10c4745c03d6425eabb92,"₹2,200 for two"
132245cdcc5c38069242cd9039e8749e516d9825,"₹1,600 for two"
3483b5565964d2e4b3dfab38b05473c896c90851,"₹1,300 for two"
b2969af318828c3eb1b5b3f103213694581ed7ce,₹750 for two
1791b75542657a9e210207e8b3dfb483109df792,₹450 for two
57caaa51e72dee59050c7f46556bc9d06b55d4bf,₹500 for two
84319cb9182d192cfd43db5408ffa45772f09524,₹400 for two
5af192d29c88d1b3a777a023422f00edde71b5db,"₹2,500 for two"
569cadd2d53a34d77fee5e600db34c71b39230b5,₹350 for two
3320b435f25cbbfd54f2bdc05fd126723cf0a0c4,₹400 for two
bee4e4bd0976c2dea4f2b339e052fc04fbdeaec6,₹300 for two
65a42d067419f713bd62f140bd80c5da67c0a8d7,₹400 for two
15a574b6e45c36faf352e4c884b752687b8fc89e,₹400 for two
0f44da3a917836ca67c52d7e97ab5fae5af63ad0,₹500 for two
61558c4397c5c5ef7052d9293b30440a1b4f85a4,"₹2,900 for two"
7a761488948192c7efd41e997d00fcf497a77b20,₹850 for two
505f3f7283bec79c822d51f08fe6c9ad4144a4f5,₹650 for two
c5779e252508acfb73f3923b48c6af840a231851,"₹2,000 for two"
01423a4feef22f5000bf95624340d349d1d6235f,"₹2,000 for two"
094e239e09fccf63f326d9a17364cbb8ed46517a,"₹3,000 for two"
fa0e21215f0a097ac3a43d246f7c9159d3d20b6e,₹450 for two
d67c57c7b4af1c2a582d7e2252cd659844595aab,₹500 for two
6cfd86a8e49503d45f06dfc1f35bb5c1ee367e90,"₹1,600 for two"
ef2632020684a5d1b972cd82360eb87aaa56e6cd,₹700 for two
ece2962247c86d2bb748a08952dfa83af6ac523d,"₹1,000 for two"
20d034e9207616a804c899d8f5d7bc190834651b,"₹1,000 for two"
a60e1448d39a6723be07c4618ca68a695103e3a2,₹950 for two
84999390ddab1388d76b407e8a76ed7afa2d3261,₹950 for two
3b1f1d0a8ae84e08730ffc2c985c1ba89f5cc199,₹500 for two
af1c1baa9152f22ea43c5473d4725ac2df577f76,₹300 for two
2e7e2c174ee46d0e01bc4a47ddd14ad6b657e5a8,₹300 for two
2bb71807ed5f37fe1f24a8ea1492389b62610800,₹950 for two
6a85cfb69060953316334566072cf2961aca4005,₹700 for two
2d1f71a59349bd93d58199400616fdd31354434e,"₹7,000 for two"
7a70fae6f8f8abe8bed6891fd6e456e2c19cd206,₹550 for two
092194e8970ed06bb68d74cf6eb3f59db95ee056,"₹1,300 for two"
60c5487a1920af9dd8f50efc85af70d4713e6fa8,₹350 for two
0d95f91e80d7af87e1640123ebb7c0a4a5f460bd,₹400 for two
5f2ad7e3810a00604ec6b92d3080d9f0ea5dafe9,"₹1,200 for two"
6940d55524d95e42ec0abd2014a5097bb74da667,₹500 for two
bf45170889749b4b33ede6a24b64712e99bc3dee,"₹1,200 for two"
0995296920e322c6e51e214d67b5f8ba0e699363,₹600 for two
1ec45cf079d3f369d5634591b96f1505390aef67,"₹1,800 for two"
0c40b70c01f81b85798d8738ce34acf93661861e,"₹1,000 for two"
c22f36eea916ef712ca39034f8573e59f07fa63d,₹350 for two
190e65afa11023917c29d907aa72a064e9efcf1e,₹300 for two
3cf8115b75a22729fb8b430fef9ad3bbb7e2fce4,₹250 for two
7f2b66042338b15624c2fce86285988a62cef3c9,"₹1,700 for two"
8065c735dcddae61b8c022518e12ed72d2e296d3,"₹2,800 for two"
16e6758decb284fd3fc65da59f45ab7fd7da9aa4,"₹1,100 for two"
33dd963168cdb8bcb1088191fb6fd51632b345eb,"₹2,500 for two"
7609ff3a6c644995d29f81e3bb097114f6b56f1b,"₹1,800 for two"
ba8931b4fd7c719e0cccee779a7020cfe3122015,"₹1,600 for two"
8ce505e1c5251062cb87c4725bbfecdc2b19799a,"₹2,500 for two"
1ee477d32edafb9f461ad5c137fed490e8030398,"₹1,900 for two"
a7639788f06eb817019703dffc3826b1de163418,"₹3,400 for two"
ae2a681b0e35e43b6724616cc4dc10e6088910f2,"₹2,000 for two"
1a13567c6ca62af839bd8dfedce69190ab389c3f,₹500 for two
bb3aea84cc3843b67ddea94a059658e6078a67cf,"₹1,000 for two"
d4a304f098ee8dc726ba25b1c17d6ad5ffc35d57,₹600 for two
b5de937984de31a089273c2d441f73124f8ff48b,₹450 for two
1add0a03580a34e24a6a4e7232d2c520543c38a1,"₹1,000 for two"
9540dbb48f02403798114f52bae1a1c9ab4a8c82,₹950 for two
2507df48d57e0de78991825807f2409c2b53628c,₹600 for two
97aa4dc8b279ff8752a291d3ca192d1a8d61f096,₹300 for two
b0b94d2cb21b3a5d49098caf727513b3e1c23274,₹250 for two
be93af9787ecd6999b867fa14988abebaf030d82,"₹1,400 for two"
5903674cad3ed278acdf23fcb568e9211d7d205f,₹900 for two
2bf87703c638b01427611920471e282d3f4fcc1a,₹400 for two
47db2da8feb9724bcaeaffbd25ca3902d9491650,"₹1,100 for two"
efef2bff8e538f7e93d08ef149846d7fef060f7f,₹500 for two
1e18549e9306c9e916fa951037f44c84093a3200,₹300 for two
f933069b760e04724e41e8a77a739bf3de6525f9,₹850 for two
99cb133c70382eb9011f4426c1a6e75d9ed9866a,₹200 for two
a25c638e8b0dff8554a8341123060c1016cca34b,"₹1,000 for two"
221579a7224044671e349480c02d5b84b579a502,₹200 for two
2222d24ae6fa6dd5dacb33afc4e833b2618106a1,₹600 for two
cc99eb2c58130bf666f76a089667e0fcc15ef8b2,"₹1,400 for two"
f3a4acdd3b19966e6e1a144fadbc237a16b5edec,₹700 for two
06cbc6131836bf183c84bcc11fbd3683d64904fe,"₹1,100 for two"
466aa2a3cc0ee8465bc65040e0c59ab9dbdc0c78,₹250 for two
0cc59bfd9c14774b61aa7cfcbd5a0a06fc1da31d,₹450 for two
e63bcf90674a0238b73fec98515a82cf13aa30fb,₹700 for two
cd05a224bd99178930d878d813f6885f87945fa4,₹450 for two
7556e283ed02e6240e635c927709414697b23f83,"₹1,600 for two"
34ab01130840349bdd4fedfb4090f83af6aa0063,₹500 for two
f72429c734e23889671e222ab5533c8a07c08cad,"₹1,000 for two"
614acb09e7fbf2c547abc3652739945e186e7ee2,"₹1,000 for two"
9171bc49eb4726a31a9f9de4cdb2637fe5a93489,₹950 for two
8b5ca95bb6ec7a94b563938337dad4b8a2d0bc07,"₹1,000 for two"
05a29597b3f1f0b587863965abb16806a2066fdd,"₹1,800 for two"
b8bc3f0775e3639cdbeb38cf5164dced544da76a,₹300 for two
19f7ba8212fdca3c9e4f50e4f3628398e712add5,"₹1,200 for two"
2c91320a3d1d01852e2e9f06e68adbb13e1fb6f1,₹250 for two
23ab734017bbb5c48faf8b0ee132e411948bddf6,₹950 for two
60bebbcece8bbf64ab170640b16a431eb4e0e8d3,"₹1,800 for two"
30e0886483b96305e7798cf44ad38d5e194130f7,₹550 for two
e90cc30196655312b57eb24d15665c899e41ac31,"₹1,000 for two"
4eeb208e1a3cdbd33df47ee78d7d5fde69e26212,"₹1,000 for two"
b427ec6aba5de987e44f050e0df7033103a5d3b8,"₹1,400 for two"
edd773f36cf90410ffcb17cb56c96dd6bf4ddfe1,"₹1,400 for two"
e8966aa1e8b3518f48d486159214af0637a9561c,"₹1,200 for two"
90941a67a26458f60c77c33f73981b7a8445c3d4,₹700 for two
38caf6b48a91b6002e86d819d880c1355868636f,₹700 for two
14bee5e63f80dec8d10c578ce12138e1b9c7ea90,₹400 for two
c0a94834e44bf2cfd48cf508c00494ff935df0ae,"₹1,200 for two"
9ca53eccc88d5ec8e0b7cde4de236a4ac69b9481,"₹1,200 for two"
981cc7fb86580cc6c591c1c9d0178764e0fd1733,"₹3,000 for two"
1ecff40d709ea82d4c491d253f58b37d76966e5c,"₹1,700 for two"
e4d2eb820172901f92e3fc9f1d59f398a6273fba,"₹1,700 for two"
85d94f507216a4f998379f91b86619004cc4694a,"₹1,700 for two"
3b8ab667565b6d540d767a3d31e90eb0a31387df,"₹1,300 for two"
6e466aa8a8ee4c3f3d9a0070477b919296e32491,"₹2,400 for two"
1703a56d5f1a0e05e605ae3294ef0f8af745947e,"₹2,000 for two"
783404e0bf71a4a64206238f24df46733f4766a1,"₹2,500 for two"
433b2e12790db57bc0fd6dcad05c989333019eda,"₹2,200 for two"
c396b654992113a343395b28236c148308061985,₹250 for two
ce623cfd438543444bb38a57a56cb1b440841b95,₹400 for two
acd319c3dc35c8a32c71a9143f9ddeb3d88bfb33,"₹5,200 for two"
0109c0b023196afd1ff3e2a1bc9763fb05fdb551,₹650 for two
a1604f4ba0383eed140556bfab63a18e0ee5ec2b,₹350 for two
3412be33102b3d843336358658a9d6b47c19df4c,"₹1,700 for two"
cd6ac63ca7560402f248d0d608eac5446eadee3d,₹300 for two
7b4e21c333601d906066361a12a9b83bac3cd6d2,"₹3,000 for two"
00f7627210cd66ad644364154bd5314ed9e20930,"₹1,900 for two"
2a6bdefd2fa3085047745e6722ad4b0cebae8d6d,"₹1,500 for two"
84dcaad7b579d5f7362ee8948905bf3fab12a756,₹200 for two
b43ff45fb9c0129c64be8d79d4433c4268a3024f,₹400 for two
ed7b79d6f99545a2452abcbeb92cc2deeff9e1a1,₹400 for two
e94dff5842313b099006584c18d538b50526b0b8,"₹1,400 for two"
cef1cb1d446e020597003b5525ca6d77ee664856,"₹1,200 for two"
334275049d29fffe0a9d2f03f5f18a7423765171,₹950 for two
370a8182762bb7b3cce1918b20c81f4e2627a061,"₹1,000 for two"
a1cac6326c5932efbe0b306667e16ef4742cf0d3,₹550 for two
623d32585db9dcacd61ac273ecacde17f4897661,₹400 for two
08971e8ce4cf46fbacb6a0fe69d50e8fe9ef7d6e,₹900 for two
fe53f375235b8dc612e8c7a9f61c4ec55ca19178,"₹3,000 for two"
075137d67070460db89313cc37b8aa2c0891f869,"₹2,100 for two"
bb24ee01b5fc96c4e511e374a69949c65f770e8c,"₹1,400 for two"
f00729fdfc535f1a0633dace3b2d5b9c3819769c,"₹1,600 for two"
83ce79db657cfdf31d5cfe6ff30e93ebbe5ab6a3,₹700 for two
1b261e36f51b735c4a7a5f30c708cf0f8a8e661e,₹200 for two
df02bddf3ae0636897c94590ca8fd908981e1057,"₹3,500 for two"
d9a46c211becc6ea3ec2b966ceaa19616916414a,₹850 for two
f08d79efd1389a2bc8f559e4394f83d070339ec2,₹900 for two
14930402b65442933751f6fef492d4c50fdd4a14,₹500 for two
5e02585ecba4b2aca6441576a06e32718db6be9e,"₹1,400 for two"
f249711dbef02d9214120779eab5001b72eb06b3,₹700 for two
be8e96c3e9b4394e5790837f5b730542014a3bbb,₹500 for two
5ee9e0983fdc894cd22b49c0df69296d234d2e40,₹700 for two
27cc05059396852aea38ba7fa39052f060296b12,₹850 for two
051ee643e83ef6346997730354c204bec1ce090a,₹450 for two
25cbcbdedf41380b28b9ce14353099880913fecd,"₹1,400 for two"
2d3628775d065ca839b1b7f11af2eb34529da149,₹950 for two
39474148693f72d519b1dfbb275376e30c99453b,₹400 for two
8baba227372a0ad267327cb8eb0b32b4d1512a4b,"₹1,200 for two"
ec7fd2ada42b6fa7894e358e384b658bc964a76b,"₹1,400 for two"
fd0ac8afd402fdcbccddb38e8d2de97e5924e210,"₹1,000 for two"
d26f19fb6edb178393e140bbd7d74ef52b6b7a1d,₹300 for two
fbb04853bd718910add9e112fca06885cc2adb66,₹500 for two
dddfcb767267c2ddfb436f6074d06c3d4db5c7bb,₹200 for two
d882ce9aa32b8a35b50b1cfb1061751d2aba25ac,₹100 for two
a63da548a0f2b5f07d188eadae9ee8f0ce792e52,₹950 for two
983a8e67ef9dc2137f8f240e33acfce5d3972e13,"₹1,600 for two"
d4907bfb938fe2c88e5e5e0742f0e9e0a9fb5215,₹600 for two
fd3f3719713bdf108bf6992a9c977c2aa36a6faf,₹300 for two
815761da0fc0da296bfd8e6f75b71581b25e5278,₹200 for two
7e934fd3ff6bcc4d99dbb15ec1bc950d9bae1414,₹500 for two
e3bb4f08905cf6478c30327a6a9e667e856f9d85,₹300 for two
b87d54a3bace186ef09cccbf0811e5aca0d6487c,₹700 for two
c486af9c0d7213fe39ceba4125a77523e3406a0d,"₹1,400 for two"
683a89fbf7088946c953b64438f45cb2a4714f0d,"₹1,000 for two"
a760a912e2f0c4e445da95a46cb7a81a365ae33e,₹400 for two
e8236d06ba623f1ea6051c732f4740b068740fc0,"₹1,600 for two"
91682f65ed6a96f3fdef61f1e85cea6413895c97,₹600 for two
1f416599df9cee00136fe24a34f248363fbf91b6,₹550 for two
f47d8cb0e9ae4af228fccac307d6d5fad3d4508a,₹700 for two
082c591fd577ce3f18706668b5c00d784476d137,₹700 for two
e350e2cb88f7bf011575da84cdbb83418b0e9f2b,₹500 for two
d07cd687d9bd38d8d8accc2b9d543a0399d285e8,₹950 for two
06c8a6a7ce1e84f47caad98058d11ce2f6975737,₹300 for two
ff9d35554d93c8100bdb9c35114dc84823ba81ab,₹500 for two
2197dd84e9470a179ab403a0b024ee551ffe3c54,"₹1,200 for two"
ae60ff86a0d2811edc53811861c49eea91036689,"₹4,000 for two"
9e698fc6d1ce9d2fdb7cb0c68f0ff4728bc237af,₹600 for two
5987fd22d91185e98621199e510fdefb320d9c96,"₹1,700 for two"
f15c4a5185515507cc1a1f7e4ac0a92c6f03b6f0,₹850 for two
a6e2825e0f96e32dea89b687fee4769e938d8888,₹850 for two
b89f4f6ea2997a40bbe826c1f75b18ee6429e6d0,"₹1,000 for two"
50124299ea95653714a1642c0a94191d909fb606,₹400 for two
6ab02c526c223c9dc27cac1b96da46d76cd1d71b,"₹1,200 for two"
19bbd2182adbaf85558b715753390bd170ce2a11,₹900 for two
e8d9bf73ad53c6acb2431825fd8552b79f1b4ca6,₹500 for two
03791d6cbbdf41926b254116de8caff832acbf0f,₹300 for two
5cde56c49d0fea54fb7f4c29fe4e19cb18ef7d26,"₹2,500 for two"
cdb9fb960bedf58537f4bca9472e8d3c96fdc601,"₹2,000 for two"
2aedbd24b21a843b1ad490a0418d68b7fab865de,₹900 for two
932a5ecc0d7365d6866e19a19a79cd3f1376842a,"₹1,500 for two"
af95b903fc97e9d30961dbd0f9b2f18a5758b6a2,₹500 for two
3898e1b265305c2177b0ee664016cd82c989da69,"₹1,000 for two"
3a1e6e3edac864e7505f9bf4d0af02943f0471a5,₹400 for two
2a32de0688162ba5bfe18c7e77a7f93627d3340f,"₹1,000 for two"
fd90eced2bee1a899cf4afd5c09026c0f3822e28,₹700 for two
4bf28395d01d3d9a119e3555d85d315a7a58d64d,₹600 for two
8e6bf11f992d6a8969e2d2b601ba2a95c773ccb0,₹500 for two
2dbd23d8eea604775411afa1673e200b1312c436,"₹1,400 for two"
78c9a4f52bb3b2775fd1fb3702968fe89c38e41d,₹700 for two
5f683abddaaa57fbec7bce6fa7f5a0cf9d1dfcce,"₹1,400 for two"
b8434ae82cf16a7656942f7ea8df03d2b3bb17e7,₹350 for two
0ece130c9ccfc312f652556adf69ae20f6bc4bf8,₹500 for two
6867805a6b51f7777cee4ade14ff67779e41d748,₹500 for two
82a29ecd978cf7419f417a53ed69b006865ffcf5,"₹1,200 for two"
4edab9d63ef009cf01de986a0623067215acc352,"₹1,400 for two"
78e011160556cfe7249779aceb04429f6a6d3803,₹950 for two
30145e5ad17e5d17549880b670c8d87ec0779a9b,₹700 for two
65add902dfd48b4f712a7ba27dc6d78063e9788f,₹600 for two
014eccd5e2ca92c8fabf2dea3a8ced27429cd3f7,"₹1,000 for two"
bf5b0bae550590795fcf68714ea3478d117ec2a6,"₹1,000 for two"
76f1187fd415f0a5cbfb2500741981d617d76f6b,₹500 for two
fe3ef5c38d5ce869fb7a27c825f8dc2b0fc73447,"₹2,100 for two"
9052a714ac8094445c270c9797b7ff5ae45a60c7,"₹1,000 for two"
2c9ad1e0fe1a31b68f8b0d08802e53c1ea95943e,"₹2,500 for two"
86bfcaa4b3a693e6d3fc9ae180bbf6a69e8aebb3,"₹1,300 for two"
7167a52fe407c9a92053469863850b2815fe9621,₹200 for two
1206439aa0c16ceec35f4a9bff1261751126e4e1,"₹6,000 for two"
665d9bf79408982789deb2b62cfa74540491bf17,₹950 for two
394a6def83de7258d406de221728267cd3b97979,"₹1,200 for two"
a1cd2decf9fb912031899b8911a5a38beda3da64,"₹5,000 for two"
2dd8910129d19c433b7d11f2d7c5cb30733a79e1,"₹1,800 for two"
35f2efc05bde76a20c1d562afd64d247118cc051,₹400 for two
b41640927136a0c33f547f15ee317c372a65e1b4,"₹1,800 for two"
197c110925c8becfae8c29437740232bc0de6a48,"₹2,900 for two"
c73de718fad1f3190fef0383e264ddbcfb2fded2,"₹3,500 for two"
369fd716fe0b0c07bc69efdc0c38a7cdc2bc8bc8,"₹1,800 for two"
defeb75da1b51f70d3e8ac097299506ce929a798,"₹1,000 for two"
806987f8e2dd8d56aebf765ff6f5ab9150ce62dc,"₹5,000 for two"
472c216a4566c4ad6ed311d5eb4d8e30e89eea0a,₹600 for two
b0799c836bb04da25d21880a0cb06549ef5d1f96,₹950 for two
17abbc513a8f93d0e80c351ce9dc4dff817e8f76,₹500 for two
7eda184fea6fda5533fd7aaff7d8656790f95cfb,₹500 for two
1a330e944fb95c8513167f7f1ad49e8fd9a58aef,₹350 for two
afe387e9283c48e24b0376878575d14fe2ca1f6b,₹400 for two
fdb6339f33a5f79c017e6ee0c23b8c54af8c7af7,₹300 for two
62f2acfbdde20309ce4118c7e887a422fa940fea,₹500 for two
c47e9a1219c769e6bc886136c7aea73e0397c37c,₹500 for two
0e1040cde23b49ab1d520873eb4507f6a1b59d81,₹350 for two
b357c9db37a5ac1d0da1d9e5dcf39a2f9517c0ab,₹350 for two
bf656a49ba7dc41d663f841f8684a02458c6d9fa,₹650 for two
3d8a09e1439882f604b95efb2acb16b284ba813a,₹600 for two
75cd1e695567e685a6de1d0545a5dd9d41d1b9d5,₹200 for two
8c65da1a61fe09bc24347081b0efbada3470abc9,₹250 for two
dcab54822139ed7fcaf9aab35fc5bc99ef65adde,₹600 for two
7d311ee2db13844e6fb848c7478b7ab66cf34e10,₹500 for two
733c20b1a1b5533e7d1023b7b6d5b6d4b4edd84b,₹450 for two
f74c33f384a1bb1eb8c8c792b38863dcfcd356f7,₹300 for two
35b1b1fefa9e9bd9684d000f261de7a470198c10,₹500 for two
cd704d53b7367d853d329ef976a4023ec42e171e,₹300 for two
0c31cb4ff3a3d237354c03e20dd09e3b18216855,₹200 for two
10055e2fc4a62d5fe1cfde9c44c3c74d3b1cf08c,"₹2,000 for two"
0b3823a4b21777cd3d0dd30005e4b451db728dc2,"₹1,200 for two"
28e80bc32e1fd78667d54eb38f5c6f71e8412130,"₹1,000 for two"
2243f322ca47ffac68292120551b8ff90106c594,₹100 for two
21ad8f2e89dac559a5120a564c0ce88cad221f38,₹100 for two
ad326bb126765cee2d7e3787acaaf8de3d078ad6,"₹1,500 for two"
15cfc7fde157b19b177a6e2cbda29bce6803bfef,"₹2,500 for two"
bdf4aa2738a9763fa1480fb9820d4656875d0a26,₹400 for two
ae3b85c9cc6e42aecdc98cb8b27ea7176c576f41,₹950 for two
12b46706c918d78742100111641b879a874b82da,₹550 for two
d1d817273edf4b49ab93ac809e30409bc1ea9ab4,₹500 for two
19c6b91fa4c9c9c3a41499c3c35bbdfc5476a8be,₹950 for two
26174c025c895565268a696879b2d76f9b11af41,₹500 for two
c701cffe25fbffa107f783a58e77ba0babba73e0,₹850 for two
4673a95501d2f1938c6aa28b6c1dc402f3a8b490,₹400 for two
d5d62d6500fe56fd9de60afee7f1e3b54a716c48,"₹1,300 for two"
1ddcbf40901b841fbdc68252051b2c177d4679fe,₹950 for two
f34a05ef4a25dc7056c8678a414db2badd8e2528,₹950 for two
4be1fc306ae8d3f3730cca2310375df30f33c302,₹300 for two
208faab42c292099a38099c00fa391714fcd4267,₹400 for two
54d8359e0edac9a2a8d0b5ffae5b14ffa7e9aa83,₹800 for two
289fbc0133ed9709baa6e7db7b275eae4e8e7d16,₹350 for two
773c3150ec3bae0046cad8a4df110ea840bf256f,"₹1,300 for two"
9cc1cdd59bf3ee6ab66e6031f0794578c64d83dc,₹200 for two
d8a4ff9ecb8f03c01484d7f83f6b331f90c2da66,₹900 for two
bac445c93c8a6e1607240e3f324c8e6fa9e0007b,₹400 for two
9be819fc6359b68fe233bc068508e2f50d111192,₹600 for two
72fdca1a23267749b8e796e25f754414c1bc1af2,₹450 for two
5333480bd18a7817ff8f5760b67bf542a588e3d7,"₹1,000 for two"
99abb2f69cfc9cbde406afe60140d264ecb0c497,₹300 for two
42f1698a21269221039784ede7bc210b42752824,₹700 for two
f47d8edd979f6144147fb0c6c5eb315dfb765b9f,₹850 for two
a8a98992114d53c85bd960ba570292bb32a9fbda,₹450 for two
f273bb94d3398e1c8c8231a2652e401b9a911ae8,₹500 for two
4bad884206a2054b30c0ac7307dffe9df35acdd6,₹150 for two
53183806c96dd28e76bd817d237cf098b1159f1f,₹850 for two
87e5ab619635a466e9a0682f353df470e9d2f513,₹200 for two
8851f890b38d1eab14010e6709a6175ac921490e,"₹1,300 for two"
43f7f3adf5aa3483264f838969a5d256a7640daa,₹800 for two
a790b8e5b0409989c4c92ef2673652a1bf2d4869,₹400 for two
ad136067e9a3efd3c1b6ff1be4c7f45d38c1dcfc,₹400 for two
866f1110c2c44d4d7c4e812f53ed726ce3fda96a,₹600 for two
e79c3569440fe1cb4246e0bdd70f38d6fc598dc5,₹400 for two
a97810f2540332c1ca2b62099fca4e7ce0dd11e1,₹650 for two
670ba9e6aa6a2611e94e7b2e35f725845313c557,₹950 for two
7a6fdaa91157d8b653e7ef9c9fc934cd17f8385b,"₹1,000 for two"
7eb16c626f3b916a165637d51a8bbb7e4075b4de,₹400 for two
a8f68f20f71237171732501b6555543fa8c6953a,"₹2,800 for two"
241e4858038593ba709cc2202efdfb1b339e187c,"₹3,500 for two"
828ee35fe0ba57a3dd30cb19c59103454c9ca796,₹500 for two
b9eacdde44e5087a83c1443b5f0b0e2275a39066,₹500 for two
b95c3b08c302c383f59c1ba9f02c4f2d5a0f9b0c,"₹2,300 for two"
acfb9baab20d537813717cc5090ad4e952a40317,"₹2,000 for two"
e2ad0391557d2a3ad1637cc87a589d544d123cc9,"₹1,400 for two"
36650d7288c0bab767d48d262873bde670d8a718,"₹1,900 for two"
0092c64e13d7a7d5478320ada54a65636ea6d888,₹500 for two
f68063d318e95fe473ab2214864407680d369fb7,₹700 for two
f13b9eef275f4a75b40d3eb95792a2b42d973432,₹400 for two
57439e7b0eb3a43235cb4004ef4a4374fab79477,"₹2,000 for two"
f8e718f77b6297481b665cc7ff0edcd96abc4a29,₹350 for two
7176f965d1c5a615f088c37be2661237ada2a287,₹300 for two
d0267a064217f45c8c412fab0d365553b89548e5,₹950 for two
c1a044b97bd82f5987067bf8eb985b60ee1e6818,"₹1,800 for two"
becf6e7a3376a752f622fa64a98916044be4ad38,"₹7,500 for two"
c60063f3c56d423f850be0cdf0ea3eead5fb9069,"₹1,800 for two"
eccfeb0ce714b40988c7a5e3e96ba32cf4c88923,₹350 for two
2e9b297ffe47108f3ac9ad9e4fd74d4ed26d9087,₹550 for two
3f9d532bc6765af8710d2169c87adfbfc0a8cbed,"₹1,200 for two"
36bce362454149cf2d1794feaee86e28f71db07b,"₹1,800 for two"
39c395498345e28e24d9d4b473515fef0a4e17a8,"₹4,800 for two"
5a1b3f73eac48883f870b1f56ab2d46da4a55b52,"₹1,500 for two"
e0e0c64676183a2a66fd7eca6cdb1194a92ef880,₹400 for two
e6baa330f7246636aacca8c51008071f1a60a72a,"₹1,400 for two"
88d45c362264e9ac3efda6d35d920d903b6b553f,₹350 for two
411f3df60c8e70e553cb824cc1d975c6bf4b211f,"₹2,800 for two"
8254b7ab3c69008cd8bb8e142d186ee35c563747,"₹1,300 for two"
457f9e5bc5e640fe860684133f527a936e23af19,₹250 for two
7e6fdbc73f8fe946d9d5483e694a0b17e647f744,₹350 for two
8a68f6cf312edeb2e2b4a95dc2dbc8afdbc37763,₹400 for two
7f39bc01b0c57541cc6a0c05327cc22a0dfd9995,₹400 for two
8d740ce65cee88e5be0c2331bdd73845e2a8d1a6,₹500 for two
925fc405af83a2cbc73cf7ad70e71e8e7172b242,₹300 for two
942a0097e246c8da75061a0846c3f6b36477ea1d,₹300 for two
85ff9d53a3934a3a0203773e4b80bd715d3c0492,"₹2,000 for two"
9859ef40e9f68a5a0eac0dc2ad77599d865de178,₹350 for two
c9894cd3c89514f72f5804af9ea4c1b85c612473,₹100 for two
08103b1ffb6b0bf240b76b74c3f256208412c56c,"₹1,000 for two"
bc6ed758c0faea30623acafca75b88b8f256cb6c,₹450 for two
32632b1fc76fd256a9c876d244046946a55f0640,"₹4,500 for two"
5f23d8bfdee18145836ef86b240cda90c5147dbb,"₹1,800 for two"
c0e8168747aca42b8e94180dce79ca3fd523ed37,"₹2,500 for two"
3bf1752d0d19ebe6a0af3d4c40d24f2fb760c558,"₹1,500 for two"
21decb7f45fc3954ef69091a138e9a5da16cebf5,"₹4,000 for two"
4de362635e420dbf4723f7010b6ec7eb0083b36d,₹550 for two
328b2e450aa6993c1c0098cef91ca9d426440b62,"₹1,800 for two"
960b3b7b7d6c30ae4b4718f6a0077abccdbdf459,"₹6,000 for two"
e722f07dcf407c503be17c3d943ac4191ff854bf,"₹1,000 for two"
e91e00977cf453ffe969701820f2d3079562d042,"₹4,000 for two"
d53a7cf11eb870b8b1a590c300604654be051e79,"₹1,200 for two"
a70b97c110f2971b64e604282c22c76c8ce1e89f,₹200 for two
1d5b18844c16423e7e2d24a70295fcaeb5868fbc,₹850 for two
770040d27116efb1959c2172472b2fc9ec230b89,"₹1,600 for two"
5528536993d34aae08a345798b934ac61c5fc613,"₹2,800 for two"
53fac081eec1f58688ae0121ecd47b9c159f2ba3,"₹1,000 for two"
a07df3bad98c88b658720899a2b41448925f3835,"₹1,200 for two"
0b7d4d2536a5c412c252ffe8b193d6e6519a6fe8,"₹2,000 for two"
fee6798413ca336f9b92c3a947ffc713726dac02,"₹1,600 for two"
4425299ecff7b8edc68ccab33fba0b1feff06336,₹850 for two
82586091f16999ce2c45945838475f3406dcab23,"₹2,600 for two"
de379d2361511472ab8ca6454dff6a515ac01797,"₹2,000 for two"
3996330ce95bdd0da82be523a38194041f992012,"₹1,400 for two"
5cb7ead4ce54fb5572364652a3aa7acf6808f452,"₹1,000 for two"
0b93460c0f5fd8722ccc5746438e87a7220b02e7,"₹1,100 for two"
55ce58befdd1fa4403861f28bf7eead1a6a4d88e,"₹1,400 for two"
2dffaf0e016e58cd22f98dc6633dbefcee72cf5d,₹400 for two
806277d9be4086f19a35ee138a02fb9270c95511,₹600 for two
7839e450a01f07329ad1ae8d3b69e0a9c575edfa,"₹1,000 for two"
e93a6df2c8c2f22e14400220e6fc2c9da0d85ade,₹600 for two
8d0705873fdd673b93e267769c043cc3d5e45f3c,₹800 for two
6a4ae416dc12e7487abd1a64dd9044e88da5d4a6,₹500 for two
7b4ac713d4deb9563fc26340ffb3a3fbaa457725,"₹1,100 for two"
580849a1cf587a29e6e4ee171fdcc6846a7150f7,"₹1,200 for two"
148127a5eb276336156c75c4db7b0ace78ec9311,₹800 for two
49d823b1d4e21ebf9ee40325aba34914b62013bb,₹850 for two
91ba725f2fef44b9b69d494a4b123490078e159c,₹850 for two
c611d942ab9c13144e954d11cac28730f10f7dbd,"₹2,000 for two"
7a28368e8b04458a8817230f8a5ef65e24c8bb1e,"₹1,200 for two"
beb8f721af94b85dd6cde37c758b96b4758659b4,"₹1,000 for two"
8a9ace231ccd62aa7c7c59fa0bce144a5c5bd7fd,₹200 for two
d89c809c5c3a8167611dee5012bf324866003bd8,"₹1,000 for two"
9596c912ed1d6b128fae94bf9d05d16246b12b98,₹300 for two
f6215f972ec93b02357fd2c3bca31f39f17ad7a4,₹700 for two
d39709e9f54be331205364fbe57523fdb3582d83,"₹1,200 for two"
34a8247653a3b9a34659b67150614bbce931c50c,"₹1,000 for two"
dbe6e3a83b5fbafad92b2362ac4e4c39d8a2463c,₹400 for two
81c0a88b52421ad01a1358791a4ecf6beb843313,₹550 for two
2af3d81c355755e4cae1d7370812f5acbc1be022,₹150 for two
0c953b69333ec29708f1b212185845455e3053a2,₹700 for two
b6c58efcf45c1266bc9f23cf2575adf6cbf238b8,₹400 for two
491b7ca061ad35fd744ea72caea502a4083cdc35,₹600 for two
adb4d96f75ca337a47520940ee2f384e80164798,₹350 for two
a49122547afe10805285f5f76b8feb50b248f02d,"₹1,200 for two"
25064d4b2a636c44332546139b8824d683b803db,"₹1,400 for two"
7e393a3e02261b19c10f95684dcc34540e510530,"₹3,000 for two"
e77a0ea3e04ff7cf7febee59ecda09668344b448,₹850 for two
46547f6845deac5aa510e74d8c1a409f818746fe,₹900 for two
df0c433729b4a253ee424dd81a1635d979f35f81,₹950 for two
cebd878cf1bae65a6ee938caba833566f05d5d88,₹800 for two
4263e941c1a8b346c91a80ddc71ba154c5142c37,₹850 for two
36480ad2151e941dd561d3260bc8289693ba06b3,"₹1,000 for two"
be679d040cf644734f749d5322889c214de2dd4a,"₹1,800 for two"
26da9a4d1d0fc9b33302edb5518d79d2a4a691b5,₹950 for two
85f69c835a76071015445f424d6284b775f930dc,₹300 for two
e7396bc8357eda277f3f5e770a85e9b9d4393884,₹400 for two
f5082167f7223df3c06e6ce1c74ab4c599e18601,₹500 for two
bffc5956885cb4cacf934fce0ae1cac0b9392b66,₹500 for two
f8ca829fb95c9c09bf05904398f6d526c4a79432,₹300 for two
493d05f7a9aeb9df66cc6b02281edbffd15fb3c7,₹500 for two
fb10e461feba9050b49b0a7d9454dfe08d6ac164,₹500 for two
76fe393b446b645742d6d74174020289da34c274,₹250 for two
65896aaa5f8dd47262d1ff7c11a0621234b7c40c,₹700 for two
aa2651e4fed5a50a939d1a9f542308afc371e070,₹350 for two
09c93e88c8f166114aa5f0559e783cb0d7328306,₹400 for two
29d654b49ac80b144b78d370195a519e1881d56e,₹400 for two
c33de507f601975d25165960ce65b77f674d1a04,"₹1,800 for two"
4e1eb8da4b8ca253fe1af8d6b7bd8e74e0ec5a7b,"₹2,500 for two"
81c018bfa960ff258439eca64613b369982f6152,"₹1,200 for two"
81573d85f589eec143868681acd4c8b542f8a209,"₹2,000 for two"
15e189454d0dc3f7a9df54d9fe02df98b3adcbae,"₹1,000 for two"
dbdf21ed1a6e318be050084b01a70c1e5ba1ec84,₹400 for two
9ba66949b4a6e1e0ae3f05708d2bac364ffb58fb,₹150 for two
ba914d89145766be1605ac420a95865628ea7b7f,"₹2,500 for two"
768c63f49c7ed6d746b0bfd44e0d54d4edbbdec8,"₹1,400 for two"
7887e8d3d2059c078ec2c75b2caf05981c667db4,"₹3,000 for two"
db4fa359c5653e7bf32ceea1dbfef2f5aa9a32a9,₹100 for two
6448d17ef901b2ca8cf35d13c8bf376f91222521,₹100 for two
81a4d88f4e86e94c804efb8933e60c2b701464f0,"₹2,000 for two"
825afd38b5846f51cc37f4fa56f54dd1ac2a75b1,₹300 for two
25d0a9daf42c327eb26217b44bc9dd0cea9693c2,₹900 for two
daf84a29125fc3e0f079cd750872f6dd93586dd9,₹400 for two
f63a167b4dcef52033a4d6a37dd1c1947d106fe2,₹450 for two
19370a50ba55d682ad820f79502c072e45e1544a,₹450 for two
8d0bb03d0c6c39f83e786997cb39de68f600f593,₹200 for two
a3ff2cd42517f268d9ca392232998bda3356dbbf,"₹1,800 for two"
5e10316b4d47acb0c5c56face4ccfb9d7f7eb7f3,"₹1,800 for two"
9833ec74946bd2a2eeb8049cb72de5d150b37497,₹550 for two
7163a684cfb69b162bf010f802012ab0c1ebaf94,"₹1,500 for two"
4b617a0f6c4f4cdc43807f9d0df934aa9c4e11e2,"₹1,200 for two"
590dda0c90c0f319fd6c4cbea227efb3b077de28,₹700 for two
ddb717aabb0325d43a0b5aff628a4608b346a855,₹500 for two
c1533a9863af986dcb593a1ed772056eb7d129e7,₹350 for two
fe5c922e83b2562e320bf247f48fd57fdcec363b,₹250 for two
21ccafe736b9638722ef1b24ea0f09ddec31fc43,₹300 for two
5bb71f043902ad95d130634af672d4f0a2183a37,"₹1,500 for two"
8b762357d18fc2dcd16e5aa416e7056c156479cd,₹300 for two
1e666cbbb2754f3caaafe91f1b9b74e3d6a3c85c,₹700 for two
6bae2dbf949532a8015d7e28863ffe0ae88c7765,₹350 for two
939a84f579a7d2cf229d470db32b47c17df33c5a,₹400 for two
57a9276eb4c93bef3a38725ac83bf8071811d534,₹600 for two
1fdd1c7f5a2b1268dd24360eb54e5060c98facb8,"₹1,600 for two"
9b85a51f9aefc0e5151397ff322c6b2d8638f985,"₹2,000 for two"
e92f7c30e147f15ad31b5c52c7fc41e9dc0cd65d,₹250 for two
cdaf25caee85e9a8a6e522a39b899301d5cf1f91,₹600 for two
cc8c94856e12c256edb70c1eebeca2532e1379ab,₹500 for two
b09c3d3afd9438bb57e84ccba7e1f4e0c4080967,₹150 for two
acdc8974fdb212b4e71dc2f92278042c5f5c26e5,₹600 for two
035ad360ccb66eb921f0975d2c6bfbde8b6f3578,"₹1,800 for two"
9eb7bc73629b47c0afaf74d604cf518a0dab1112,"₹2,600 for two"
6977cc19955d0c94d0a3f535c270067d9047c697,₹350 for two
dddee6b221ac81a1142b0b1829645001292f063a,"₹1,200 for two"
669d2c63d9130338e737d36140a10241b62a8f9b,"₹1,000 for two"
826a534605eb8bb96978e1584a676fed13283147,"₹1,800 for two"
2de342d1f27a315490dcf3bc4a171858a8835dd3,₹950 for two
cc273c95d5e430ffca6b30524641bad7547447d6,"₹1,800 for two"
e5a7f0a3e4bdb399c88df79c84ee98719d8c3c12,"₹1,600 for two"
e1eb34b7efce92a50058c4c4a3f645c6373a54ef,"₹1,500 for two"
0102bb46c2090fd090513a9f2712833d0be85144,"₹1,000 for two"
2535345d3946b197d037aa83de47b8f841223211,"₹1,800 for two"
ebc9f7db9e0afa70983e59906e95dcd9b19a1ec5,₹500 for two
653e3091855b4dafea535a670aaea8bbebd6f38b,"₹1,200 for two"
384f3a45bb54bacc93c9b5dbfc3bbf360ad978d8,"₹2,200 for two"
28adbda5da9c052a1f3a751da78be4958182647d,"₹1,800 for two"
3c6d427bb68fe89db7fe8de3f3db4ff642c22570,₹300 for two
3844ed2f439854c3f175f98aace636dac8e73acf,₹900 for two
3bcf27e66b2fceec683692ddf412428cd7d966b1,"₹1,800 for two"
bf218885c0d790890dc2c63699153e16403e3c83,"₹1,800 for two"
ce807e0a55023e9f97c84a726555688f710152db,"₹5,000 for two"
4541e346f68c034d1ff00fa86b666d4f33b073f7,₹600 for two
1441aa5ac246e1f9f3a2176a01461f94783fe770,"₹1,200 for two"
8bac1af869a35cdcbadfa62ba7de39998f562a8a,₹700 for two
974c0c73e84ffd1ef282131d90fce5f7894b64f1,"₹1,800 for two"
84b7a50e618667b78a5441e30c8abd9c5afe52fe,"₹3,000 for two"
40ce20771d8636a538f0e50fc78a8215b34b68ee,"₹1,200 for two"
4a27dd91416d1d1a0dca45e7107ee0b9cb6f0d1b,₹600 for two
de847b8b57da4dd5ecf46cf5a08881c79504c631,₹400 for two
ae0b0d10990b387a262373dab74af10be9804dbd,₹300 for two
bdc091cc2514777fa5801d359f9da12948eed6db,₹600 for two
6a3e35abe510b3342a609cdc972686b003250355,"₹1,600 for two"
0f71a9785187040f04c409e97692f09b77bd7804,"₹1,000 for two"
f253f6f2eaa4bf7fef4267d24b7c2f538aa30187,₹400 for two
88f2e7488f8ce771f3b91b3aa7cfec10c2bb1b2a,₹500 for two
a249998f6e62f6ac1492c849935d103b70db4e2e,₹800 for two
3a328339ecd18ab698717773fc04a956755c6af4,₹250 for two
0878ea98d0930987c27133fba32edd93d0b73d6d,₹850 for two
9daf18b251ec3504c5069e8d6c41872e202f51ad,"₹3,500 for two"
acb982ecede41b392d0f0cdf76313e2c32678588,₹300 for two
cc632099bc805f62ecc5703da6ce3d4ba8eaafcb,"₹1,000 for two"
a91baf7a6b96b7e7f24db7b55e3b023fb4d4fdb1,₹500 for two
eed2218272972d0b7174e7e0534c9286e004119b,₹400 for two
6681265d13f3e14e84ad1b687b9bd65e266d0325,"₹2,000 for two"
9399bcbf6c41802c67a99218a0c1f25af13bc314,"₹1,500 for two"
5cac3601e2ab34e60d15846090cae1a8511d13bc,₹800 for two
1fc318223740d8594983adbf0a9734b8d077a0b9,₹600 for two
c39fc8a6adb263c3886ba1b6d98ee573e7d39299,₹400 for two
963fbd05897bccecc0ddc2c287a19af0e449ff34,"₹2,500 for two"
78f11889970d4f6ed53442559bb61e2a5d96681e,₹700 for two
c0dcd75875be2e17e1c69b9732e8b0c07f76736a,"₹2,200 for two"
d3f3381d40599fa736670b70d80ff9f282c8970a,"₹1,800 for two"
bc0f73d6b987b8bd4c0ed01f5e7b3234b8279817,₹300 for two
84104822f981d5b5e16fa9b828e7224402790623,"₹1,200 for two"
f70e416291281446ed9b744819b713469662392b,"₹5,000 for two"
c646b5d4be1cbf94e4f6f487b7221585a395b47a,"₹1,900 for two"
d79438cf5d613eed534e1fddaf81bf4940bebd79,"₹2,000 for two"
0391194ca3184dcbc6f40b67e329f298b22243dd,"₹5,000 for two"
8b5db7e97b6861b7d06085bb05c8a7a0125ebf26,"₹2,500 for two"
9eb80a6493ed3908ecc19c7b2b2454f81bc2607d,₹400 for two
667b092e947db15cf491395f1f3b5978c4581d23,₹500 for two
26d7911c1307b0528ee9e409a4e8c89d33840212,"₹2,300 for two"
b3e2dfac17a8d6e0e056acfb1e0bbc29d3b09454,₹600 for two
65f5aeab1eaa0f2631970fee28f57358744e5769,₹300 for two
1d62e6dd279c2d35c4ebc3f1e191801c99c14efd,₹500 for two
7494b73d667b36749cea4e5358ae815754d73655,₹800 for two
a3d24028f966877c28740413bcf1c639913358b7,₹600 for two
1467adc7cd2343df49ff6fabfcc75b714374c09d,₹600 for two
4fa3cdcfc0022c69a77ef06edbb3cb022dd6e831,₹500 for two
3c50f755f67b26e57886f930a85c4325a8a4b736,"₹1,200 for two"
26c8905cb75a07bf61f56de931d592c5cb182e26,"₹1,800 for two"
3a407053f3ed081cc51fbdefb41a47f0b17bcca8,"₹2,400 for two"
ebdb92b00b6fe08135359784eaad32794004d7d7,₹500 for two
6a28d0beffdf48a1f0a755bb5069940ca157ce99,"₹1,900 for two"
e09a585230132e16d9d34a012e51eeaf2fd9156b,₹300 for two
6bc007bc6208ab8cfed41698bd6e898d992ae839,"₹1,500 for two"
298b4e4a9a078561c74aba9ea5761d6b9efb691e,"₹1,400 for two"
e601d9033e2af7e55b84ca5d0b4b6cc55b4ae984,"₹1,100 for two"
51274c8e1439580740c7f4ea5723407f669ccb11,₹600 for two
90b5f0375410082c72434fda8c29deffc42d29d5,"₹1,800 for two"
93fb692c8f30c1be514370f8d7fd059c18ffb162,"₹3,700 for two"
16d6be49bf5820b0b52a9961a144a46c7248b3d2,"₹1,800 for two"
a9f967299626a8d614f96077f87ddc09886753d2,₹500 for two
573012bbd24cff229ba6b7861b75d2fe03909c74,"₹1,200 for two"
632593ed9db819d8b981c9c2b43a429c97054403,₹850 for two
7c90ec334e1e93251e90612836847253ad509cd2,"₹1,000 for two"
3d51d8b62c2a2d0fc52372cc82c511ef44a211c7,₹800 for two
298327565bfe963363259036a04e35a0cd064e0d,"₹1,000 for two"
61a3b1ad8aed1389dd2be034c8e4b6808c70980a,₹350 for two
3950d189cf3545cfd7ea69a9c943d004a8e224c6,₹200 for two
9dd44e891a36bb320e0515351c8939c8cabc5e9d,"₹3,500 for two"
b1dc0dc6e4e2094cca737e61a8b3e507b5bcb5dc,₹700 for two
9ff7b033b35ff48070a0410806026c0ebef045a4,"₹2,700 for two"
6502e97ccbeb28661b981d7040d865cc4abc2a9e,₹300 for two
0fd64fa98b6b3800ab922c92235b41fe2d08d7ac,"₹1,500 for two"
dc86de765c8061a7c0025311ef1afdcdafb33506,"₹2,800 for two"
d5ff522a81366c16e43d2f525523184fa821562e,₹300 for two
2189ed01d39ade2682fe97a22a92e03b2c180296,₹900 for two
ab711b7252f205473357bca944c1d26fb05de03c,₹100 for two
be70c93108bdc89f87d68f539dcb868eb201ea40,₹250 for two
a1bf703519c82620773020b918cc0291448498b3,"₹1,200 for two"
f67538f25dbf7df3a01a6e7adf80d0150f20cd09,"₹1,500 for two"
f4cc56156d1ff510109ec633a53b874b5e463242,₹700 for two
012cb4213d88710ab067c1711ad1623ecf01a63e,₹300 for two
ab3d5dbd25dcfa61906072afb44c26daa1d4ddbd,"₹1,100 for two"
e9d5e23f8fa91510824720f6829b6d83fc3f8b3a,₹450 for two
8e6dd5709b2a1d87f5e407e71808b606151d68ad,"₹2,500 for two"
f614a12d0fc4cea2ecd62e903f7cc6f6b956a069,₹700 for two
4c31492fcbd7bed22b54b1d91ce578eeb5ffb02d,₹300 for two
397ced3c38eafec217e945c9455da3f96864b648,"₹3,500 for two"
3896dc8ff78b773c11b0ca1c6cb68de1fc11ced6,₹300 for two
44554867c94c19a0bdb5c0912d70fda95f3e4fd9,₹950 for two
65768c7c6d01a3ba4699ceb49b33ee753b4f01f5,"₹1,000 for two"
b6e81953d4a80228fe755202407a4b18a8e1a418,₹500 for two
ac293e5a520ef97d92c405963b57c73ef22e458b,₹400 for two
faec5e25579397fd0321b04a8bcbcf3fd71d1749,"₹1,900 for two"
7937ccb0fd97dc0f78f6f731ec4f0018a764776d,"₹1,800 for two"
689983a95de713479546664188f8f076c005a407,"₹3,500 for two"
850df9b33a223a02a9ba6777d35ae608f95e4068,"₹1,000 for two"
c4eef74d62e0b87bb324f1e97bcae6ca6d264dcb,"₹1,900 for two"
f38253cf4b0a4ef05a9910b9cc096bc28088e0f1,"₹1,000 for two"
d38e320ec5bb698497db181deee0badffd6732a9,₹600 for two
89b870080f4a7e6c17d54169d713cc32458abda0,₹650 for two
a83ebb5809cdfc1763350bea965285d1fdcfc3cb,"₹3,500 for two"
88a48170c07de62ba591a2e0f650d485318be31c,"₹2,500 for two"
78cd7eefea796ef51d779921c553034b2e88d4c8,"₹1,000 for two"
5841f25e955d17397008787af83fe1c678b852a4,"₹3,000 for two"
abe1c518a8964b6adb48b0792277d7939dae1436,₹950 for two
886b659791a7fd805f512d5ec95b4066c40bc6ff,"₹1,000 for two"
5c00cefadc5257dd46bcfd5089355e259b5b9f8d,"₹1,400 for two"
5007ee274ff927a1f9e7348a7f96fcda512ef50d,"₹1,600 for two"
367e2791d8eb049c0d0369d1edeedd5760cbbfc0,₹600 for two
de1c3485c859c1dc74a9ebf1a1ee142326b40bed,₹550 for two
a5432e7924a69b8c047c824cd0e8480004b2bb48,₹500 for two
916babc279f8e16130f1846933c88219a62f14b9,"₹1,100 for two"
6291106b903296a18071021daf274f8921592a15,₹450 for two
6bda79096268a2ee0fca22b2436f45675b75f5f5,"₹1,200 for two"
017d1f7990b64b9f874e047da3184e537ed7d0f1,₹250 for two
ec8ec12c211e1909f08589b6b1f732372ec0c421,"₹1,900 for two"
cd1ee920079777977d5584acc8a954254ecb0765,"₹1,000 for two"
46035a6f42a617cb295affc960f9c58e21c7f4c1,₹950 for two
d560ce1d16ad34c1934d3bb969776fc1db31e661,"₹1,800 for two"
90d0ffa00f7d6cbf268a8df8a8eab08b31458b93,"₹1,100 for two"
5c168ab47415bd4ef1c1b2b833241910a44a332c,₹400 for two
04b6f33fe5c92e13514dec66f32042cca48a20bc,"₹1,000 for two"
2b344503362fb40c0431c56bd5aac512f7df26c2,"₹1,100 for two"
97b240ce5efc0c047a74046d8e28a034b8f95157,"₹1,200 for two"
668b51b1e59b23f2ff7c85b20c965d59f791f3eb,"₹2,500 for two"
a2e019b3f14fadebbc3020b1cd39b304825d0266,₹500 for two
80dc4b38caa4ca5805b77c8ea9ac700c51562d2a,"₹2,000 for two"
e37dc0eba27bd3fce32709b9caadba2958ad8475,₹900 for two
7378ed841092d364dbbe01c8003fcb2658331ebf,₹300 for two
1cc1f1336890dfda709ab0f7c582b54ef4ac38a5,"₹3,500 for two"
a0f5372e7055294d1aefea71466ec624db582c59,"₹1,400 for two"
ca2568c8bd229efed8bf39c8b86cb4197a77bb2a,"₹5,000 for two"
ce2b625fbc567a313bc7462e4a9c22cbcddbaab3,₹400 for two
c7581d48ec0bd998793f1363a15c8b35722625d1,₹350 for two
8c6317e6252be68e162f3db17fbd6c278d556d99,"₹1,800 for two"
0ebf727ea73c88a787ee979271a037ab703cd22b,"₹1,000 for two"
db5ee650d12880bc722029bed1169862bb9c367c,"₹2,500 for two"
2b28c0055ac90b7678a74e09aef255be17d0af37,₹450 for two
f98fcd119c66bc018a5729792420293733c0179a,₹700 for two
1e9e6625260858523c1a5399120423d98f220c49,₹350 for two
2a9ec77848f7f4fb79283a4aad770220f76c0808,₹400 for two
243e4247f2703d42caf33dd62da1a1cb1bfcc6ca,"₹2,100 for two"
b7cd801daab50dd13501c9318bb5f494de75d172,₹450 for two
d0b4ad1730a9d77ab5b69cd09123efb45c0461cb,₹850 for two
e0f4aa7f88373589c988612fd4ee5a7ffef45ec3,₹600 for two
c5bcd191691c56aab4030bd4dbecd4054388b200,₹400 for two
a257f1195d39c7c7883416814a360aef9dadcebf,"₹1,300 for two"
246a0928795a0dbb7149d16c2a14b09154034306,"₹3,500 for two"
1f970e8d2d198760f31b24290f606f38fc9d0a57,"₹1,600 for two"
4fd6717e5fb033ad58f06e26f5754348f015e431,₹500 for two
a9285eeeadeac9f8185ae5872a75e7024c232a33,₹600 for two
ad9e4c68cf846dd092c3dbbaab3d2c4306863c7f,₹250 for two
2b6bc66bf9ce0d12a8f7ba155bb3405ba120c99e,₹300 for two
3d27ab2b6b381229547911eabef8122c7545ce27,"₹1,800 for two"
7e0fefc05ba25d309a47af4f16165245bae833ef,₹500 for two
37b5f72e0db44a4de35804b5bf90f5ad756b0b4e,"₹1,000 for two"
546bf450d336ee3a64f3ceeecb189a1ed356a703,₹500 for two
576215c7a603e14b149822de8a819dab985e2619,₹950 for two
4c8784f7988d7cd2102da1196047be9a2a1a941e,₹400 for two
680e48df3a44166366d36a0e01d185cadfbc0bfe,"₹1,600 for two"
c76d6ef187a1dd523c51f6c579b64cd939e4a71a,₹550 for two
96671719676e57650391247b7cf14208901e5987,₹600 for two
eecd97d3279043b9965e6c8e228b9b8d57726a49,₹500 for two
efe0fc5e2569bb1c075ddd46d3096200867eba2e,"₹2,000 for two"
acac57277b2ba1a1a8db63acbe4fffbc420d2f39,"₹4,500 for two"
52dde47d6c6fcfe337bdf3a4a3eb921985b0fbde,₹450 for two
31c841c1e4091a3f20d014797ba8d1c64b420c84,"₹2,400 for two"
3e4babf39a1e2b672d4b9d012c97830ca9353b89,₹500 for two
00683a19617326492e946e697b57dd03645b5e0d,₹800 for two
3ce2a2dd3256b5e83eca423e002f6333ebf43967,"₹1,600 for two"
585d071b5f86dd29bb72bd35256f056acf08e4ed,"₹2,500 for two"
3ef7bceec59b4dd41f815609407828af074e6d31,"₹1,600 for two"
e35c2cfd12e1fe4693687bf854516fb6d394852f,"₹3,500 for two"
8ef8d08a1f400a6c6bc9fa708628792c499ebeb4,"₹1,000 for two"
d30b21a5b99b2976dcb07759e34688fd6d4b4ac5,₹550 for two
de81733b3dde195586ccff733365764d4b894d58,₹300 for two
47a5a770f8643346e0a2daefc0e5e5ecf635a34d,₹350 for two
18edd3c1ef7f18bd282d324550dc045eef59688b,₹500 for two
7bbb7b4ca4bf02bf4f30173ed5d13433ccc0a0fe,₹300 for two
c7fcda13c9aa51ac88f459a9b91bf0c2eef4d25d,"₹2,500 for two"
1700e9b71b040cffca63726ede528dde8ec19848,"₹2,600 for two"
9b718e47eaa3faeea23336513a5d8414a3238814,"₹1,200 for two"
9f576a308a9e8648a4a4a50042fa724d20cf5e72,"₹2,700 for two"
fad8309375cf4a5c917d85b4b721fe446ccd814c,"₹1,300 for two"
b5bb99fe65fdb9d1b6bcbc88b521a24aff2ae2d5,₹600 for two
3e88b20b0f6a41452b45a17a438c108bc377ada5,"₹3,800 for two"
636a0f75c65a0f4477f740a2e8bb3ecc0ff4e4b4,₹300 for two
7edb0c67b6bd738a65ab9e20e4bd952ba3464f96,"₹1,000 for two"
2b38bee2f2570aabcb3258331f1912d603439b9a,"₹1,200 for two"
c856d641206da7d430f0cdbdcba5d1c35bc4c46a,"₹1,000 for two"
26ece4d6a060a308cba40a2d83b581af88a3e320,₹500 for two
25c1c7eaf98054cdfad895841c9a133f819727fd,"₹1,100 for two"
e22f0d1875d8b217ff9837512f57f53da96d7061,₹300 for two
a0cb16854825d1d9a5dfda8553f034cfd10a0a4c,"₹1,100 for two"
3d109de6d4fbec47c6d99d83bc51cc580606ca16,"₹1,400 for two"
073403d47455c45cd56a0b25fd6388661f3e9dee,"₹1,500 for two"
889a0f47e5754ef74dae93f19db85bb24008d550,₹300 for two
2d37c08249b71f9a3205ff6a5c68aa75d3068544,"₹3,500 for two"
c217e77310e7dbdf5c706a709c2e728856a4f678,"₹2,500 for two"
608ed52089fd73c2d293f89f141cd5cc3dfa348e,₹650 for two
8f17a0783b8ee971266d4a8b17518d37234e2ee3,"₹8,000 for two"
418c8b58f776cdcd460aa7af94df4744a8be8d52,"₹1,800 for two"
95e084a80e799997cce48b85f6578df705b1a7ec,"₹1,100 for two"
af8aeae93378299927588f07de567996428ed5a3,"₹1,000 for two"
50d423fdbb9ba657e496453c58f95086c0469779,"₹1,000 for two"
d2b2d41fa95c8bd0a813ec1d3c901b4a42d9b55a,"₹5,000 for two"
33aeddb2a1fd190323a85ca1a9169dbe81bc5322,₹200 for two
b0f9a188606aa784c8dc6eb176ff5858d1b88f43,₹800 for two
3563ae44c6666956498d05b416faec22ebc63f0d,₹500 for two
ba404e0bc7b89d4008bde4b29676eb987828d481,₹650 for two
69e4b60586868c50629b151781a4dc73b09c0054,₹450 for two
a047a1aecfde0f8474432095ff77b14b1f7a4815,₹500 for two
d159ff6554291bf2c08340c2d63884dda39b6c84,₹300 for two
6cd97fa264d55907f887f902a143cfad355ecb8f,₹550 for two
7a33b0af5dd9e9e65d08431ef3fa1326cf1a05ef,"₹1,500 for two"
02888323a23b474d2622201f80cb103b203970ff,"₹1,300 for two"
dc4e9c3281117d43c245fc04cc8e53b6f409562d,₹250 for two
aef27c6bec110f02eaa43950ac69283ec6b7210a,₹200 for two
1ec9d3fcd9958489065a7eb129e23e9c645827f4,"₹1,500 for two"
464dbac0e8a282d8a366b90e12f0a5b4c980f513,₹700 for two
eab1de39ae8754b140c172f07905a441cc7691f6,"₹1,000 for two"
5df79c024d2438d98485423e6e4adcad00159cc8,"₹1,000 for two"
9c8df17c2737c0f7e429b620efda2389ef55605f,₹600 for two
48c5d88381ce3364e0121c314ff06e567c17024d,₹400 for two
34404d6132aecb45531dec70ba3535c1db012aab,₹550 for two
de3ec357a77203ccc0ec52f0ec306dd04a903db3,₹600 for two
872cbb48db041456ade11982f0f7e88033ce8866,₹300 for two
95496a6fffc4ff24c9869b4721f82bb1a97d3c90,₹500 for two
68dafd2d4baf8f64f7d6258901394ec4ba1b71ce,₹500 for two
296a0041d5e70ca40b6c39412b10b40e8c0f7ee4,₹700 for two
7048693cb551cf7c8ccffe4b996c843f46d55a43,₹300 for two
0789c39e7aeda09f9671156f8d1e3a16dc27371c,₹850 for two
9424e6b856bb714079a8a7045348a1473616c2fa,"₹1,200 for two"
d60dde45ba5b7800acd0932cc5ef24bf9b2e7800,"₹1,800 for two"
f6e7d2c9d30b3efb055d53246743b88e80236584,"₹1,200 for two"
b00a92c7f7122a98a34dbc2c573199fa733e424c,"₹2,500 for two"
c9d12bb7fa2dabff3023ad7336d4e3bca25bf856,₹400 for two
d0db253ff01e398081d501c58cd4023526a5369d,"₹1,600 for two"
936ea5c80a2a323bbdcfbcb71c35b8679b99f9b7,₹850 for two
a4a99e0b98eb64f29483c6b9d256390abf88e71c,"₹1,200 for two"
2cbb5ededdf8af7287b3f12a7e256fd2185dd1c4,"₹1,000 for two"
067d397b1056e4734189ccd1e04207e31d8ef83d,₹400 for two
6250878ee5a1e666060ecdcf7fa24eebb36a1d2a,₹600 for two
85f02413266ef993c2dc71369e5d292d8543a489,₹700 for two
23335c7705a8304ba7995aef79b92a44b35cd1e9,₹850 for two
10425c54199e27a65c852112c56aafba5a639bca,"₹1,100 for two"
1386c261b6602035457593e86d21396e8cc4271d,"₹1,300 for two"
e8cdb889fe3c470a54d1a41ee526247806d84f99,"₹1,900 for two"
424c620610990485d5bdaa1acb75ff0d056095a6,"₹1,400 for two"
4d6a4a286ef51da5ccefab8c08501d7caaad8e8c,₹400 for two
b77bdd1569c7e34b8ee9356d03a883ed8160322b,"₹1,900 for two"
754cefa4e6fda7c729f4bc473ba37aa0cef17645,₹700 for two
b31109ca467693757ec4a22c98a8e6d72f5b7ae6,"₹2,000 for two"
6e0c75af64c26aeaa3ec80b7dc8db7e75200b8bd,₹300 for two
025b5375f2fb420a5200e523d5223da7de1e75d8,₹300 for two
06115896139924cabdac4309f6ecb5383f2dd867,"₹1,200 for two"
c4415f7da9fa5d94f1c714415ae9da4048d5ec77,₹700 for two
ddf2e90160a3f79378f3b16c1b31af5d9a4ed2ad,"₹1,300 for two"
722eb12718331fa184d57089a2e9b19d160dd257,₹850 for two
f51594854fec1f8f99079cd62f797c5f3529d43c,₹450 for two
70a11424048340918926da167d9d59c815ca9108,₹950 for two
59fea88b5e4f9b4b3d90a51e1b195e2d1521f98a,₹600 for two
11cfd39b91010c82985e4c8f728ead9a7b6ce502,₹700 for two
b4eb1c30ab2927b7691a330a747cb56e4db70d04,₹950 for two
555c9053bf9d0e55f7d990d5b42648e9815f5c84,"₹1,000 for two"
a83521b90328e66eddebe49fa695fba62b2ab859,"₹1,200 for two"
6c5cb54417160cb5e32d55f1eaed91c5f53dc56c,"₹1,100 for two"
0daaa783ebff7258508eb53981738f04ad11e9b1,"₹1,200 for two"
9355044bf467558fccb135bf5699619bc8811d05,₹900 for two
d3bf6793e2965c4834349c335d6906ab370660fd,₹500 for two
1da90e8a83b8a600e2ee005a7e0b7a378ab0c591,"₹2,000 for two"
885ca0e75f8e82241999f730288cf4822cf399c4,₹350 for two
4423f67d451143dbf32e2b9a7d498f9e005ed2bf,"₹2,800 for two"
f4a785224c880d01e4c5e2f20907a8c5b9df6816,₹500 for two
2a612a4c614cd56879a41f99804718856bee7106,₹500 for two
4e20892f034fffdc30a4e7095bf52d8eb0b1d7cd,₹400 for two
313da1b947a466552a67a8861489fc9116dfbd7e,₹300 for two
6e217d6fd951a310f69e710f8caad2a1269199df,₹500 for two
d2c2b52ecfbe07ba4674303fe41430eaa8327c55,"₹3,500 for two"
7fcdb1521ff2755e5260020a81e4761665af6ab4,"₹2,000 for two"
c29a83bd33d5526d54553aa9c79694496b40a7ea,₹400 for two
3ef48c1003b359b468d2accfeede1ded96d48a09,"₹1,400 for two"
0f91d715a418fa3109885620835088633f5cab5e,"₹1,200 for two"
0aa965fec75288b3ed653dd52e0c24682e6ebb7a,₹950 for two
514d8f94882bed844ab42f3eef374a82991c824a,"₹3,000 for two"
792fce7e8bbaadfe11009da9edb4f765d4bdd89d,₹350 for two
8f2d9f2f858b04fc962ad3d93be1a66d3d8092cf,"₹1,100 for two"
fe892f18f6f77efeaf16a91f311af857e00bb9e5,"₹1,200 for two"
0518818211a365e26bb371a5cff4f8a6bf4ac50a,"₹1,200 for two"
1223d80710dd75d9bda1b0ffeca24486832fcdef,"₹3,000 for two"
a68d640cded45be7eaf45f5d3d19b4a11234ad9a,"₹1,100 for two"
93c77f0afc5a1a9a00a9bfa9b8ae60e30167bf91,₹100 for two
320e2cc0757001fc37e3995c89d0b6440daed2d1,"₹1,800 for two"
ba1a44d938207091ad026ca48af82825b24796d9,"₹2,500 for two"
411914a9c567860d671371e75032d4e03d33e667,₹450 for two
42e6fc8644b5bb778049a95d69fb27c77820e744,₹550 for two
d8fd345b7f10df056097dbd575d68e5cccb695cd,"₹1,200 for two"
50f4f7b1d62e70d42ea2562895dd7b885a20c744,₹400 for two
16a451e78a20951a7c75cad7924d350ca1247137,"₹1,500 for two"
cabb8f5e6f61f95f2a3ffed07b4e26343c796bcc,₹450 for two
3a4620c95b6ee35ba4a00a32568633c246dbbb93,₹800 for two
031fe7a9e6d6ebae8fac34890132f32d76887e13,"₹1,900 for two"
2d86eb8c84c7744e902ca0ad497e58730e82d2f7,"₹2,500 for two"
1f10b52f9ada758962423ffa6704d0e2c6487904,₹250 for two
72e7b29d2a6a54a1b883ede0a0c1d4665f5ed806,₹500 for two
90766873570224d380506490c1adcfcf0bf15228,"₹3,500 for two"
5bf0b8d42db21b3289007a194790863fb7be03d6,₹500 for two
532d248a6980b18b61fc17b5fceddb1557861c68,₹200 for two
bf5bf81b24aa57d34a0c085f87d5ea99be0fb6ba,₹500 for two
0c1f71bc6930c0f54793348d74dd69800dfc27a4,₹400 for two
476128090f37085228f4c38be84a493dc3b02551,₹450 for two
8e3316f67afe61479123685d84768fd97f62a8e5,₹400 for two
00b43b086925e3bb6f82d90a846959f03ae12fbd,₹450 for two
fe3f771bf394a60697b6684f3464796ef0c006e2,₹600 for two
d8f6daf6b2299a1362708c0c89c2701b44b0c619,"₹1,000 for two"
099f14ca1e354435ddfe204a4ea7abaca5ba9662,₹400 for two
9184c813445a3a279ecbcee69644164beea02359,"₹1,200 for two"
bdf7d585d32810ee7a4f85f77fd28caee820fbb7,₹850 for two
1c2db03a4ed336201b6f57f3e0a0c8c5462366e2,"₹3,000 for two"
4dbcecadc9b88db2c651aa9246951304d77f2e58,"₹2,500 for two"
3e49a458670812154321d335b06496412e51c718,"₹1,700 for two"
5ff561b1bded71ad033f52fefdb5140e26148a42,"₹2,000 for two"
7bb8f4deeb522b02212a5d555c663b87876b6186,"₹1,400 for two"
5ad8f818359c79e41198d7699c81c0655c250e3d,"₹2,000 for two"
059993aab172b5f57b1f06e034f868aeb2c2b5c0,₹500 for two
66bf3cae2277fb271f3ab93f83af8858af5ae038,"₹3,000 for two"
97583ef55c4b6d597d7509c618f0b636acb8a8fa,₹400 for two
e269fffebc9943a2b8d42a2c4d3fa3c7ebdbb40a,₹200 for two
2924bdda8a51b29974ec1c4ef96d88819cc64496,₹400 for two
7f76ed169300088cbaa5b80eb43ff386dc6182cc,₹400 for two
6d32be9b98b40800f5d3295d1a19e5100e622166,₹500 for two
aacb7c88d2a002fe948c97b7360ac6998e0efc52,"₹1,300 for two"
5168a074fa0d78f9d8dbba1eda2372b401eac131,"₹1,200 for two"
b81e8a3cb23b57a02f57fdccbf80d2577b9eb68a,₹400 for two
dad3d2e7b8c55c7331393a2d9c62fb7da0c8dd6c,"₹1,100 for two"
ade1290dd3144a01e6adee717836752a1697536f,"₹1,000 for two"
acb4c98d99d3edd877f43d5361e67dce13b3ed4e,₹600 for two
2b7f438ce6745bbed2330a1894123725d23aab29,"₹1,500 for two"
bd436cce73688c5b6a237150f9de106de6aa0482,"₹1,800 for two"
e2b865c13b661d5b6f96a6281695603dca8aa2f2,"₹1,200 for two"
6ef2c2b28ac3b1d505a5945067a3fd496044eeed,"₹3,000 for two"
66800ea33f09510c73a6bcd48a29f73665123306,"₹5,500 for two"
c06a9469dc67e9a375a033be7c2fd3f6426ab2c2,"₹1,000 for two"
f291f6efed4aa6cde3b10aafe56d6c7bd09c8c85,₹700 for two
36515dcf927d8edcf5fe08c3ceabc61243fb775d,₹350 for two
a86cb10eafa19c8e2e5bc1bf27eb2def07465225,₹900 for two
88704f201b71fbc06ad4a64ecd635122880e0434,"₹3,500 for two"
0207ca25a3dcc2b5fcb653ebb10192d87899f3f3,₹600 for two
23e6622d1f18cfd96eae2e59bfaefdd3fc36519e,"₹1,000 for two"
456aad4d9d43e0bf430304829fb23f3ce86c84d0,₹500 for two
46d1d402be7825263e2a33801d676c75da0b6536,₹850 for two
ef6b1a0b4236a3de7541bf8273739da833f6a99d,₹400 for two
a654a04725ef68e56d951fc17ba93d455bf60d83,
c6fff53d9790f959bec93e7400ddd8db89763a0f,"₹1,000 for two"
29d88b508b05d7ed3f34eb8a307f2e8df98f56bd,
27efe4545ae46cd16c17af798c9a750ef9f3c401,₹950 for two
e4b7a2f9933c4ca34467bbe5eef2ff8a8fe7368b,₹700 for two
03791c1ccada40296b38a02313c20d2890378ad6,₹600 for two
d26d9f25e428967760482217a1ea5bca29488863,₹550 for two
2d154a2a93a8d14f981cbbc89105503af627c655,"₹2,500 for two"
c95edd2b7d53192d48bf24a25d9f61d29e93805b,"₹1,750 for two"
6066800611e615e4d830760d54688c633c97f23e,"₹1,100 for two"
8a3094d149c2750808837ac5bd1b3d8e8d4a8e7c,₹400 for two
400124d5d681562466d9d78feda64c380a6bc6c6,₹200 for two
42ad7c6ff42acc67f2d276588c88b57bd958bde4,"₹3,000 for two"
5b1e85da7bb16e20907b69e384cedbe427536f84,"₹1,000 for two"
a77c2d7b1355ecbea2d7d06e924ade03c123e30d,₹650 for two
b2d62e26b02c871e83f680b067832325b2b9ea53,"₹1,600 for two"
3d35c3f4a8b29fc0a3cf1d628835937f99cc6c91,"₹4,000 for two"
5fd3514fc8940c87442f6a377725960a40c3911f,₹500 for two
8df79e3579597738396741b4999864cf26f44563,₹600 for two
f27f7b5d1412fba4bdf5c7870d51f614d516e848,"₹3,000 for two"
f09064aab3cd6ebb17c49e1e446a7c8901553b94,"₹1,500 for two"
fe3bf9da6915b9f223e1d3caf961d5a4ca4dc0bf,₹300 for two
d547d078d45615adf39b3b2da04fff92ba8cb526,₹600 for two
e5a9f5edccb1cf3b0c16866b1ad9ca57df4cad30,"₹1,100 for two"
4456d325d0affeb54c82f21b2d223a3b3d975958,₹300 for two
8671c0fd1c538cbdec36aa50b9a545c923bc6a26,₹200 for two
919ad9e44ea1447b2014ba58773aeed6de68316b,
d3214562c88c55dbbf3c6e590497e65e09f41e92,"₹1,000 for two"
ec516524f960c127b3c6dd7445e4dfa008988e30,₹550 for two
164b9e418a7d26e6f845a44e1482df92be9b2ec3,₹200 for two
245a89c176589e069c89b49c2fc88b2c9a2c5b86,₹350 for two
2c92ac50afd75dbd2c7f7a28f46dfae9b93235fb,
12576a256ec08ffd11940dde4e9ac1000582f481,₹600 for two
2c1a8c3db5148bbe78c57bbf3b6761875c24dc93,"₹2,200 for two"
42efccd424adf5cb773266f14e44559f255632c8,"₹1,000 for two"
86a07643b06e208658d8d9a5d9d0f0ae1a7e30ab,₹600 for two
f793f7baf4cea6f366223152f5e65eb2f693f538,"₹1,600 for two"
765107943160bc9fceec8a57803bce4165de5f6e,₹400 for two
838b132479598be3bc633d0eb8e845f795f5dc56,"₹2,500 for two"
1ea6137894843af4a8e489d23fa3b3f87adfdf55,
973938154be58006d9135181ddfa90e5cd035cd9,
81e8e366e82ff0ec0acd5ccd537a1917700eb8a1,
b86c59baf42ae3c6749cabd7c53e465cc2abae1c,"₹1,800 for two"
b761b9bb2197a4e1b9a4d7bc2fc2ddcfcf78e989,
7f751cbfc0814be434ba32c1a8c072211c4b4cd2,₹500 for two
f9d0c43d931f76fca0094edb625cf868d24994e1,₹200 for two
db898cec6d22459061f642656b0d28ae2a54d1d5,"₹2,000 for two"
88af41228914c1d945d725595c983eeb16542f24,"₹2,000 for two"
75a2e35f2eb50b5ff5a999bf9a423bbc8ce81a82,"₹2,000 for two"
44525063a3d4cd4bdb7b7a18c47cc83758ec08e1,₹650 for two
350208fd62d571c9d3e92d4010f35a9ab0d82151,₹850 for two
87b7f1d40195b8438e022eee5618c16c86183486,"₹1,000 for two"
d48515c83b5ff2d772b1377a149df8d9fb9fade2,"₹2,000 for two"
d596c8621784a7bf8ecfd5eeea93312518866f97,
f02c9e3126366f57e302b5bd7fd6c867bc704c8d,₹300 for two
fb966ad39c88f5ccd0b0f09fce4bfc9b19020339,₹250 for two
77f7a9e6f990ef767a12e349cd4cebec74085cf0,₹500 for two
0c4a020fee877bc9e1a0e91f29ea3949185c44a4,"₹3,500 for two"
4e39c9597182bc31748a08f61e05c9510fa21a7f,"₹1,800 for two"
46436f69970bbb12db6c58d78f2fae3b724abe8b,
f8952c5b72cc2aa2daeb4b7ee90c77f42a1b8d34,"₹1,500 for two"
8756d469a6f1288133d85f7a882385a49228b7ca,
2df3be3db4a5a0e420c9245dd2bdf15a6448cc7e,"₹1,000 for two"
c4f71cb045824bb5a282d6f6877fa570c49c7abe,"₹1,500 for two"
96985d1f5bc0fbd532359d359551e9c5e15c753a,
c77a7f93afba006bdc8ea624d5026c0f7dc89146,"₹1,800 for two"
9726fa666350fbfc85d77cc4ddbad7566a71a7ea,
6f12f8fb06e39592229c0358ac5c9730f3488593,"₹2,300 for two"
185e6c1da89738b305f0ddf19dd506f2f1a3e5db,₹200 for two
f70700bbf13ea86983561845f8e066d9bbafedec,₹550 for two
127381228a378bf360b617f1a634ba04ddb247be,₹300 for two
f23daa090ac55b1e054d96b2a69d538b0be3fdaa,₹300 for two
d353adf58f5315b84c656d36416956ef27bdf000,"₹1,700 for two"
4fb63ebbcc4ce06d834f84f3fa99b05db34885bf,"₹1,200 for two"
e546034f96eeb51ce6fa134d278fec3876487209,"₹1,500 for two"
92f19dc1bbcb52c9e035db1620ec1b254801fee7,"₹1,000 for two"
06fd533c700dc75f2fc83a11b072d2177b97945a,
7557560f646404f63b6d7cd4b18ee1934d492ca0,₹500 for two
b1ed4ba2ffece4451968574b4eb099467ae8f9c6,"₹1,700 for two"
31433c1c95d8197e1f3e395f97656c4d73c83e4b,₹500 for two
a050cf85e9004d829e985d42c1306e6e062362fa,₹600 for two
1e1a83a4d68c3f2b66dcfefd9042fd8b831631d7,₹600 for two
0cbe22db3be40b4c98b5df42c2c17aa74f02912f,"₹3,000 for two"
91c4535fe787595ea7ce72cfe34f6637ffad999c,₹500 for two
1746cc365e587da0ca7b28e7cb3512fc9c2ff093,"₹2,500 for two"
302de8123b7c782815e23e3761bb0737958995f8,"₹1,000 for two"
42c6e2a896deb8ce60ef12260f416c88847469aa,₹850 for two
9a5c6ddbfccb6376a7dc948fb42f1ba764bcff9c,"₹1,700 for two"
a032220d76ab1e267a6fa4d1137f0be3aafa6fd2,"₹1,000 for two"
26ff1f4654340c858d5ddccb8f5be59c457ad749,"₹1,200 for two"
13a3394ad58053b50afd87098c5728c33c7b4634,"₹2,500 for two"
acd8c366e52559e46678764cca6efb23b2549c37,"₹1,500 for two"
e7fd7e27e8cd2301a82fc8240484b1d65a476bd1,"₹1,200 for two"
1336764a840b84939a456f89cb36c9a8e3e6f1b7,"₹1,500 for two"
bb85d3a0094c016f3c572b047a973c46aa961868,"₹1,900 for two"
7ee3474476992a0fc49ea4d4fec344c412798654,"₹1,800 for two"
f1b5d8cf49bb617e73660ae9fc691792cdc4cf1b,₹600 for two
754737138671ab3b14efcdf0242aba230eb83913,₹900 for two
ba2a736385b3101467cd54df314c9811900167d1,"₹2,000 for two"
c1f17914e276a22b52afdb06814a6bae144948ae,"₹1,700 for two"
0a2536a443c15c30b954d8ed41d8ebe3533df71f,"₹1,000 for two"
44bc2d83782c7dd7d3401b14f3bf5dd1b9351593,₹350 for two
969296b8fed021913e35057c66141ca72913f65f,"₹1,200 for two"
be013aef8f5555b3ea32750eba20d9dd58517d90,₹300 for two
ec0110268a2d8870c3bc2bf26da446ba69e7d4e1,₹250 for two
a07477d6cecdf0841eff23586419af35999fef06,₹400 for two
77367f087f458d1a456cf1e48e5f77f5bacd95b0,
8def8f5c6bfd4f10d894083f9f834e603ad65e40,₹200 for two
9c0e3524b4cf09b796e08fa873c254461b66e171,₹300 for two
1b87c3825173a3159e7f66bf96f04468e8660382,"₹1,000 for two"
9907878dd2c50986b47a3a36a79d3ee782e2b2a3,₹600 for two
09f7c008861ef0b4705648961ffbd37e0d4bab98,
a1a9bf31f38015589040cf5f2e899390d3c5c3d7,₹500 for two
a297578d13a65352849481f826036f89c199d045,₹400 for two
8cbe6facf2f6f4ed326c9992b53100dcb619c4ec,₹400 for two
666ab891b39400d4924a3b8e4154e3711a160d20,₹600 for two
5efbdd73372c0c2158a356649f5e89562d9f672c,₹400 for two
65580d0964fc0c5d91aafb294e26b8d56dca9ebb,"₹1,200 for two"
19880726170b59be8d06574a2b9e88b72c7a80d9,₹500 for two
e5027cf1e9a1884d8283c0bf3c7f2ba74f013aaa,"₹1,600 for two"
198249f2f975291353ac32a6cda2b487081814f9,"₹1,000 for two"
c25047f4b77104e42e41814f2b7231a684ae55a9,
7be2a7ce387b2fca3c8874ffe0538a909fab11d9,"₹3,200 for two"
f22d26f92f3ffcef918f7d0bc6a6c71dcbc78d51,₹500 for two
fc0b5261718c3e1202fa46bb016080602dbdd5a9,"₹1,100 for two"
4ae5dde05a5128365aef343ebb8ff8916d531293,₹200 for two
c6c4b9bb6b1fc9361e7fab528b9e3fd29bd1b585,"₹2,000 for two"
1a1107eddb10113532bf3177f32863328160afc0,"₹2,000 for two"
65be24f61edbcf712ece6692115207edb1d098fa,"₹1,700 for two"
d699fad94242d0bb3a38acd5d2ee8fd5f81cef1b,₹300 for two
8b2e9918470833f6268cbf2d15ce142b5318fa80,₹150 for two
077721ca5bbf2dab5121b7b95e683a845192bc4c,"₹2,000 for two"
e221f176a25499f9e2d6cb1259bff4583dcc41b8,"₹1,000 for two"
9b5e0408703b966d85c8dc0fee37cd8ca5552d6f,"₹1,000 for two"
4260a48c28da2bf8d37d9d0b320e7591688ac3f8,"₹1,300 for two"
179901f50b72940e1c9485c77e4d914031c6cb12,"₹2,800 for two"
842d113ac373e970bc7617889f0c0f41fad2152d,₹850 for two
c0521112ea4a70d47145f091bb867e0d09d7f0b9,"₹1,500 for two"
53731d0eb7e5106222eea3b8330b1017b7a5916b,"₹3,000 for two"
b587218a4a5fbae7a8163f14ca1804c4ccb31aa3,"₹1,800 for two"
71d078f9840d09da06cec203ef0a9cffd646c4ef,"₹3,500 for two"
0cf8009404baf582a56263dadd23710edd5a90e2,"₹1,000 for two"
9f08ef6ba0d237e95c5601330b277ee3c7272f75,₹400 for two
ed23d279da8fa17e458839476815607d174040ea,₹700 for two
09d28f87615adab3793d5b8c9153cb76b76cdce9,₹500 for two
8bd7d9d3d0d368067532678018f16da8815e6b9c,"₹2,000 for two"
c2a092e23a4ebc008c59d92faae18452d9c3ba07,"₹1,700 for two"
b83bc906ea87dd2ac22825c0397a3f4d52ccaccf,₹150 for two
f767cc871cd364ba4467aa0020d2137e7e5c8597,"₹3,500 for two"
7a5909627acd6314917d8ae052389179f7e1bb8d,"₹1,200 for two"
de8ba73c90a3e589bb6e22a3eac52b7967d0fcda,"₹3,500 for two"
94c5570b60247d79361a65a6596f960026086ac1,"₹1,900 for two"
f32ea37d7f92bff2b4d0565dffcb0cdfcd670ba2,"₹1,300 for two"
47f8692915c3d035fd57fa9ff133ab0d34b2b658,"₹2,500 for two"
c55b5aa712c080d3129d4bc13d4d3ad10a6662cb,₹450 for two
c3cf7af9c5978a5d5d4b665071fe3e9a40136fff,₹600 for two
e406b36076cfcd4d894bca93534bf9fba026cd54,"₹1,200 for two"
f099132f4a66b6ab5f285ffb91cd7fe657d28162,₹350 for two
4894739eb31357c4bf18ca1d7ce8c3b100313b0b,₹300 for two
d3aebed4bf23e5ee1a1fa65cd1432311668adb09,₹350 for two
5db8b701cbf44af21c727572467cf85edb4cdcac,"₹1,200 for two"
26048979a0d94d638aaf20490d460d0e64272403,₹650 for two
5116afffb933f2cead41533a1b6a4287da405460,₹550 for two
2b7b5f445177d351b20773fbfc46bd31bd777499,₹350 for two
9299be199b9dfe11397103a5571299f318f8035c,₹600 for two
dc4e53190f21dae3040cf42f523db0f4320f1081,₹550 for two
53c8bd06e7ca540f372e273c8379b8206359aba4,for two
d38e437deccb1face5e5c2f0b37ced55e6bd8b99,₹300 for two
7897ca0c2d96207669bdee5f7e2e9e8d5a790b82,₹850 for two
510184ff17a3352a45784fa065cefe6052cc17f3,₹400 for two
9de19ff104450ffd75708426b2e5ee3d66c7d983,"₹2,500 for two"
491d85db3e61595deeda35b25c0e340e4c1534f8,"₹2,500 for two"
69d7f0eb3579526d660e9b58622b8f5ff0007c62,₹300 for two
84fda7eb06627c10ff38bd22152b4b696f891c2e,"₹2,900 for two"
ff96e3a2e8bb96698d2bdb94766c89e3b022bbe5,₹400 for two
429fba36109e8a776c736836db7c6d69e78c1442,"₹1,100 for two"
35b27d33e39681c43ffceac3bf543c083e9685e0,"₹1,200 for two"
0ebb441c3b3a8cb4572f0c893918a63149206973,₹600 for two
24088446b16432a454ccb3d65aace7341185af50,₹250 for two
9871bf6e40c8991e0e3673f37c0b70ffee455021,₹200 for two
1f3de599b3042dacbfe338d260856f7295a407cb,₹450 for two
adb6ff770559b336f61dc903286113d0f5cf1530,₹300 for two
08694122f1b1ae65b1f36efaacc6de94d5f39334,₹250 for two
8f21016ba8c2d1258cb7519abb36203bb19db6fc,for two
7e64bfa8484445e6f02467fab193ee06ee2a413c,₹950 for two
a54c6bee02048446c1d06c7c6e249fc6f0262427,₹300 for two
880b68c6db485bd2b6bf6ba8d19ddf572a97140c,₹400 for two
36d670298ef04e9d2647539ceade9fdff0badc04,₹550 for two
27a3b036e7e6cf8249e945938239af89aa7b911d,₹850 for two
4dd3a14166a1fa2c0d0d4493bf458cd6cab7d7b4,"₹1,800 for two"
298311086297ac2f9f26efd8c98d52dd26b054b1,₹500 for two
147d5710e92e10c2a2d6ed916c44737d98632b3d,for two
4d151fd4812d419dbae99eb43f30c0e72a4e5cc4,₹300 for two
70acb147fd304d14407f87b3be7967ac40033780,₹300 for two
6105db8cc44f35d8e27df6d2985594354a3afdc4,₹600 for two
5d602b05775f36c06becffc03d30cdc94d3a9602,"₹1,000 for two"
945b53504056dbbca0a27d5cc2d613b64921b449,"₹3,000 for two"
5d5da595991d25a5552987255c7ad2053a8c8927,₹600 for two
1628207e85da25bbc12d56f911fc98122607398d,₹800 for two
028dcd377ab29e89253ed883ef24cb0b1d891a56,₹850 for two
7ab77f46952afdb4eef1b831820527c5699b79df,
be97d0a648c52207f54cd0984f35e479ca305fab,₹600 for two
f8ff7dda333ceb189ceb4adada03b2f9b7def763,
78cfa5b268bcdc844fd6720e29a0036033ad6260,"₹2,200 for two"
31d93b7b9c8e9bedd2de751e690b32c0bff68926,₹200 for two
292498e9e2bae6c3e3cff58baf25e54cb7d64cab,₹350 for two
d9842aa6655cf0917bc9ca2f9665042156102fa0,₹700 for two
3ee020fa360bca22ef4afae02cbc1c57f6c3afc0,"₹2,500 for two"
310df9944445e271d625cb9707afe5328e4f2cb5,"₹1,200 for two"
5d2294a0286c1d8d4bb35773372fcb9b4e4e82dd,₹200 for two
bfbf3709e2cfd0a2211e989d50af8bd6e0ac2471,"₹3,500 for two"
32a16f99156b4d7d68acf5fb201074c72715abc2,₹500 for two
8cbeb3368b9aa9e91dcb02d86c952b9db945e691,"₹3,000 for two"
2f21509c89b33a9c740aa9846e4f2699c8ec7c41,₹800 for two
0246782996ccb7736ae68f0e7f742202ec7ce6a4,₹350 for two
e7228682898f3931a77a0676838df27beb68ca57,"₹1,000 for two"
af0b6f9143ba96ebdc079b371ca7cf01d5a0abd0,₹200 for two
68bf8cfcafcead31e2b62782f665ffa42be59ea2,"₹2,900 for two"
4a509fc8e8241e8290314365b587a77fde760c60,"₹1,200 for two"
3d09d44836e5e90ecf8b22227e8b5be5e4681be1,₹700 for two
9692303547df999e9448a0278a842b27b1bb261b,₹200 for two
cffae407f1b628ae5702ae49a0998f371d3b7a43,"₹2,400 for two"
c671913a6bfa58a066023dbe7dfb3a7fdc481767,₹400 for two
8b6491672e74d2c3391bec3c0b96f39bd2b0a0cb,₹400 for two
9e50ff1eb570122a0cce4a38afcf2ac9027c5a62,₹700 for two
84f62d2131ce1d8b02b71d8f09995d1cc8c4f7e6,₹500 for two
559c581f8928ecc7d2ec1fbf0de3aebaea4c8b9a,"₹1,000 for two"
748afec855e69399be74ed0ab803359c9c797623,₹650 for two
9c45d4dc224596f114349c8aea6deddba93009ae,"₹1,400 for two"
d33ff7fb5628722cfaade8da853246e80b0e99d2,"₹4,000 for two"
319b48366412f102bcc852561c79e78405997444,₹500 for two
9acb0e14d4b515a89f20bccac52d1ef5bdd2bae3,for two
eb11cc1ea59eec15607dfab34dd75837f568662a,"₹1,200 for two"
24d5293f6ad7d065e3d3c966eb6bf85ff1d88937,₹500 for two
bb85af654226599f1142b7fb685ad88e4aa7db3a,"₹1,800 for two"
8fd557760985d122d5d3359a4bdc9de92aaa16c0,for two
42001850a22b99c87c4d246d7e7045e75ba494bc,"₹1,600 for two"
b410383efe1040cb3145a5f1c3d29c2dd66c0839,₹250 for two
3b8630cca3c0976aff703b16bde08cec0f1eabed,"₹1,000 for two"
75d5c0838558c29c9dc08e8529a43bf83a76f893,"₹3,500 for two"
9213d251076d16d348da7ec4adb7e6c88780f074,₹400 for two
743aacd81a2c54767eb6c81983472622ab403feb,"₹1,300 for two"
67713e65bf38cc21d9461cd168b0383593f56ad0,₹550 for two
1d3c3f7251b94d69b542f5283cf5a108871a85e8,₹200 for two
efc59a1ff71ba082d8e350f131c82c9695b484a9,₹350 for two
c07afbaf5e08b11ab07ac7992aadb10e5ff58177,₹250 for two
75556776950c4fd9b22966a3a6945f5fd0479ad1,₹200 for two
00f7c2f78e5cd35798505a1db953d8101b7d27c4,₹300 for two
43b6f99e4e9319ae7ea268a4879a0c4202b2b958,"₹3,000 for two"
f102f21167b4ca8004dd606b49c8b02f8a5c8a61,₹800 for two
04e90d59b8c5eaabf26b7e75f19db8e6860d3d6e,₹500 for two
2f47f1f78a5f64f90ef83b064c0a778ab58b261a,₹500 for two
7d2645073b9e5ff25569992504a572c2d3a38074,"₹2,500 for two"
29126b7ab5642eb2cd777d514c5ddf5fab93cd8c,"₹1,500 for two"
d16b9f3aa84f83dbdd5a63a8d9eead1595038ff6,₹450 for two
d4bbd20be981f90ee04cef7be5cd11112aea2ed5,"₹1,200 for two"
d2a72411eb6b1129301b88d374e397a82de75646,₹600 for two
1c9e1cf0288b3733bd023466e95fb75b664bb9a6,"₹1,200 for two"
b5e2bf22568107415ea6a2a35537a0e424776957,"₹1,200 for two"
83cf5057df92dbc71c7f18b8e6cec15edd85744e,₹250 for two
267496b69cdf8ab4f5b517f66efc5cf09c4a52be,₹300 for two
0e0f3194d334687d1cecc840a0dad0f91452dcf4,"₹1,800 for two"
4affe6a0b115638d9cde69f6b70532041ea3c5d4,₹200 for two
d719400697769dc39ddb64f8c7f5e776da889fd4,"₹1,200 for two"
147830320f8ef0101e096947cb3266dde267c504,₹450 for two
ba327a65d67041ca44ba1344158ac3c7812f8cf3,₹350 for two
1d164c68899c1c26529158482d97146b5611cd27,"₹6,000 for two"
88482f064a364bb3cb8f14e9d48668e5b5a09cc2,₹450 for two
b995341b7b3977164ae9a87215ff5fc6c08b9e29,"₹3,000 for two"
0610b2ecca142f923c44aab8a1c730b511ba98f8,₹850 for two
db6f2a502c39f075a9774f8c5f7cfbba69acc034,"₹1,200 for two"
2479a64a539f145cc6a534aaaf8c8ea5c628978f,₹600 for two
d3bba397b94a4669a3eb9102abf902754c92b335,"₹1,600 for two"
12b0f6aafd69691c7008b536e3b321cd197a75e7,"₹1,200 for two"
a5fee7b5f379387079162d5fe21af757c5ae3f74,
13b587ccd5b9e60fb34391022d0ad13e3c8576ad,"₹2,000 for two"
6a4c58bc068a45bb32a0d0c768c033bb327be348,₹950 for two
b5e13e12e1d11404b268600172df1fb8aca0cbcd,₹400 for two
e2af7af5e8b47aea456d23fc384aa94166176059,₹300 for two
c874a3ff0565b841eec626b48aed138fd4e5c5b5,"₹2,700 for two"
bc46f0f144d39ca18e85ba1fcd229dad5a8447a8,"₹1,000 for two"
4bcdff666cc41907b4b6de88651dd46f460346b5,"₹1,800 for two"
9252506dcf72c4079bdeffb0ddf02b8da24e509d,₹800 for two
001647c49ed4a289412dbe6ad57b7027ef6f33a5,"₹1,000 for two"
c433f1b94aceae878a6f37060fcbb31cefc6775b,"₹1,600 for two"
730e069b6d9a6ed19b8aa1eaeda2accde4b27c37,₹500 for two
bee0def529a42c8125ec880a516ddd898a407a35,₹850 for two
592cb89f3e927f124c505680da7d0afb958664d7,"₹1,500 for two"
a008c0c31c0f06cd5dc3ed93c6c4137fcf3085ed,₹300 for two
99ca144c90857405156285155b6f369c697ccb1f,₹200 for two
bf47a81c40d8f7165d140b34cc1da6ad91e4a3b4,₹700 for two
8e0ab0f177576e4b3c587d7e786f7dd55672b490,₹300 for two
b7f4108de49f5d0e5d92fd7582c0d507124e74cf,"₹1,200 for two"
24e807f0d8992cff2fda1efe802dd89ed27d62a0,"₹3,500 for two"
8785510e345365eca6f267cfbe7432a34d85e046,
7e65d8712df0b7564bf90255160dae171e86c6db,"₹2,200 for two"
92d4169dcc2eb51d24201cb063307eec18910d80,₹400 for two
3cd26bb6b207723fd343c2ad94dec0c7d6cc1b7c,₹500 for two
fd5ab4d7a0b43fdc510c590fb48ccc976f3af68d,"₹3,500 for two"
527cc3837083ceffaee2b2f7316c503650b95a96,₹600 for two
bf98b59931e3d89f3b5e41c52c4252860c2d29f7,₹700 for two
44fa410ed608e3e8797ba48579cbc1ef5d505ff8,"₹5,500 for two"
d58cd21473406607fcb3745f9afc62199912ee4c,₹650 for two
9bfd24e877bcc8f94287d6db7002959b221c2484,₹700 for two
b7705c05603c169efd31ec216c66d8895373f96e,₹950 for two
6f81fac0a39e474078f77664472cecfc35ebc438,₹700 for two
a1e1d08f0f09b9c001534dd5cd3ab3149cdcd9c3,₹150 for two
b5a091587b4cf512c450d4857a96128f78f42dc1,₹400 for two
d86ef9daf013490725d3d1fd5bf62f9526a31291,₹850 for two
a081d28ee51b1129ad4ef5b2477be9abb5e2a261,"₹1,200 for two"
9c8e3aa4a17acedadf616a05929cfbd62363b0d2,"₹2,200 for two"
1564f1592da0b459dcd6746290e659734fe06084,"₹1,800 for two"
3093538c2b0be2cb7f640aae279ab3a6571b257d,₹900 for two
d5b1d833b542e17408706f0e0393141f527ac7f0,₹400 for two
cb6a0e94d413d287b8f2457362a5e893ab4a5489,"₹1,000 for two"
8f6d8090f2abd34f8919c460fed2ff40b7ae5e70,₹400 for two
c210c0b2de8ce657badcce31ac99bb6d41438cf5,"₹1,000 for two"
b8020fde62f1b905b5b929bcee081e38676ea981,"₹1,000 for two"
095d0afb88f2bfccb4fa12a3a702e262b532fdda,₹500 for two
702fa74b06e82550d3780c1ebee8a88616a353ff,₹600 for two
03618f7adf6982fa909f0970525ed20ca8b8461a,₹550 for two
9136bcc2390fe69dc452574ad65fe25e30bab7ce,"₹1,200 for two"
49b255a7e03a74ad0422f6842ec7f859c1b9747c,"₹2,000 for two"
680065c8b202928d0d599a4a62767cc53b85bd1f,"₹1,700 for two"
f6c8cc65a72659272d29545cfde2d57616c384b2,₹250 for two
b12db957a4ba57b5b4ebd7b7fa93445160f608ad,₹600 for two
a6314a85e920298001863eafcdfad3467198a674,"₹3,000 for two"
33f14a6f45ea33036f2bf6b66c81f53d63a8e9a7,"₹1,400 for two"
dc8f5f409b54d4900790cb281b78dd2096ca5705,₹950 for two
037e8245ce9c1d683b610c14ec29714347bbdfc5,"₹1,200 for two"
c929278829ef4b462a8e49fab86cd8f7052a8247,"₹3,000 for two"
b3a3056fb8b52bc5ae89d1ad30c6b3ebae677574,₹400 for two
c5584a0723a3aea79564fdeafc7b2e2dfef2c201,₹850 for two
9006b24c70105827abd520fb3ba3c189edda54fd,"₹1,500 for two"
7663c109825d4eb95b6e2289584337af6b621045,"₹1,000 for two"
df364342c93a9109285b7c1cb73892c1e281d8df,₹500 for two
c49cf5feaea24d7d4ef4e329aaf2a2cd9f9830e9,₹600 for two
6b580bd30929b611b1ccdae5961b88fe103f0002,₹500 for two
7ec6ae6b60f11d95f21a3d20f067570418cd7baf,₹700 for two
61760e0db55a626cc7013911101b7a45f4ca32a8,"₹1,000 for two"
bc73071f43a8959959d932842ac4926b2318b504,₹400 for two
75bf535bdf2d1c94745e32ace505f3e0a55c2b61,"₹1,000 for two"
699af0606b91a53ab62983f5165ceef3237a709b,₹700 for two
aff2539c335d718a7e89e5e4aeaefe8e17783094,for two
eee4cfab4852bab2212490d2a788c39745a7fb78,"₹1,100 for two"
cc2d43de45d66b57761983a18d1c3cb3bfa9fc37,
7dc3b2fb31486e418a672d9774180d6d1181b42f,₹550 for two
be4a25746c883943194a1a9d304d34361b35459e,₹850 for two
e2ca2499f05b3d5762c91304a4168266a6c95695,₹200 for two
c9bb616466c86230891e802bc5e48c25baafea5a,"₹2,700 for two"
49548aa3f398b02bf60eb43e99fa7fea18449582,"₹1,400 for two"
0577289d7fffd6ba5583087d83232c82097a68fe,₹300 for two
0c7f92058f5273e07790f430b8b3aa8a1c40b4d8,"₹1,000 for two"
3b2cc916aa38d388de627c7f18c1ee96e2d26a27,"₹1,200 for two"
2e20ccb9b25f306d2c4db69573fae5185505f517,"₹1,600 for two"
d259a3c0e1fadba37392fd5b171d1cf768bb58b0,
1f466136e005c7be40824cadc78d31620ae076ee,"₹2,000 for two"
736ac734e29433e30425414ce5d1975326174c08,"₹2,500 for two"
f79c9d66a784705d30d72397cf9c7bb422e4a094,"₹2,000 for two"
c226028fa9f95f6688745cdce39a42dca7bea712,"₹3,000 for two"
ae778f648abc9fe63d86b97b7039b8a44920be10,₹500 for two
7e571e730c6d2e5daad887b0e45c230c2018836b,"₹2,500 for two"
44f6183bdf4cb93a5faf16d01276bc0ed63e2163,"₹1,300 for two"
8bd61814e4571dd8d2da042c6ef28671aa688139,"₹1,000 for two"
aaa4ded8e0446ee64862da5463c906d38bac3eb2,"₹1,400 for two"
37cb3304770e2ecea64b38c54b3ab51657ab77e6,₹550 for two
31114ef93b2f5313c58ae1dd6b7f61dc5c78564c,
bb96eb08813e413ec081cb4dfa0ddcf2146b072e,₹250 for two
77fd93911b029314d15781a5508885a08007ab82,"₹2,500 for two"
3553f099a50593051a49da6c581768a840c653bb,₹850 for two
d29dd025345a308499063831f1fdd6e6e696fe2a,₹850 for two
ffc6107da0a4dedd5e45f4cb882fa1f137723454,"₹1,200 for two"
7a58c2adc54533a7c7b1f0aeb19e6e565597d5d1,"₹2,700 for two"
0427dda120dcb9aa14f490981ce85587c3cd9b60,
b4ad46ce1b920749a375768e1e62c13144fd0e01,₹700 for two
24b2c4c3231ed76debc487f3cb59c2407e7febde,₹200 for two
831878aae5fb55467c3e7f6f5785090bd2dbbd74,"₹1,500 for two"
10a747f20c6d2fdf12c195ee968a6cfcccbf501c,"₹1,400 for two"
ae25c7f9d12bf08fbab6fd97f9d16dcbc90b8cbc,₹400 for two
23402093a66c748fc826a9f33a2e80a6531d7029,
d1524c1f8899f759f38f882cbce73287f9836793,₹500 for two
32612f1dce43495fb7f27d19ce737f90a72f5efc,₹700 for two
b46c6ebbd142f30348ac61c7d4254f00ab0dda14,₹400 for two
6bdf59fa5437f12c483cabcefadfdbb0f94f6700,"₹1,500 for two"
f77330b8cd47e3170c7c42035fe1cb1672073424,"₹3,000 for two"
d0c15385e43002153438d5a630a13a6abef78fda,₹950 for two
991780a1213f2c64b46a5cff008c7faa2fc7f51d,₹600 for two
9946e52fa72d85bae36858b471c70730669c5e60,"₹1,200 for two"
48b92157287a5f79c6925c1795b15db6d18d266a,"₹3,000 for two"
51323af879c295b2396a66ffbcd7bdb7eddb7946,"₹1,200 for two"
488a1f80c2df87808f452c7acc70b5c2ec03ba11,"₹5,000 for two"
44b6fed842fa66c011346e07c6c4cf5a18140c95,"₹2,500 for two"
01f513565c8782d182a47a4f05fce9c11959cce6,₹400 for two
4cd36eb951cd1abfb902d20c26ac4b88d3783d4a,₹700 for two
57130093820303cf4f2394869321edca838c64da,"₹1,500 for two"
59cb5dabb07eae9639281fc5796fe0b63e9b83bc,₹400 for two
b5a712732b979d11ab8a23f3762ac2018dfa398b,₹850 for two
723109ca9b1d476998931852b7e6e29ffee0ecd4,₹500 for two
d7c3e49e6f997842221415cea84f21f2e0373bd0,"₹1,000 for two"
4867e9447ae537eeea72efacefd6674bb373847a,₹200 for two
890620dd5a2f7564f8648979dfdba636b6dc38b4,"₹1,700 for two"
8f05839c61d06ce5fed8ee4cae5431d23ceb64b8,"₹1,800 for two"
cbdcfc98d33fcef6b1987f1845a9c4d95c7dc575,"₹1,800 for two"
0986cad15292f742a0547287b300aa6dd72213b1,₹600 for two
ed846d8356b6dfb17ce864c65628a2bf10cb918a,₹850 for two
c4b0167e9b30dc6327d79a7283696eb8658608c8,₹600 for two
77bc740ca743801f819670d421f9c37b03ee9d99,
bcef41ee5cc58a0ae4fe907fe9c9658c0d374855,₹200 for two
d455f289a4f531bea59c30bdbfa0a7b47bd1d8cd,₹300 for two
05d56d5efda0b03294423e4d2db615816e2fa5dd,"₹2,600 for two"