poi_code,h3index
POI_IND_9999_0x3be7b063b4309677:0xacab123d47e26feb,89608b456c3ffff
POI_IND_9999_0x3be7b042dd5da90b:0x500c459884953386,89608b4563bffff
POI_IND_9999_0x3be7b1e5db2fbadf:0xbd50802d40db9eb7,89608b4ec13ffff
POI_IND_9999_0x3be797a947c4d521:0xa1460c122cb5b178,89608b5a587ffff
POI_IND_9999_0x3be795b3e3f7046b:0x80371e1b6a6df5f5,89608a24abbffff
POI_IND_9999_0x3be7c144a3b62213:0x90c7b1c8ded33672,89608bcd98bffff
POI_IND_9999_0x3be7af7899b53623:0xecb3b7b5677b328f,89608b4ccabffff
POI_IND_9999_0x3be87b390dba7653:0x8d2445cc5de470cc,89608b8e6a3ffff
POI_IND_9999_0x3be7e9ca90c435ef:0x259777e13a6c9840,89608bc1b4fffff
POI_IND_9999_0x3be7e93cc8e66419:0x25fd8d6dca5d10e0,89608bcf513ffff
POI_IND_9999_0x3be7e9ba1939175d:0xeb0dd51f81a6e1b9,89608bce6a7ffff
POI_IND_9999_0x3be7c37f25dab94d:0xc1263d03da396b19,89608bcc197ffff
POI_IND_9999_0x3be7af8efbc552cd:0x66efea9b75a832e2,89608b4ddb3ffff
POI_IND_9999_0x3be7a980d611ef5f:0xbcbf1abab8043f9c,8942db48bd7ffff
POI_IND_9999_0x3be7c84d19c77271:0xf25ed066ebdce1ba,89608b0b26fffff
POI_IND_9999_0x3be7c93dc0c30e13:0xb132724b785c1a29,89608b0b117ffff
POI_IND_9999_0x3be7b7256c920c2b:0xe164cea8c8fb2ff1,89608b471cbffff
POI_IND_9999_0x3be7c7006fffd497:0x19cbd94a1ce08dd,89608b5687bffff
POI_IND_9999_0x3be7c602d9b1d4db:0xe7f5dbe3ec80fb45,89608b569a3ffff
POI_IND_9999_0x3be7c9ce04bbf775:0xbf5e78220ae72cd4,89608b0958bffff
POI_IND_9999_0x3be7c9f6482b779d:0x64c45839713a92f2,89608b0b177ffff
POI_IND_9999_0x3be7b73d0dc82b2b:0xd583b0034b0c89c3,89608b0920fffff
POI_IND_9999_0x3be7b6dc19400d3d:0xec3b611818934535,89608b4441bffff
POI_IND_9999_0x3be7d1e6fe5d672d:0xa2afe2ae1e76ac35,89608b03233ffff
POI_IND_9999_0x3be7abf7ab079f7f:0xf6d94c87000e4f9a,8942db48803ffff
POI_IND_9999_0x3be7d7f9d5053af7:0x685650e744cfb44,89608b1210bffff
POI_IND_9999_0x3be7c39f3ef50ab7:0x148c110e38295acc,89608bce837ffff
POI_IND_9999_0x3be7e8798d6cf5c9:0x9beb4c9b03ed5e07,89608bc1d6bffff
POI_IND_9999_0x3be7af9757d3963d:0x8f80ca142f5ca2f4,89608b4dd8fffff
POI_IND_9999_0x3be7af7a7b3e3139:0xe0d81a487d60c092,89608b4dc87ffff
POI_IND_9999_0x3be7a97181cd4e69:0x38cd28906c5be4b4,8942db48b6fffff
POI_IND_9999_0x3be7e98b286ce709:0x1c19e9588afbc0c2,89608bc8d67ffff
POI_IND_9999_0x3be7b787e0b57a4d:0xb8b40b9c22e96507,89608b0920fffff
POI_IND_9999_0x3be7c9b89300ec5b:0xcfbb40f6827b0366,89608b54babffff
POI_IND_9999_0x3be7c931c0460845:0x2204bc44e89bdda,89608b0b293ffff
POI_IND_9999_0x3be7c9ab494d99f9:0xe187202a2d951274,89608b0b3c3ffff
POI_IND_9999_0x3be7c7960347f28d:0x67d2680e64ccc485,89608b541c3ffff
POI_IND_9999_0x3be7c9f696017c79:0x1a863f05cc39f0cd,89608b0b333ffff
POI_IND_9999_0x3be7b938d112601d:0x4de847b690501268,89608b551dbffff
POI_IND_9999_0x3be7c9a5a3d4c6dd:0x603596f1a2e92568,89608b094b7ffff
POI_IND_9999_0x3be7b7b9bae1f9b5:0x4d7028198b8890f2,89608b446a7ffff
POI_IND_9999_0x3be7c9d8daaaaaab:0xce473e71b011d694,89608b0962fffff
POI_IND_9999_0x3be7c92081e865e7:0x9ea8136650a2dca0,89608b54d4fffff
POI_IND_9999_0x3be7b8f95adc6309:0x9929fceea13f86e1,89608b553b3ffff
POI_IND_9999_0x3be7b7239a667e17:0x779b36baa0a79e99,89608b47157ffff
POI_IND_9999_0x3be7c9ad8c3d6a09:0xb2a4d6fbd4decf8c,89608b0b16bffff
POI_IND_9999_0x3be7c7e698b132d9:0xba58126552451697,89608b56c77ffff
POI_IND_9999_0x3be7c966c6b6eb79:0x7d912dd4fd7bda43,89608b086cbffff
POI_IND_9999_0x3be7c8f130000001:0x545d206dec1965c8,89608b0b053ffff
POI_IND_9999_0x3be7b7aa9aab732b:0x2e7bd6bb4da52a7c,89608b54b43ffff
POI_IND_9999_0x3be7c9005f1a7955:0x7a085462da293594,89608b0b323ffff
POI_IND_9999_0x3be7b0e2d7e37ee9:0x4f0d7b3686aea10f,89608b4554bffff
POI_IND_9999_0x3be7b7834cf7f6fb:0x2861cf8fdef8ccd1,89608b093dbffff
POI_IND_9999_0x3be7cfc2f7501dbf:0xd539356fa17a503f,89608b0a51bffff
POI_IND_9999_0x3be7d1c4c24ac8c3:0x11b977e760c16a4d,89608b03283ffff
POI_IND_9999_0x3be7af199797a9f1:0x127076bd7d08a8cb,89608b4ce43ffff
POI_IND_9999_0x3be7afa562333ea7:0xce9283807aea8ddc,89608b4c327ffff
POI_IND_9999_0x3be7d1c137810ea3:0x21384737f2ec91e2,89608b0305bffff
POI_IND_9999_0x3be7d1c0c51d3d5d:0x8056578ab9a503e2,89608b03057ffff
POI_IND_9999_0x3be7d1de2ddca537:0x196524b2dee23043,89608b0320fffff
POI_IND_9999_0x3be7cfd43cede547:0x4b07b1c00c9cef8,89608b0a63bffff
POI_IND_9999_0x3be7cff2042e5083:0x2363d345d43707fa,89608b0b5a3ffff
POI_IND_9999_0x3be7c30535fedfd3:0x7ab09fa4a87a24e0,89608bcc0dbffff
POI_IND_9999_0x3be7e837cac68307:0x1548872a98104bca,89608bcf513ffff
POI_IND_9999_0x3be7a9e4ca3b482f:0x710366b483960d6f,89608b4d88bffff
POI_IND_9999_0x3be7a95586734627:0x48eca5ddf2ab67de,8942db488a3ffff
POI_IND_9999_0x3be7a9681456d635:0x32b6c0cad326d7c8,8942db48b87ffff
POI_IND_9999_0x3be703a726e4f19f:0xb759e3759ed4fe55,8942db40e4bffff
POI_IND_9999_0x3be7d1c323572785:0xf67c19526b8cc994,89608b032bbffff
POI_IND_9999_0x3be7cf70bc0d6677:0xb35c7193245a4c90,89608b010c3ffff
POI_IND_9999_0x3be7ce8d75260871:0xb58d525e06438f88,89608b0a557ffff
POI_IND_9999_0x3be7d1da4129b4ad:0x2bb4a7d17d62e699,89608b032c7ffff
POI_IND_9999_0x3be7aa4c475eec05:0xe9f6e4bdbdb58883,8942db48e53ffff
POI_IND_9999_0x3be7aff740c9dad7:0xc3d837eb5e9d0d63,89608b4e293ffff
POI_IND_9999_0x3be71f2e6a5be7c1:0xf925454b7c6221db,8942db56677ffff
POI_IND_9999_0x3be7c61d35d5d0bf:0x603bb6dfead8de02,89608b56993ffff
POI_IND_9999_0x3be7c9bf40c4ed19:0xa25d3b05259a616c,89608b0b693ffff
POI_IND_9999_0x3be7b746788bfe03:0x3480a88433304dff,89608b0920bffff
POI_IND_9999_0x3be7c91316abb00d:0x6cf4def1f5dd5ef3,89608b0b10bffff
POI_IND_9999_0x3be7c956f626d055:0xef570a313fbfb9ac,89608b094dbffff
POI_IND_9999_0x3be7c9ac513882c3:0x93956dfd3e8a4dcc,89608b0954fffff
POI_IND_9999_0x3be7af812992125d:0xfacd008bc1d2d0c,89608b4ce43ffff
POI_IND_9999_0x3be7b70bf0660de9:0x1e1a9adc936f79bb,89608b0923bffff
POI_IND_9999_0x3be7b78f6ddaec4d:0x173d1a42be19e9fa,89608b444a3ffff
POI_IND_9999_0x3be7c61fb3061209:0x5ff5d8c75004443,89608b569c3ffff
POI_IND_9999_0x3be7c919239d07f9:0xa41aaa3e1fc3be48,89608b0b1c3ffff
POI_IND_9999_0x3be7b9764ccd6bd5:0xfaab1634c31996c,89608b5516fffff
POI_IND_9999_0x3be7b17e4816a0ab:0x243b89c285a0f3e4,89608b45437ffff
POI_IND_9999_0x3be7b638f641b6bf:0x2e208a3eba2a19a7,89608b461a3ffff
POI_IND_9999_0x3be7b711fb390ad9:0x67db4d8e5254d2da,89608b09357ffff
POI_IND_9999_0x3be7b7633285dc37:0xfc524641d1f2a19d,89608b09233ffff
POI_IND_9999_0x3be7b7e18ed9b1c5:0xb8145d49e698751e,89608b09277ffff
POI_IND_9999_0x3be7b6e29d28df55:0x38a8f2338ba78f94,89608b46223ffff
POI_IND_9999_0x3be7b85fdeccd827:0xabe216e2319f7e99,89608b551abffff
POI_IND_9999_0x3be7c9f65baaa081:0xa79edee5c604cace,89608b09413ffff
POI_IND_9999_0x3be7c900113f72eb:0xdf196bf5fab8eaff,89608b569b3ffff
POI_IND_9999_0x3be7c9c308aca135:0x24df7055480281ee,89608b086c7ffff
POI_IND_9999_0x3be7c9eee4eebf75:0xd14cd6d14f4aa2b3,89608b56b03ffff
POI_IND_9999_0x3be7c304fffb8fbf:0xa23ab64d4474dc2e,89608bcc607ffff
POI_IND_9999_0x3be7e95e985cc519:0x170fb370542cbaec,89608bc1b6bffff
POI_IND_9999_0x3be7e9b290fb11a7:0xc63c83598d29db35,89608bcf577ffff
POI_IND_9999_0x3be7e1d88c08563b:0xe460850cddd48a1a,89608bc7457ffff
POI_IND_9999_0x3be7e9a25baac40d:0x7e3790462b4b6ccf,89608bcf517ffff
POI_IND_9999_0x3be7b50bf9cfbe41:0xb6acfc1aa272dd8f,89608b44cdbffff
POI_IND_9999_0x3be7b140fb56d5f7:0xd28a8b6a838c8e61,89608b44633ffff
POI_IND_9999_0x3be7b647697001a7:0x11cea144d391c222,89608b46187ffff
POI_IND_9999_0x3be7c96733f84953:0x1e26994199dccd22,89608b0b14bffff
POI_IND_9999_0x3be7c8eeb56d45e3:0xde8b96bdf6311473,89608b0b6a7ffff
POI_IND_9999_0x3be7c7c4c86cc4c5:0x7c4266f50eb8d733,89608b54cd3ffff
POI_IND_9999_0x3be7c9f7e8dd7a9f:0xbdc99f5afc19c948,89608b09627ffff
POI_IND_9999_0x3be7c138e0913c0d:0xce3da89ba8fdb9a1,89608b0968fffff
POI_IND_9999_0x3be7c7faba248e0f:0xc301438716b6356c,89608b54e8bffff
POI_IND_9999_0x3be7c96c10d5576b:0x43343fc112a79c19,89608b548cbffff
POI_IND_9999_0x3be7b8f0ea23a0dd:0x9b93f3a64aafcf56,89608b55143ffff
POI_IND_9999_0x3be7c996f1902b01:0x314de4d31a9d4822,89608b084d3ffff
POI_IND_9999_0x3be7c91391f22eb9:0xe6562bb312e70c90,89608b54d3bffff
POI_IND_9999_0x3be7c7491adebc73:0xf09da59d5da1ddde,89608b5686bffff
POI_IND_9999_0x3be7c14b955350ad:0xfadaed5527b4a60f,89608bcd92bffff
POI_IND_9999_0x3be7b15a18b1d527:0x3720ab093e4900aa,89608b45677ffff
POI_IND_9999_0x3be7c1bd64da7453:0x4b6dd07cc14fd5b8,89608bcd9abffff
POI_IND_9999_0x3be7c1cf9a04d89f:0xccb910f42b853b69,89608bcd907ffff
POI_IND_9999_0x3be7c1993d9e4cc9:0xb378f50838437071,89608b57467ffff
POI_IND_9999_0x3be7c39ccdc10e47:0x2f9eb6cc6b812080,89608bcea4bffff
POI_IND_9999_0x3be7b1cd8e60d961:0x5ffdc3b3d3352ea3,89608b4ec8bffff
POI_IND_9999_0x3be7c1218bdb1783:0xda45f6f7561bb24b,89608bcd9b3ffff
POI_IND_9999_0x3be7af98088dfa53:0x3488abbe840bf48b,89608b4ce5bffff
POI_IND_9999_0x3be7e99a5564e49d:0x2c0c2ee1221a647,89608bcf313ffff
POI_IND_9999_0x3be7c326ecc0c4d9:0x5e543eb3e99f11de,89608bce8cfffff
POI_IND_9999_0x3be7c3bdf1c29a71:0xf42d3bf1245e9ede,89608bcc183ffff
POI_IND_9999_0x3be7c357b3a31d47:0x73ef4ae399d157b3,89608bcea4bffff
POI_IND_9999_0x3be7b9aa159fb303:0x7ba4778c30f8de72,89608b421a3ffff
POI_IND_9999_0x3be7c145bd062601:0xce3672d5a3e2665d,89608bcd93bffff
POI_IND_9999_0x3be7c1566d4240b5:0x7a4389a569638f82,89608bcd8afffff
POI_IND_9999_0x3be7b940880cef0f:0x79f8d6da4c3d23e,89608b421a3ffff
POI_IND_9999_0x3be7b9cad8998ee1:0xe9aed6352cdffd7b,89608b42ec7ffff
POI_IND_9999_0x3be7956057c2b8fb:0x70e34cbfa762b229,89608a24a83ffff
POI_IND_9999_0x3be7931461b85099:0x6213580aed5feadb,89608bc925bffff
POI_IND_9999_0x3be7d1feb66f42b1:0x77e4016e3dd012d6,89608b0305bffff
POI_IND_9999_0x3be7ce11ff636d53:0x2d03392c149a3759,89608b0144fffff
POI_IND_9999_0x3be7ce8fb09e4355:0x37c7f4de8506d6dd,89608b0a50fffff
POI_IND_9999_0x3be7cf9c1a68fec9:0xa74e1911c997b391,89608b0a5c3ffff
POI_IND_9999_0x3be7cef5ae46c923:0x1d1d39bfb866b8d8,89608b0a5d7ffff
POI_IND_9999_0x3be7cfb4589ded9b:0x943bc3d3158b1396,89608b0a553ffff
POI_IND_9999_0x3be7ce8c350898ed:0x664c7200a24a00a9,89608b0a54bffff
POI_IND_9999_0x3be7cf006a33331d:0x20662a75d8e9a8bf,89608b0a033ffff
POI_IND_9999_0x3be7ea095ddc0001:0xcbac9280e0f180fd,89608bcd46fffff
POI_IND_9999_0x3be7e86af54b0ecb:0x6114b608a82684cb,89608bc1b37ffff
POI_IND_9999_0x3be7c38c17f6620b:0xb62651931c17c85e,89608bcc28bffff
POI_IND_9999_0x3be7e76993a6f157:0x297277fd90fff00f,89608bc1d63ffff
POI_IND_9999_0x3be7b702bae86b4b:0x3672bc3953ec819e,89608b465afffff
POI_IND_9999_0x3be7b19f7f38231f:0x5ab73781c3786c26,89608b4467bffff
POI_IND_9999_0x3be7b7d9b64af6cd:0xb88f633afe66da8d,89608b46313ffff
POI_IND_9999_0x3be7c9e98449167d:0x21dcf549a43d5604,89608b090bbffff
POI_IND_9999_0x3be7c9d162e1ed85:0x8573c304fa91b87e,89608b09617ffff
POI_IND_9999_0x3be7b7eb6df21871:0xa97a3f3d53d5d639,89608b471cbffff
POI_IND_9999_0x3be7b7004e1d1efd:0x89ad248342ef51cd,89608b47157ffff
POI_IND_9999_0x3be7b7000c2d29a7:0x62711b74cdd36fd4,89608b09347ffff
POI_IND_9999_0x3be7c9e97da00a65:0x2e4ad0b6b7b845b7,89608b090bbffff
POI_IND_9999_0x3be7c9b0c92d3b85:0x32ba6990eadb0093,89608b084dbffff
POI_IND_9999_0x3be7cefae0efc52d:0x1678f65a7674011f,89608b0a417ffff
POI_IND_9999_0x3be7cfeb7dcd8909:0x8dbfd5b2d376138a,89608b0a097ffff
POI_IND_9999_0x3be7d1994f9000df:0xa11737cb8605223d,89608b0328fffff
POI_IND_9999_0x3be7d1c39064d5c9:0xba0ae792ad2f9067,89608b03287ffff
POI_IND_9999_0x3be7cedb77aaea29:0x77411cc8d480e12,89608b0a6abffff
POI_IND_9999_0x3be7d133bcdff0af:0x136da8532944a4a5,89608b0305bffff
POI_IND_9999_0x3be7d10bd9572a31:0x67af706b10773086,89608b03283ffff
POI_IND_9999_0x3be7d1d25f59499d:0x6a89b1178a56e13,89608b032d7ffff
POI_IND_9999_0x3be7c9aa92be7229:0x3664b2ca92911e62,89608b0b5cfffff
POI_IND_9999_0x3be7ce214bc48589:0xc61d4174580ce1c7,89608b189b3ffff
POI_IND_9999_0x3be7a96c48346de9:0x61c09fc5ef252cb2,89608b4da23ffff
POI_IND_9999_0x3be7c90febdbbb0d:0xa0d346dce9055e28,89608b0b3b3ffff
POI_IND_9999_0x3be7c91ea6f750ad:0xb0d0ba99b3713957,89608b19a53ffff
POI_IND_9999_0x3be7c9a73072c263:0xac5e24fe2dc9e741,89608b0968bffff
POI_IND_9999_0x3be7c9e9e42942ed:0x226778c40871176a,89608b09017ffff
POI_IND_9999_0x3be7c827381225df:0x4aaa3fdb9e634324,89608b54b13ffff
POI_IND_9999_0x3be7c953bd0ddef7:0x60b032153b9fc9e0,89608b086c7ffff
POI_IND_9999_0x3be7c95d6bc28651:0xba086868d7a13d14,89608b0b57bffff
POI_IND_9999_0x3be7c994afaff939:0x7e6118c795d0a889,89608b090bbffff
POI_IND_9999_0x3be7c745b0fc85a7:0xdcb498282e5ca045,89608b54e8bffff
POI_IND_9999_0x3be7e9618a92e4bf:0xe21bb843e5dc3d0b,89608bce653ffff
POI_IND_9999_0x3be7c3629fa88b35:0xb6025e5bce75b8f0,89608bcc0dbffff
POI_IND_9999_0x3be7c36e7667b723:0xdb23dcca7d1c26a4,89608bcc2d7ffff
POI_IND_9999_0x3be7b17f8dc23297:0xb69327f214950a9e,89608b4e5b3ffff
POI_IND_9999_0x3be7b9040bcd7975:0xfa555ba48eedf430,89608b42ea7ffff
POI_IND_9999_0x3be7bd9f18433ae9:0xdc6be918bd5e02e2,89608b58dc3ffff
POI_IND_9999_0x3be7951a58cfc7a1:0x97cdcf47011032e1,89608a24b3bffff
POI_IND_9999_0x3be7c3db17447b45:0x58ef992e66062425,89608bcc1b3ffff
POI_IND_9999_0x3be7c136b2c080cb:0x7bf61fedbf46d7be,89608bcd93bffff
POI_IND_9999_0x3be7b923d8d069ef:0xb000ee266605238e,89608b55213ffff
POI_IND_9999_0x3be7d1d981951fe7:0xcacbde10af0db255,89608b032cfffff
POI_IND_9999_0x3be7d13d5634ed09:0xe816a24736b61500,89608b0305bffff
POI_IND_9999_0x3be7cfbceda61475:0x35e7fa9fc56e781c,89608b0a55bffff
POI_IND_9999_0x3be7c9002988560b:0xd890ef6c46fe6666,89608b0a2dbffff
POI_IND_9999_0x3be7ce0d165595d9:0xf5e3e581369494be,89608b016b7ffff
POI_IND_9999_0x3be7ce71d23b1fd1:0xc186c36c9096777c,89608b0160fffff
POI_IND_9999_0x3be7c7939b61de3d:0xbfcf53192dcb76f4,89608b55333ffff
POI_IND_9999_0x3be7c9fce134e3e5:0x82c75ef754a4c7a0,89608b54d5bffff
POI_IND_9999_0x3be7b6143b6e3ad3:0xe8e29a42e83bac81,89608b0926fffff
POI_IND_9999_0x3be7b76d0943b6d7:0xfb5ce8200d335fe7,89608b09357ffff
POI_IND_9999_0x3be7c98b9c43dffd:0x9461bc7c60f5d18f,89608b0b16fffff
POI_IND_9999_0x3be7c9953e9d7953:0x2811de8d742661cc,89608b0954fffff
POI_IND_9999_0x3be7cedb15bab29f:0x11008c611d9ddbe0,89608b0a633ffff
POI_IND_9999_0x3be7b7f9133374c9:0x347db091ea4afcb7,89608b0921bffff
POI_IND_9999_0x3be7c941b4afca5b:0xd730d9b9722622cb,89608b0869bffff
POI_IND_9999_0x3be7c60666aa0125:0x5fe58861f47d23c9,89608b56d03ffff
POI_IND_9999_0x3be7b11d8d196d03:0x6301de6d77dde3ee,89608b4557bffff
POI_IND_9999_0x3be7b7314377d327:0x11475571f714a685,89608b47143ffff
POI_IND_9999_0x3be7b7a0d95d5fa7:0x541427a4bc6c700,89608b444b7ffff
POI_IND_9999_0x3be7c96950195887:0x94eb89abd489c192,89608b0b54fffff
POI_IND_9999_0x3be7c9b33ea9d5ab:0xcb8c868e14eacb2d,89608b548c7ffff
POI_IND_9999_0x3be7c7f09fb05a17:0xe258893437690639,89608b56a0fffff
POI_IND_9999_0x3be7b07b5b90f2a5:0x6f42c2ea6fbb2c73,89608b40bafffff
POI_IND_9999_0x3be7b985963fc0d9:0x3771f3c5377ea30e,89608b5504bffff
POI_IND_9999_0x3be7b11308a85669:0xf7433ee4fce0b07a,89608b4563bffff
POI_IND_9999_0x3be7bf56286425d3:0x83659820daca6f5,89608b57217ffff
POI_IND_9999_0x3be7bed2ffffffff:0xed0e7b342aad301c,89608b425a3ffff
POI_IND_9999_0x3be7c300651edbd7:0x97003bfe1277df89,89608bccec7ffff
POI_IND_9999_0x3be7b71d251920a3:0xd19dd9cadb4089ca,89608b4608fffff
POI_IND_9999_0x3be7c9654c65e3d1:0x44243010eaee1af7,89608b0b1a3ffff
POI_IND_9999_0x3be7c99824616e79:0xa01db96507bcb46,89608b090bbffff
POI_IND_9999_0x3be7c91ef62b800f:0x7ab1506106d6b7a7,89608b455a7ffff
POI_IND_9999_0x3be7b7cc5ee8edf1:0xe9f923d3e84b936e,89608b465c7ffff
POI_IND_9999_0x3be7c93be8fd8745:0xaf0872452a0853d2,89608b0b33bffff
POI_IND_9999_0x3be7b7a2a3e9c465:0x2d6bc41f0a3a94e,89608b4468bffff
POI_IND_9999_0x3be7b9fd9369b62d:0xf1212aa5f7e1fac4,89608b55c93ffff
POI_IND_9999_0x3be7c91da0342953:0x785236e16e55c891,89608b0b177ffff
POI_IND_9999_0x3be7c9166aadcc0f:0xa974262480629471,89608b084cbffff
POI_IND_9999_0x3be7cf22347515af:0x9aa7c49214e27c97,89608b19963ffff
POI_IND_9999_0x3be7b8efc59bfdb3:0x2e314edccd5b5b9e,89608b55027ffff
POI_IND_9999_0x3be7b7807359492d:0xe9169cac71ed3db0,89608b47157ffff
POI_IND_9999_0x3be7b61f05f35b71:0x9a41a64d0af93709,89608b0937bffff
POI_IND_9999_0x3be7b1007bd10c43:0x7e5e4d8e5bb64a3a,89608b4464fffff
POI_IND_9999_0x3be7c94cdfef2983:0xe49fc38dcf2f5540,89608b0b0dbffff
POI_IND_9999_0x3be7b76e64ca2a4d:0x1fa04430291cba5e,89608b09203ffff
POI_IND_9999_0x3be7b7004d5f48ff:0xa53417ba3dbf5cef,89608b444afffff
POI_IND_9999_0x3be7b6de35ac8b73:0xc33180c3a1b9b80e,89608b444c7ffff
POI_IND_9999_0x3be7b7324b2264d1:0x485dce4c0be5b054,89608b46307ffff
POI_IND_9999_0x3be7c93cff23b9bb:0xd0009baf8a409a39,89608b54c6bffff
POI_IND_9999_0x3be7b866f03f7c3d:0x86d7cadff7cc571e,89608b55cc3ffff
POI_IND_9999_0x3be7b74c79c1978b:0xcad697771cdd95d1,89608b461bbffff
POI_IND_9999_0x3be7b7e1322b1c8f:0xb452b1fea891b817,89608b09257ffff
POI_IND_9999_0x3be7b0e05e0cb687:0xa07ca668e7475b1f,89608b45543ffff
POI_IND_9999_0x3be7c83c25dd979b:0xe35464fcf58f6cf6,89608b54807ffff
POI_IND_9999_0x3be7b63fd72de173:0xfa58aaf3beb2bff7,89608b09267ffff
POI_IND_9999_0x3be7b62e1e9cc79d:0x1dfe5e80ca1e5b1f,89608b44497ffff
POI_IND_9999_0x3be7c82a2adda04d:0xbe67cdd8b6792848,89608b096cbffff
POI_IND_9999_0x3be7b7f599d6742f:0x881d0f67d83010d8,89608b47127ffff
POI_IND_9999_0x3be7c90dfed30e11:0xb90b441d29fb3500,89608b0b3b7ffff
POI_IND_9999_0x3be7c953675a5d2d:0x9ce57434212fc604,89608b0b10bffff
POI_IND_9999_0x3be7b85c433915b1:0x2469070a20f22cc6,89608b55127ffff
POI_IND_9999_0x3be7c849d319e5a3:0x7173d7093a2c8b,89608b549abffff
POI_IND_9999_0x3be7b7bbfdb7f0fb:0x64d578c241c8bed1,89608b47153ffff
POI_IND_9999_0x3be7c839e1a89b8b:0x7b75dbb5618e7a6a,89608b5490bffff
POI_IND_9999_0x3be7c96e0bc5901d:0xeac40502d280d2a8,89608b56d27ffff
POI_IND_9999_0x3be7c9006d491371:0x582d2165770bf1f8,89608b0b377ffff
POI_IND_9999_0x3be7b90176966a11:0xa9f0c73bb1420731,89608b5502fffff
POI_IND_9999_0x3be7c9f2920323f9:0x6d1ca06c89f99d7,89608b0b107ffff
POI_IND_9999_0x3be7c7b4cc3e08cf:0x62351f069e047d63,89608b56d2bffff
POI_IND_9999_0x3be7c916712e22d1:0x4d1f6c997460c88c,89608b0b10bffff
POI_IND_9999_0x3be7c9e9632fa767:0xa041ed4ba454f492,89608b090bbffff
POI_IND_9999_0x3be7c61a3363817d:0x47f0d02a2cdba02e,89608b569dbffff
POI_IND_9999_0x3be7cf6d35bfac2b:0x928e976086318bea,89608b0a4a7ffff
POI_IND_9999_0x3be7cfc99cc79ddf:0x48c8fab9dbf1dc4b,89608b0a55bffff
POI_IND_9999_0x3be7cfb304908a53:0xf990d57a2aa50fab,89608b01453ffff
POI_IND_9999_0x3be7cef32269cccf:0xf041eb22a9ef0a06,89608b0a557ffff
POI_IND_9999_0x3be7b90c3f8baa0d:0x61f9c6fb1b449d5a,89608b5531bffff
POI_IND_9999_0x3be7953cc80009e3:0xe1d6be18473c972e,89608b51573ffff
POI_IND_9999_0x3be7c115a2e2eb3d:0xc6155a8027d88062,89608bcdba3ffff
POI_IND_9999_0x3be7c152c3110947:0x9ff0a8402dbf1232,89608b5709bffff
POI_IND_9999_0x3be7bba50e85faf7:0x1f351d678ce769d8,89608b42327ffff
POI_IND_9999_0x3be7b02970c4b9f9:0xede05225d3b038fb,89608b4e13bffff
POI_IND_9999_0x3be7c3c17dc5390f:0x7e1ebf596fcb5770,89608bcc1d7ffff
POI_IND_9999_0x3be79592210269db:0xfaa41ea5e7a9c11,89608a2483bffff
POI_IND_9999_0x3be7b9c4db1d8c3b:0xe89d59f72b7646a0,89608b5534fffff
POI_IND_9999_0x3be7b9e51f474429:0xf907db4099ca4887,89608b5521bffff
POI_IND_9999_0x3be7b10f652b7405:0x2b87072ef41e0b62,89608b4ec83ffff
POI_IND_9999_0x3be7b12ba503a971:0x7f14d35ef51e62df,89608b44603ffff
POI_IND_9999_0x3be7c9f98af419c7:0x7a95ed5776018191,89608b094cbffff
POI_IND_9999_0x3be7b6e9b1ace8bb:0x6a0d4a2a96a6834,89608b444afffff
POI_IND_9999_0x3be7b73c1a235711:0x8cb5d30c7e14609,89608b09257ffff
POI_IND_9999_0x3be7b6e8d69845cb:0x9837399643369e66,89608b444b7ffff
POI_IND_9999_0x3be7b7cbe91813ef:0x7860b2d2a7e98a58,89608b461afffff
POI_IND_9999_0x3be7b0d9fb01218f:0x2fd9b8c7ff9193f4,89608b4732fffff
POI_IND_9999_0x3be7b6142bf84e0f:0x2c324754ab01e591,89608b0926bffff
POI_IND_9999_0x3be7b7023d326f75:0xde7d90f465ba4e46,89608b445dbffff
POI_IND_9999_0x3be7b73a11b5c883:0x3972cb010a65ec29,89608b0920fffff
POI_IND_9999_0x3be7b70f66615b0f:0xa73a27cb0083d92f,89608b46543ffff
POI_IND_9999_0x3be7c852501cdfb3:0xa11faa32c1f3641f,89608b0b277ffff
POI_IND_9999_0x3be7c620eaa8e5fd:0x8bcbe1b384769a6d,89608b569cbffff
POI_IND_9999_0x3be7c0facd914a03:0xadb9f59bc03b7d9e,89608b529b7ffff
POI_IND_9999_0x3be7c3dca4d06015:0x5786c7ccc88ab89c,89608bcce4bffff
POI_IND_9999_0x3be7b61c2056d2dd:0x4e8d474731030c3,89608b093dbffff
POI_IND_9999_0x3be7b80060f2fa67:0x7981ebf961dd5da5,89608b54e7bffff
POI_IND_9999_0x3be7cf5155555555:0x391b6e3e8d8ab9b7,89608b569c3ffff
POI_IND_9999_0x3be7c9d2ae033185:0x318cf88a4a5bf516,89608b549dbffff
POI_IND_9999_0x3be7c9d366414d5d:0xf4e57cf5fbba1f89,89608b0b387ffff
POI_IND_9999_0x3be7b798c26de465:0x19bd58e8a2b0565,89608b44697ffff
POI_IND_9999_0x3be7c74cddfc01c7:0xc72f015e34d271aa,89608b54e8bffff
POI_IND_9999_0x3be7b7d9de1c5d0f:0x89d77768d9be3936,89608b461afffff
POI_IND_9999_0x3be7c96d08669301:0x6fba0d7e69e534ab,89608b0b1afffff
POI_IND_9999_0x3be7c908a0a494fb:0x2158c696d1deeed4,89608b54c27ffff
POI_IND_9999_0x3be7c8fe202a2443:0x6ee359458d28ed34,89608b0b06bffff
POI_IND_9999_0x3be7b7e54419bcc1:0x86a95768af538853,89608b46e73ffff
POI_IND_9999_0x3be7b7346b65e457:0x34e39c1295315a82,89608b46227ffff
POI_IND_9999_0x3be7b8768350d6c7:0x1c163803ad8e5b60,89608b5422fffff
POI_IND_9999_0x3be7c9182c920e5f:0xf7912509065991d0,89608b0b0d3ffff
POI_IND_9999_0x3be7b7da38a14e5f:0x354e5870a07a48a5,89608b463a3ffff
POI_IND_9999_0x3be7c7fa7b484a51:0x9fd2625926345508,89608b56a7bffff
POI_IND_9999_0x3be7b0c24fc62a8d:0x590d707bd0000000,89608b454b7ffff
POI_IND_9999_0x3be7c90a42a525ef:0x4d7cf0132f4df897,89608b0b163ffff
POI_IND_9999_0x3be7b700087f6f55:0xd24d2611de680bc5,89608b440d3ffff
POI_IND_9999_0x3be7b74ba55d9a4b:0xb601ad2fd1e3a382,89608b0937bffff
POI_IND_9999_0x3be7c7c6ecc78977:0xa5b85e9f2731e5d1,89608b541a3ffff
POI_IND_9999_0x3be7c716806d4191:0xd7469efbac4b996a,89608b54e83ffff
POI_IND_9999_0x3be7b6dbfd462461:0xc0f98a6751236fd8,89608b4441bffff
POI_IND_9999_0x3be7c9b14b14e96b:0x2a0c3005d9937389,89608b09413ffff
POI_IND_9999_0x3be7b124c3cabf01:0xe4e5bc1ed49dbfc7,89608b442d3ffff
POI_IND_9999_0x3be7c9ac84a13613:0xb9d9bb803f5c6361,89608b54957ffff
POI_IND_9999_0x3be7b72d5133a161:0xacbdcd08736a57f7,89608b473b7ffff
POI_IND_9999_0x3be7ce0fe943a4c1:0x321056886668eb88,89608b0140bffff
POI_IND_9999_0x3be7cf3e8b5a8789:0x518069b484cb46f8,89608b18b77ffff
POI_IND_9999_0x3be7ce732186fa03:0x777d54959977c9e7,89608b016afffff
POI_IND_9999_0x3be7c8d0b3152895:0x5bd39cbf7c7e87d3,89608b0b5cfffff
POI_IND_9999_0x3be7d1c13c0ef937:0x30cfede9559a0db7,89608b0305bffff
POI_IND_9999_0x3be7cedb47041c09:0x143a454b66633bde,89608b0a633ffff
POI_IND_9999_0x3be7cfabb5b216cb:0xf5aa0727aafd6725,89608b0164fffff
POI_IND_9999_0x3be791014f04f4cb:0xdc74382259f0ddfb,89608a25ecbffff
POI_IND_9999_0x3be7936664ce3dc3:0x882beea7bf3c0826,89608a26877ffff
POI_IND_9999_0x3be7b971c59c1739:0x27c532debe90478b,89608b42ed3ffff
POI_IND_9999_0x3be7bb646fcf8877:0x73ad7bbc49792b52,89608b40007ffff
POI_IND_9999_0x3be795da9d73fe6d:0x733dd8ae2ba45db7,89608b51623ffff
POI_IND_9999_0x3be7c1c75c672239:0x4ed488905e51a7bf,89608b57467ffff
POI_IND_9999_0x3be7932b3fd8b081:0x982cea8fa0b85b1,89608a261afffff
POI_IND_9999_0x3be7e9a52ad2ce87:0x8ee0330b08f157fb,89608bcc187ffff
POI_IND_9999_0x3be795001d90fc5d:0x840d9579ec884524,89608a24b3bffff
POI_IND_9999_0x3be7b93c9ce2845f:0xa90822dcdae3aeee,89608b4218bffff
POI_IND_9999_0x3be795000cc20cb9:0x360c77ee33c5f3fb,89608a24dbbffff
POI_IND_9999_0x3be7b1b291b3a935:0xd3b565455e64b609,89608b4ec93ffff
POI_IND_9999_0x3be7ba2b4b3b9991:0xe2cef2a71f26b408,89608b42a97ffff
POI_IND_9999_0x3be7ab85fa8ffff1:0xe9cfdb6c812df0d,8942db48d4fffff
POI_IND_9999_0x3be7af8e82b2f0b9:0xaf02e995d75a2d9d,89608b4cc37ffff
POI_IND_9999_0x3be7b759a9d5f43f:0xe815a2019a497292,89608b44093ffff
POI_IND_9999_0x3be7c9702115ae93:0x358f35bea2f5b2e9,89608b0b17bffff
POI_IND_9999_0x3be7c9b41c91e691:0xcc91056318fb9284,89608b090bbffff
POI_IND_9999_0x3be7b7ea98569465:0x715fde6d5c668d9c,89608b4662bffff
POI_IND_9999_0x3be7b719337ca083:0xc70ac3abe4ece465,89608b46317ffff
POI_IND_9999_0x3be7b7de81a542c9:0xf6fae5c08f1f3f53,89608b09257ffff
POI_IND_9999_0x3be7b784f702cabb:0x955a9d85ce421a47,89608b4654bffff
POI_IND_9999_0x3be7b6ce0ed475c7:0x279cbe6afb0e2114,89608b440d3ffff
POI_IND_9999_0x3be7c7d2dfddaf7b:0x97675a3d9137d846,89608b56a23ffff
POI_IND_9999_0x3be7d1005969e875:0x71100beeee6b6ca1,89608b033d7ffff
POI_IND_9999_0x3be7ce59688062c3:0xf090cea55aed887a,89608b18b77ffff
POI_IND_9999_0x3be7b1dd58098249:0x8a101869501232cd,89608b4ed77ffff
POI_IND_9999_0x3be7c3acfa4fffff:0x225f5d836f2f6e16,89608bcc18bffff
POI_IND_9999_0x3be7958c00e788f9:0xfbdf81f32dc650f1,89608b51187ffff
POI_IND_9999_0x3be7c3a29015fbc9:0x4eacee8ef1ab5f54,89608bcce0bffff
POI_IND_9999_0x3be7c3d12193838f:0x88908ab285c23909,89608bcdb0fffff
POI_IND_9999_0x3be7bf5ca8998355:0x39fd43decc2f53c9,89608b500b3ffff
POI_IND_9999_0x3be7c1f8423a2161:0xff231766d9db2d71,89608bcdb0fffff
POI_IND_9999_0x3be7b1c7c5cf676b:0x433a25f96f4b8295,89608b4e5abffff
POI_IND_9999_0x3be7d1c0c4cf4d33:0x70831adaa329edc7,89608b03053ffff
POI_IND_9999_0x3be7ce0d1657baa7:0xe7c6df380000d322,89608b016b7ffff
POI_IND_9999_0x3be7cf76b2b15585:0xc00a0c1de7bd2695,89608b0a55bffff
POI_IND_9999_0x3be7cf8e6a715dad:0x7a6d065d36affcdd,89608b0a667ffff
POI_IND_9999_0x3be7ced629e15f11:0x5cf143b3f20db131,89608b0a657ffff
POI_IND_9999_0x3be7c383a793f181:0x27931048ff32e264,89608bcf197ffff
POI_IND_9999_0x3be7c352843d146f:0x87bb4bc7c3d1dc25,89608bcc293ffff
POI_IND_9999_0x3be7c1141353f691:0x858a1b3b6ecd16c6,89608b566b3ffff
POI_IND_9999_0x3be7c0c62786019b:0x75a80b0897a7c817,89608b57467ffff
POI_IND_9999_0x3be7c1398fdd7d47:0xbb1bb4f2dbc6180c,89608bcdbb3ffff
POI_IND_9999_0x3be7b96d00000011:0x781fd2f03220e01d,89608b42c4fffff
POI_IND_9999_0x3be79488bdc9c967:0xdb0905f7ff0f8590,89608a26b2fffff
POI_IND_9999_0x3be7c3afaf0b2ccf:0xa3bb23df83757d6a,89608bcc1d7ffff
POI_IND_9999_0x3be7b97bd89c7ad9:0xb124d21b2f53c299,89608b55687ffff
POI_IND_9999_0x3be7b126cad90119:0xd70e9642abb69893,89608b4e13bffff
POI_IND_9999_0x3be7b1bed7abf619:0x2d0abb5c933aa82c,89608b452dbffff
POI_IND_9999_0x3be7b9002a81b0c7:0xee4a556e4b889b35,89608b5534fffff
POI_IND_9999_0x3be7b914a49a0317:0x4b992f6f6c7ab95e,89608b42cc3ffff
POI_IND_9999_0x3be7c3cbf07cc04b:0x397cbe8461848375,89608bcce0bffff
POI_IND_9999_0x3be7bbd1d9edbb21:0xaa636d1359614032,89608b42ecbffff
POI_IND_9999_0x3be79332d7e684b5:0xd7c33de7b6963534,89608a26877ffff
POI_IND_9999_0x3be7b9740787c779:0x7d51ece036ac2c2b,89608b5534fffff
POI_IND_9999_0x3be7e99ce0a24e99:0xcf974fbd3f17354,89608bcf67bffff
POI_IND_9999_0x3be7c173c016e81b:0x71ca15eefa089cb1,89608bcc2cbffff
POI_IND_9999_0x3be7c30024ac881f:0x69efbe32e853f0cd,89608bcc197ffff
POI_IND_9999_0x3be87b4399083d79:0x55fada96e3d0b229,89608b8c4c3ffff
POI_IND_9999_0x3be7e95ff9d82f8f:0xbd13b47fcbf0bed,89608bc1b6fffff
POI_IND_9999_0x3be7c23ff9af52c5:0x936f205a38c2abf0,89608bcc627ffff
POI_IND_9999_0x3be7c995858df227:0xe1e44fba26724e7,89608b0b0d3ffff
POI_IND_9999_0x3be7c7f276bcf02d:0xa1548a649ba7f2b3,89608b56a47ffff
POI_IND_9999_0x3be7b7523045100f:0xe1fba600d12599f2,89608b09257ffff
POI_IND_9999_0x3be7c95021a04b5f:0x1e122adaa621ca8c,89608b0b3a3ffff
POI_IND_9999_0x3be7c863e8ca3d03:0x157f8c464194411f,89608b549abffff
POI_IND_9999_0x3be7b7ee5bfb4a11:0x48f9ebc6824f6f39,89608b46363ffff
POI_IND_9999_0x3be7c7a367935ec9:0x356f5edbd5768964,89608b56aa3ffff
POI_IND_9999_0x3be7b8ee407144d1:0xec89af3398b93d79,89608b55037ffff
POI_IND_9999_0x3be7b6d4d2a7c95d:0xd097068733bf555e,89608b44613ffff
POI_IND_9999_0x3be7b78d578a7f5d:0xd5a64630faf3c4dc,89608b471a3ffff
POI_IND_9999_0x3be7b87bae53065f:0xe1050e3beb02333d,89608b5422bffff
POI_IND_9999_0x3be7c9a9c5d6b84d:0x50211bba103c4c00,89608b09287ffff
POI_IND_9999_0x3be7cf500c056177:0xdc56195261136009,89608b56827ffff
POI_IND_9999_0x3be7ce22107044f9:0xa9aff9e186a3530a,89608b189a7ffff
POI_IND_9999_0x3be7ce596f9e3e7b:0xb2957de69481cc5e,89608b18b73ffff
POI_IND_9999_0x3be7c85bdab95dbb:0x3691c3dcd4c789d7,89608b0167bffff
POI_IND_9999_0x3be7cf3715554455:0x727124b60a34c6b3,89608b0a503ffff
POI_IND_9999_0x3be7cf31623f7f91:0x696f306316da6d27,89608b19b03ffff
POI_IND_9999_0x3be7c8e1a7210125:0x5f707dd47ffbda4f,89608b0b6afffff
POI_IND_9999_0x3be7b18ccaa74e13:0xeffee4e853855216,89608b463d7ffff
POI_IND_9999_0x3be7b195068c94c1:0x6b610c676c4e919,89608b44653ffff
POI_IND_9999_0x3be7b19e83033557:0x53c590c9ffd3b007,89608b45533ffff
POI_IND_9999_0x3be7c920bc0ce0b3:0x4ca108fc4abc12dc,89608b0b0b7ffff
POI_IND_9999_0x3be7b3005d6bdb01:0xdd30152500a1278f,89608b45983ffff
POI_IND_9999_0x3be7b952dc98a1dd:0x565ccf04e37afd67,89608b5435bffff
POI_IND_9999_0x3be7c99e2b37df49:0x9b12d8308e4e3b10,89608b0b16bffff
POI_IND_9999_0x3be7c9c69d47f031:0x29f6147b117cce8d,89608b19a4bffff
POI_IND_9999_0x3be7b19642e55f1d:0x980071a558a781d2,89608b446abffff
POI_IND_9999_0x3be7c9af3ce9a44b:0xa85878f0f375780,89608b5499bffff
POI_IND_9999_0x3be7c8c2c010b011:0xf8ee113451af419a,89608b0b467ffff
POI_IND_9999_0x3be7b935396b751b:0x243f8cdab1160e82,89608b55037ffff
POI_IND_9999_0x3be7c9d682f55cd5:0x4ef68132892c6b68,89608b09543ffff
POI_IND_9999_0x3be7c9116228ae79:0x9a08b156b863c72b,89608b0b17bffff
POI_IND_9999_0x3be7c8ec3c48b18d:0xee930c428c65dd82,89608b0b6afffff
POI_IND_9999_0x3be7c93af994a663:0x25357c252a027c10,89608b0b1a7ffff
POI_IND_9999_0x3be7c9abbfcbd45d:0xf5182b03c86518b,89608b090c3ffff
POI_IND_9999_0x3be7c96bce76f471:0x5b07172ae60adc10,89608b0b2b3ffff
POI_IND_9999_0x3be7c9fae18c7577:0xcfcc04873996635,89608b086c3ffff
POI_IND_9999_0x3be7c914624db2cd:0xd7fc3cd65287330d,89608b0b177ffff
POI_IND_9999_0x3be7b7478f07088d:0x235b7f2932ccfd57,89608b44017ffff
POI_IND_9999_0x3be7b722c4a69e33:0xf859fb15cf53cb83,89608b471b7ffff
POI_IND_9999_0x3be7c14a2193cee9:0xf5db803fc8629856,89608bcd967ffff
POI_IND_9999_0x3be795a10e6c69a9:0x210cdeaca61bc0b6,89608b511abffff
POI_IND_9999_0x3be7c3c3b04b8ff5:0xa6850acf9b62ab62,89608bcce57ffff
POI_IND_9999_0x3be7b1fa88d64413:0x25c981f2ff795fff,89608b4ec83ffff
POI_IND_9999_0x3be79757cbecaaff:0xf75371ec8b74eef0,89608b5a5bbffff
POI_IND_9999_0x3be7c2532fffffff:0xb20591b7effeab27,89608bcc1d3ffff
POI_IND_9999_0x3be7c1e5ac096315:0x98dd5bba82877fc6,89608bcd0abffff
POI_IND_9999_0x3be7e9f8d0be79dd:0x2130034f0d814c3b,89608bcf55bffff
POI_IND_9999_0x3be7c3e41bf5f75f:0x9feb3f86571f1302,89608bcd5abffff
POI_IND_9999_0x3be7c900566b4269:0xeb7a3be5e8dd40e6,89608b0868bffff
POI_IND_9999_0x3be7b73b0d99b2e9:0x6ab802cfef9bdabb,89608b47113ffff
POI_IND_9999_0x3be7c9c304783a55:0xb12f52b2c8daf8b6,89608b19a53ffff
POI_IND_9999_0x3be7c814f7c69ea9:0xdc4fa2e463be417,89608b548a3ffff
POI_IND_9999_0x3be7b13affffffff:0x972a9ded0ed54132,89608b4464fffff
POI_IND_9999_0x3be7c96d76945831:0xe787774acf11312c,89608b086d7ffff
POI_IND_9999_0x3be7c9f7ab1d5cb3:0xa8e0a41f7e36892d,89608b0b177ffff
POI_IND_9999_0x3be7cf04a438511f:0x8669418c69b2593f,89608b0a083ffff
POI_IND_9999_0x3be7cf6f740ba1ed:0xad94ccfc35ab8616,89608b18b33ffff
POI_IND_9999_0x3be7d1993d3b240b:0xce599722d5d55eeb,89608b03253ffff
POI_IND_9999_0x3be7c3bebd20a7f1:0xe7d052bf89cc5b1e,89608bcc0dbffff
POI_IND_9999_0x3be7e916ac007101:0xf495c2727701266e,89608bcf583ffff
POI_IND_9999_0x3be7c7e1317ec3dd:0xd77f911aadb9f605,89608b56abbffff
POI_IND_9999_0x3be7c935e2d1857f:0xd1401bac7db87f1e,89608b548c7ffff
POI_IND_9999_0x3be7b1bc8d3503cf:0xe30fbfd6bef3ec90,89608b45597ffff
POI_IND_9999_0x3be7c8abc115a509:0xdb158b43394006bd,89608b19a53ffff
POI_IND_9999_0x3be7c971cdf0abe5:0xab1694747c6628a3,89608b09543ffff
POI_IND_9999_0x3be7c1003cc598bb:0x6adcbbd2f58c86da,89608b570d3ffff
POI_IND_9999_0x3be7b923b240e5bb:0x2e0ff81096fb2b35,89608b55203ffff
POI_IND_9999_0x3be7b9b1c546e0bd:0x25f88e215213e594,89608b5534fffff
POI_IND_9999_0x3be7b08a6495baed:0x2c461ae7a48972c1,89608b4568fffff
POI_IND_9999_0x3be7c31ab324641f:0x7547e125986c9270,89608bccc4bffff
POI_IND_9999_0x3be7b1502f9ba977:0x95be0717edafb16f,89608b45297ffff
POI_IND_9999_0x3be7b96a1ff97daf:0xe85f63e9c9a52887,89608b421d7ffff
POI_IND_9999_0x3be7b8aaa9cbb967:0xc0645a51e51ae8b,89608b57237ffff
POI_IND_9999_0x3be7958a77089d9f:0x9976e86f776d03a1,89608b511bbffff
POI_IND_9999_0x3be795b45de4d025:0x1b5a04a7f083cce4,89608b51573ffff
POI_IND_9999_0x3be7972e6aa72367:0x719d66b708e28141,89608a24b2bffff
POI_IND_9999_0x3be7b1855ede5847:0xeb8afa5b4559095d,89608b456cfffff
POI_IND_9999_0x3be7959722dfbe7f:0x3a29dac2db96af7e,89608b53107ffff
POI_IND_9999_0x3be7b9011ca43f05:0xde526f84246f654d,89608b42167ffff
POI_IND_9999_0x3be7ed12150ee791:0xf09d3fb772f28eca,89608a34b63ffff
POI_IND_9999_0x3be797b236afaafb:0x7d4e5b732479fe5f,89608b5a193ffff
POI_IND_9999_0x3be7c356bef16dd1:0xb8f0cda2831a4946,89608bcc18bffff
POI_IND_9999_0x3be7b1006dee1713:0x93ab9f172051654d,89608b4ec8bffff
POI_IND_9999_0x3be7c169ee010071:0x77eca38eceb0d6f5,89608bcd84fffff
POI_IND_9999_0x3be7953b3568ad7f:0xf6e5fc2ee71d8a61,89608a2482fffff
POI_IND_9999_0x3be7b9a374b82a57:0xe7331005bac84c66,89608b55217ffff
POI_IND_9999_0x3be7cedad4d99f53:0xc7c9c899ccaee1bc,89608b0a623ffff
POI_IND_9999_0x3be7cf3ac99549f3:0xb757eaf23fea2b45,89608b0a55bffff
POI_IND_9999_0x3be7d1594d90c0eb:0x9293cfa6dccc988a,89608b0305bffff
POI_IND_9999_0x3be7cf2b056971dd:0x17970f504574fd63,89608b0a677ffff
POI_IND_9999_0x3be7b72ff1886e35:0xf3e16c91e46581ab,89608b461b7ffff
POI_IND_9999_0x3be7c9b5c5fd1f3b:0x18393cc90ffc197b,89608b0b377ffff
POI_IND_9999_0x3be7ae85531c9615:0xb2110b2c1e709e76,89608b4cc6bffff
POI_IND_9999_0x3be7af256a82633f:0xe03d3136d96e4007,89608b4e6afffff
POI_IND_9999_0x3be7aed26eec200d:0x58871ff5016f2c4c,89608b4dc07ffff
POI_IND_9999_0x3be7c300682612fd:0xf557cf2227969602,89608bccecfffff
POI_IND_9999_0x3be7c1c7914f4915:0x9f5148010af6b13b,89608bcd907ffff
POI_IND_9999_0x3be7bba6fceeae77:0x8c3b547ede00019c,89608b4002bffff
POI_IND_9999_0x3be7c35595949855:0x808f13ef096133af,89608bcc1b3ffff
POI_IND_9999_0x3be7b1594de99551:0xfa2b7f5ec2f52abf,89608b452dbffff
POI_IND_9999_0x3be7bba396674b8b:0x8546eae0ee50532f,89608b40007ffff
POI_IND_9999_0x3be7c3c65dd66747:0xc8fc5d268e1ffc24,89608bcc1b3ffff
POI_IND_9999_0x3be7c91b6f68330d:0xd92069cae968116b,89608b0b177ffff
POI_IND_9999_0x3be7b73c21351ded:0xd7555b1f12b5373b,89608b093d3ffff
POI_IND_9999_0x3be7c9d574261499:0x1a622b9325d947e2,89608b44483ffff
POI_IND_9999_0x3be7c97c29023901:0xe71b7ee37ac1ed43,89608b0b3cfffff
POI_IND_9999_0x3be7b85107f53897:0x32755e87119ff54c,89608b55e8bffff
POI_IND_9999_0x3be7c84ab064da91:0xf60db7187c30646d,89608b094cbffff
POI_IND_9999_0x3be7b14a3ede8691:0xeafd2f1287a73349,89608b4464fffff
POI_IND_9999_0x3be7c61fa7917df9:0x51e2df8b5f6cb0ad,89608b568a7ffff
POI_IND_9999_0x3be7c9018047693d:0xeb39b487ac58d685,89608b094c3ffff
POI_IND_9999_0x3be7bf17cf08ad3b:0x13f8e35e2b2a0d36,89608b5082bffff
POI_IND_9999_0x3be7b1ecb8c65505:0xd08ece2df3c9b9f4,89608b4e577ffff
POI_IND_9999_0x3be7c1684b2463c1:0x9714bb3ad7944e32,89608bcdd5bffff
POI_IND_9999_0x3be792d33b523437:0x5ce345daacffdab1,89608a26527ffff
POI_IND_9999_0x3be7b8b4e8e89e29:0x2e64ce29b2fa3e74,89608b554cfffff
POI_IND_9999_0x3be7bb58eff51113:0x38ff7b9fb397e030,89608b40407ffff
POI_IND_9999_0x3be7b9bf3c7d1bfd:0xacbb104c9a9ddcc7,89608b554cfffff
POI_IND_9999_0x3be7ce8d3b1a8531:0xff50919f633d413d,89608b01443ffff
POI_IND_9999_0x3be7ce6d55f8b475:0x10fe8224fdbb7918,89608b016bbffff
POI_IND_9999_0x3be7cfee3be4f8db:0x484b034cefc445b,89608b014cbffff
POI_IND_9999_0x3be7d1dd5ef5d4b7:0xb6d62728620ec684,89608b032abffff
POI_IND_9999_0x3be7cfbd33b270e5:0xfa9cfcfb7cf4faa7,89608b0a523ffff
POI_IND_9999_0x3be7cf45f20fb1f3:0x8ea7dc4f5de5bda5,89608b0a51bffff
POI_IND_9999_0x3be7c9b5820c5631:0x9faff910fd3a2ad5,89608b54bb7ffff
POI_IND_9999_0x3be7c9ee5723f635:0xef43868b7e8544e7,89608b549cfffff
POI_IND_9999_0x3be7b97e6f6bcea7:0x183ac05a58d7cf02,89608b551dbffff
POI_IND_9999_0x3be7c9169bd17a43:0x94207ee260ab72dd,89608b0b173ffff
POI_IND_9999_0x3be7b737e85f556f:0xe73e9c16a617a8a0,89608b09203ffff
POI_IND_9999_0x3be7b70865190877:0xb4177f8b7d4a69be,89608b46377ffff
POI_IND_9999_0x3be7c7cdeb4ed99f:0xf4882e58b42b51fa,89608b56a3bffff
POI_IND_9999_0x3be7b61cae6691db:0x9a77074afcf3490c,89608b093cfffff
POI_IND_9999_0x3be7b7df7e8a2bdd:0x86f712c9a6fa4a5c,89608b0920bffff
POI_IND_9999_0x3be7c92e3c4b1527:0x694b7709085ad921,89608b0b523ffff
POI_IND_9999_0x3be7cf00741ca8c3:0xc71c33b9f4208a85,89608b0a6abffff
POI_IND_9999_0x3be7ce595d1a4e47:0x8777d23ca2d14f64,89608b18bafffff
POI_IND_9999_0x3be7d1d998b45a1f:0xe8fca4ea8a7a59ad,89608b032c7ffff
POI_IND_9999_0x3be7ce74d0e3ede9:0x85087d46d4643ddf,89608b010c3ffff
POI_IND_9999_0x3be7ce7bcb9c2fd9:0xef5ccfb563f51cb9,89608b01667ffff
POI_IND_9999_0x3be7b7ed0ec649e5:0x755db5916d8c4f8b,89608b4718fffff
POI_IND_9999_0x3be7c9cf7db1b385:0x2decfa02191963d9,89608b0b377ffff
POI_IND_9999_0x3be7c74c28d17af5:0x466b256c1addd746,89608b54167ffff
POI_IND_9999_0x3be7c9abd33d5da5:0xbedf2d3d22c6c28e,89608b096cfffff
POI_IND_9999_0x3be7c8721daf31a5:0x1b952a70b2008d5e,89608b54c27ffff
POI_IND_9999_0x3be7b6500b80301f:0x91b2574693df926a,89608b46153ffff
POI_IND_9999_0x3be7b1580fc7ec09:0x35aa1fa5649bec2d,89608b442abffff
POI_IND_9999_0x3be7c933e845f3ff:0xb40fe28ae6b977b1,89608b56b2bffff
POI_IND_9999_0x3be7c9b66de51133:0x594af6c9fdcd3ed9,89608b09683ffff
POI_IND_9999_0x3be7c80ddffa51d3:0x52ee401920a54f09,89608b5488bffff
POI_IND_9999_0x3be7b1b077570d1d:0x8f31dcb6caf94b1d,89608b45533ffff
POI_IND_9999_0x3be7c9a20c88722b:0xfc623176606f880,89608b56923ffff
POI_IND_9999_0x3be7b8f0cc7ee115:0x6231b3f54727e09c,89608b5514bffff
POI_IND_9999_0x3be7c92ba233a8e3:0x2b8c73038f7f67c5,89608b0b10bffff
POI_IND_9999_0x3be7c9c4ebc70c7d:0xb2c9c473630321cf,89608b090c3ffff
POI_IND_9999_0x3be7c3804b6fbd6d:0x81cabe3f7442cfdc,89608bcc0c7ffff
POI_IND_9999_0x3be7bb3d14c3d26d:0x61bb21ac78f981fb,89608b42327ffff
POI_IND_9999_0x3be794433b97ac4b:0x74e7b504e2f2389d,89608a248b3ffff
POI_IND_9999_0x3be7c31d42d0e829:0x2e6fa3b3164722f7,89608bcc13bffff
POI_IND_9999_0x3be7939d7af0d501:0x1cb16ea30d88cb81,89608a26a3bffff
POI_IND_9999_0x3be79721db0c9f9b:0xfa671d11ec120548,89608a24b3bffff
POI_IND_9999_0x3be7c173c3a4c3cf:0xfd3fdfbb9c230164,89608b574d7ffff
POI_IND_9999_0x3be7946cee7e9a8d:0xba77c7ac7cb70f88,89608a248b3ffff
POI_IND_9999_0x3be7c3beb0099967:0xfc9677dbd6ef83e3,89608bcce83ffff
POI_IND_9999_0x3be7a9f32b7dbf67:0xa922587c264bb1c6,89608b4dc53ffff
POI_IND_9999_0x3be7b7000d8cbf09:0x5a1d8161b1e296ba,89608b463a3ffff
POI_IND_9999_0x3be7b78d5aff42f9:0x77d449bcf17462fd,89608b46363ffff
POI_IND_9999_0x3be7c83c24b449a5:0xf45ca69687ce1783,89608b096a3ffff
POI_IND_9999_0x3be7c9b1de53068b:0xfe1a2c2cbc8a7027,89608b0b3abffff
POI_IND_9999_0x3be7c9229da23671:0x654b1e33281739e9,89608b0b377ffff
POI_IND_9999_0x3be7c9bafa8f1a5b:0x3460b90ce8567048,89608b09557ffff
POI_IND_9999_0x3be7b90b8ecdd093:0x68ae810933a0009a,89608b553a3ffff
POI_IND_9999_0x3be7b7df5a1a6773:0xc75b3945b43becac,89608b0920bffff
POI_IND_9999_0x3be7c8145cb7388b:0xc124c6735ae2edac,89608b548a3ffff
POI_IND_9999_0x3be7b8f072d7dfd1:0xbbd0442fbbf7c3e1,89608b5515bffff
POI_IND_9999_0x3be7c9fddceeafa9:0xb6d238bebc0e2d5f,89608b0b333ffff
POI_IND_9999_0x3be7b7002d12ad6f:0x5b00489bcec3621f,89608b09213ffff
POI_IND_9999_0x3be7b766a56ca8bf:0xe25efec0392a06d7,89608b09273ffff
POI_IND_9999_0x3be7c6090a2ae135:0xb9536d527182bcc5,89608b56dd7ffff
POI_IND_9999_0x3be7c70ffa89c953:0x79432585ce6dddb,89608b56d17ffff
POI_IND_9999_0x3be7b6237af8a8c3:0xb90419d4ebf72d56,89608b0921bffff
POI_IND_9999_0x3be7b7640c3d40f7:0xcbfd72216995ebff,89608b46373ffff
POI_IND_9999_0x3be7b7992e021b0d:0xaa0fea79c7f9d084,89608b0920bffff
POI_IND_9999_0x3be7c90002bfeab3:0xd99c6eae5bf2e29b,89608b086c7ffff
POI_IND_9999_0x3be7c95c8354142d:0x92af9234a913cac2,89608b094cbffff
POI_IND_9999_0x3be7d193ead72833:0x563afcec3276c805,89608b0303bffff
POI_IND_9999_0x3be7ce57c288e8f5:0x1124d5ee572edbb0,89608b18b4fffff
POI_IND_9999_0x3be7cedbaf70b90d:0xcd44b3aff755989a,89608b0a607ffff
POI_IND_9999_0x3be7cef38d80694d:0x6e701b3f3f2d9777,89608b0a557ffff
POI_IND_9999_0x3be7ce3e5e9085d7:0xc5e6f7c71df25c97,89608b18977ffff
POI_IND_9999_0x3be7b1944fe1d0bb:0xb8fb5f115470c2d,89608b45677ffff
POI_IND_9999_0x3be7b9396f739c77:0x50dadb0e5c58ca9c,89608b5524bffff
POI_IND_9999_0x3be7b16b4bf183e9:0x95459630195b7686,89608b456bbffff
POI_IND_9999_0x3be7bf007f8d792b:0x4ee9b0398f1d0d27,89608b4244bffff
POI_IND_9999_0x3be79424aa391843:0x4a844b5c26f03cce,89608a24b87ffff
POI_IND_9999_0x3be7bb2154d8aa97:0xb497cfdb4fd9bdc,89608b42323ffff
POI_IND_9999_0x3be7b90760395743:0x581dca0d268d15da,89608b5522fffff
POI_IND_9999_0x3be79580c784b1e9:0x6b283db9a781d444,89608b53173ffff
POI_IND_9999_0x3be7c15c41f0e853:0x30e33fc0207c6238,89608bcd8afffff
POI_IND_9999_0x3be7c11ba7cf0095:0x2d9ddec03dbb78de,89608bcc62fffff
POI_IND_9999_0x3be7c3584d302c47:0x603cf94dbe119741,89608bcd583ffff
POI_IND_9999_0x3be87b8f1c8d26eb:0xf2d3cf49c264f518,89608b8e34bffff
POI_IND_9999_0x3be7c300304bf37f:0x5f12313ed3d112b7,89608bcc0cfffff
POI_IND_9999_0x3be7c3adf57a8fe9:0x2502c1f4f5607b3f,89608bcf523ffff
POI_IND_9999_0x3be7c98c8d8c3247:0x13861a5b69cc7173,89608b0b013ffff
POI_IND_9999_0x3be7c763c5417f4f:0x10e2ec4ee2184b69,89608b56d2bffff
POI_IND_9999_0x3be7b1b638be92ed:0x1129e7bdf6d6a291,89608b44653ffff
POI_IND_9999_0x3be7b74ded608ff5:0x430b9d65f126fc19,89608b44633ffff
POI_IND_9999_0x3be7b16b922e9ddb:0x20c152b8ad38fbd9,89608b4461bffff
POI_IND_9999_0x3be7b0f271a653bf:0x7578c161526243ab,89608b45447ffff
POI_IND_9999_0x3be7c893bc5c546b:0x279242f789e69e5d,89608b0b68bffff
POI_IND_9999_0x3be7c9bdc1e4737f:0xcb8f2550ac24cca0,89608b096c7ffff
POI_IND_9999_0x3be7b7a9c41dbd3f:0x52ea14acbf645457,89608b46043ffff
POI_IND_9999_0x3be7c9d9d759a57f:0x570ef45cac4a5ba2,89608b0b387ffff
POI_IND_9999_0x3be7b627ad61802d:0x718ac948c9209eb0,89608b0929bffff
POI_IND_9999_0x3be79519074c4f39:0x6258b69072105056,89608a24abbffff
POI_IND_9999_0x3be7af8dc0c98199:0xa7cc3a9e5ee5219b,89608b4ce03ffff
POI_IND_9999_0x3be7af8e886992bb:0x54d2bf766b462a83,89608b4dc87ffff
POI_IND_9999_0x3be71fb4a8e6bead:0x4e0ac200fb25344e,8942dbcd977ffff
POI_IND_9999_0x3be7a9007abcba29:0xc6ea8ab1f71ecc40,89608b4d227ffff
POI_IND_9999_0x3be7e92525557bed:0xc59ed3c139b5c366,89608bce44bffff
POI_IND_9999_0x3be7c3fe9accf1e1:0xb04092b5794f9266,89608bcc6c7ffff
POI_IND_9999_0x3be7c23fa5681f6b:0x28581944692a579f,89608bcc62fffff
POI_IND_9999_0x3be7c3c345fc1673:0xd1579abf784530f3,89608bcd527ffff
POI_IND_9999_0x3be7c3cde10c17a1:0x2e4f0697a94a9c59,89608bcf13bffff
POI_IND_9999_0x3be7dccb2874f96f:0xd63c113e080242c5,89608bced73ffff
POI_IND_9999_0x3be7e9b2b905eec1:0xc44710988ace0a78,89608bcf3c3ffff
POI_IND_9999_0x3be7c37bfdcfd26b:0xc5959be228b2d4c5,89608bcc61bffff
POI_IND_9999_0x3be7af83851fda31:0x6fce0f4c2ceae510,89608b4cc37ffff
POI_IND_9999_0x3be7ced27051f6dd:0xdd2b10b52301aeee,89608b0a66fffff
POI_IND_9999_0x3be7cf013017d0ef:0x6d7735e7a8f75594,89608b0a46fffff
POI_IND_9999_0x3be7c9874d9e0eb3:0x9d3864fdf1206fa9,89608b56987ffff
POI_IND_9999_0x3be7c97c13d1e693:0x314f1bab417e8c9b,89608b0b377ffff
POI_IND_9999_0x3be7c61e4cf6ac01:0xe6cd5b06827fa22,89608b569c3ffff
POI_IND_9999_0x3be7c931e2ea19d3:0x2e3ad8a770e4d836,89608b5489bffff
POI_IND_9999_0x3be7b7895b775889:0x1651c2b9d314ace,89608b471d3ffff
POI_IND_9999_0x3be7c92f56907b43:0xaac10c11e57e01b8,89608b0b157ffff
POI_IND_9999_0x3be7c810fc200fa5:0x8451c8dbd61a8e2a,89608b54803ffff
POI_IND_9999_0x3be7b749b5d7d5d1:0x6cb9f769976f8426,89608b095c7ffff
POI_IND_9999_0x3be7c909e9d4d267:0x1c035054ddb23d00,89608b0b137ffff
POI_IND_9999_0x3be7c9a4a6e41719:0x7d756d3b0880f0ba,89608b54e8bffff
POI_IND_9999_0x3be7c950a7c03e75:0x67d15345cd7f6fe6,89608b090bbffff
POI_IND_9999_0x3be7c9a283677415:0x42b78a4372fe272f,89608b5494fffff
POI_IND_9999_0x3be7b7f8e6f24eef:0xf0b4c56c1230ced7,89608b47143ffff
POI_IND_9999_0x3be7b18d590af25f:0x5012f6eed195510b,89608b4556bffff
POI_IND_9999_0x3be7b8fbc310fbff:0xb779ada218bc88cc,89608b55387ffff
POI_IND_9999_0x3be7b7a84bc7bb29:0xd7df535480570426,89608b46043ffff
POI_IND_9999_0x3be7cf42f0cfb71f:0x3679570fc22622b9,89608b0a55bffff
POI_IND_9999_0x3be7cf8d55011c43:0xbfc3c440c6325235,89608b0a02bffff
POI_IND_9999_0x3be7cebb41f0f65f:0x2fb44c7d9345d17e,89608b0a02fffff
POI_IND_9999_0x3be7cf3aa93694d9:0x9b32595aef219a9c,89608b010c3ffff
POI_IND_9999_0x3be7ce2430477fcd:0xb24b87b963171a78,89608b18987ffff
POI_IND_9999_0x3be7d1da67679c35:0xc44096d9101d09c8,89608b032d7ffff
POI_IND_9999_0x3be7b114b998c00d:0xc43e5aa07f9d0ce6,89608b45643ffff
POI_IND_9999_0x3be7bf5178e82b57:0x10b83a7d77294479,89608b57273ffff
POI_IND_9999_0x3be7bf226873866b:0x157648ef03e93cba,89608b554dbffff
POI_IND_9999_0x3be79460d32c2b47:0x7b5339920357ff2e,89608a24d07ffff
POI_IND_9999_0x3be7b963d87204b5:0xe5215b4e68501ba8,89608b553cbffff
POI_IND_9999_0x3be7d1df6b663dfb:0xe8a925078583cb98,89608b03247ffff
POI_IND_9999_0x3be7d1c0c4d0db9b:0xf32fe7c1b525748d,89608b03053ffff
POI_IND_9999_0x3be7b93c71a5e6ab:0x7843d649fb4c1d7a,89608b42167ffff
POI_IND_9999_0x3be796847456cb03:0x65ccc3f2e49de55,89608b5a59bffff
POI_IND_9999_0x3be7b9e21e356c77:0x7aa21d50adaa0f5c,89608b5537bffff
POI_IND_9999_0x3be7c17cac15aa57:0x26e477180ab16d57,89608b554cfffff
POI_IND_9999_0x3be7c398d314deb7:0x61e4d451dbbc88b,89608bccc03ffff
POI_IND_9999_0x3be7a996e1520ecf:0xfd4881e8d388460c,89608b4d8a3ffff
POI_IND_9999_0x3be7ae76ea47b04d:0x1e77f0cfe92ff923,89608b4cca3ffff
POI_IND_9999_0x3be7e90068843c09:0xfc1493ecd2a61dbb,89608bc1b37ffff
POI_IND_9999_0x3be7e9d2085e80e3:0x4644455f77367f57,89608bc1b0bffff
POI_IND_9999_0x3be7e9c8a7aa0df5:0xc5169958ae9007fb,89608bcf0abffff
POI_IND_9999_0x3be7c8375d132621:0xc5236c9b1cc9ddd8,89608b5490fffff
POI_IND_9999_0x3be7b969b0ccfdc1:0xf1b6a4ce27897b1a,89608b54ad3ffff
POI_IND_9999_0x3be7c93d17e2e4a5:0x62f92678f8dbb1a8,89608b549d3ffff
POI_IND_9999_0x3be7b62d0a26a387:0x90361554a296b356,89608b465bbffff
POI_IND_9999_0x3be7b7d4b5eeea2f:0x6921a7ed95d83d32,89608b4600fffff
POI_IND_9999_0x3be7b6f120bd65ef:0x1f1f1cae37ff91c8,89608b4630fffff
POI_IND_9999_0x3be7b621132f5e5d:0x88e4fb7b38b752fd,89608b0928fffff
POI_IND_9999_0x3be7b186e09d1619:0x2d961c07ad3bbf8a,89608b45597ffff
POI_IND_9999_0x3be7c913a043cfe1:0x8df5ba29e8ec0b83,89608b0b17bffff
POI_IND_9999_0x3be7c9f8dacbe379:0x7d07915cbb7d8a94,89608b09003ffff
POI_IND_9999_0x3be7c18deeeddb3d:0xdce9c24e3394a046,89608b50587ffff
POI_IND_9999_0x3be7b92729d76dc1:0x37f93de389da2ad1,89608b5528fffff
POI_IND_9999_0x3be7c131690e632f:0x241ca27e98f6a17e,89608bcd933ffff
POI_IND_9999_0x3be7bf3724e4489d:0xbf1b708a491ed74a,89608b57233ffff
POI_IND_9999_0x3be7c1270649d62b:0x3379194474ebd0c9,89608bcdb73ffff
POI_IND_9999_0x3be7b9e7936c4ec5:0xa33e62a11d1664a9,89608b55237ffff
POI_IND_9999_0x3be7bf0b42f08097:0xe8c5600ab8c9c4e8,89608b57233ffff
POI_IND_9999_0x3be7c3173664abab:0xa194e0bb48549d0c,89608bccc5bffff
POI_IND_9999_0x3be7b9fbe3a46f49:0xec14b7fc3d0e376b,89608b5530bffff
POI_IND_9999_0x3be7a7f48e2b3af7:0x9f8c7d84771bcfc6,8942db4ddb7ffff
POI_IND_9999_0x3be7afffdf043f7d:0x2efef55daa3aa2fb,89608b4ce57ffff
POI_IND_9999_0x3be71d652dccf067:0x7e1d71e17c9f586d,8942db552a3ffff
POI_IND_9999_0x3be7b60fa977dd83:0x504f973f3b5d9668,89608b46cb3ffff
POI_IND_9999_0x3be7c97a1a8a75d7:0xeaf1fe2b543c4a4a,89608b0b0dbffff
POI_IND_9999_0x3be7b0d6e865f881:0x762ea942562816e4,89608b47327ffff
POI_IND_9999_0x3be7c94fafff210d:0x708db9ca525a6b58,89608b0b657ffff
POI_IND_9999_0x3be7b76d2e1332f3:0x4f39efcbe478facd,89608b0920fffff
POI_IND_9999_0x3be7b63caef37f2d:0xb8291baadd055b71,89608b092c7ffff
POI_IND_9999_0x3be7c9bd9c651939:0x9288a12943d39d0e,89608b090bbffff
POI_IND_9999_0x3be7b1f37a8be47f:0xcc77007f2ff5b001,89608b45533ffff
POI_IND_9999_0x3be791c7751adfeb:0x6883c00b2fa8bf56,89608a25e2fffff
POI_IND_9999_0x3be7c1007a235f99:0x9b10f0ee9bf04bf2,89608bcdb07ffff
POI_IND_9999_0x3be795c59c257fe9:0xb984bab2e653fc85,89608a24d5bffff
POI_IND_9999_0x3be791a78d1075d7:0x9300d65b326b8bbd,89608a2516bffff
POI_IND_9999_0x3be7b93c2ca09dc1:0x556c1c1a62aaf1b6,89608b55247ffff
POI_IND_9999_0x3be7bf4ca5555557:0x63f745203036ba66,89608b554c3ffff
POI_IND_9999_0x3be7b1c252606e6d:0x2a910f5737eea4e7,89608b4524bffff
POI_IND_9999_0x3be7bb80c6ebebd1:0xa41129daee945a08,89608b400c7ffff
POI_IND_9999_0x3be7b9b68fd4cd8b:0x25044a8667c5bf6b,89608b553d7ffff
POI_IND_9999_0x3be7970020992061:0x20437a2cbcce4ad7,89608b512d7ffff
POI_IND_9999_0x3be7c3d47ff8238d:0x1200fe19e33ec3f7,89608bcc1b3ffff
POI_IND_9999_0x3be7bfcbbce1519d:0xdec2fd25f32d3211,89608b51ba3ffff
POI_IND_9999_0x3be7b13554489a77:0x7694f81631cf756a,89608b456cfffff
POI_IND_9999_0x3be7c14cfa4692ef:0x33ad28ebfd8233fd,89608bcd937ffff
POI_IND_9999_0x3be7c31aa0bae4b5:0xaea3e14b7e91caea,89608bcea4bffff
POI_IND_9999_0x3be7b037ba69b0bf:0xea70866fee218289,89608b45247ffff
POI_IND_9999_0x3be7b8ac8a668285:0x33751a65feec23d9,89608b55493ffff
POI_IND_9999_0x3be7958a9e1c5101:0x7b922f0d483c16e8,89608b511abffff
POI_IND_9999_0x3be7b045b503ff63:0x69e4e028b0000000,89608b452d7ffff
POI_IND_9999_0x3be7b92fd54e23cd:0x5ff0379b338db057,89608b5526fffff
POI_IND_9999_0x3be7b9a9e218365d:0x1f15b64ce90b0251,89608b42383ffff
POI_IND_9999_0x3be7b0762b3c0eed:0x35ab359dcf5cd89e,89608b40bcfffff
POI_IND_9999_0x3be795acb8c4fb7d:0x5b8214059d93973b,89608b51117ffff
POI_IND_9999_0x3be7bc24bfffff9b:0x7919d612623790d4,89608b4267bffff
POI_IND_9999_0x3be7d1da4fa4afe5:0xaaf0bc9b9de14ef2,89608b032c7ffff
POI_IND_9999_0x3be7cfab349c937b:0xf0d06e7065689190,89608b18d6fffff
POI_IND_9999_0x3be7c8ed8a3cdc59:0xff89dd84f5797a93,89608b0b607ffff
POI_IND_9999_0x3be7c7891e7f3ae3:0xb32e44ef9919a98f,89608b56d33ffff
POI_IND_9999_0x3be7b73fe25eb843:0x2e571ded344d2fb3,89608b09203ffff
POI_IND_9999_0x3be7c852830023b1:0x8e730e970d732319,89608b0b263ffff
POI_IND_9999_0x3be7c77def5f7853:0x17b41e3235604575,89608b569c3ffff
POI_IND_9999_0x3be7c9f7f16a1111:0x4cd90c2ba1043804,89608b5695bffff
POI_IND_9999_0x3be7c90043eff459:0xe3d0656e5813180f,89608b0b26bffff
POI_IND_9999_0x3be7b60f108398b9:0x36947d76fe426ac1,89608b093cfffff
POI_IND_9999_0x3be7c9388c9441bf:0x20883071c917c21b,89608b0b1a7ffff
POI_IND_9999_0x3be7b77972023ebb:0x74c16e8f38d8c96e,89608b44447ffff
POI_IND_9999_0x3be7b71856aa36ef:0x22b77fcf5f68b658,89608b440abffff
POI_IND_9999_0x3be7b9697e8f3c55:0x29cfeb2ec7c59944,89608b55ed3ffff
POI_IND_9999_0x3be7c9cc5cc9b395:0x81eebf1346226fe7,89608b0944bffff
POI_IND_9999_0x3be7aa288059f5e3:0xd5b653fc2cbabc8d,8942db48873ffff
POI_IND_9999_0x3be7c81127040d7f:0x168bbbe5837d111,89608b549c3ffff
POI_IND_9999_0x3be7c936896f55bd:0xf340c3b4e1d806f1,89608b0954fffff
POI_IND_9999_0x3be7c9e1f31bc755:0x4ea4362942ce50e3,89608b0906fffff
POI_IND_9999_0x3be7c84745cd90e3:0xcc43e709144b2ae0,89608b549dbffff
POI_IND_9999_0x3be7b7fc410d2bcd:0xa9d9903577b67e20,89608b0920bffff
POI_IND_9999_0x3be7c620a0d29437:0x4a02392635008546,89608b5695bffff
POI_IND_9999_0x3be7c93c3083d1f3:0xe2d55cd5de9eee5f,89608b56d27ffff
POI_IND_9999_0x3be7c9d261151f53:0x70b286770ecaf609,89608b0968fffff
POI_IND_9999_0x3be7c9d3b299e919:0x964347e9ff84cb3b,89608b09617ffff
POI_IND_9999_0x3be7c8a936ddecc5:0x47d6039a8acbd79b,89608b19a5bffff
POI_IND_9999_0x3be7c7392047b205:0xc94e12a6b64a7996,89608b56acfffff
POI_IND_9999_0x3be7c86ded542b17:0xa8f85d53671c7654,89608b54d5bffff
POI_IND_9999_0x3be7b92397fd1d9b:0x85cb5e7e52758267,89608b55203ffff
POI_IND_9999_0x3be7b9217e12177f:0x6500f4da29506269,89608b4232fffff
POI_IND_9999_0x3be7b92272021c5f:0x9dbaeb1280fa4d18,89608b55207ffff
POI_IND_9999_0x3be7c3388aa38b6b:0x47a1cfd530bc62df,89608bccad3ffff
POI_IND_9999_0x3be7953b2527e355:0x4b37ce63fa6a51b,89608b51103ffff
POI_IND_9999_0x3be795e9e9155555:0xbc659a68e967ef73,89608b51003ffff
POI_IND_9999_0x3be795bfa2711999:0xf1dc73e204657b67,89608b5152bffff
POI_IND_9999_0x3be7c9699c674011:0x345d5e99db0a3f2a,89608b0868bffff
POI_IND_9999_0x3be7b6f6a0ff064b:0x68d79cdaf27e77e8,89608b46333ffff
POI_IND_9999_0x3be7b77a40460c63:0x8b75b9a7b70d7849,89608b0920fffff
POI_IND_9999_0x3be7c9a5fc446a8f:0x34328a9ccb4a5c6d,89608b5490bffff
POI_IND_9999_0x3be7c8e01d983e2f:0x8c21c577f5500826,89608b0b0abffff
POI_IND_9999_0x3be7b75a80ce7651:0x2cf2e8d99514064a,89608b0924fffff
POI_IND_9999_0x3be7c8ec2f38657b:0xcdc8ba8aba2faa6b,89608b0b6afffff
POI_IND_9999_0x3be7c94bd9ffb9c3:0xe3820fc467efa98b,89608b0b1afffff
POI_IND_9999_0x3be7b3479e87c997:0x99224bf73730f563,89608b4598bffff
POI_IND_9999_0x3be7c8255bdd36c5:0x667e3040cf3906da,89608b5494fffff
POI_IND_9999_0x3be7af79a4885eff:0x7ec799fb3e2d7b44,89608b4ceafffff
POI_IND_9999_0x3be7af8b2b74d0a3:0xafaf052d0410e7c,89608b4dd93ffff
POI_IND_9999_0x3be7c3a6161bad25:0x74071d9ffa35e0df,89608bce9dbffff
POI_IND_9999_0x3be7b6526c4a87d9:0x38249145225e262f,89608b46033ffff
POI_IND_9999_0x3be7b70dfb049bd5:0xb3a9ee6586d126cf,89608b09257ffff
POI_IND_9999_0x3be7c9000ae57e35:0xb4e8a2cb88e36220,89608b0b133ffff
POI_IND_9999_0x3be7b75f5ef01021:0x4ca1f50df2a9c893,89608b44557ffff
POI_IND_9999_0x3be7b6ce80c8ce7b:0xbf0a09661377dcd5,89608b46307ffff
POI_IND_9999_0x3be7b6e292e34d15:0xfe1042e8b884d701,89608b46223ffff
POI_IND_9999_0x3be7b1569f0bf11b:0x22d3fe4b0f47d546,89608b44643ffff
POI_IND_9999_0x3be7b73676f0a9e5:0x747d462429eef295,89608b460b3ffff
POI_IND_9999_0x3be7b9ebbdbf153d:0x97df5d78bc080f18,89608b550a3ffff
POI_IND_9999_0x3be7b1adfb08e72d:0xe2c27158ffa71229,89608b4566fffff
POI_IND_9999_0x3be7b046c96ee529:0xb66ba926f851a439,89608b452b3ffff
POI_IND_9999_0x3be7bfb9e9dc2fe3:0xaa0b4951392e622e,89608b57273ffff
POI_IND_9999_0x3be7c3c19bd40e17:0xce70bd12df293151,89608bcce1bffff
POI_IND_9999_0x3be7b1ff781a72a5:0x9580fa104b378657,89608b4e577ffff
POI_IND_9999_0x3be7bb1b2c489ac9:0x74a5e81e2139f5e6,89608b42327ffff
POI_IND_9999_0x3be7b12108a6b17f:0x7e7c1735a0dd7127,89608b4e117ffff
POI_IND_9999_0x3be7cf001600eb3f:0x2dc46339ef53096b,89608b0a523ffff
POI_IND_9999_0x3be7cf205482895d:0xcf35c5436dccd7d7,89608b18b87ffff
POI_IND_9999_0x3be7d1dd5f99cc61:0xc7518a2525ba82bb,89608b032abffff
POI_IND_9999_0x3be7cfd164c44c81:0x88b66fc3dbc7783c,89608b0a66fffff
POI_IND_9999_0x3be7d113c4fbac23:0x213026c1252e5bff,89608b032d3ffff
POI_IND_9999_0x3be7ce1e68ed4d6d:0xedeba9733f92e5e2,89608b03233ffff
POI_IND_9999_0x3be7ce110c79fdf7:0xdd7d0647954855b1,89608b01443ffff
POI_IND_9999_0x3be7cf0107e971a9:0xd0c788bb8090e328,89608b0a6a3ffff
POI_IND_9999_0x3be71e57ebf89c3d:0x90bfaf104f6a3c9d,8942db5663bffff
POI_IND_9999_0x3be71d0015a9d893:0x512f3ff7fa6764de,8942db55063ffff
POI_IND_9999_0x3be7d198bc17c8bd:0x49ed8a9839b7d0aa,89608b03287ffff
POI_IND_9999_0x3be7cf1121dfae31:0xcd8c14627aad873c,89608b0a087ffff
POI_IND_9999_0x3be7cf6e764d869f:0x5c1405ee56c44a07,89608b01697ffff
POI_IND_9999_0x3be7bf025681cbd7:0x206a48306234d5ae,89608b511abffff
POI_IND_9999_0x3be7bf1e1a841a6b:0x3c0235dabfdcbfe,89608b511abffff
POI_IND_9999_0x3be7b95e5b38f443:0xb68c064e692495c5,89608b423a7ffff
POI_IND_9999_0x3be7bba58d9d7175:0x1d8061d501bdaaa9,89608b404abffff
POI_IND_9999_0x3be7bf1f409090e1:0xa12a93f3ef8913bb,89608b511abffff
POI_IND_9999_0x3be7c3001a148ddf:0x53fd458f0aa10482,89608bcc637ffff
POI_IND_9999_0x3be7d1bf74c9704d:0xd512dc550a4aba0a,89608b03057ffff
POI_IND_9999_0x3be7cf0cd60ae15f:0x296137b7089a70ec,89608b0a503ffff
POI_IND_9999_0x3be7c92c65bdc5cb:0xe998bde5bd87fd6e,89608b0b5afffff
POI_IND_9999_0x3be727098e249e9d:0x549fdcdafdbea4c3,8942dbc4327ffff
POI_IND_9999_0x3be7a980bcff881d:0xa035841ffca04156,8942db48b53ffff
POI_IND_9999_0x3be7937fe0904a05:0x2c77541adaeb133c,89608a26b47ffff
POI_IND_9999_0x3be79364c4bc65e9:0xaf20ec4fa1187fdd,89608a26b43ffff
POI_IND_9999_0x3be7b9a0dc34965b:0x4b1980da70925cc2,89608b40597ffff
POI_IND_9999_0x3be79587531d8223:0xe7c4a3446ad0869d,89608b5020bffff
POI_IND_9999_0x3be7c133e6308dfb:0xe140c61626c792eb,89608b566d3ffff
POI_IND_9999_0x3be7943984ee4685:0xc48dcc43613d7ec1,89608a24947ffff
POI_IND_9999_0x3be7c8e7f9f0767f:0x7416ff01ce7ad4b5,89608b0b09bffff
POI_IND_9999_0x3a35e54988ce8c69:0x9c0d1b573a855ba0,89608b096b3ffff
POI_IND_9999_0x3be7c9e6efffffff:0x1a338f1cb3ce0ac,89608b09097ffff
POI_IND_9999_0x3be7c78ae8723065:0xe333f0e830d7b98d,89608b56aa7ffff
POI_IND_9999_0x3be7c85bfc54069b:0xadd0d13590dc633,89608b54d7bffff
POI_IND_9999_0x3be7c9149fb7f017:0xacaac82ab61a1561,89608b0b177ffff
POI_IND_9999_0x3be7c9b58199f215:0xdf6eb600d57ccb8c,89608b0941bffff
POI_IND_9999_0x3be7c9db5f2d3c07:0xff346f21b983ec18,89608b095c7ffff
POI_IND_9999_0x3be7b14a6c66d2fd:0x6eddc501274fedaf,89608b44637ffff
POI_IND_9999_0x3be7957c068c85b1:0xccfb1de5e6cad25a,89608b5160fffff
POI_IND_9999_0x3be7b9397ae48f65:0x779f847d7cfef9d5,89608b5524bffff
POI_IND_9999_0x3be795289cdcaaf3:0x61d04ddca34a76d,89608b5336fffff
POI_IND_9999_0x3be7bbca3ad35885:0xa56016b309645e16,89608b404a3ffff
POI_IND_9999_0x3be7bb042126393b:0xa9556b96071a880b,89608b40317ffff
POI_IND_9999_0x3be7c3d8af2daeed:0x13cec7c0aac1863a,89608bcea4bffff
POI_IND_9999_0x3be79352cca43b4b:0x957547b0fa54d01f,89608a26187ffff
POI_IND_9999_0x3be7972d87d7cb91:0xe6c5bae1da157146,89608b512d3ffff
POI_IND_9999_0x3be7bb22f8ca94ed:0x7637ca1ece733f36,89608b40423ffff
POI_IND_9999_0x3be7d13baca6e513:0xa086646382ba9ff1,89608b0300bffff
POI_IND_9999_0x3be7ce240e79e523:0xe21df5b9df295b2f,89608b189b3ffff
POI_IND_9999_0x3be7cf080087e26f:0x6af26cf24c86d931,89608b0168bffff
POI_IND_9999_0x3be7cf67d30ec5b9:0x67b922c7076a4b41,89608b0a08bffff
POI_IND_9999_0x3be7b7783b33bcef:0x78601c998d77d384,89608b09273ffff
POI_IND_9999_0x3be7c9ce8ea7efbf:0xb2dc17badfe589fc,89608b096b3ffff
POI_IND_9999_0x3be7c73a866ecb37:0x566d78c582f44106,89608b56867ffff
POI_IND_9999_0x3be7c70006022b05:0xced81791650098cc,89608b56a87ffff
POI_IND_9999_0x3be7b7230212c03d:0xc035e54c26667e2a,89608b446b7ffff
POI_IND_9999_0x3be7c92dd3fb1915:0x5bf202a9900faa42,89608b0b3d3ffff
POI_IND_9999_0x3be7b6f11f1fd7e1:0xf655123da322651,89608b4630fffff
POI_IND_9999_0x3be7b7c0ff4de383:0x82a240ef4c090f9c,89608b444d3ffff
POI_IND_9999_0x3be7b7a9ecc62cf3:0x5b3a5fe482302097,89608b46043ffff
POI_IND_9999_0x3be7b640bf515f05:0xc9cd8fd5c80e87bd,89608b461bbffff
POI_IND_9999_0x3be7c9c776b3dfad:0x26abc6a51abf15e1,89608b0b0d3ffff
POI_IND_9999_0x3be7c99320e714c9:0xaeead52c950a90a,89608b0b65bffff
POI_IND_9999_0x3be7b12deb70e361:0x4ac49707093c0985,89608b4463bffff
POI_IND_9999_0x3be7b12db869711b:0xe92959f0d354879f,89608b4463bffff
POI_IND_9999_0x3be7c7be0cd78edf:0xcabbb12749613b63,89608b541c3ffff
POI_IND_9999_0x3be7c7a93e93d017:0x42c4c4d688c36dbe,89608b56d43ffff
POI_IND_9999_0x3be7c914959faa07:0xfc8692373c801a9b,89608b0b177ffff
POI_IND_9999_0x3be7c9f34da49d31:0x20c147f8b3caba19,89608b0b163ffff
POI_IND_9999_0x3be7b7313ad6e75f:0xd6e59785ffb75257,89608b4442fffff
POI_IND_9999_0x3be7b92ccc2fb263:0x7c2fbb1e22dc49c8,89608b425bbffff
POI_IND_9999_0x3be7c158b260a37f:0x36d13b261c284db7,89608bcdd5bffff
POI_IND_9999_0x3be7c144497c0001:0x321e7981d902856e,89608bcdd2bffff
POI_IND_9999_0x3be7c34f66ca1c51:0xc0be2527b9a6fb85,89608bccc4bffff
POI_IND_9999_0x3be793815d403303:0x39921daa4794c626,89608bc924fffff
POI_IND_9999_0x3be79560c6caf507:0x8fe214c83b2ba3cb,89608a24b3bffff
POI_IND_9999_0x3be7933eb62b17f7:0x86e36876bea1e89f,89608bc924fffff
POI_IND_9999_0x3be7b938ef540a91:0x33ac08d2621afb6f,89608b5524bffff
POI_IND_9999_0x3be7c14e64c4d731:0x8cc91650541ee54,89608bcd933ffff
POI_IND_9999_0x3be7930aa0c80831:0x9a6ba9ec79dd37c,89608a26bcbffff
POI_IND_9999_0x3be79514774c3f83:0x35b668b3c198353e,89608b5227bffff
POI_IND_9999_0x3be7ce6e29e2c8cf:0x52460738657ee923,89608b0163bffff
POI_IND_9999_0x3be7ced1b9af0735:0x20a816185865d124,89608b0a677ffff
POI_IND_9999_0x3be7ce6743f65149:0xfa45d5f62fa794d4,89608b0a597ffff
POI_IND_9999_0x3be7cee7607c27a9:0xfc044c780c3e0cbf,89608b0a4abffff
POI_IND_9999_0x3be7cee5e597cfe7:0xa1a59cc2efbbc8bf,89608b0a473ffff
POI_IND_9999_0x3be7ce11f86e09b3:0x7d50a8a335537da0,89608b0144fffff
POI_IND_9999_0x3be7a987fefe5b89:0x7d6db2e5ca80bd66,8942db48877ffff
POI_IND_9999_0x3be7afc7a48b3b0d:0xa4fd4044ed7b642e,89608b4dd93ffff
POI_IND_9999_0x3be71cc297535fb5:0xd94ee337fd90f816,8942db552a3ffff
POI_IND_9999_0x3be7a97fab9c9c35:0xffc3ce94996d288e,8942db48b2bffff
POI_IND_9999_0x3be7af02ef69b0e9:0x701cf2fd4630a92c,89608b4e16fffff
POI_IND_9999_0x3be71dee99d27b35:0x9c8bfd040a46009a,8942db5504fffff
POI_IND_9999_0x3be7abe77b8a1765:0xf9178f6fc794a38b,8942db48aa3ffff
POI_IND_9999_0x3be7e9ed641a5ae9:0x175721d951d8d45e,89608bce6bbffff
POI_IND_9999_0x3be7bdfc0fe9d4f7:0xbb8a8bea6c557c24,89608b42233ffff
POI_IND_9999_0x3be7b1cf27e216a3:0xbe3807ba689ca46,89608b4561bffff
POI_IND_9999_0x3be7c0dd8b6da1a9:0x37deb2a938bd9e94,89608bcc157ffff
POI_IND_9999_0x3be7b10053817533:0xa11ea6b87462db56,89608b4e517ffff
POI_IND_9999_0x3be7bf94cd7c7e63:0xaadbf42c50056519,89608b50cb7ffff
POI_IND_9999_0x3be797cce37bf3ad:0xc4b1d15e5b4bc955,89608a24b2bffff
POI_IND_9999_0x3be7b19114df8227:0xed3a29eec28429c6,89608b4526fffff
POI_IND_9999_0x3be7c716973da153:0x115991f8e02663ee,89608bcc28bffff
POI_IND_9999_0x3be7aeb92a446ddd:0xe63b669dafb500f1,89608b4dd8fffff
POI_IND_9999_0x3be7c3346017c777:0x8f209f243e1c8308,89608bced7bffff
POI_IND_9999_0x3be7b800f4feb829:0xc22a08b554d81cb,89608b54e7bffff
POI_IND_9999_0x3be7b70016471473:0xe3d23b1d59ec1cda,89608b47113ffff
POI_IND_9999_0x3be7b7ece11f3c29:0xfbd8d63b39ddab67,89608b559a7ffff
POI_IND_9999_0x3be7b7539b399075:0x64b1657c660e833a,89608b446a7ffff
POI_IND_9999_0x3be7c93fb762ad13:0x7e19d16ae6c7e4a2,89608b0b133ffff
POI_IND_9999_0x3be7c96bd55a633b:0xf73ef8a1cc8ac523,89608b086c7ffff
POI_IND_9999_0x3be7b729e6a56f4f:0x8b81c35f45de1c01,89608b463c7ffff
POI_IND_9999_0x3be7b64c2ea3d18b:0xedbc64de46889c9b,89608b461dbffff
POI_IND_9999_0x3be7b72986acc051:0x4588fac006f0a606,89608b46587ffff
POI_IND_9999_0x3be7b7c5fc0379d3:0x7c654e195dc237fb,89608b446abffff
POI_IND_9999_0x3be7e835137064df:0xa5774f9131b955dc,89608bcf557ffff
POI_IND_9999_0x3be7c3cefb965817:0x1aac8e9391f32f15,89608bcc0cfffff
POI_IND_9999_0x3be7e96d242075dd:0x1159656a4c00c500,89608bc1b6fffff
POI_IND_9999_0x3be8712abb147ecb:0x1e75386c7ed9dd7f,89608b81933ffff
POI_IND_9999_0x3be7e997f49abc63:0xf42255be131f7ce5,89608bcf113ffff
POI_IND_9999_0x3be7b798ec2c6e9b:0xe38ca63b82f8756e,89608b0927bffff
POI_IND_9999_0x3be7c9a7ceef56f1:0x82a734fd0c9f23e7,89608b0920fffff
POI_IND_9999_0x3be7c94117bf64eb:0xd76ce408db435ea6,89608b0b177ffff
POI_IND_9999_0x3be7b63d6198d70d:0x9554641a27be429,89608b461b3ffff
POI_IND_9999_0x3be7b11c2786885d:0xae9c3071981299db,89608b4463bffff
POI_IND_9999_0x3be7c917aaf3d2e7:0x810500c20f7a939b,89608b0b10bffff
POI_IND_9999_0x3be7b75dc75fb493:0x817a94a996ca2179,89608b44437ffff
POI_IND_9999_0x3be7b700285213c3:0xe00351bca7b0d8b4,89608b46273ffff
POI_IND_9999_0x3be7b6f1a70618fd:0x43a06f9c026f2636,89608b4630fffff
POI_IND_9999_0x3be7b793379cd84f:0xbe14eb990e148428,89608b4637bffff
POI_IND_9999_0x3be7af9f5c423fcd:0x632310952faa1ad6,89608b4ceabffff
POI_IND_9999_0x3be7cf866d1aafe5:0xc3097c165aaa87b2,89608b0a54bffff
POI_IND_9999_0x3be7d1c134444d77:0x13d5dadf1d5bf201,89608b0305bffff
POI_IND_9999_0x3be7cf00751a73c9:0x35eed3d996945988,89608b0a557ffff
POI_IND_9999_0x3be7afbab3cf1e61:0xb0008ea09385e1e0,89608b4dd83ffff
POI_IND_9999_0x3be7ae8542cdc9b9:0xb29627879d81fe6b,89608b4ceabffff
POI_IND_9999_0x3be7a9c853feacbd:0xae658b735760425c,89608b4db17ffff
POI_IND_9999_0x3be7abed43f81cdb:0x518cf231350c1349,8942db4880fffff
POI_IND_9999_0x3be7ce3ef1c61219:0x7964717f5de53d91,89608b18977ffff
POI_IND_9999_0x3be7cff12a2207d5:0x73b3f5df0615e537,89608b0a51bffff
POI_IND_9999_0x3be7cf4b702bc131:0xb2d737740ce1b888,89608b0a493ffff
POI_IND_9999_0x3be7d19281841809:0xddee9b5bec47453c,89608b0328fffff
POI_IND_9999_0x3be7ce0e21a46a49:0x9fe40c7b79ce912d,89608b0147bffff
POI_IND_9999_0x3be7ab3ebd208fa3:0x85e1d9ebe9787c98,8942db49cbbffff
POI_IND_9999_0x3be87b8ba437dfb1:0x7e95335d68b524f0,89608b8e34bffff
POI_IND_9999_0x3be7e9a37e5ffd19:0x513bc615867d6ae0,89608bcf5c7ffff
POI_IND_9999_0x3be7aec01a87a72d:0xae615f4cdcc1626e,89608b4c32fffff
POI_IND_9999_0x3be71ce807c9d65d:0xcb8a97051e828a56,8942db552b3ffff
POI_IND_9999_0x3be7a970cd28b271:0xe4d0aa89b46bd37e,89608b4db17ffff
POI_IND_9999_0x3be7b9485ae6e33f:0xb52189e917245739,8942db4880fffff
POI_IND_9999_0x3be7cff49b066f87:0x13253fc2fc5c0de3,89608b01457ffff
POI_IND_9999_0x3be7cf91b5934b89:0x5d58c103286cfb7a,89608b18b6bffff
POI_IND_9999_0x3be7cfaa127c8f61:0x767372fa60f754b2,89608b0a667ffff
POI_IND_9999_0x3be7cf1e5b4b7ed1:0x4465e75ef5619f70,89608b0168fffff
POI_IND_9999_0x3be7addc6d2326c9:0x351c4e2ade79d5b,8942db49b43ffff
POI_IND_9999_0x3be7a98b38d14977:0xf4063ad680767be3,8942db488a7ffff
POI_IND_9999_0x3be7afcfb4dfc2ad:0x892552a112ee1a64,89608b4cc6bffff
POI_IND_9999_0x3be7bbdc6d0ae637:0xf56e5315a07010c9,89608b4e49bffff
POI_IND_9999_0x3be7a92ed8264e85:0xe59d01e44812772c,8942db48b9bffff
POI_IND_9999_0x3be7c9000a3b175d:0x2f289a5ec6292a35,89608b095c7ffff
POI_IND_9999_0x3be7c7e483ff7bc5:0x4aedaa4c28e9096e,89608b54e9bffff
POI_IND_9999_0x3be7c804dc695b67:0x798f1b3a08ba717e,89608b54843ffff
POI_IND_9999_0x3be7b7c4e0ff9fa1:0xdfb5c5110da267ac,89608b0927bffff
POI_IND_9999_0x3be7b14ef5fd632f:0x69cc5696f8229add,89608b4553bffff
POI_IND_9999_0x3be7b745c8a1b043:0xb7ff9a28e8d781c3,89608b0937bffff
POI_IND_9999_0x3be7b70033014ebf:0x66895f4019268538,89608b465afffff
POI_IND_9999_0x3be7b7003b623209:0x39160d023e2a29fd,89608b09203ffff
POI_IND_9999_0x3be7b133f3877f5d:0x62108cd1e0ee2dc9,89608b44293ffff
POI_IND_9999_0x3be7b7bc7a951977:0xfe6fb3317236c938,89608b440c3ffff
POI_IND_9999_0x3be7c9a1267f8e7f:0xe17360c5cea4680c,89608b086c7ffff
POI_IND_9999_0x3be7c8edf7a1e495:0xea1c6de018c9d6ae,89608b0b633ffff
POI_IND_9999_0x3be7c90023688d55:0xd7dbf86e00108f8,89608b548a3ffff
POI_IND_9999_0x3be7c927c779e91f:0x8787f3c14789db71,89608b0b14bffff
POI_IND_9999_0x3be7b0fda26c15f5:0x286d70e28ceab37,89608b450bbffff
POI_IND_9999_0x3be7bb9bdfbaf40d:0xb315c5d9673fc410,89608b4236bffff
POI_IND_9999_0x3be7b161aaed1add:0x5bb29599b48c91e8,89608b4e577ffff
POI_IND_9999_0x3be71f94d8ec9283:0xb901681a3bcb7af7,8942db56293ffff
POI_IND_9999_0x3be71c329eb18739:0x853e9a2140325672,8942db573b3ffff
POI_IND_9999_0x3be7af31d4852dd5:0xeb18b6d912649268,89608b4dc2bffff
POI_IND_9999_0x3be7b95b3514d74b:0x1d13052d78e4f8cc,89608b42147ffff
POI_IND_9999_0x3be7b0f39d8f94b3:0xc747bc104d9b2514,89608b4544fffff
POI_IND_9999_0x3be7c13a7d2da6eb:0x69ee2a0262d35a4b,89608bcdbbbffff
POI_IND_9999_0x3be7b96324ea6103:0x2bccfb9435eb9385,89608b5524bffff
POI_IND_9999_0x3be7976d30566fbf:0x54fbdd9fe2f4dd8c,89608b5a513ffff
POI_IND_9999_0x3be7946cee372d8d:0x1f42dc0def62d5b9,89608a248b3ffff
POI_IND_9999_0x3be7c3004ba34011:0xa21c5fd4248390ee,89608bccc03ffff
POI_IND_9999_0x3be7b91ed7706fcf:0x327f61d5a6c112f,89608b42ec3ffff
POI_IND_9999_0x3be7c995667c50e7:0xb3511a6b349ef870,89608b09543ffff
POI_IND_9999_0x3be7b6f72059f905:0xb5fd21fe0497b31d,89608b46307ffff
POI_IND_9999_0x3be7c90005d6e377:0x7f9fd051fe1bcca3,89608b086c3ffff
POI_IND_9999_0x3be7b7d5f4b29dfd:0x9bfd8f3152673111,89608b461a3ffff
POI_IND_9999_0x3be7b1acf93bc28d:0xe1b4fb151842c510,89608b47337ffff
POI_IND_9999_0x3be7c9167cb85df3:0x97b7b798b39b0879,89608b0b10bffff
POI_IND_9999_0x3be7c92df97ce6b3:0x4557466448f346b6,89608b086c7ffff
POI_IND_9999_0x3be7c9fced6cf2c9:0xc186562941861c7,89608b086c3ffff
POI_IND_9999_0x3be7c90029a90c85:0xa61ecb45ec9374f5,89608b549dbffff
POI_IND_9999_0x3be7b61fa6217095:0x52e966c356118306,89608b092a3ffff
POI_IND_9999_0x3be7cf2610c6f6f7:0xe70f30796b16a0dd,89608b0a6cbffff
POI_IND_9999_0x3be7c8d3690e6127:0xdae277b0048abce2,89608b0b5d3ffff
POI_IND_9999_0x3be7cef066b68ab3:0xc03d162886c27f36,89608b0a433ffff
POI_IND_9999_0x3be7d1dc9e55a795:0xf11256967539e4d1,89608b0328fffff
POI_IND_9999_0x3be7cf1fede8e3d3:0x5ac217d169e043a5,89608b01443ffff
POI_IND_9999_0x3be7cf9cd097cf95:0xc361a2144a7d6c6f,89608b0a51bffff
POI_IND_9999_0x3be7e9260b0aa287:0x8e2a25dff47a43d8,89608bcf1bbffff
POI_IND_9999_0x3be7e9109396612b:0x966cae4107dc60a0,89608bcf11bffff
POI_IND_9999_0x3be7c905581e2e09:0x4cef3c83e5e93207,89608b0b387ffff
POI_IND_9999_0x3be7b12ea94f9d77:0xf2a6a2f8041dd07c,89608b446c3ffff
POI_IND_9999_0x3be7c93d465db507:0xdd32845078fd19d0,89608b0b387ffff
POI_IND_9999_0x3be7b12d986fd809:0x2e0eb9d1da20c77a,89608b4463bffff
POI_IND_9999_0x3be7c9b36afd99a1:0x6d55c8d5cff60c23,89608b094cbffff
POI_IND_9999_0x3be7c76b18b9aa35:0x40b8b59551d6412d,89608b56a23ffff
POI_IND_9999_0x3be7c962477f5c21:0x6eb1dab0627acbd8,89608b0b0b7ffff
POI_IND_9999_0x3be7c950382c58a5:0x31ebdefaca4c2e32,89608b0b12fffff
POI_IND_9999_0x3be7c7e67294fde3:0xb7b09365b7a6c758,89608b54e93ffff
POI_IND_9999_0x3be7c978fb8518c9:0xc621e939d02cb6f9,89608b09017ffff
POI_IND_9999_0x3be7c96488e8f32d:0x546ac33dd2d81cd5,89608b0b1afffff
POI_IND_9999_0x3be7c3adb2d99863:0xeecb55e47d2af459,89608bcc62fffff
POI_IND_9999_0x3be8794cca1df439:0x54a2867437432468,89608b8c6cfffff
POI_IND_9999_0x3be7c23e49d44387:0xa163f72fe6403898,89608bcc637ffff
POI_IND_9999_0x3be7c23fddd2be7b:0x90baffd4d5ddc7d4,89608bcc627ffff
POI_IND_9999_0x3be7d77eadcb63c9:0xb6465ebabeccb6d9,89608b1217bffff
POI_IND_9999_0x3be7c38963c92965:0x65b028df65f6d430,89608bcc62fffff
POI_IND_9999_0x3be87984034d26d9:0xb129fbd83ac80be7,89608b8d547ffff
POI_IND_9999_0x3be7a9f52161a407:0x70de832da7038a4d,8942db488a7ffff
POI_IND_9999_0x3be7c385287e5ead:0xc5d28a054c900158,89608bcc053ffff
POI_IND_9999_0x3be7e98a2ada66f5:0x6ecf80dd91ee77f6,89608bcf507ffff
POI_IND_9999_0x3be7e841d0f751a9:0x277a16c73b6e0295,89608bc1b37ffff
POI_IND_9999_0x3be7c3e319b4465d:0x9ada7ccf7279f8e,89608bcea4bffff
POI_IND_9999_0x3be7bf473899bae9:0x2883c342585d681e,89608b50563ffff
POI_IND_9999_0x3be7b9e1f6ef5891:0x8e42ea744760a13e,89608b5526bffff
POI_IND_9999_0x3be7c3dc15378481:0x951d4be5209d224b,89608bcc32fffff
POI_IND_9999_0x3be7b9056d5a3955:0x7b9be4fdc1e7b1ae,89608b5530fffff
POI_IND_9999_0x3be7b18332c4ee57:0x81c0ae920e5ca741,89608b4e5b3ffff
POI_IND_9999_0x3be7cfe5fc5859fd:0xa84c964bb6d675ee,89608b0a6cbffff
POI_IND_9999_0x3be7d1927ad8cde1:0x84a45845af7e52fe,89608b03287ffff
POI_IND_9999_0x3be7cff6a11c6a5f:0xccb26946c93baa82,89608b016a7ffff
POI_IND_9999_0x3be7cf531a63f7f9:0xb6333415ff89616,89608b0a473ffff
POI_IND_9999_0x3be7cedc6b49cef9:0x581d9a086efaa112,89608b0a6abffff
POI_IND_9999_0x3be7cfcb6340ca4f:0xb5db994a03751132,89608b0a55bffff
POI_IND_9999_0x3be7c9a4e8c2cb93:0x41e1c967fa3e0c91,89608b0a2cbffff
POI_IND_9999_0x3be7d1b4a9fe51a5:0x8c32e2a00a03d8c9,89608b03287ffff
POI_IND_9999_0x3be7e86b75b1e55b:0xada9728b78b29842,89608bc1ba7ffff
POI_IND_9999_0x3be7cf099ea7be7b:0x81537a525162fc27,89608b18903ffff
POI_IND_9999_0x3be7ce79b5585c77:0xf3e6742339784ffe,89608b01293ffff
POI_IND_9999_0x3be7c9fc250fbc9d:0xd80e5057eaebc3d1,89608b0b527ffff
POI_IND_9999_0x3be7d1ec03a13f3b:0xec05a6e412c6b9de,89608b0306fffff
POI_IND_9999_0x3be7ced14218f28b:0x8074e2db40855e2f,89608b0a0b3ffff
POI_IND_9999_0x3be7ce8cbe4796a1:0xc4d710621fa20890,89608b0a54bffff
POI_IND_9999_0x3be7c132ddfb69a1:0xe311eac3f33e4be3,89608bcd9c3ffff
POI_IND_9999_0x3be7950d080a5edb:0x4ce6af7475f3e065,89608b5a507ffff
POI_IND_9999_0x3be7ed2d6d781de7:0x3539781e1b37957d,89608a26537ffff
POI_IND_9999_0x3be7b93e3f4659e5:0x5430b35ee864bc73,89608b420a7ffff
POI_IND_9999_0x3be7b9e61e5c1e5d:0x46a134dad4054b52,89608b5526fffff
POI_IND_9999_0x3be7b9d4d5e1ad77:0xa089f45f6d64662,89608b55213ffff
POI_IND_9999_0x3be795919c9f6103:0xee3895f5b0278f36,89608b51563ffff
POI_IND_9999_0x3be7b1007e7ec015:0x437900cd5570224d,89608b45663ffff
POI_IND_9999_0x3be7b9e7560eaa5b:0xe4bb2e5c61eea393,89608b421a3ffff
POI_IND_9999_0x3be7b9f5d7c269d1:0x2edef507f1798ed7,89608b423d7ffff
POI_IND_9999_0x3be795a6b11a154f:0xcb6221ba56d6878c,89608a26ba7ffff
POI_IND_9999_0x3be7b93fec49c997:0x59d715651d46d107,89608b421a7ffff
POI_IND_9999_0x3be7c3b3860ffe95:0xc42a5c7425115866,89608bcc143ffff
POI_IND_9999_0x3be7ce0b566e9bd1:0x9225f76f7d64edc9,89608b016a7ffff
POI_IND_9999_0x3be7d1c34895ab79:0x22b1c0dca90c51e3,89608b0328fffff
POI_IND_9999_0x3be7d1bf6d035773:0x14a275379c10ed68,89608b030cfffff
POI_IND_9999_0x3be7cf66457e219d:0x813282bea82673b4,89608b016a7ffff
POI_IND_9999_0x3be7cf21727d5445:0x4ac429d3d3ab2752,89608b0144fffff
POI_IND_9999_0x3be7d1daffffffff:0x57f116b6193afcf2,89608b0328fffff
POI_IND_9999_0x3be7d1c11028e021:0xe8f80087e87eab67,89608b03043ffff
POI_IND_9999_0x3be7d1e6dc9c30c1:0xdef438b8906b9022,89608b03233ffff
POI_IND_9999_0x3be7cf7e602d5a6f:0xe3b2853991a3aa73,89608b0a513ffff
POI_IND_9999_0x3be7cfab00c92597:0x86202b8b47eeadb9,89608b01473ffff
POI_IND_9999_0x3be7cefd98002ccf:0x768a191e1d6413e2,89608b0a4d7ffff
POI_IND_9999_0x3be7ced7c066aaab:0x167875c15cc33f84,89608b0a617ffff
POI_IND_9999_0x3be7a96f5bedb111:0x74df0be7eca77d5,89608b4db47ffff
POI_IND_9999_0x3be7a9e9f636efbb:0x57837c12b8b940f5,89608b4d8a3ffff
POI_IND_9999_0x3be71d7607011a5d:0x2d267ea05a791e87,8942db552b3ffff
POI_IND_9999_0x3be7c86a865ff533:0x53982e572975e4a6,89608b54d6bffff
POI_IND_9999_0x3be7c7374f848d29:0xb83b268c3929242a,89608b54143ffff
POI_IND_9999_0x3be7c86ccb0ab035:0xf7249e26035ceff7,89608b54d4bffff
POI_IND_9999_0x3be7c7c8a96abc0f:0x31c1a7d90b581f68,89608b56a4fffff
POI_IND_9999_0x3be7b3216b2d63d5:0x72f26122d3753fa2,89608b45997ffff
POI_IND_9999_0x3be7c914975938ad:0x4300fc52de2ad72c,89608b0b177ffff
POI_IND_9999_0x3be7b619427b41f3:0x28075330c2d35dbb,89608b09237ffff
POI_IND_9999_0x3be7c9bd507b3a2b:0x1307aaa0450b39c,89608b095c7ffff
POI_IND_9999_0x3be7bf3aa890d091:0xccff4642f844e8ef,89608b44433ffff
POI_IND_9999_0x3be7b63cb8553a77:0xf18abcb13970b23b,89608b093c3ffff
POI_IND_9999_0x3be7b76b19d8b599:0xceed30a636dc1c32,89608b09273ffff
POI_IND_9999_0x3be7c8cdee760bb1:0xe8ac5fbc7585c2ea,89608b0b4a7ffff
POI_IND_9999_0x3be7cfb88df09ee1:0x11ca986d2de3e906,89608b0a51bffff
POI_IND_9999_0x3be7ce49fac3be3f:0x5b00964da97fb46b,89608b1882fffff
POI_IND_9999_0x3be7b8fe34947ffd:0x6e5b40ef38cb0fc1,89608b032c7ffff
POI_IND_9999_0x3be7d108addbcf4b:0xb08293d3cc539522,89608b0321bffff
POI_IND_9999_0x3be7e9b7089758a7:0x90ddd9638ec600f9,89608bcf673ffff
POI_IND_9999_0x3be7e83686e3703f:0x844dfc294dfa8358,89608bcf51bffff
POI_IND_9999_0x3be7b9eee6bea70d:0x558aaa31a8dc1cf1,89608b5534fffff
POI_IND_9999_0x3be7b93de9a1e8ff:0xbb5ed7672ee2d764,89608b55283ffff
POI_IND_9999_0x3be7943d7eeef7fd:0x17f792af065d8712,89608a2482fffff
POI_IND_9999_0x3be7b94c5d674a8f:0x930f3e1f86f55ec8,89608b552abffff
POI_IND_9999_0x3be7959d25735eb7:0x9654bf009052bed1,89608a2482fffff
POI_IND_9999_0x3be791000c36875b:0xbf3ae8dcaba0db53,89608a25e2fffff
POI_IND_9999_0x3be7b75832924a91:0x50bbeed1c05a09d2,89608b444c3ffff
POI_IND_9999_0x3be7c9e7386ef971:0x8b9124f08cba77d4,89608b54d73ffff
POI_IND_9999_0x3be7b6229776d285:0x228c1af336ec1309,89608b0920fffff
POI_IND_9999_0x3be7b7a8545ce553:0xdab2a72a6041be58,89608b46043ffff
POI_IND_9999_0x3be7c94f731e8d61:0x7ae2f2cfb614b74b,89608b08483ffff
POI_IND_9999_0x3be7c913a0c40509:0x3687ed2bbd96cc0d,89608b0b163ffff
POI_IND_9999_0x3be7c91414045273:0x247d4483e40a37dd,89608b0b173ffff
POI_IND_9999_0x3be7b7b348fad911:0x3598dcff03b6907,89608b4630fffff
POI_IND_9999_0x3be7c9005a26e9ef:0xb2be795c4fefe11e,89608b0b133ffff
POI_IND_9999_0x3be7c9dc833c68f7:0x6d3a6736b9251c94,89608b549cfffff
POI_IND_9999_0x3be7c89618f63701:0xca325760901d7afd,89608b5692bffff
POI_IND_9999_0x3be7c9001fb6e177:0xa52f12f1036bb24e,89608b0b1afffff
POI_IND_9999_0x3be7c796019af3f7:0xd715c7e19c083d5e,89608b541c3ffff
POI_IND_9999_0x3be7b79fcc81e8c5:0x17fa0f99c68af630,89608b46307ffff
POI_IND_9999_0x3be7b10040a9bd53:0x8ec5f2e0dcc750b0,89608b44623ffff
POI_IND_9999_0x3be7c62e686beb4f:0x5a421a900afb8217,89608b5686bffff
POI_IND_9999_0x3be7c8abcef7c45b:0x5467acf3faf44aea,89608b56d27ffff
POI_IND_9999_0x3be7c98c318cd76f:0x1c4690d8136ebe55,89608b0b46fffff
POI_IND_9999_0x3be7c970697a65ff:0x290a6152bff55082,89608b0b0d3ffff
POI_IND_9999_0x3be7b705608483c3:0x9cd9eb72517e1859,89608b444cfffff
POI_IND_9999_0x3be7c92f64ed3e51:0x735a8e20741e8959,89608b0b053ffff
POI_IND_9999_0x3be7b91588c94253:0x66dd026367f6f19f,89608b5502fffff
POI_IND_9999_0x3be7cf5650e2d933:0xbd9e1443c3f1f0b3,89608b19acfffff
POI_IND_9999_0x3be7c3b9e2b8e745:0xe32920f2a0569c70,89608bccebbffff
POI_IND_9999_0x3be7b9a048e64be9:0xe93ca914f4103a59,89608b42cb3ffff
POI_IND_9999_0x3be7b927229de115:0xc26ce0876ff4393a,89608b55283ffff
POI_IND_9999_0x3be7c373a2e2e083:0xa0351cef92215146,89608bcceb3ffff
POI_IND_9999_0x3be7c15b009b7b57:0xb998adc1946c5bf2,89608b5729bffff
POI_IND_9999_0x3be7b19f2e170b65:0xc540216716769203,89608b4560bffff
POI_IND_9999_0x3be7c3828efd4d4f:0x8199c5ec94dfbc36,89608bcc1b3ffff
POI_IND_9999_0x3be7b9218eaaaaab:0x103256a1ed2cec6c,89608b552afffff
POI_IND_9999_0x3be7b966fe624699:0xe47c25ed8ec3753,89608b42e9bffff
POI_IND_9999_0x3be7c765086dc98d:0x916cad0986845f53,89608b569cbffff
POI_IND_9999_0x3be7c86a85000001:0x9aa09a8b5892911e,89608b54d6bffff
POI_IND_9999_0x3be7b707d17e69c1:0x24225f696faafac2,89608b471dbffff
POI_IND_9999_0x3be7c9d409b5be67:0x1fb24489807bacbf,89608b090bbffff
POI_IND_9999_0x3be7b70031e5bb4f:0x1aa2fed4521f239f,89608b0928bffff
POI_IND_9999_0x3be7c9e47a416807:0x5ddc41cc4adc5551,89608b090b3ffff
POI_IND_9999_0x3be7c8421b26b4ef:0x6818d675d5cc541e,89608b54907ffff
POI_IND_9999_0x3be7b7dae119d8b1:0xd8ea38a037418caa,89608b444a3ffff
POI_IND_9999_0x3be7c7a07bb4f197:0x755088258f5b5b50,89608b54127ffff
POI_IND_9999_0x3be7b9007a2e628d:0xe75a511c309e01da,89608b551dbffff
POI_IND_9999_0x3be7c823427a2de7:0x39dbf8a81eb74aef,89608b54b97ffff
POI_IND_9999_0x3be7c61e4a408a41:0x5aa088dfc7864ffe,89608b569c3ffff
POI_IND_9999_0x3be7c9d5299d4ab7:0x1bb13036ba37110e,89608b09413ffff
POI_IND_9999_0x3be7c72a88d51a4b:0x7d2d6bee68f21a4e,89608b54e9bffff
POI_IND_9999_0x3be7b71dbcc678b1:0xe8f1b62625300b73,89608b4446bffff
POI_IND_9999_0x3be7b7007dc2c9e9:0xf809dab38732ed53,89608b44613ffff
POI_IND_9999_0x3be7c9963c792827:0xa87e2bfac88bf320,89608b09557ffff
POI_IND_9999_0x3be7b9512b66fe7d:0x36e11b8bd3b1bc65,89608b551abffff
POI_IND_9999_0x3be7c9e80c5b51a5:0xcfab16ca1e300280,89608b090bbffff
POI_IND_9999_0x3be7b9e1b699b10d:0x4b89356402ac0a63,89608b55c83ffff
POI_IND_9999_0x3be7c988b2146121:0xd8b56f7d91a41b66,89608b086d3ffff
POI_IND_9999_0x3be7c8f13d2e5391:0xe3c171e8433ae536,89608b0b62bffff
POI_IND_9999_0x3be7c9f92e551ccb:0x7131ae61c584ad1f,89608b0b163ffff
POI_IND_9999_0x3be7b520eac312d7:0x16185c8ec62dcf8b,89608b46d07ffff
POI_IND_9999_0x3be7c9163f9ff243:0x5e64a39b189e53a6,89608b54923ffff
POI_IND_9999_0x3be7c91489af8781:0xe36d5d8ec98e488d,89608b0b177ffff
POI_IND_9999_0x3be7c94791aa0e09:0x824b2ae691c2f40b,89608b0b1afffff
POI_IND_9999_0x3be7b623bba29aed:0x8dc9df586df55ac6,89608b09203ffff
POI_IND_9999_0x3be7c80e4557b8c5:0xc9f3453625967182,89608b548c7ffff
POI_IND_9999_0x3be7b15ca8550253:0xfe1a4dbc8ece8310,89608b47333ffff
POI_IND_9999_0x3be7b714c2eac775:0x5b14b747664831fa,89608b47103ffff
POI_IND_9999_0x3be7c88c50b2814d:0xa700fde0f697cce2,89608b0b61bffff
POI_IND_9999_0x3be7c9cd2bdc511f:0xa6f7971f0aa1ced3,89608b54c2fffff
POI_IND_9999_0x3be7c77a9ec970e5:0x964a081b9011d8eb,89608b54e83ffff
POI_IND_9999_0x3be7c9e8ad36e715:0x7d7e574f5521bf30,89608b09007ffff
POI_IND_9999_0x3be7cedb12c80ba7:0xc06960f570ef33f7,89608b0a633ffff
POI_IND_9999_0x3be7d100a0c754ad:0x22b5205d73f42312,89608b032abffff
POI_IND_9999_0x3be7cf3f5702fed5:0x6737214ed358fe6a,89608b0a40fffff
POI_IND_9999_0x3be7d18724562e99:0xc62853e20cf144ef,89608b03283ffff
POI_IND_9999_0x3be7d1c39aa094f1:0xe336a061ad1bf568,89608b03287ffff
POI_IND_9999_0x3be7c74687862549:0xc765fef995900931,89608bcdd4fffff
POI_IND_9999_0x3be7b04f5bba3497:0xcbee3ea3f97ef8f9,89608b4528bffff
POI_IND_9999_0x3be7c30b9de75231:0x53ea11364fa4a6b2,89608bccc4bffff
POI_IND_9999_0x3be7bf006905aeb1:0x55710357e4eca1e5,89608b509afffff
POI_IND_9999_0x3be7c130e626b7f7:0x5973124f91f1e203,89608bcdbbbffff
POI_IND_9999_0x3be7b7164fe869c9:0xd9f8da3f36eb3c2d,89608b44437ffff
POI_IND_9999_0x3be7c91ce6da3fbb:0xc46789d1437f3f52,89608b0958bffff
POI_IND_9999_0x3be7c7cf52050fa3:0x4be1ba24778c8490,89608b56a7bffff
POI_IND_9999_0x3be7c97f3c0ec40d:0xaa517ab4b2c8017e,89608b0b17bffff
POI_IND_9999_0x3be7c9c8f4b87781:0x5d67c893a74b8a75,89608b090c3ffff
POI_IND_9999_0x3be7b9af99fc62e1:0xffd75e25e1a0c6e2,89608b56aa7ffff
POI_IND_9999_0x3be7b1a40623c043:0x5589a22be526507d,89608b45563ffff
POI_IND_9999_0x3be7c9216303fe89:0xa42f9bba58a96ef9,89608b0b1d3ffff
POI_IND_9999_0x3be7c913a80446df:0x6154a7a16f7374e3,89608b0b163ffff
POI_IND_9999_0x3be7b60345d45ddf:0xd3b380aa076b0f70,89608b093cfffff
POI_IND_9999_0x3be7c90a4bcbc8cb:0xc0dc4ce4e290d47c,89608b0b14fffff
POI_IND_9999_0x3be7cf83ecd00b27:0xaac4c5077d4ab420,89608b01463ffff
POI_IND_9999_0x3be7d12e6b476353:0x4d716f978f966b15,89608b0321bffff
POI_IND_9999_0x3be7ce8b78ac3db9:0x395ad82b0a483225,89608b0a51bffff
POI_IND_9999_0x3be7ce3c49703d6d:0x2454d8c5ae9e5b29,89608b18907ffff
POI_IND_9999_0x3be7ce106e9712ff:0xfda426124c8493b2,89608b01457ffff
POI_IND_9999_0x3be7cf1d8af418ab:0x687de9eaeaedabfc,89608b01667ffff
POI_IND_9999_0x3be7cf42e399f7ad:0x6cb98d34e1c9b043,89608b1894bffff
POI_IND_9999_0x3be7cfc6083823a5:0xb793f3351a4a5044,89608b0a413ffff
POI_IND_9999_0x3be7c0d111ebd947:0x6a5a9229a8d86db0,89608bcdba3ffff
POI_IND_9999_0x3be7c30000441ed7:0x721812bb9c16a23e,89608bccc4bffff
POI_IND_9999_0x3be7b8f424282d27:0xc22d5d81df60f31d,89608b5510bffff
POI_IND_9999_0x3be7b736976d5efb:0x193034a19381acc,89608b471dbffff
POI_IND_9999_0x3be7b7c560dd545d:0xf9f9968b2c466cf7,89608b093dbffff
POI_IND_9999_0x3be7b7d60974c8b9:0x79b261eaf308d4bc,89608b471dbffff
POI_IND_9999_0x3be7c9e3c36e6fb3:0x176f85528271148,89608b090abffff
POI_IND_9999_0x3be7c7be70367c07:0x2cf26d9f9ae94f15,89608b541d7ffff
POI_IND_9999_0x3be7c7d7fb961b31:0xf0e0e738d1e3fd60,89608b56827ffff
POI_IND_9999_0x3be7c7a3f5eecc3f:0xbb1a12cbe8b04a6d,89608b54e9bffff
POI_IND_9999_0x3be7b70b7454e789:0x875cb700d529c47,89608b09357ffff
POI_IND_9999_0x3be7c9ce46563611:0xfa5ecf6ebe8877bc,89608b096a3ffff
POI_IND_9999_0x3be7c62ad34684d9:0x24ead68d902f3808,89608b56a73ffff
POI_IND_9999_0x3be7c7636326ff2b:0x6af593acab8e06c0,89608b56aafffff
POI_IND_9999_0x3be7c62cfc7b1c17:0xd8811119bae373c3,89608b56bdbffff
POI_IND_9999_0x3be7c9b40eb396b9:0x711d28e6fab725d7,89608b09413ffff
POI_IND_9999_0x3be7b64a0e6250e5:0x3b71494ad0000000,89608b46563ffff
POI_IND_9999_0x3be7b96d7aad26d7:0xa67a2cb4312a74eb,89608b5517bffff
POI_IND_9999_0x3be7c871f48a9f91:0xdfd30f49522930f0,89608b54c27ffff
POI_IND_9999_0x3be7b1cb5795e515:0x4a30c8d76f482b9f,89608b4ec9bffff
POI_IND_9999_0x3be7b92fe201d9b3:0x39d276bdabd4f505,89608b42153ffff
POI_IND_9999_0x3be7b198483338f9:0x9da6436e8632d11c,89608b45687ffff
POI_IND_9999_0x3be7c3b3866d948d:0x4a90c1ef12194fd5,89608bcc143ffff
POI_IND_9999_0x3be795eedc950d31:0x7e4a54e18d9050e7,89608a2482fffff
POI_IND_9999_0x3be7bbbd9cb1343b:0x647fd88c3cec5dbb,89608b40087ffff
POI_IND_9999_0x3be7c13b23c00001:0x769164ca8b54c6d2,89608bcdba3ffff
POI_IND_9999_0x3be7c10503fe3d2d:0x4b90ea33de34e064,89608bcd8a3ffff
POI_IND_9999_0x3be7b91419587b4d:0x719aad6c695e902b,89608b5526fffff
POI_IND_9999_0x3be7c957c30d4eef:0xaa4cb1b30d1fb406,89608b086c7ffff
POI_IND_9999_0x3be7c93d31e3d2f7:0x7b08d5298f4c668f,89608b0b1c7ffff
POI_IND_9999_0x3be7c91053c2170f:0xf6d910396c7ff802,89608b0b14fffff
POI_IND_9999_0x3be7b12b52ac6b5b:0x642ef4204d26f4b1,89608b446c7ffff
POI_IND_9999_0x3be7c99538d2ca05:0x5f6f1c64ce46a429,89608b0954bffff
POI_IND_9999_0x3be7c90023c2e927:0x586321b23fbe6bbc,89608b0908fffff
POI_IND_9999_0x3be7c7d2e6d4106b:0x14e997be556befb6,89608b56a23ffff
POI_IND_9999_0x3be7b65aa4713feb:0xbe3af2ff6eba884c,89608b461dbffff
POI_IND_9999_0x3be7a92caed11689:0x377289f0eacf46d,89608b4dd93ffff
POI_IND_9999_0x3be71da6abb3b1c9:0xb9a32d4f572b97a,8942db550d7ffff
POI_IND_9999_0x3be7aec0fadbda89:0xf5ee528d749aab1c,89608b4dd93ffff
POI_IND_9999_0x3be7a9276a0a84c9:0x3712b2aa54e51bbf,89608b4d8b7ffff
POI_IND_9999_0x3be7d1c0c646461b:0x1e163d22b32c8adb,89608b03053ffff
POI_IND_9999_0x3be7cfcd26dbe8ed:0x5a9fafd7638371e0,89608b0a5c3ffff
POI_IND_9999_0x3be7d1e610529681:0x6f80771e51b18d48,89608b032afffff
POI_IND_9999_0x3be7cf1ae41b79a1:0x9dcba44519fc0a7f,89608b18903ffff
POI_IND_9999_0x3be7ce1fe6602ba9:0x8c91e8d83d033661,89608b03263ffff
POI_IND_9999_0x3be7cf7e20925405:0x1a0b7aa6e1931a8,89608b0a0c3ffff
POI_IND_9999_0x3be7bb623cf909dd:0x367434ced1fe4408,89608b4040fffff
POI_IND_9999_0x3be7c30078daa8af:0x8f0d4a0788750c6d,89608bccc4bffff
POI_IND_9999_0x3be7bf7d9371625f:0xc73f5bf42a2b0008,89608b5720fffff
POI_IND_9999_0x3be795dbb9691b91:0x68ccd8db4b13fd13,89608b515a3ffff
POI_IND_9999_0x3be7941719eecd31:0x24a2aad7fe2adfc5,89608a24877ffff
POI_IND_9999_0x3be7bd296d8641f9:0xe82731ff7f2babbe,89608b4368fffff
POI_IND_9999_0x3be7b92cf8a966e1:0x61fa18b0f219605a,89608b42397ffff
POI_IND_9999_0x3be7b9b7a2d21bbf:0xa6a76b0c85210e98,89608b423afffff
POI_IND_9999_0x3be7937813ce7481:0xd78a1fe4d2086572,89608a26e8fffff
POI_IND_9999_0x3be7c9211da093c7:0xf064300dddef55e1,89608b08693ffff
POI_IND_9999_0x3be7c964821edd97:0xbd9c0d28ac969adb,89608b54b87ffff
POI_IND_9999_0x3be7c76897e6112b:0x6391a5f8bbb926bb,89608b5406fffff
POI_IND_9999_0x3be7c70c944b9adb:0xdbc1dc1d093a3556,89608b54e9bffff
POI_IND_9999_0x3be7c9aa7fa948a3:0x9097d87f79187b8d,89608b09413ffff
POI_IND_9999_0x3be7c926bb0a01c1:0xcf070960bb8e230d,89608b0b10bffff
POI_IND_9999_0x3be7b1946c3e7dd1:0xf973b024a63895be,89608b44633ffff
POI_IND_9999_0x3be7b63cd0e96cb1:0xe0b662b2d3494182,89608b0920bffff
POI_IND_9999_0x3be7b796b5524cbf:0xd2b6431c0d885259,89608b46313ffff
POI_IND_9999_0x3be7c9f4debe96c3:0x74823fe89214dab2,89608b084c7ffff
POI_IND_9999_0x3be7c972e372dc89:0x7119512c355de576,89608b086c7ffff
POI_IND_9999_0x3be7c94ddba46113:0x3247f378a1ab746b,89608b54d4bffff
POI_IND_9999_0x3be7b7bb85acc585:0xe71213de92da3416,89608b46303ffff
POI_IND_9999_0x3be7c9b4370182c5:0x6b63e2ee13bf7a51,89608b0941bffff
POI_IND_9999_0x3be7cedb152fffff:0x6273ae5342a8e934,89608b0a633ffff
POI_IND_9999_0x3be7d1deb108bf05:0xc7c104a5fdf608ee,89608b0321bffff
POI_IND_9999_0x3be7cecd6ca83131:0xfb25f4f5df9d929d,89608b0a66fffff
POI_IND_9999_0x3be7d1dc82a46b6b:0x55d37e5d4a870acb,89608b03213ffff
POI_IND_9999_0x3be7cfc0fb57bf6f:0x8a80fc165b21824d,89608b0a55bffff
POI_IND_9999_0x3be7d1a1a34425bb:0xb6ff2ecd1f987fad,89608b03283ffff
POI_IND_9999_0x3be7d1dcbea6be7f:0x45a6cae61ba5b1de,89608b0328fffff
POI_IND_9999_0x3be7cedb290ecd33:0x1888b25f311c5877,89608b0a633ffff
POI_IND_9999_0x3be7cfe5a1f9c719:0x19ce06cc1c756105,89608b18b43ffff
POI_IND_9999_0x3be7c814d4cec2d9:0x1d273a7d99b74980,89608b548b7ffff
POI_IND_9999_0x3be7c86d278b8b59:0xe5bd5e522357be1,89608b54d4bffff
POI_IND_9999_0x3be7b85744c6f343:0x191785a4ee7c4bc0,89608b5516fffff
POI_IND_9999_0x3be7b16e8f5dec77:0x91dd70e2f4e887d6,89608b44647ffff
POI_IND_9999_0x3be7b1850a630a37:0xcce06802a1bb424e,89608b45503ffff
POI_IND_9999_0x3be7c83fc0eb5271:0x52b711524a2da569,89608b549d3ffff
POI_IND_9999_0x3be7c95022672f03:0xa6ac6c0757efe70f,89608b084c7ffff
POI_IND_9999_0x3be7c91e0246e9b7:0x6a3d721e51d2119,89608b086c7ffff
POI_IND_9999_0x3be7cedc5189de17:0x3895ff797125a0b9,89608b0a6a3ffff
POI_IND_9999_0x3be7d1c39c3c099b:0xf291ba8795313fb9,89608b0328fffff
POI_IND_9999_0x3be7cf5e24d8ce2f:0xc2c94f5ce59d6dd,89608b0a623ffff
POI_IND_9999_0x3be7ce76241a8dfb:0xed9b0e3801798377,89608b01293ffff
POI_IND_9999_0x3be7b11e11a860b9:0xc2fb725f9c2eb5cd,89608b45257ffff
POI_IND_9999_0x3be7e5d62d716535:0x9b5e770635646b01,89608bc23d7ffff
POI_IND_9999_0x3be7c34e7ace0eb3:0x3afecddefc158fdd,89608bccad7ffff
POI_IND_9999_0x3be7b962ace2cfad:0xa54d14d88dca467f,89608b42103ffff
POI_IND_9999_0x3be7bb1c3253563f:0xa4581f6d67599046,89608b405cbffff
POI_IND_9999_0x3be7b1d9d46fcff7:0x79d817d31c5bb866,89608b4e563ffff
POI_IND_9999_0x3be7958aa7f83d85:0x3167b18f4f45fbbc,89608b511a3ffff
POI_IND_9999_0x3be793003e59c241:0xeed9a93431023e6a,89608a26123ffff
POI_IND_9999_0x3be7b0376582cdbf:0x52fd78832577ad92,89608b45243ffff
POI_IND_9999_0x3be7bd0a543ed7f5:0x19ba25e52f49d873,89608b5a967ffff
POI_IND_9999_0x3be7bf004f8fde81:0x518b902c326bc8c8,89608b50897ffff
POI_IND_9999_0x3be7b9724bfe6a7d:0xb6574b352068ad59,89608b552c3ffff
POI_IND_9999_0x3be7c3de315dc037:0xd2800d3190fc6eb4,89608bcdbabffff
POI_IND_9999_0x3be7bf23c4886ffb:0x116088c8e5d12774,89608b556cfffff
POI_IND_9999_0x3be7bb0033b2c47f:0x873273e1d5275b7e,89608b40333ffff
POI_IND_9999_0x3be7ba9b5749b74d:0xce347ddbed2c653a,89608b40bcbffff
POI_IND_9999_0x3be7c1b678cbcfe1:0xd982d6f52277ca45,89608bcd9c7ffff
POI_IND_9999_0x3be7bb0ae65d20e5:0x7e16118ccde530e2,89608b4040bffff
POI_IND_9999_0x3be7cfd22e8a3703:0x86582cb1c509c0c9,89608b0a63bffff
POI_IND_9999_0x3be7ce3c4e728de3:0xc4777be54a86b75c,89608b18907ffff
POI_IND_9999_0x3be7d1e78b7c63ff:0xbb87eca4e76efecd,89608b032abffff
POI_IND_9999_0x3be7c97018013b8f:0x9ba3a209221d5f63,89608b0b403ffff
POI_IND_9999_0x3be7d17a1beaf0c1:0x7b1aa3fc6adac6ef,89608b0328fffff
POI_IND_9999_0x3be7b7cce51c9da9:0xd0cdc92b180dc68c,89608b0928fffff
POI_IND_9999_0x3be7c9984340fa9b:0x242435186a314311,89608b09683ffff
POI_IND_9999_0x3be7c7c2cb87526d:0x904bfbdb8d54114e,89608b541d7ffff
POI_IND_9999_0x3be7c9d5ecfe43c9:0x49c962d06b378ef6,89608b0b0d3ffff
POI_IND_9999_0x3be7c7b04a5540e3:0xe02c720945aca4bb,89608b56aafffff
POI_IND_9999_0x3be7c816df3e0b81:0x4db23375a0e8ba15,89608b54807ffff
POI_IND_9999_0x3be7c878f1ec61cd:0x33c4b4734cc6392a,89608b54cb3ffff
POI_IND_9999_0x3be7b63c41d171af:0xbd56476fef6941e2,89608b09247ffff
POI_IND_9999_0x3be7b63f5abbffb5:0x1a11ab95026ac143,89608b461b3ffff
POI_IND_9999_0x3be7b618752ccc23:0x95c802e3f22656a4,89608b0920fffff
POI_IND_9999_0x3be7b85655555555:0x7b7ad280c064bed3,89608b5510bffff
POI_IND_9999_0x3be7b7c379a6844f:0x1f01acf23c35c46f,89608b09357ffff
POI_IND_9999_0x3be7b16da5e4b8b5:0xef4a28970af8f10a,89608b45533ffff
POI_IND_9999_0x3be7c7462b7f21af:0xbfaede659034f33d,89608b569c3ffff
POI_IND_9999_0x3be7c960dba4904f:0x1da6aa24eeec03d9,89608b54c37ffff
POI_IND_9999_0x3be7c94f0d61c165:0x9312b811d94e292,89608b08483ffff
POI_IND_9999_0x3be7b336d0850a71:0x57193d5c1568edf4,89608b459cfffff
POI_IND_9999_0x3be7b72fd82ae443:0x9236ac59f707bed1,89608b4710bffff
POI_IND_9999_0x3be7b6dec6efffff:0x8f0a7070b98f1079,89608b4441bffff
POI_IND_9999_0x3be7b7f3596131b3:0x1d6c28406a8b98d6,89608b46057ffff
POI_IND_9999_0x3be7c9f7cb5006db:0x17b1cc7317842ad4,89608b40b33ffff
POI_IND_9999_0x3be795a428a1650d:0x773fcfc202352afd,89608a248afffff
POI_IND_9999_0x3be7b91e4daaf333:0x55f23f2cb8cd61ba,89608b552afffff
POI_IND_9999_0x3be7958c03a217d5:0x4542cd820e84cc8b,89608b51183ffff
POI_IND_9999_0x3be7b9273aa3419b:0x7cd2954ff8c7aeaa,89608b5528fffff
POI_IND_9999_0x3be7b9aa027d4e2f:0x57861583b44f346e,89608b5532bffff
POI_IND_9999_0x3be795005f9b4e3f:0xd9cf63ebbb7be45,89608a24873ffff
POI_IND_9999_0x3be7ceecd4d810c3:0x4baf5e380e9ebd0b,89608b0a54bffff
POI_IND_9999_0x3be7c98402295efb:0xb24e6540f7c354a1,89608b19b7bffff
POI_IND_9999_0x3be7cf4dd79976a3:0x8ae15efc7345357e,89608b0a6bbffff
POI_IND_9999_0x3be7cf0b1ad734c9:0x91a80e30bdd51947,89608b0a5c3ffff
POI_IND_9999_0x3be7d1bff217938f:0x23b750157c918cea,89608b03057ffff
POI_IND_9999_0x3be7cf6b452ba205:0xff8306c139296bdc,89608b0a51bffff
POI_IND_9999_0x3be7cf37d18dadad:0xab19932bac682b0c,89608b0a55bffff
POI_IND_9999_0x3be7b918ea4f10a5:0x65076edcc42abca3,89608b55233ffff
POI_IND_9999_0x3be7b903cacf55c3:0x497e9e1e3b69534e,89608b5530bffff
POI_IND_9999_0x3be7b94359f308bd:0xd29f0507446acbaa,89608b55657ffff
POI_IND_9999_0x3be791801fcff533:0x839f650a41ce1628,89608a24203ffff
POI_IND_9999_0x3be7b143e231c371:0x6b10a5ffb509f0e,89608b4e5b3ffff
POI_IND_9999_0x3be7bed2ba155545:0x23d8ecbd59af069,89608b4258fffff
POI_IND_9999_0x3be7c146fe7c86f1:0x12f3a92025d188e,89608bcd9c7ffff
POI_IND_9999_0x3be7b924adaaaaab:0x31af4a230b2f46b1,89608b552cfffff
POI_IND_9999_0x3be7b7b9e6040faf:0x7fdc37c77cc2b977,89608b09213ffff
POI_IND_9999_0x3be7c9b2cb1947ad:0x1abbd415bcef99dc,89608b095c7ffff
POI_IND_9999_0x3be7c921a05983bf:0x3aed409024121865,89608b086cbffff
POI_IND_9999_0x3be7c75e2866ca2f:0x1dfaaaf1fc7913be,89608b541cfffff
POI_IND_9999_0x3be7b42cef000001:0x5ffb214ecee29b4b,89608b46ab7ffff
POI_IND_9999_0x3be7b7eff3dd1a43:0x62477facc0542c87,89608b4639bffff
POI_IND_9999_0x3be7c9122833cf53:0xa438d93d8c564c8e,89608b0b17bffff
POI_IND_9999_0x3be7b7b60e22d7a7:0x7da1e3752db548fa,89608b09257ffff
POI_IND_9999_0x3be7d1c3c925b199:0xeeb9a15620dc2ba,89608b569c3ffff
POI_IND_9999_0x3be7c9e0d875fc5d:0x17b194fc812a2f38,89608b54ba3ffff
POI_IND_9999_0x3be7c88dc72090e1:0x26d4b7ad07da718a,89608b56bd7ffff
POI_IND_9999_0x3be7c914f7474987:0xff924b18c25b9428,89608b0b16bffff
POI_IND_9999_0x3be7c9ccaf4920d9:0x2b69972f54f4e6ff,89608b548a3ffff
POI_IND_9999_0x3be7c8ecaa0cba43:0x36ae8b888e22f0a1,89608b0b6bbffff
POI_IND_9999_0x3be7b780f587cda5:0xaa2d7e4f6cf6fbec,89608b0928fffff
POI_IND_9999_0x3be7c1e19d2f3285:0x6988f42dd67079ee,89608bcdb77ffff
POI_IND_9999_0x3be7bf4e1ac2ab17:0x1983ae8424da672f,89608b42407ffff
POI_IND_9999_0x3be7bbb2d710a713:0x957472b13b4134df,89608b404a3ffff
POI_IND_9999_0x3be795ba6f9c7041:0xe637e6455e0c2dc0,89608b51547ffff
POI_IND_9999_0x3be7c13a640b7d89:0xb3ad8b5dd72e99aa,89608bcdbbbffff
POI_IND_9999_0x3be7bb67c723ca69:0xa62391cea80bfe95,89608b404bbffff
POI_IND_9999_0x3be7b100a30e3ba7:0x5d40649876da17,89608b45247ffff
POI_IND_9999_0x3be7c39eb0f76e4f:0x9a4840e624ace26d,89608bccc03ffff
POI_IND_9999_0x3be7c14a0918333f:0x8751d525b8d04d9a,89608bcd967ffff
POI_IND_9999_0x3be7ba2b6aaaaab3:0x5a6d3b87f9d1032c,89608b42a83ffff
POI_IND_9999_0x3be7c24091ea822b:0xc3ea2de900c28a42,89608bcc053ffff
POI_IND_9999_0x3be7e9cde1e2061b:0xa656af76625a696a,89608bcf1dbffff
POI_IND_9999_0x3be7c96bea6a7a41:0x6655068659c2c4ad,89608b0b3b3ffff
POI_IND_9999_0x3be7b8e54bbf11ef:0xa214a7f373d305a9,89608b5502fffff
POI_IND_9999_0x3be7c8eea60334d5:0xd477fb50f4f5ff2a,89608b0b6a7ffff
POI_IND_9999_0x3be7c9bf76722f5f:0xf61b48031a281486,89608b0b14fffff
POI_IND_9999_0x3be7b7bfaf52cca1:0x1b8da60c171a74a3,89608b46cb3ffff
POI_IND_9999_0x3be7ce8c84ac6759:0x3397f735d398be29,89608b0a51bffff
POI_IND_9999_0x3be7cfce272889c7:0x83fdd2fa5749e6d7,89608b1894bffff
POI_IND_9999_0x3be7ce8d344f9941:0x2212b136c6f465c0,89608b0a553ffff
POI_IND_9999_0x3be7d1e80cef4e69:0x717ee0488ad6de5d,89608b032a3ffff
POI_IND_9999_0x3be7d1da3a4f1573:0x6d6fec8cd5aab47a,89608b032c3ffff
POI_IND_9999_0x3be7cf84b1c72e51:0x1cb97cac4c056b3a,89608b0a0a7ffff
POI_IND_9999_0x3be7d19afbc8c517:0x3e7af1dbb5cacd14,89608b032abffff
POI_IND_9999_0x3be793c3749653e5:0x779c5782a45b1df0,89608a26137ffff
POI_IND_9999_0x3be7950072a10c6b:0x5f6f6e696ca730dd,89608a26b03ffff
POI_IND_9999_0x3be7cf04b101a06b:0x253262b51aabe729,89608b01457ffff
POI_IND_9999_0x3be7d1e7a36570f3:0x17fdc49676d89800,89608b032abffff
POI_IND_9999_0x3be7ced3f9cfa341:0xe1d4f594937ee263,89608b0a67bffff
POI_IND_9999_0x3be7c9c85fba2775:0xe609b548bf4f3787,89608b54927ffff
POI_IND_9999_0x3be7c9002cbf6db7:0x3b3dd015093474b4,89608b0b163ffff
POI_IND_9999_0x3be7b76672dd4449:0x91cdf0ebb68baaa2,89608b09267ffff
POI_IND_9999_0x3be7c9b150b95adf:0xcaed86f70ea6e0af,89608b0b26bffff
POI_IND_9999_0x3be7c887e1890c5f:0x3a54733ccc7fdb5a,89608b56b2bffff
POI_IND_9999_0x3be7b1005abe4893:0x64397eba6eeb2427,89608b455cbffff
POI_IND_9999_0x3be7e844ac8ac1c5:0xa72ff5426c0045e4,89608bc1b0bffff
POI_IND_9999_0x3be7e85ca6a21f21:0xa0b7537571e6689b,89608bc1b0bffff
POI_IND_9999_0x3be7c3402d1f0ca1:0x22e9ca412942e98,89608bccc4bffff
POI_IND_9999_0x3be7c307452c409d:0x8736ff4034a750af,89608bcea4bffff
POI_IND_9999_0x3be7950051a35c47:0x4da9b266def1c810,89608b51117ffff
POI_IND_9999_0x3be7b04bec02b379:0xa403370771a16d9f,89608b45207ffff
POI_IND_9999_0x3be7bf1de79d7419:0xcdda684357a765e7,89608b50933ffff
POI_IND_9999_0x3be7b9347377f5d3:0x588e04a05fb6e6a5,89608b4211bffff
POI_IND_9999_0x3be7b1063593170d:0x12aa6e4b11fa7487,89608b4505bffff
POI_IND_9999_0x3be71e8a884ff4cd:0xb1c58939f86e960d,8942db562c3ffff
POI_IND_9999_0x3be7bb00464b4ebb:0x38f3da0d42c70942,89608b4e47bffff
POI_IND_9999_0x3be7b7b9ea2cb149:0x80e30e4c76d68f3d,89608b47173ffff
POI_IND_9999_0x3be7c7e60a1748e1:0x4659b96d297c86ba,89608b54e93ffff
POI_IND_9999_0x3be7b7a92e8f6053:0x283f017ab579e11a,89608b44453ffff
POI_IND_9999_0x3be7c96565b64973:0xf88b5cafd0b06a86,89608b0948fffff
POI_IND_9999_0x3be7c93fb762ad13:0x2bf80000926b0d48,89608b0b133ffff
POI_IND_9999_0x3be7c83c25dd979b:0x20d52fa44c7a3ca8,89608b5494fffff
POI_IND_9999_0x3be7c9b9c9d4a707:0x467b515de12afa42,89608b56b2bffff
POI_IND_9999_0x3be7b8ff8379c5ff:0x193c38d139a7d1d5,89608b553afffff
POI_IND_9999_0x3be7c92481893671:0x5b4987f73e04b92c,89608b548b7ffff
POI_IND_9999_0x3be7b750753e0ec1:0xf3b9341651f5e0fd,89608b446b7ffff
POI_IND_9999_0x3be7c8eeafc08131:0xe149f6372f76dec4,89608b0b6afffff
POI_IND_9999_0x3be7b8005f95e93f:0xca157d53047d1614,89608b54e7bffff
POI_IND_9999_0x3be7c81567a813c1:0x72da4a98e20c365d,89608b548a7ffff
POI_IND_9999_0x3be7c9a143ffa273:0xec5689473e7a6de6,89608b084c3ffff
POI_IND_9999_0x3be7cece3fffffeb:0xd53131d21fdc4906,89608b0a297ffff
POI_IND_9999_0x3be7cfc06fbcfd5f:0x666b254a20b2e576,89608b0a013ffff
POI_IND_9999_0x3be7ce8640dd4e95:0xa76393777e3e2,89608b0a523ffff
POI_IND_9999_0x3be7cfc089ca50ff:0xc273c4be894dd27c,89608b0a6cbffff
POI_IND_9999_0x3be7cf0012e16e91:0x2831f371865c26a6,89608b0a50fffff
POI_IND_9999_0x3be7b12e3813ef27:0xef6b9b6dec22c4d9,89608b40b57ffff
POI_IND_9999_0x3be7b921acc69ba7:0x49baf9643c9bc38e,89608b552bbffff
POI_IND_9999_0x3be7bbcf848c77a5:0x4c1790f834e2256c,89608b404a3ffff
POI_IND_9999_0x3be7bb00302717eb:0x2519a3ca0ba5247,89608b40417ffff
POI_IND_9999_0x3be7b9a40db9a553:0x22803b52da7e66fa,89608b42167ffff
POI_IND_9999_0x3be7b9024ce1e6bb:0x8343d55821c1b5c3,89608b55233ffff
POI_IND_9999_0x3be797151cf1b84f:0x1730973551b30780,89608b5a5bbffff
POI_IND_9999_0x3be7c3523ccb5193:0xdbd27685ba13323e,89608bccc57ffff
POI_IND_9999_0x3be7b1cc8c33c68b:0xb01867fdad4b648b,89608b4ec8bffff
POI_IND_9999_0x3be870765021002b:0x79b8b2db8d3fcae5,89608b8e447ffff
POI_IND_9999_0x3be7c33a94588df1:0xe4dd819fe347dc84,89608bce813ffff
POI_IND_9999_0x3be7c14a557fd797:0x1b7f9a5e90571318,89608bcd0b7ffff
POI_IND_9999_0x3be7e837b319ec2d:0x9eb897780a8add11,89608bcf58bffff
POI_IND_9999_0x3be7c91249bec711:0xc4beebc01cf22c43,89608b5482bffff
POI_IND_9999_0x3be7b1387bb21851:0x8817b82fe6cb92a5,89608b442abffff
POI_IND_9999_0x3be7b8fbd48113af:0x54760e862559609e,89608b553b3ffff
POI_IND_9999_0x3be7c90b8dd05785:0x8e2180e75feee4d6,89608b548a7ffff
POI_IND_9999_0x3be7c7e6095855a5:0x281c2584fd95f951,89608b54e93ffff
POI_IND_9999_0x3be71d35ff3185e1:0x22a029cb04c74629,8942db552b3ffff
POI_IND_9999_0x3be7a91936ed3793:0x840b0a1fdb64abde,89608b4d8afffff
POI_IND_9999_0x3be7c10b3f4c9f6b:0x3aa2432f492aab82,89608b5729bffff
POI_IND_9999_0x3be7bbfb81bd67ef:0x775f0c05020dbcb0,89608b4042bffff
POI_IND_9999_0x3be7c10004cfcb61:0xcb8127f942473ee,89608bcd823ffff
POI_IND_9999_0x3be7c3acd02d901f:0x8c0d34ed13413a52,89608bcc1d7ffff
POI_IND_9999_0x3be7b046c96ee529:0xa889bd62049a8c1c,89608b4528bffff
POI_IND_9999_0x3be7c14b06247589:0x556a32f540a416cd,89608bcdb17ffff
POI_IND_9999_0x3be7c11f73abf439:0xfca8eed87e4fa9ba,89608b57013ffff
POI_IND_9999_0x3be797178b0f5e23:0x8ec07e78f71c1d1e,89608b5a513ffff
POI_IND_9999_0x3be7943fce79ed3f:0xf3577c45a2cbfefb,89608a249cbffff
POI_IND_9999_0x3be795e4334ede9d:0xcf7f6e89eb75fadd,89608b536a7ffff
POI_IND_9999_0x3be7c3c107a5e5bb:0x6ec396db06d9a971,89608bcce8fffff
POI_IND_9999_0x3be7c93ddb73c38b:0x6fe7c71c56731475,89608b56b17ffff
POI_IND_9999_0x3be7c91699e07137:0x13291b15bb71f44,89608b0b163ffff
POI_IND_9999_0x3be7b11d2e9df595:0x7ffb0239312a17b8,89608b4556bffff
POI_IND_9999_0x3be7c9164e9de569:0x92851d0b8544a2d9,89608b0b10bffff
POI_IND_9999_0x3be7b626af81ff5b:0xd34445017ed23c96,89608b0928bffff
POI_IND_9999_0x3be7b7a4387c8af5:0xe3e576d93f3392e5,89608b4630fffff
POI_IND_9999_0x3be7b716bb3bda57:0xc01686d6d0a4994c,89608b4400bffff
POI_IND_9999_0x3be7c9007be01b71:0x96ec63c31afe649c,89608b549abffff
POI_IND_9999_0x3be7b73b26f5dbaf:0x330b821534e512f2,89608b4441bffff
POI_IND_9999_0x3be7b726c76e5d11:0xe9adcf0751f665c9,89608b46037ffff
POI_IND_9999_0x3be7b7a99cd078cb:0xf399f663cd86fb40,89608b463a3ffff
POI_IND_9999_0x3be7b9d78ce8fd01:0x7c27a7156a6a6d99,89608b55497ffff
POI_IND_9999_0x3be7959116427fcb:0xfbfceeb2a31ca06b,89608b51573ffff
POI_IND_9999_0x3be7c33ce8464c45:0xbb6a4a28fcf1f9a7,89608bccad7ffff
POI_IND_9999_0x3be7b1bce5890f0b:0x73dc2520546b6923,89608b40b23ffff
POI_IND_9999_0x3be7c3ba8b0c04dd:0xaed2981a52cebe4e,89608bccc4bffff
POI_IND_9999_0x3be7cede9b21ed89:0x558fbfc5f400023c,89608b0a6bbffff
POI_IND_9999_0x3be7cf4cd573a6bf:0x377f0f7173d57ba6,89608b0a4d3ffff
POI_IND_9999_0x3be7cee46e5a4cff:0x22175aefb1d734cb,89608b0a40bffff
POI_IND_9999_0x3be7c99ba9ac8511:0xf720bd58e3380c58,89608b0a02bffff
POI_IND_9999_0x3be7cf16da7083c5:0x207fcbbe77849e80,89608b0a55bffff
POI_IND_9999_0x3be7d196ac103337:0x498310a9712ebe93,89608b03033ffff
POI_IND_9999_0x3be7ce56f060b07f:0x8bb48a295b84970c,89608b18b57ffff
POI_IND_9999_0x3be7b76d36d318e7:0x2af8a04ba6833d4b,89608b54b13ffff
POI_IND_9999_0x3be7b76b6659714f:0xec45712e87158f88,89608b09203ffff
POI_IND_9999_0x3be7cf500c056177:0xaf44f19c5cb2793a,89608b56d33ffff
POI_IND_9999_0x3be7b94c02082709:0xd5567bd98c44a19e,89608b55163ffff
POI_IND_9999_0x3be7c9a6fd005a73:0x1f422c75c6212f4c,89608b0b373ffff
POI_IND_9999_0x3be7c9164ff01d63:0xc657d0a51981ef00,89608b0b10bffff
POI_IND_9999_0x3be7c96f0849c345:0x6e0276cc57b4b0ab,89608b0958bffff
POI_IND_9999_0x3be7b72fe893b3af:0x46424f708ca4c50c,89608b444cbffff
POI_IND_9999_0x3be7c8eeaf83fd9b:0x15430182f5e6edfd,89608b0b6afffff
POI_IND_9999_0x3be7c7c65a2c5d77:0xf3b4bc2b7541c4b4,89608b56877ffff
POI_IND_9999_0x3be7b13affffffff:0xf22dcacfcf21cbfa,89608b47323ffff
POI_IND_9999_0x3be7b7f2309ad685:0xc1de35de8a14751d,89608b0928fffff
POI_IND_9999_0x3be7b7c1a5a4614b:0x456fc6b57c83cd0,89608b4639bffff
POI_IND_9999_0x3be7cee53bdf59b9:0x492f39074ee78879,89608b0a477ffff
POI_IND_9999_0x3be7ce8c74290311:0xa3efe60241d20473,89608b0a503ffff
POI_IND_9999_0x3be7cede90689d99:0x4ee45aa1669d43d4,89608b0a6bbffff
POI_IND_9999_0x3be7d1e65933ff2d:0xa26cabde8d5d5c91,89608b03233ffff
POI_IND_9999_0x3be7c9ea466213fd:0x6ffc4db052a9af9a,89608b19b6bffff
POI_IND_9999_0x3be7ced3cafcea71:0xc78f854e95a9209,89608b0a663ffff
POI_IND_9999_0x3be7b7522816b519:0x6f2a5994cce70309,89608b46023ffff
POI_IND_9999_0x3be7b7341ce87ec1:0xc855e07873451274,89608b09347ffff
POI_IND_9999_0x3be7b63c7fa99221:0xc1b974141362d497,89608b09257ffff
POI_IND_9999_0x3be7b760948d71dd:0x9e581819803dad2e,89608b46057ffff
POI_IND_9999_0x3be7c9d31246f115:0x265f98fa6865d526,89608b09613ffff
POI_IND_9999_0x3be7c82371f3146f:0x835521cb676f5e9c,89608b54b97ffff
POI_IND_9999_0x3be7c7898f61250f:0x6feb80511aae694d,89608b56aafffff
POI_IND_9999_0x3be7c93e8c060e87:0x1866bdbf5346ea26,89608b54887ffff
POI_IND_9999_0x3be7ab7757c8fb7b:0xfe9654eb45ebed7e,8942db4880fffff
POI_IND_9999_0x3be7ce7a72faaaab:0x6831e3e60ffc8ea8,89608b01667ffff
POI_IND_9999_0x3be7c900326aa277:0x811f92c4d3116811,89608b086d7ffff
POI_IND_9999_0x3be7b7aefb966b27:0xa00ec1b8241bceac,89608b46cd7ffff
POI_IND_9999_0x3be7c7be3ef65667:0xe968d335bf852bcc,89608b541d7ffff
POI_IND_9999_0x3be7b14003933c8f:0x309fa16f2df04167,89608b456b7ffff
POI_IND_9999_0x3be7c93e67737047:0x403c5cb89a340e76,89608b0b117ffff
POI_IND_9999_0x3be7b93c50363d01:0xe1bdec4f5b6c33f7,89608b55177ffff
POI_IND_9999_0x3be7c8396a3d71d7:0x2b29761922af7952,89608b549cfffff
POI_IND_9999_0x3be7c916035da32f:0x6945c22db7f09ba7,89608b09257ffff
POI_IND_9999_0x3be796840e935c6d:0x155f49ed5fcb5827,89608a24b2bffff
POI_IND_9999_0x3be7b153adf4dc5b:0x930bc1a164eb1e46,89608b4e523ffff
POI_IND_9999_0x3be7c25337bcfdd3:0xf05df0d2a0804082,89608bcc1d7ffff
POI_IND_9999_0x3be7b1edb330bce3:0x5be6a3e3d5f8c9e,89608b452d3ffff
POI_IND_9999_0x3be7bb87ee57cef3:0x6d897e4364f5c1e6,89608b42347ffff
POI_IND_9999_0x3be7c372d1c1a8e9:0x6829d7174cb574a6,89608bccc03ffff
POI_IND_9999_0x3be7c9001860a48b:0x90d6fe3f524cfb2a,89608b0b26bffff
POI_IND_9999_0x3be7b742f375bc37:0xf2ca27a496a06b0b,89608b4654fffff
POI_IND_9999_0x3be7b65b456ea2bf:0xb234dd12a4816790,89608b54817ffff
POI_IND_9999_0x3be7c9002a3a0b57:0x38bf07d2b19236d3,89608b54d73ffff
POI_IND_9999_0x3be7b60362b39b85:0x9b8fe1557a04618b,89608b09357ffff
POI_IND_9999_0x3be7b737c3afc1eb:0xb676cab7486f7c27,89608b0923bffff
POI_IND_9999_0x3be7c9a2fdf79831:0xefba42f006f92426,89608b5494fffff
POI_IND_9999_0x3be7c830efe67973:0x580ec1f4abf43154,89608b54973ffff
POI_IND_9999_0x3be7c7f3b76c15d1:0x449c74fc55e283c6,89608b56d4fffff
POI_IND_9999_0x3be7b74d0d6d38ff:0x8d413d6dad50abce,89608b09203ffff
POI_IND_9999_0x3be7c948b8aa65e9:0x12777984593b2232,89608b0b57bffff
POI_IND_9999_0x3be7c9b5d5f19b5d:0x180129f12273810a,89608b09457ffff
POI_IND_9999_0x3be7b7a3539f85b9:0x169e22d765db2bca,89608b463d7ffff
POI_IND_9999_0x3be7b77277271c55:0x9b7a84f96dd75bd2,89608b44697ffff
POI_IND_9999_0x3be7b12d489a77cf:0x8a62585fb7b6de4a,89608b44633ffff
POI_IND_9999_0x3be7b7c3b66abed1:0x710f9e084680a8e4,89608b46307ffff
POI_IND_9999_0x3be7b1fa3b0a6cf7:0xd9e15ec7682bbe44,89608b0920bffff
POI_IND_9999_0x3be7b79d8a5bf6af:0x781c61a235519337,89608b461b3ffff
POI_IND_9999_0x3be7a8cd5643696f:0x98997b33f721bc68,89608b4d117ffff
POI_IND_9999_0x3be7e9fdb479e83d:0xe7552c1e98c1efea,89608bc196fffff
POI_IND_9999_0x3be7c300041c8b7d:0xe3edcf331445d32c,89608bcc627ffff
POI_IND_9999_0x3be7e866e341688f:0x94ddef28d381dc11,89608bc1b8bffff
POI_IND_9999_0x3be87b65b6c78c39:0xc4426c4883967892,89608b8f1a3ffff
POI_IND_9999_0x3be7afa6943d0243:0x45fd40f76d5ebc8f,89608b4e16fffff
POI_IND_9999_0x3be7c3acf2802b21:0x669c7d1627c86d0f,89608bcc61bffff
POI_IND_9999_0x3be7b7a9d209b559:0x2d6e81a09f8bd2de,89608b46043ffff
POI_IND_9999_0x3be7b77190a1ffdf:0xed831765e4473149,89608b445abffff
POI_IND_9999_0x3be7b7c35120a629:0x807870b4bd5e0c4,89608b4651bffff
POI_IND_9999_0x3be7c83d4c7e1d2f:0xfd2ba7793f8b7446,89608b5482fffff
POI_IND_9999_0x3be7c9db42b3d2a9:0xdb66a8dc79b73dfd,89608b0b147ffff
POI_IND_9999_0x3be7c707dcf3ea77:0x6069387389169eea,89608b54e93ffff
POI_IND_9999_0x3be7c8528dec3899:0x9d2e341eb8d2776,89608b0b277ffff
POI_IND_9999_0x3be7c9b9fdf7b777:0xd2487c0ce242b1b5,89608b0b467ffff
POI_IND_9999_0x3be7c7401c2915c7:0xa67575845f83d027,89608b54c27ffff
POI_IND_9999_0x3be7b9710cd0fb9d:0xfbcf34e167ad1fe2,89608b55347ffff
POI_IND_9999_0x3be7b1c6efc26cab:0x2e76b95f5434b05,89608b4e1b3ffff
POI_IND_9999_0x3be7b967df025f81:0x3d31e13bc121f042,89608b40417ffff
POI_IND_9999_0x3be7b92745452501:0x4818436c9a722179,89608b55283ffff
POI_IND_9999_0x3be7b04dce611a23:0x8f6fcb407e600cf8,89608b452a3ffff
POI_IND_9999_0x3be7c0a8172c6a13:0xeb86d16cdf9e4772,89608b57213ffff
POI_IND_9999_0x3be7c765ab636917:0x9e6907da95542276,89608b5645bffff
POI_IND_9999_0x3be7cfd3b55baab7:0x65a9082de103f634,89608b0a55bffff
POI_IND_9999_0x3be7ce867aa462f7:0x7163257680c33d79,89608b0a523ffff
POI_IND_9999_0x3be7d1e6fe6a3b6d:0xc75f1b5bc472d7ad,89608b03233ffff
POI_IND_9999_0x3be7d1e7a1ae8dc5:0x470f3f1aff27975c,89608b03233ffff
POI_IND_9999_0x3be7c9b5ef98de73:0xf4177dac64a10dbf,89608b03287ffff
POI_IND_9999_0x3be7cf8917e14b17:0x6d3306c72ac27502,89608b0a057ffff
POI_IND_9999_0x3be7d19394b52bb5:0x8e0f543692672297,89608b0303bffff
POI_IND_9999_0x3be7cf083127c327:0x4c8fd216a04f41e4,89608b1894bffff
POI_IND_9999_0x3be7ce0d1713000f:0xcd4f3b7d699b8416,89608b016b7ffff
POI_IND_9999_0x3be7d1b53dfd1fa9:0x67de7b0987abe5b2,89608b032afffff
POI_IND_9999_0x3be7c98cbebf4c39:0xc4e6c94c26ac7bbe,89608b0b137ffff
POI_IND_9999_0x3be7c90ca76b906d:0x608abcccd1ea2511,89608b0b163ffff
POI_IND_9999_0x3be7c98fc4985e19:0x879644bdb8877a59,89608b0b3b7ffff
POI_IND_9999_0x3be7c901be009a41:0x33c0271b64aca766,89608b0948bffff
POI_IND_9999_0x3be7c9ae81b1f825:0x515a216360c1e667,89608b0942bffff
POI_IND_9999_0x3be7b7206c42fd31:0x87f4a522da8bf9a6,89608b0920fffff
POI_IND_9999_0x3be7c87d80325f43:0x9a68be419ef8ffde,89608b56b77ffff
POI_IND_9999_0x3be7b7c7edc8c9bb:0x33016b570a7ce543,89608b092b3ffff
POI_IND_9999_0x3be7b7eea52a61d7:0x453ff0e463586a45,89608b46033ffff
POI_IND_9999_0x3be7c9bd7802e87b:0x6752da0fa1ab5a44,89608b0958bffff
POI_IND_9999_0x3be7c9e92075a359:0x438fff3629fa97dc,89608b0901bffff
POI_IND_9999_0x3be7c94709994f15:0xbbc0becf5b6d3c1a,89608b084d3ffff
POI_IND_9999_0x3be7c9aca86d8675:0x79a559235dace0d5,89608b54d3bffff
POI_IND_9999_0x3be7c9aca86d8675:0x79a559235dace0d5,89608b54d3bffff
POI_IND_9999_0x3be7b1f4512ee119:0x38f65d6f27cd6143,89608b4550bffff
POI_IND_9999_0x3be7b7114a0524db:0x1b08c2bf98d3ce88,89608b461c3ffff
POI_IND_9999_0x3be7c14eee59bfb9:0xb93f6de62a2f6cb2,89608bcd903ffff
POI_IND_9999_0x3be797e0057ada15:0xefb31aab302661b3,89608b512c3ffff
POI_IND_9999_0x3be7afc7b6973a7d:0xb4de380592729016,89608b4cc73ffff
POI_IND_9999_0x3be7e97a7b21d465:0xf2cd0582335a8d33,89608bce44bffff
POI_IND_9999_0x3be7c3860959a079:0x854d5f8379bed18c,89608bcc183ffff
POI_IND_9999_0x3be7c31524a9c0a1:0x3b308e9e040ea6c3,89608bcc0dbffff
POI_IND_9999_0x3be7e9c8a7679c2d:0x6cd7eecd4e0cd03d,89608bcf0abffff
POI_IND_9999_0x3be87bec2258d67f:0x64c5d77ebb7d9bcf,89608b8f137ffff
POI_IND_9999_0x3be7cf3224f991f5:0xade5f9dcfb900658,89608b0a4d3ffff
POI_IND_9999_0x3be7cfcc45d1ac65:0x75c46b0fe4939ae8,89608b0a1d7ffff
POI_IND_9999_0x3be7ce8cc097ff7f:0xd0d7f6be2c27350d,89608b0a51bffff
POI_IND_9999_0x3be7d1bff217938f:0x94b35038f7c0094,89608b0301bffff
POI_IND_9999_0x3be7c911c1737c89:0xcdf59ef869e9558,89608b54d3bffff
POI_IND_9999_0x3be7b72a9b932fdb:0xa03203844c96003d,89608b4468bffff
POI_IND_9999_0x3be7b71e1a98d291:0xa740eeeeef461d89,89608b4638bffff
POI_IND_9999_0x3be7c95aa1ee566f:0x228a14f91e05ec3,89608b0b6a7ffff
POI_IND_9999_0x3be7c935a6e2bee3:0xe88d18d62039f5dc,89608b0b163ffff
POI_IND_9999_0x3be7c94f74923b51:0xdc4f4bf22899fd10,89608b08483ffff
POI_IND_9999_0x3be7c9ba547a5d49:0x17765eb1305fa1eb,89608b0942fffff
POI_IND_9999_0x3be7b6181c9ac959:0xbd0f2243403e1bdc,89608b0923bffff
POI_IND_9999_0x3be7c8ffbeb9dfcb:0xd6fe915e1b27e04d,89608b0b3cfffff
POI_IND_9999_0x3be7b7a8ffdc7ea9:0x745ef84d7f68a893,89608b46043ffff
POI_IND_9999_0x3be7b1db319ea85b:0x396590d3b94f8b53,89608b45573ffff
POI_IND_9999_0x3be7c925cb4bdfe5:0x7e31830c7d93dc65,89608b0b17bffff
POI_IND_9999_0x3be7c9b2b42b52cf:0xc560894d080a27c2,89608b0949bffff
POI_IND_9999_0x3be7b15d6f7eb3df:0x6da27f4c1ad3dfd0,89608b45597ffff
POI_IND_9999_0x3be7c871fe40858f:0x5d070e4763d658e8,89608b54c27ffff
POI_IND_9999_0x3be7c924407f5b4f:0x7e0f60c2b0d0f643,89608b0b46fffff
POI_IND_9999_0x3be7b7b764d6e7cb:0x6bfab48ca70a1871,89608b46cb3ffff
POI_IND_9999_0x3be7c938a7dd9d6d:0xf4de48d35efe99ca,89608b0b117ffff
POI_IND_9999_0x3be7b7a75ea079dd:0x4af49888afc6c4b2,89608b4662bffff
POI_IND_9999_0x3be7b9000d0b60df:0x142e6fabd041d4f2,89608b5422fffff
POI_IND_9999_0x3be7cf9793acdacf:0xe4b86ecafe4dbf14,89608b0a6b7ffff
POI_IND_9999_0x3be7cf9d2a9cee07:0x85aec37b12cab58a,89608b0a0a7ffff
POI_IND_9999_0x3be7cf0028e86b53:0xbbc8f96747c0ca6,89608b0a55bffff
POI_IND_9999_0x3be7cf29c0d30255:0xde19efed6b31b244,89608b0a0a7ffff
POI_IND_9999_0x3be7ce8a8957a3ad:0xd7a20512d5a96ee1,89608b0a58fffff
POI_IND_9999_0x3be7ceeb7b967e33:0x3ace3d609ae10dda,89608b0a083ffff
POI_IND_9999_0x3be7b983e0ddfea1:0x8435d6ee7e830cc1,89608b423a7ffff
POI_IND_9999_0x3be795b56adf11a5:0x9d5223f637d6830a,89608a2482fffff
POI_IND_9999_0x3be7c36b367e6e6d:0xd78804b03939c8bb,89608bccc4bffff
POI_IND_9999_0x3be7bbe322da3899:0xc4e15a7aee2f971f,89608b400cfffff
POI_IND_9999_0x3be7b9877db7687d:0xcbea27fdb4cf7f78,89608b55233ffff
POI_IND_9999_0x3be7b1fd6345453f:0x4970fa7aecd3709f,89608b4e573ffff
POI_IND_9999_0x3be7b1660dc4cfe9:0x7a19120bf550ef80,89608b4e523ffff
POI_IND_9999_0x3be7c16ba639530f:0x8e5633555c06e5f9,89608bcdba3ffff
POI_IND_9999_0x3be7ce0fc821d359:0x190f6c02dc1fd8a,89608b0140bffff
POI_IND_9999_0x3be7cef2993f3d05:0x6bc69ed290dda99,89608b0a553ffff
POI_IND_9999_0x3be7cf29280df03f:0x25acd91b86647569,89608b18b87ffff
POI_IND_9999_0x3be7d1dca4a46a55:0x255c4abe876037b5,89608b0328fffff
POI_IND_9999_0x3be7cfee3e178c67:0xc6a287d9d8248ae9,89608b0b593ffff
POI_IND_9999_0x3be7b9b8389bfff5:0xe2fe194bb709663c,89608b554c3ffff
POI_IND_9999_0x3be7bf50f984911b:0x58c857555eac6c7,89608b51107ffff
POI_IND_9999_0x3be7c1a5d9bf8023:0x280ce6d8303ba289,89608bcdb07ffff
POI_IND_9999_0x3be795a339985e1f:0x83e52bfb2395070b,89608b51563ffff
POI_IND_9999_0x3be797d0a5664b2f:0x66e2e4d0169cf9be,89608b5a503ffff
POI_IND_9999_0x3be7c195fe81deef:0xc2c204fa5b8bef76,89608bcdb6bffff
POI_IND_9999_0x3be7c1d10f986c7b:0x43923d593324e266,89608bcca4fffff
POI_IND_9999_0x3be7b991a70186ad:0x2a3e8429b7293787,89608b55233ffff
POI_IND_9999_0x3be71fd866b346a9:0x72dbc44d2d80581d,8942db56693ffff
POI_IND_9999_0x3be7c3297400e6cd:0x3a871eb95889c810,89608bcc29bffff
POI_IND_9999_0x3be7b767c6281857:0x84edc59f041a75b8,89608b09247ffff
POI_IND_9999_0x3be7c991b832b67b:0xaa6621277db97481,89608b0b387ffff
POI_IND_9999_0x3be7c92d50febf63:0x76ff5c1f42293ee2,89608b0b167ffff
POI_IND_9999_0x3be7b63f12999d2d:0xe0c605c9a4d44d1e,89608b461a3ffff
POI_IND_9999_0x3be7b7145f52b7ff:0xebfa5f082f74e51d,89608b47523ffff
POI_IND_9999_0x3be7c7cc74937a79:0x65367a02cf40aa9a,89608b1936fffff
POI_IND_9999_0x3be7c9b1a328905f:0x9fa00b34065eece9,89608b0904bffff
POI_IND_9999_0x3be7b77d5bf2d625:0x2f896d1ecb0a37d0,89608b54b1bffff
POI_IND_9999_0x3be7b73bf33c98bd:0x4312888326f3d31d,89608b0928fffff
POI_IND_9999_0x3be795c617d4af5b:0x690ade34f99a95,89608b51573ffff
POI_IND_9999_0x3be7b924487dd125:0xa635ab67f241a059,89608b552c7ffff
POI_IND_9999_0x3be7b1f30ca00b4f:0xa0bad35a7c521755,89608b4e183ffff
POI_IND_9999_0x3be7953fd684d709:0x632d37f8576af9e2,89608b53177ffff
POI_IND_9999_0x3be7b92219d8112d:0x6d95527a0cd6cfd8,89608b55207ffff
POI_IND_9999_0x3be7b8de3fffffff:0xb4f54d9384022bac,89608b55287ffff
POI_IND_9999_0x3be7c1eadd74984b:0x8436e71853ffa407,89608bcd933ffff
POI_IND_9999_0x3be7b90e268b087d:0xc4c90f5ddf434cb1,89608b42cd7ffff
POI_IND_9999_0x3be7ab9077d026d1:0xcdfbe6277997459f,8942db48807ffff
POI_IND_9999_0x3be7a8c250b6be4f:0x75cc93cdd0e3760e,89608b4d317ffff
POI_IND_9999_0x3be7b7f690dacba7:0x689cf5cd6fb617e7,89608b46333ffff
POI_IND_9999_0x3be7c9e981443347:0xe928949df0975d3b,89608b0b323ffff
POI_IND_9999_0x3be7c8368eca746d:0xff6980b5c4a6003b,89608b0941bffff
POI_IND_9999_0x3be7c9b5d31e4e9f:0xa66a663540b8ca49,89608b0945bffff
POI_IND_9999_0x3be7b62763a22183:0xa4b01b4d215b088a,89608b09293ffff
POI_IND_9999_0x3be7b7988ef2fbd5:0xab6356f1720ad8f6,89608b44447ffff
POI_IND_9999_0x3be7b63ef5c5d7db:0xc533abfb6d4cce35,89608b461b7ffff
POI_IND_9999_0x3be7b7003e934a35:0x1f75df78e6909e21,89608b446b3ffff
POI_IND_9999_0x3be7c9575e031b9b:0x6a50e8493695fb4d,89608b0b36fffff
POI_IND_9999_0x3be7c9ac0e00c735:0x6300da08e9f6d9fd,89608b09297ffff
POI_IND_9999_0x3be7b704e01a639d:0xe591f500e2cfe206,89608b0962bffff
POI_IND_9999_0x3be7b8f01708e201:0x56a6a38ee561f7dd,89608b55027ffff
POI_IND_9999_0x3be7b9aa40e81393:0xad1d7beb8e8a7d8b,89608b42c9bffff
POI_IND_9999_0x3be7c18abaaf90b9:0xfd5a4ac012c3c826,89608b574b7ffff
POI_IND_9999_0x3be7b9ab978f6b7b:0x229ef087585a8ba3,89608b552a3ffff
POI_IND_9999_0x3be7b1004a9a1327:0xebcb86def49f15bd,89608b4563bffff
POI_IND_9999_0x3be7c31662dd8fbf:0xfd29d279a0fcad39,89608bcc1b3ffff
POI_IND_9999_0x3be7bbb701aeb163:0xeb3fd4ecd95b6d09,89608b404bbffff
POI_IND_9999_0x3be7cf21727d5445:0x4f10a651c59017df,89608bcd8afffff
POI_IND_9999_0x3be7bbcfbd040a75:0x5b44b435de2eefef,89608b40383ffff
POI_IND_9999_0x3be7c1440fc78c07:0xc48be157fa75d948,89608bcd9c7ffff
POI_IND_9999_0x3be79540d709a84b:0x7aaf825160cc9acd,89608b5160fffff
POI_IND_9999_0x3be7b96149bbd513:0xb544e97c72e1c8ba,89608b554cfffff
POI_IND_9999_0x3be7c25259a49fc3:0x4d7356a85ba35217,89608bcc1d3ffff
POI_IND_9999_0x3be7b16e84845133:0x58ef6d3bf4d637ef,89608b4ec83ffff
POI_IND_9999_0x3be7b9ef7f4c5497:0x6d1c2c6cb9e038b0,89608b42cb3ffff
POI_IND_9999_0x3be7ed4bc8be83c5:0xc98625e17a4a4733,89608a265d7ffff
POI_IND_9999_0x3be7c1335917e513:0x92d703f8a1f18df9,89608bcce7bffff
POI_IND_9999_0x3be7b9c2eb1807a9:0x7a5776d2d3785b4e,89608b55683ffff
POI_IND_9999_0x3be7bd08d7e3e82d:0x8e1a7e99dae585e2,89608b5ab2fffff
POI_IND_9999_0x3be7c3c0dcfeaaab:0x7c7be762e5e977e4,89608bccec7ffff
POI_IND_9999_0x3be7bfd247f48717:0x90ed8af6d6e8748f,89608b505bbffff
POI_IND_9999_0x3be7be2063940e41:0xbf12f003120e2daf,89608b511abffff
POI_IND_9999_0x3be79398780517fd:0x890b8816e8ab7cb9,89608a26197ffff
POI_IND_9999_0x3be7953ea3554867:0xebbcabdda3b65002,89608b51197ffff
POI_IND_9999_0x3be7c100688b3ccf:0xa563c695cdafccba,89608b570c7ffff
POI_IND_9999_0x3be7bf4bf0e40033:0x216fcc8d5d46dabd,89608b509afffff
POI_IND_9999_0x3be7bb005d9ab00d:0x5972f2e60750c8b0,89608b40397ffff
POI_IND_9999_0x3be7c1dbbc6d7971:0x5168a04a1fed5c53,89608bcdba3ffff
POI_IND_9999_0x3be795b24cf9e83b:0x83340cf8a2d153c1,89608b51413ffff
POI_IND_9999_0x3be7b9d4ed4a42d5:0xa51d88545d5839cc,89608b55313ffff
POI_IND_9999_0x3be7cf6d431be0a3:0x7bc234f8843211f3,89608b0a097ffff
POI_IND_9999_0x3be7cf00586c465f:0xda1eab087592f71e,89608b19b27ffff
POI_IND_9999_0x3be7ce104a8a2d4f:0x9c697eae8fdf2ea,89608b01447ffff
POI_IND_9999_0x3be7d1e22414bc1b:0xa4bf9ee3b7315971,89608b03043ffff
POI_IND_9999_0x3be7cedb5fcebfdd:0x33b836b26dca8542,89608b0a6afffff
POI_IND_9999_0x3be7c340e0c26833:0x55ca22282a0686e7,89608bcc01bffff
POI_IND_9999_0x3be87bb10678bb0d:0x813311bb86c80da7,89608b8c4d3ffff
POI_IND_9999_0x3be87a410afe07a3:0xf54c04807c625882,89608b8e34bffff
POI_IND_9999_0x3be7d1e776492e0b:0x511c0f8df5baaba9,89608b0320fffff
POI_IND_9999_0x3be7ce11c24417b9:0x47acdfda1c7321ad,89608b01447ffff
POI_IND_9999_0x3be7cf71b5829a9b:0x653dc382ca438bb9,89608b0a54bffff
POI_IND_9999_0x3be7cf2c31f74a4d:0x66c91183c1904c0,89608b0a4a3ffff
POI_IND_9999_0x3be7cf7194b6aeeb:0x5de3f65a7cf18734,89608b0a62fffff
POI_IND_9999_0x3be7ce0eff3693ef:0xff113413f9db37e8,89608b01473ffff
POI_IND_9999_0x3be7bbde1fdfab6d:0xab6d14ede8542e97,89608b42327ffff
POI_IND_9999_0x3be7ed368ddca475:0x875b438e336fb35c,89608bc96b7ffff
POI_IND_9999_0x3be7b9201352950d:0x2b8a035bebb4c6ac,89608b552bbffff
POI_IND_9999_0x3be7b12de6b318bd:0xeb8b38927fd79982,89608b452bbffff
POI_IND_9999_0x3be7c1be0f4ed7e3:0x6dbd96a09e5d16b0,89608bcdd4fffff
POI_IND_9999_0x3be7c1be472fac0f:0x1c570efe5d4ea4a,89608bcd967ffff
POI_IND_9999_0x3be7c9df4edf1265:0x17425902b761377c,89608b5695bffff
POI_IND_9999_0x3be7b79a2e6c5a73:0xea34fb6723b03efd,89608b4468bffff
POI_IND_9999_0x3be7c9eaf59ba979:0xbf760284ebfca9da,89608b0941bffff
POI_IND_9999_0x3be7b7604df9db1d:0x34c1b76409394126,89608b4408bffff
POI_IND_9999_0x3be7c7947088942d:0x20c4de3233b8b051,89608b54153ffff
POI_IND_9999_0x3be7b927a53f9905:0x1d939824ee2a145b,89608b57223ffff
POI_IND_9999_0x3be7b9ff73db9f57:0x7dcddbc1ed0bac09,89608b5504bffff
POI_IND_9999_0x3be7bb2905f61895:0xdabab4789ae39a2b,89608b404a3ffff
POI_IND_9999_0x3be7b91ec32af7b5:0xa5e689dcf921e957,89608b552afffff
POI_IND_9999_0x3be7c7e92e33e44d:0x7f849843a23a28a,89608b57033ffff
POI_IND_9999_0x3be7c1b58ea12c77:0x5ac4d98ffaed9aba,89608bcd9b3ffff
POI_IND_9999_0x3be79510581d33c9:0xaa4177983d9a2464,89608b51547ffff
POI_IND_9999_0x3be7c30054eebc13:0x603a0868dcfa5ead,89608bcc177ffff
POI_IND_9999_0x3be7bf927e1286bf:0x31b78bf582b10ce5,89608b5056bffff
POI_IND_9999_0x3be7c3dffd0c745f:0x82a1f7655cfcc806,89608bcdd33ffff
POI_IND_9999_0x3be795dc19419b8d:0xecefddfe5566ea37,89608a249cbffff
POI_IND_9999_0x3be7c11384078ad7:0xc0916523495ec59a,89608b574afffff
POI_IND_9999_0x3be7c1eeaf1480f7:0x96ab60f037f5f097,89608bcdd5bffff
POI_IND_9999_0x3be7d1e80b64f02b:0xc8b364d48fa33c02,89608b032a3ffff
POI_IND_9999_0x3be7cf16190dccbd:0xc10412446013ea14,89608b0a2d7ffff
POI_IND_9999_0x3be7cf9032c5c201:0x9a123a9132113b3f,89608b0a053ffff
POI_IND_9999_0x3be7c90069e2d2c5:0xa06a9b443026d05,89608b09413ffff
POI_IND_9999_0x3be7c90a80cfff5f:0x2d4f1bc1a448d784,89608b548abffff
POI_IND_9999_0x3be7c75edc293857:0xd505717afda3ff16,89608b56d03ffff
POI_IND_9999_0x3be7c92d07d0186d:0x72dfb50f38e61443,89608b0b133ffff
POI_IND_9999_0x3be7c982a79f1d7f:0x727177576000b475,89608b549dbffff
POI_IND_9999_0x3be7b107370a72af:0x1bfc14ea1d5cce20,89608b45563ffff
POI_IND_9999_0x3be7c93183138d3f:0x8e132f773c4ca9a8,89608b569c7ffff
POI_IND_9999_0x3be7b80066555555:0x635775c7ea818457,89608b54e7bffff
POI_IND_9999_0x3be7c7f3eddc4f19:0x61769e8c22ac6a06,89608b56a33ffff
POI_IND_9999_0x3be7c792367a2041:0x912af218cd12e8b7,89608b56bdbffff
POI_IND_9999_0x3be7b93d1b249ccb:0x56bd960a97c7a4f,89608b551abffff
POI_IND_9999_0x3be7b134c3933253:0xcde44e58860d816,89608b455a7ffff
POI_IND_9999_0x3be7b619ed8a8ba3:0x91c03b1da880b330,89608b09223ffff
POI_IND_9999_0x3be7b75fd5198ae9:0x41b607b935c1287f,89608b460b7ffff
POI_IND_9999_0x3be7c90061457b6d:0x73d3f267c61c98b2,89608b54d4bffff
POI_IND_9999_0x3be7c9c2ae72dc9d:0x5b4b775a92f59296,89608b0b14bffff
POI_IND_9999_0x3be7c9ead2c2466d:0xba65af1cf1ca3f5,89608b0954fffff
POI_IND_9999_0x3be7b65aa4713fe7:0xdca374f369202833,89608b46cd3ffff
POI_IND_9999_0x3be7b78b9a120e73:0xeb349e4bd8e95803,89608b461d7ffff
POI_IND_9999_0x3be7b124c4f5cc4d:0xb9051297ea55ea67,89608b442d3ffff
POI_IND_9999_0x3be7b9d440291ba9:0xca8902d12f55df75,89608b42ea3ffff
POI_IND_9999_0x3be7b9043fc564cf:0xad4363d95406797a,89608b55357ffff
POI_IND_9999_0x3be7c10c6c2b1411:0xad415e380e6009bf,89608b574a3ffff
POI_IND_9999_0x3be795d1ea6688a9:0x4b60ace4422d84dc,89608b51607ffff
POI_IND_9999_0x3be7c13ea3a30879:0x6680ff4fa802d291,89608bcdb17ffff
POI_IND_9999_0x3be7ce85eb5c0f4f:0xe9c15202cbd536ee,89608b0a52bffff
POI_IND_9999_0x3be7c94174da3c01:0xfef8f81c57e93ee2,89608b0a54bffff
