input_name,input_address,input_url,google_name,google_address,google_url,name_match,address_match,placeid_url,name,url,url_hash,address,latitude,longitude,poicode,matched_poicode_old,matched,query
"The Shalimar Hotel, Malabar Hill, Kemps Corner, August Kranti Road, Kemps Corner, Mumbai",https://www.zomato.com/mumbai/nova-kemps-corner-kemps-corner,fa4c800319c0aae7bd748c7145ca56a5c2681024,"Adiva Residency Beacon, Grant Road, Mumbai","
Maulana Shaukat Ali Road, opposite Super Cinema, Grant Road East, Khetwadi, Grant Road, Mumbai, Maharashtra 400004","https://www.google.com/maps/place/Adiva+Residency+Beacon,+Grant+Road,+Mumbai/@18.961758,72.8169799,17z/data=!4m12!1m2!2m1!1sNova+Kemps+Corner+The+Shalimar+Hotel,+Malabar+Hill,+Kemps+Corner,+August+Kranti+Road,+Kemps+Corner,+Mumbai!3m8!1s0x3be7cf57a37d8a33:0x6688b268d507336!5m2!4m1!1i2!8m2!3d18.9617577!4d72.8214862!16s%2Fg%2F11h4c85fgx?entry=ttu&g_ep=EgoyMDI2MDMxOC4xIKXMDSoASAFQAw%3D%3D",False,False,0x3be7cf57a37d8a33:0x6688b268d507336,,,,,,,,,,
"Shop 1/2, New Malinee Cooperative Housing Society, Mahakali, Mumbai",https://www.zomato.com/mumbai/coffee-by-di-bella-1-mahakali,1fae34032d7bc2253bcc02b94a15bb9891d0ecda,"Coffee By Di Bella, Sher E Punjab","
Shop no.1 & 2, New Malinee Chs Ldt, Mahakali Caves Rd, opposite Cannosa School, Subhash Nagar, Andheri East, Mumbai, Maharashtra 400093","https://www.google.com/maps/place/Coffee+By+Di+Bella,+Sher+E+Punjab/@19.124683,72.8622333,17z/data=!3m1!4b1!4m6!3m5!1s0x3be7c9a7221bc17b:0xff46ff5a5d376201!8m2!3d19.124683!4d72.8648082!16s%2Fg%2F11y24_blvr?entry=ttu&g_ep=EgoyMDI2MDMxOC4xIKXMDSoASAFQAw%3D%3D",True,False,0x3be7c9a7221bc17b:0xff46ff5a5d376201,,,,,,,,,,
"Shankar Mandeer, Mahul Road, Opposite BPCL Company, Chembur, Mumbai",https://www.zomato.com/mumbai/sindhu-palace-chembur,f13b9eef275f4a75b40d3eb95792a2b42d973432,Sindhu Palace,"
Opposite Bharat Petrol Company, Mahul Road, Chembur Colony, Ramkrishna Chemburkar Marg, Mahul Rd, Sion East, Chembur, Mumbai, Maharashtra 400074","https://www.google.com/maps/place/Sindhu+Palace/@19.0426034,72.8752597,15z/data=!4m10!1m2!2m1!1sSindhu+Palace+Shankar+Mandeer,+Mahul+Road,+Opposite+BPCL+Company,+Chembur,+Mumbai!3m6!1s0x3be7c8ab64f1f477:0x446cec4fb553ed03!8m2!3d19.0426034!4d72.8932841!15sClBTaW5kaHUgUGFsYWNlIFNoYW5rYXIgTWFuZGlyLCBNYWh1bCBSb2FkLCBPcHBvc2l0ZSBCUENMIENvbXBhbnksIENoZW1idXIsIE11bWJhaZIBCnJlc3RhdXJhbnTgAQA!16s%2Fg%2F1tfm9q2t?entry=ttu&g_ep=EgoyMDI2MDMxOC4xIKXMDSoASAFQAw%3D%3D",True,False,0x3be7c8ab64f1f477:0x446cec4fb553ed03,,,,,,,,,,
"Shop 3, Ishwar Nivas, Opposite Nawroz Baug, Dr. SS Rao Road, Parel, Mumbai",https://www.zomato.com/mumbai/chaat-puchka-parel,04624588bd5c76b3e568b8d2218d7521fa13109d,Chaat Puchka Lalbaug,"
Shop no 3, Iswar Niwas, Dr SS Rao Marg, opp. Nowroz Baug, Ganesh Gully, Parel, Mumbai, Maharashtra 400012","https://www.google.com/maps/place/Chaat+Puchka+Lalbaug/@18.9936445,72.8349524,17z/data=!3m1!4b1!4m6!3m5!1s0x3be7cf1f1733c3b9:0xb5188e2ee65796bc!8m2!3d18.9936445!4d72.8375273!16s%2Fg%2F11st9466r0?entry=ttu&g_ep=EgoyMDI2MDMxOC4xIKXMDSoASAFQAw%3D%3D",True,False,0x3be7cf1f1733c3b9:0xb5188e2ee65796bc,Chaat Puchka,https://www.zomato.com/mumbai/chaat-puchka-parel,04624588bd5c76b3e568b8d2218d7521fa13109d,"Shop 3, Ishwar Nivas, Opposite Nawroz Baug, Dr. SS Rao Road, Parel, Mumbai",18.9936445,72.83752729999999,,,False,"Chaat Puchka, Shop 3, Ishwar Nivas, Opposite Nawroz Baug, Dr. SS Rao Road, Parel, Mumbai"
"7, Arandhana Gurunanak Housing Society, Opposite City Intenational School, Oshiwara, Andheri West, Mumbai",https://www.zomato.com/mumbai/mahiras-kitchen-oshiwara,c6f779c32c6e5c2fe1b2bf1d7f29cb11620872b9,Mahira's Kitchen,"
Shop no 7, Aradhna Gurunanak Apartments, opp. City International School, Oshiwara, Andheri West, Mumbai, Maharashtra 400102","https://www.google.com/maps/place/Mahira's+Kitchen/@19.1483146,72.8301468,17z/data=!3m1!4b1!4m6!3m5!1s0x3be7b761d2cea8a3:0xb4e3e9c5d60b883!8m2!3d19.1483146!4d72.8327217!16s%2Fg%2F11fk3xxnzx?entry=ttu&g_ep=EgoyMDI2MDMxOC4xIKXMDSoASAFQAw%3D%3D",False,False,0x3be7b761d2cea8a3:0xb4e3e9c5d60b883,Mahira’s Kitchen,https://www.zomato.com/mumbai/mahiras-kitchen-oshiwara,c6f779c32c6e5c2fe1b2bf1d7f29cb11620872b9,"7, Arandhana Gurunanak Housing Society, Opposite City Intenational School, Oshiwara, Andheri West, Mumbai",19.1483146,72.8327217,,,False,"Mahira’s Kitchen, 7, Arandhana Gurunanak Housing Society, Opposite City Intenational School, Oshiwara, Andheri West, Mumbai"
"Opposite Samsung Gallery, Phase 3, Old Golden Nest, Mira Road, Mumbai",https://www.zomato.com/mumbai/jashn-family-restaurant-bar-mira-road,207ee009fb07b599498f37096ffe1a1868e1cb88,Family Restaurant & Bar,"
7V8G+PVP, Service Rd, Mahajan Wadi, Mira Road East, Mira Bhayandar, Maharashtra 401107","https://www.google.com/maps/place/Family+Restaurant+%26+Bar/@19.2668289,72.7330083,12z/data=!4m10!1m2!2m1!1sJashn+-+Family+Restaurant+%26+Bar+Opposite+Samsung+Gallery,+Phase+3,+Old+Golden+Nest,+Mira+Road,+Mumbai!3m6!1s0x3be7b08aef7d6f75:0xd184ed462603b85e!8m2!3d19.2668289!4d72.8772039!15sCmVKYXNobiAtIEZhbWlseSBSZXN0YXVyYW50ICYgQmFyIE9wcG9zaXRlIFNhbXN1bmcgR2FsbGVyeSwgUGhhc2UgMywgT2xkIEdvbGRlbiBOZXN0LCBNaXJhIFJvYWQsIE11bWJhaVphIl9qYXNobiBmYW1pbHkgcmVzdGF1cmFudCAmIGJhciBvcHBvc2l0ZSBzYW1zdW5nIGdhbGxlcnkgcGhhc2UgMyBvbGQgZ29sZGVuIG5lc3QgbWlyYSByb2FkIG11bWJhaZIBCnJlc3RhdXJhbnTgAQA!16s%2Fg%2F11vm5bs2hf?entry=ttu&g_ep=EgoyMDI2MDMxOC4xIKXMDSoASAFQAw%3D%3D",False,False,0x3be7b08aef7d6f75:0xd184ed462603b85e,,,,,,,,,,
"Shop 8, Golden Willows, Mulund West, Mumbai",https://www.zomato.com/mumbai/uptown-eatery-mulund-west,48c5d88381ce3364e0121c314ff06e567c17024d,Uptown Eatery,"
Cypress CHS, Shop No. 8, Golden Willows, Cypress, Mulund West, Mumbai, Maharashtra 400080","https://www.google.com/maps/place/Uptown+Eatery/@19.1804873,72.9374746,17z/data=!3m1!4b1!4m6!3m5!1s0x3be7b9628d31cc1f:0x80e2cf9267f17b63!8m2!3d19.1804873!4d72.9400495!16s%2Fg%2F11pgyvzqfv?entry=ttu&g_ep=EgoyMDI2MDMxOC4xIKXMDSoASAFQAw%3D%3D",True,False,0x3be7b9628d31cc1f:0x80e2cf9267f17b63,Uptown Eatery,https://www.zomato.com/mumbai/uptown-eatery-mulund-west,48c5d88381ce3364e0121c314ff06e567c17024d,"Shop 8, Golden Willows, Mulund West, Mumbai",19.1804873,72.9400495,,,False,"Uptown Eatery, Shop 8, Golden Willows, Mulund West, Mumbai"
"Kiosk A 12, Near Sanpada Railway Station Complex, Sanpada, Navi Mumbai",https://www.zomato.com/mumbai/ministry-of-shawarma-sanpada-navi-mumbai,b39ac2f7766390a6e58b42df8c5898d5ea9e3d17,Ministry of Shawarma,"
Railway station, Shop no 2 A/12, Kholik, Kisok mini market near, near Sanpada, Navi Mumbai, Maharashtra 400705","https://www.google.com/maps/place/Ministry+of+Shawarma/@19.0654625,73.0078028,17z/data=!3m1!4b1!4m6!3m5!1s0x3be7c1be6983eafd:0xb99b1cf9209d9e89!8m2!3d19.0654625!4d73.0103777!16s%2Fg%2F11l6j5bdxf?entry=ttu&g_ep=EgoyMDI2MDMxOC4xIKXMDSoASAFQAw%3D%3D",True,False,0x3be7c1be6983eafd:0xb99b1cf9209d9e89,Ministry Of Shawarma,https://www.zomato.com/mumbai/ministry-of-shawarma-sanpada-navi-mumbai,b39ac2f7766390a6e58b42df8c5898d5ea9e3d17,"Kiosk A 12, Near Sanpada Railway Station Complex, Sanpada, Navi Mumbai",19.0654625,73.01037769999999,,,False,"Ministry Of Shawarma, Kiosk A 12, Near Sanpada Railway Station Complex, Sanpada, Navi Mumbai"
"312, RJ Ahir Sajid Tower, SV Road, Jogeshwari, Mumbai",https://www.zomato.com/mumbai/coffee-over-breakfast-jogeshwari,f4f6978f103813a5cef568824343e8e0697a6865,Sajid Tower,"
4, Swami Vivekanand Rd, Saraswati Baug, Amboli, Andheri West, Naka, Mumbai, Maharashtra 400058","https://www.google.com/maps/place/Sajid+Tower/@19.1354636,72.8105967,14z/data=!4m10!1m2!2m1!1sCoffee+Over+Breakfast+312,+RJ+Ahir+Sajid+Tower,+SV+Road,+Jogeshwari,+Mumbai!3m6!1s0x3be7b62a6d2d3a8f:0x4bc0980d509d1a9!8m2!3d19.1289463!4d72.8471262!15sCktDb2ZmZWUgT3ZlciBCcmVha2Zhc3QgMzEyLCBSSiBBaGlyIFNhamlkIFRvd2VyLCBTViBSb2FkLCBKb2dlc2h3YXJpLCBNdW1iYWmSARJhcGFydG1lbnRfYnVpbGRpbmfgAQA!16s%2Fg%2F11byty2ctq?entry=ttu&g_ep=EgoyMDI2MDMxOC4xIKXMDSoASAFQAw%3D%3D",False,False,0x3be7b62a6d2d3a8f:0x4bc0980d509d1a9,Coffee Over Breakfast,https://www.zomato.com/mumbai/coffee-over-breakfast-jogeshwari,f4f6978f103813a5cef568824343e8e0697a6865,"312, RJ Ahir Sajid Tower, SV Road, Jogeshwari, Mumbai",19.138147,72.8486509,,,False,"Coffee Over Breakfast, 312, RJ Ahir Sajid Tower, SV Road, Jogeshwari, Mumbai"
"Shop 19, SRA Building 2, Adarsh Nagar, New Link Road, Near Lashkaria Empress Tower, Andheri Lokhandwala, Andheri West, Mumbai",https://www.zomato.com/mumbai/juice-more-andheri-lokhandwala,420bcfdf3735ea0bd971b118d0225f1fa6d72bfd,Real Fresh Juice & Sandwich,"
Shop no B-16, Green villa bldg, Lokhandwala Complex, Andheri West, Mumbai, Maharashtra 400053","https://www.google.com/maps/place/Real+Fresh+Juice+%26+Sandwich/@19.1467476,72.7925876,14z/data=!4m10!1m2!2m1!1sJuice+%26+More+Shop+19,+SRA+Building+2,+Adarsh+Nagar,+New+Link+Road,+Near+Lashkaria+Empress+Tower,+Andheri+Lokhandwala,+Andheri+West,+Mumbai!3m6!1s0x3be7b7bf66f4a303:0x156f0e3be976f6ce!8m2!3d19.1467476!4d72.8286365!15sCooBSnVpY2UgJiBNb3JlIFNob3AgMTksIFNSQSBCdWlsZGluZyAyLCBBZGFyc2ggTmFnYXIsIE5ldyBMaW5rIFJvYWQsIE5lYXIgTGFzaGthcmlhIEVtcHJlc3MgVG93ZXIsIEFuZGhlcmkgTG9raGFuZHdhbGEsIEFuZGhlcmkgV2VzdCwgTXVtYmFpWoYBIoMBanVpY2UgJiBtb3JlIHNob3AgMTkgc3JhIGJ1aWxkaW5nIDIgYWRhcnNoIG5hZ2FyIG5ldyBsaW5rIHJvYWQgbmVhciBsYXNoa2FyaWEgZW1wcmVzcyB0b3dlciBhbmRoZXJpIGxva2hhbmR3YWxhIGFuZGhlcmkgd2VzdCBtdW1iYWmSAQRjYWZl4AEA!16s%2Fg%2F11rwx03msr?entry=ttu&g_ep=EgoyMDI2MDMxOC4xIKXMDSoASAFQAw%3D%3D",False,False,0x3be7b7bf66f4a303:0x156f0e3be976f6ce,Juice & More,https://www.zomato.com/mumbai/juice-more-andheri-lokhandwala,420bcfdf3735ea0bd971b118d0225f1fa6d72bfd,"Shop 19, SRA Building 2, Adarsh Nagar, New Link Road, Near Lashkaria Empress Tower, Andheri Lokhandwala, Andheri West, Mumbai",19.1467476,72.8286365,,,False,"Juice & More, Shop 19, SRA Building 2, Adarsh Nagar, New Link Road, Near Lashkaria Empress Tower, Andheri Lokhandwala, Andheri West, Mumbai"
"C4, 3rd Cross, Andheri Lokhandwala, Andheri West, Mumbai",https://www.zomato.com/mumbai/big-boys-house-2-andheri-lokhandwala,5ac94f2e092f7bb7306dc9547f92302282f8c1c0,FUNKY BOYS BOUTIQUE,"
Shop no. 3, Acropolis Apartment, W, 3rd Cross Rd, Lokhandwala Complex, Andheri West, Andheri, Maharashtra 400053","https://www.google.com/maps/place/FUNKY+BOYS+BOUTIQUE/@19.1467453,72.7925876,14z/data=!4m10!1m2!2m1!1sBig+Boys+House+C4,+3rd+Cross,+Andheri+Lokhandwala,+Andheri+West,+Mumbai!3m6!1s0x3be7b614401acb33:0xd714009485e7bc83!8m2!3d19.1439681!4d72.823962!15sCkdCaWcgQm95cyBIb3VzZSBDNCwgM3JkIENyb3NzLCBBbmRoZXJpIExva2hhbmR3YWxhLCBBbmRoZXJpIFdlc3QsIE11bWJhaVpFIkNiaWcgYm95cyBob3VzZSBjNCAzcmQgY3Jvc3MgYW5kaGVyaSBsb2toYW5kd2FsYSBhbmRoZXJpIHdlc3QgbXVtYmFpkgEOY2xvdGhpbmdfc3RvcmXgAQA!16s%2Fg%2F1wk4bjn9?entry=ttu&g_ep=EgoyMDI2MDMxOC4xIKXMDSoASAFQAw%3D%3D",False,False,0x3be7b614401acb33:0xd714009485e7bc83,Big Boys House,https://www.zomato.com/mumbai/big-boys-house-2-andheri-lokhandwala,5ac94f2e092f7bb7306dc9547f92302282f8c1c0,"C4, 3rd Cross, Andheri Lokhandwala, Andheri West, Mumbai",19.1439681,72.823962,,,False,"Big Boys House, C4, 3rd Cross, Andheri Lokhandwala, Andheri West, Mumbai"
"Shop 5, Ashok Nagar, Opposite Axis Bank, Kandivali East, Mumbai",https://www.zomato.com/mumbai/london-bubble-co-kandivali-east,48361f0e01a9780416ab830f81ab54ae4d45334c,Axis Bank Branch,"
Unit No 1 & 2, Crescent Business Boulevard, Ashok Chakravarti Rd, Kandivali, Ashok Nagar, Kandivali East, Mumbai, Maharashtra 400101","https://www.google.com/maps/place/Axis+Bank+Branch/@19.1989661,72.8391143,15z/data=!3m1!5s0x3be7b721f7af2811:0x895d78e0b3226bb9!4m10!1m2!2m1!1sLondon+Bubble+Co.+Shop+5,+Ashok+Nagar,+Opposite+Axis+Bank,+Kandivali+East,+Mumbai!3m6!1s0x3be7b718acafd08d:0xd8d53fe7af50d165!8m2!3d19.1989661!4d72.8571387!15sClFMb25kb24gQnViYmxlIENvLiBTaG9wIDUsIEFzaG9rIE5hZ2FyLCBPcHBvc2l0ZSBBeGlzIEJhbmssIEthbmRpdmFsaSBFYXN0LCBNdW1iYWkiA4gBAVpOIkxsb25kb24gYnViYmxlIGNvIHNob3AgNSBhc2hvayBuYWdhciBvcHBvc2l0ZSBheGlzIGJhbmsga2FuZGl2YWxpIGVhc3QgbXVtYmFpkgEEYmFua-ABAA!16s%2Fg%2F1tfrqczq?entry=ttu&g_ep=EgoyMDI2MDMxOC4xIKXMDSoASAFQAw%3D%3D",False,False,0x3be7b721f7af2811:0x895d78e0b3226bb9,,,,,,,,,,
"Hotel Mumbai House, Near Divine Child School, Chakala, Mumbai",https://www.zomato.com/mumbai/ghar-ka-khaana-mumbai-house-chakala,5c79da86bf212fd465c0cc6e3520fc47a6678617,"Hotel Mumbai House, Andheri East","
Andheri - Kurla Rd, opposite Courtyard Marriot, Dr. Charatsingh Colony, S B Singh Colony, J B Nagar, Andheri East, Mumbai, Maharashtra 400093","https://www.google.com/maps/place/Hotel+Mumbai+House,+Andheri+East/@19.1122689,72.860787,17z/data=!4m9!3m8!1s0x3be7c83a07f97bf3:0x8729ced3c22fdeb2!5m2!4m1!1i2!8m2!3d19.1122689!4d72.8633619!16s%2Fg%2F11gcdq45wl?entry=ttu&g_ep=EgoyMDI2MDMxOC4xIKXMDSoASAFQAw%3D%3D",False,False,0x3be7c83a07f97bf3:0x8729ced3c22fdeb2,Ghar Ka Khaana - Mumbai House,https://www.zomato.com/mumbai/ghar-ka-khaana-mumbai-house-chakala,5c79da86bf212fd465c0cc6e3520fc47a6678617,"Hotel Mumbai House, Near Divine Child School, Chakala, Mumbai",19.1122689,72.8633619,,,False,"Ghar Ka Khaana - Mumbai House, Hotel Mumbai House, Near Divine Child School, Chakala, Mumbai"
"Shop 7 & 8, Pride CHS, Near Utsav Chowk, Sector 7, Kharghar, Navi Mumbai",https://www.zomato.com/mumbai/birista-biryanis-kebabs-1-kharghar-navi-mumbai,dcb73ce2ed1dfe4691c26eec9f819022002cea97,Thaal By Birista Biryani,"
Near, Shop No 7& 8 Pride Residency, Utsaw Chowk Perimeter Rd, Sector 7, Kharghar, Panvel, Maharashtra 410210","https://www.google.com/maps/place/Thaal+By+Birista+Biryani/@19.0376752,73.0603028,17z/data=!3m1!4b1!4m6!3m5!1s0x3be7c3a09c5f39b9:0xed020f068dc3350d!8m2!3d19.0376752!4d73.0628777!16s%2Fg%2F11h0bb88f2?entry=ttu&g_ep=EgoyMDI2MDMxOC4xIKXMDSoASAFQAw%3D%3D",False,False,0x3be7c3a09c5f39b9:0xed020f068dc3350d,Birista - Biryanis & Kebabs,https://www.zomato.com/mumbai/birista-biryanis-kebabs-1-kharghar-navi-mumbai,dcb73ce2ed1dfe4691c26eec9f819022002cea97,"Shop 7 & 8, Pride CHS, Near Utsav Chowk, Sector 7, Kharghar, Navi Mumbai",19.0376752,73.0628777,,,False,"Birista - Biryanis & Kebabs, Shop 7 & 8, Pride CHS, Near Utsav Chowk, Sector 7, Kharghar, Navi Mumbai"
"Shop 4, Plot 18, Ragina CHS, Sector 20A, Airoli, Navi Mumbai",https://www.zomato.com/mumbai/creamy-cool-2-airoli-navi-mumbai,cfa15993038e443c0800467cfa858968c4180e44,CREAMY COOL Airoli,"
Shop no.4, Regina CHS, plot no.18, Sector 20A, Sector-19, Airoli, Navi Mumbai, Maharashtra 400708","https://www.google.com/maps/place/CREAMY+COOL+Airoli/@19.1612737,72.9888271,17z/data=!3m1!4b1!4m6!3m5!1s0x3be7b9b745aa56cd:0xe98f56888cb16811!8m2!3d19.1612737!4d72.991402!16s%2Fg%2F11vt05xwt5?entry=ttu&g_ep=EgoyMDI2MDMxOC4xIKXMDSoASAFQAw%3D%3D",True,False,0x3be7b9b745aa56cd:0xe98f56888cb16811,,,,,,,,,,
"Shop 2, Shantiniketan Building, SV Road, Irla, Vile Parle West, Mumbai",https://www.zomato.com/mumbai/cafe-arabicah-vile-parle-west,9e81109a1d2840f16d7aea799fc0095082f4224e,abcoffee Vile Parle East,"
Shop No.2 and 2/A, Hanuman Rd, Vishnu Prasad Society, Navpada, Vile Parle East, Vile Parle, Mumbai, Maharashtra 400057","https://www.google.com/maps/place/abcoffee+Vile+Parle+East/@19.1037747,72.5623491,11z/data=!4m10!1m2!2m1!1sCafe+Arabicah+Shop+2,+Shantiniketan+Building,+SV+Road,+Irla,+Vile+Parle+West,+Mumbai!3m6!1s0x3be7c9a69e6a99c7:0x1cdad8b83d807ea9!8m2!3d19.1037747!4d72.8507402!15sClRDYWZlIEFyYWJpY2FoIFNob3AgMiwgU2hhbnRpbmlrZXRhbiBCdWlsZGluZywgU1YgUm9hZCwgSXJsYSwgVmlsZSBQYXJsZSBXZXN0LCBNdW1iYWlaUSJPY2FmZSBhcmFiaWNhaCBzaG9wIDIgc2hhbnRpbmlrZXRhbiBidWlsZGluZyBzdiByb2FkIGlybGEgdmlsZSBwYXJsZSB3ZXN0IG11bWJhaZIBC2NvZmZlZV9zaG9w4AEA!16s%2Fg%2F11l2cn_7cb?entry=ttu&g_ep=EgoyMDI2MDMxOC4xIKXMDSoASAFQAw%3D%3D",False,False,0x3be7c9a69e6a99c7:0x1cdad8b83d807ea9,Cafe Arabicah,https://www.zomato.com/mumbai/cafe-arabicah-vile-parle-west,9e81109a1d2840f16d7aea799fc0095082f4224e,"Shop 2, Shantiniketan Building, SV Road, Irla, Vile Parle West, Mumbai",19.1037747,72.85074019999999,,,False,"Cafe Arabicah, Shop 2, Shantiniketan Building, SV Road, Irla, Vile Parle West, Mumbai"
"374 B/19, Wing B Building, Kanti Park, Opposite Phoenix Hospital, Kandivali West, Mumbai",https://www.zomato.com/mumbai/coffee-bae-social-kandivali-west,650b6551a87349a719821dad6f52fdf3276ddedf,Coffee Bae Social,"
Shop number 1, Om Shree Ganesh Chs, next to Phoenix hospital, Shivkrupa CHS, RDP 8, Chikoowadi, Borivali West, Mumbai, Maharashtra 400092","https://www.google.com/maps/place/Coffee+Bae+Social/@19.2196412,72.8349133,17z/data=!3m1!4b1!4m6!3m5!1s0x3be7b106804904e9:0x524db1d5842c142b!8m2!3d19.2196412!4d72.8374882!16s%2Fg%2F11q3lx7s39?entry=ttu&g_ep=EgoyMDI2MDMxOC4xIKXMDSoASAFQAw%3D%3D",True,False,0x3be7b106804904e9:0x524db1d5842c142b,,,,,,,,,,
"Shop 4, Unnat Nagar 2, Near Maruti Mandir, Goregaon West, Mumbai",https://www.zomato.com/mumbai/the-reals-snacks-corner-1-goregaon-west,017d1f7990b64b9f874e047da3184e537ed7d0f1,The Real Snacks Corner,"
Shop no 6, no 2, Swami Vivekanand Rd, next to Maruti Mandir, Unnat Nagar, Goregaon West, Mumbai, Maharashtra 400104","https://www.google.com/maps/place/The+Real+Snacks+Corner/@19.1690678,72.8420939,17z/data=!3m1!4b1!4m6!3m5!1s0x3be7b7487c4c9715:0xfa0b57565c80ec3!8m2!3d19.1690678!4d72.8446688!16s%2Fg%2F11p75rdt7y?entry=ttu&g_ep=EgoyMDI2MDMxOC4xIKXMDSoASAFQAw%3D%3D",False,False,0x3be7b7487c4c9715:0xfa0b57565c80ec3,,,,,,,,,,
"1st Floor, Saraswati Building, 100 Feet Road, Bhayandar, Mumbai",https://www.zomato.com/mumbai/pace-entertainment-bhayandar,31f7cf820127ddadbc3553b2140b308f66049088,Pace Entertainment : Best Cafe + Snooker + Play Station,"
1st Floor, Saraswati Building, 100 feet, Shri Maheshwari Bhawan Rd, Bhayandar West, Mumbai, Mira Bhayandar, Maharashtra 401101","https://www.google.com/maps/place/Pace+Entertainment+:+Best+Cafe+%2B+Snooker+%2B+Play+Station/@19.2919297,72.8500627,17z/data=!3m1!4b1!4m6!3m5!1s0x3be7b16e91bb9673:0xb7a325e368821967!8m2!3d19.2919297!4d72.8526376!16s%2Fg%2F11xny9kzw7?entry=ttu&g_ep=EgoyMDI2MDMxOC4xIKXMDSoASAFQAw%3D%3D",True,False,0x3be7b16e91bb9673:0xb7a325e368821967,Pace Entertainment,https://www.zomato.com/mumbai/pace-entertainment-bhayandar,31f7cf820127ddadbc3553b2140b308f66049088,"1st Floor, Saraswati Building, 100 Feet Road, Bhayandar, Mumbai",19.2919297,72.8526376,,,False,"Pace Entertainment, 1st Floor, Saraswati Building, 100 Feet Road, Bhayandar, Mumbai"
"Sahara Star, Opposite Domestic Airport, Nehru Road, Vile Parle East, Mumbai",https://www.zomato.com/mumbai/the-opal-bar-vile-parle-east,5841f25e955d17397008787af83fe1c678b852a4,Hotel Sahara Star,"
Chhatrapati Shivaji International, 70-C, Nehru Rd, Navpada, Airport Area, Vile Parle, Mumbai, Maharashtra 400099","https://www.google.com/maps/place/Hotel+Sahara+Star/@19.095726,72.817605,14z/data=!4m13!1m2!2m1!1sThe+Opal+Bar+Sahara+Star,+Opposite+Domestic+Airport,+Nehru+Road,+Vile+Parle+East,+Mumbai!3m9!1s0x3be7c84d72dc43bd:0xa4514aaf014d9ae4!5m2!4m1!1i2!8m2!3d19.095726!4d72.8536539!15sClhUaGUgT3BhbCBCYXIgU2FoYXJhIFN0YXIsIE9wcG9zaXRlIERvbWVzdGljIEFpcnBvcnQsIE5laHJ1IFJvYWQsIFZpbGUgUGFybGUgRWFzdCwgTXVtYmFpWlYiVHRoZSBvcGFsIGJhciBzYWhhcmEgc3RhciBvcHBvc2l0ZSBkb21lc3RpYyBhaXJwb3J0IG5laHJ1IHJvYWQgdmlsZSBwYXJsZSBlYXN0IG11bWJhaZIBBWhvdGVs4AEA!16s%2Fg%2F1trxhrhz?entry=ttu&g_ep=EgoyMDI2MDMxOC4xIKXMDSoASAFQAw%3D%3D",False,False,0x3be7c84d72dc43bd:0xa4514aaf014d9ae4,,,,,,,,,,
"Shop 10, Pioneer Heritage 2, Sane Guruji Marg, Santacruz West, Mumbai",https://www.zomato.com/mumbai/mirzas-3-santacruz-west,ea4d647bb5f55b070b43bd90693ae7b1641662fc,Pioneer Heritage Residency 2,"
E wing, PIONEER HERITAGE RESIDENCY, 2, Sane Guruji Rd, Khira Nagar, Santacruz (West), Mumbai, Maharashtra 400054","https://www.google.com/maps/place/Pioneer+Heritage+Residency+2/@19.0890534,72.800512,14z/data=!4m10!1m2!2m1!1sMirza's+Shop+10,+Pioneer+Heritage+2,+Sane+Guruji+Marg,+Santacruz+West,+Mumbai!3m6!1s0x3be7c98ba32d5483:0x44ab914c68223983!8m2!3d19.0890534!4d72.8365609!15sCk1NaXJ6YSdzIFNob3AgMTAsIFBpb25lZXIgSGVyaXRhZ2UgMiwgU2FuZSBHdXJ1amkgTWFyZywgU2FudGFjcnV6IFdlc3QsIE11bWJhaZIBD2hvdXNpbmdfY29tcGxleOABAA!16s%2Fg%2F11ghq43w0f?entry=ttu&g_ep=EgoyMDI2MDMxOC4xIKXMDSoASAFQAw%3D%3D",False,False,0x3be7c98ba32d5483:0x44ab914c68223983,Mirza's,https://www.zomato.com/mumbai/mirzas-3-santacruz-west,ea4d647bb5f55b070b43bd90693ae7b1641662fc,"Shop 10, Pioneer Heritage 2, Sane Guruji Marg, Santacruz West, Mumbai",19.0895645,72.8364292,,,False,"Mirza's, Shop 10, Pioneer Heritage 2, Sane Guruji Marg, Santacruz West, Mumbai"
"Shop 1, Sector 10, Sai Dham, Opposite Reliance Fresh, Vashi, Navi Mumbai",https://www.zomato.com/mumbai/martini-mayo-vashi-navi-mumbai,8010c2b5d445b701b6f68d055d03f1bc1bc4b6d6,Martini Mayo,"
Juhu Nagar Marg, Juhu Nagar, Sector 10, Vashi, Navi Mumbai, Maharashtra 400703","https://www.google.com/maps/place/Martini+Mayo/@19.0837525,72.9949559,17z/data=!3m1!4b1!4m6!3m5!1s0x3be7c1612a4f8dbf:0xea73d12904c81dc0!8m2!3d19.0837525!4d72.9975308!16s%2Fg%2F11h6m4607j?entry=ttu&g_ep=EgoyMDI2MDMxOC4xIKXMDSoASAFQAw%3D%3D",True,False,0x3be7c1612a4f8dbf:0xea73d12904c81dc0,Martini Mayo,https://www.zomato.com/mumbai/martini-mayo-vashi-navi-mumbai,8010c2b5d445b701b6f68d055d03f1bc1bc4b6d6,"Shop 1, Sector 10, Sai Dham, Opposite Reliance Fresh, Vashi, Navi Mumbai",19.0837525,72.99753079999999,,,False,"Martini Mayo, Shop 1, Sector 10, Sai Dham, Opposite Reliance Fresh, Vashi, Navi Mumbai"
"LG 115, Grand Central Mall, Seawoods, Navi Mumbai",https://www.zomato.com/mumbai/the-london-shakes-seawoods-navi-mumbai,3896dc8ff78b773c11b0ca1c6cb68de1fc11ced6,Seawoods Grand Central Mall,"
Nerul East, Sector 28, Nerul, Navi Mumbai, Maharashtra 400706","https://www.google.com/maps/place/Seawoods+Grand+Central+Mall/@19.0221965,73.0135355,17z/data=!3m1!5s0x3be7c3bd97add197:0x7d7b49ce0d9c1420!4m10!1m2!2m1!1sThe+London+Shakes+LG+115,+Grand+Central+Mall,+Seawoods,+Navi+Mumbai!3m6!1s0x3be7c3715ccdac09:0xaedf1e7d7d1a6447!8m2!3d19.0221965!4d73.0180416!15sCkNUaGUgTG9uZG9uIFNoYWtlcyBMRyAxMTUsIEdyYW5kIENlbnRyYWwgTWFsbCwgU2Vhd29vZHMsIE5hdmkgTXVtYmFpWkIiQHRoZSBsb25kb24gc2hha2VzIGxnIDExNSBncmFuZCBjZW50cmFsIG1hbGwgc2Vhd29vZHMgbmF2aSBtdW1iYWmSAQ9zaG9wcGluZ19jZW50ZXLgAQA!16s%2Fg%2F11fjn2lkh7?entry=ttu&g_ep=EgoyMDI2MDMxOC4xIKXMDSoASAFQAw%3D%3D",False,False,0x3be7c3bd97add197:0x7d7b49ce0d9c1420,,,,,,,,,,
"Shop 6, Vishwaraja CHS, Dr. Murlidhar Samant Marg, Dadar East, Mumbai",https://www.zomato.com/mumbai/haveat-dadar-east,bdc5414bed797d3192f432f1aff3a7a92920e2e1,Vharadi Swaad,"
East 14, 400, Shop 1, G.D. Ambekar Road Naigaon Dadar, 038, GD Ambekar Marg, Wadala, Mumbai, Maharashtra 400031","https://www.google.com/maps/place/Vharadi+Swaad/@19.0140592,72.8188489,14z/data=!4m10!1m2!2m1!1sHavEat+Shop+6,+Vishwaraja+CHS,+Dr.+Murlidhar+Samant+Marg,+Dadar+East,+Mumbai!3m6!1s0x3be7cee065d151db:0xd86db24cbd3f66b!8m2!3d19.0123043!4d72.849326!15sCkxIYXZFYXQgU2hvcCA2LCBWaXNod2FyYWphIENIUywgRHIuIE11cmxpZGhhciBTYW1hbnQgTWFyZywgRGFkYXIgRWFzdCwgTXVtYmFpWkkiR2hhdmVhdCBzaG9wIDYgdmlzaHdhcmFqYSBjaHMgZHIgbXVybGlkaGFyIHNhbWFudCBtYXJnIGRhZGFyIGVhc3QgbXVtYmFpkgEXbm9ydGhfaW5kaWFuX3Jlc3RhdXJhbnTgAQA!16s%2Fg%2F11k589h04w?entry=ttu&g_ep=EgoyMDI2MDMxOC4xIKXMDSoASAFQAw%3D%3D",False,False,0x3be7cee065d151db:0xd86db24cbd3f66b,HavEat,https://www.zomato.com/mumbai/haveat-dadar-east,bdc5414bed797d3192f432f1aff3a7a92920e2e1,"Shop 6, Vishwaraja CHS, Dr. Murlidhar Samant Marg, Dadar East, Mumbai",19.0123043,72.84932599999999,,,False,"HavEat, Shop 6, Vishwaraja CHS, Dr. Murlidhar Samant Marg, Dadar East, Mumbai"
"Unit-22, 23, 24, Ground Floor, Swastik Industrial Estate, Kalina, CST Road, Santacruz East, Mumbai",https://www.zomato.com/mumbai/99-pancakes-santacruz-east,b5d415ab57c5322a4c511cc836f0164d4599deea,"99 Pancakes in Kohinoor City, Kurla - Mini Pancakes, Waffles, Cakes & more","
Building No 1, Vidyavihar West, Kurla, Mumbai, Maharashtra 400070","https://www.google.com/maps/place/99+Pancakes+in+Kohinoor+City,+Kurla+-+Mini+Pancakes,+Waffles,+Cakes+%26+more/@19.0140398,72.7570454,12z/data=!4m10!1m2!2m1!1s99+Pancakes+Unit-22,+23,+24,+Ground+Floor,+Swastik+Industrial+Estate,+Kalina,+CST+Road,+Santacruz+East,+Mumbai!3m6!1s0x3be7c90eb1484bfd:0x2bcd80c9798e33af!8m2!3d19.0778781!4d72.885522!15sCm45OSBQYW5jYWtlcyBVbml0LTIyLCAyMywgMjQsIEdyb3VuZCBGbG9vciwgU3dhc3RpayBJbmR1c3RyaWFsIEVzdGF0ZSwgS2FsaW5hLCBDU1QgUm9hZCwgU2FudGFjcnV6IEVhc3QsIE11bWJhaVpoImY5OSBwYW5jYWtlcyB1bml0IDIyIDIzIDI0IGdyb3VuZCBmbG9vciBzd2FzdGlrIGluZHVzdHJpYWwgZXN0YXRlIGthbGluYSBjc3Qgcm9hZCBzYW50YWNydXogZWFzdCBtdW1iYWmSAQxkZXNzZXJ0X3Nob3DgAQA!16s%2Fg%2F11xyq9drwn?entry=ttu&g_ep=EgoyMDI2MDMxOC4xIKXMDSoASAFQAw%3D%3D",True,False,0x3be7c90eb1484bfd:0x2bcd80c9798e33af,99 Pancakes,https://www.zomato.com/mumbai/99-pancakes-santacruz-east,b5d415ab57c5322a4c511cc836f0164d4599deea,"Unit-22, 23, 24, Ground Floor, Swastik Industrial Estate, Kalina, CST Road, Santacruz East, Mumbai",19.0778781,72.885522,,,False,"99 Pancakes, Unit-22, 23, 24, Ground Floor, Swastik Industrial Estate, Kalina, CST Road, Santacruz East, Mumbai"
"Shop 13, Tossar House, Hanuman Road, Vile Parle East, Mumbai",https://www.zomato.com/mumbai/baithack-taste-of-kulhad-vile-parle-east,d7aa97b68550d81abb915fe043b19dc901470933,"Baithack - Taste of kulhad, vile parle","
Shop no 13, Rama Nivas, Hanuman Cross Rd, opp. Lakme saloon, Satsang CHSL, Navpada, Vile Parle East, Vile Parle, Mumbai, Maharashtra 400057","https://www.google.com/maps/place/Baithack+-+Taste+of+kulhad,+vile+parle/@19.1033097,72.8470575,17z/data=!3m2!4b1!5s0x3be7c9b51a409a21:0x402f08573e532d0d!4m6!3m5!1s0x3be7c9855f477a2f:0xae345a9841cb9c51!8m2!3d19.1033097!4d72.8496324!16s%2Fg%2F11tdxmf4nq?entry=ttu&g_ep=EgoyMDI2MDMxOC4xIKXMDSoASAFQAw%3D%3D",True,False,0x3be7c9b51a409a21:0x402f08573e532d0d,,,,,,,,,,
"Z/2299, Goraswadi Junction, SV Road, Malad West Petrol Pump, Malad West, Mumbai",https://www.zomato.com/mumbai/chinese-culinary-malad-west,7f9f777f00533c2253772e7ca0f1c49dad1c7b82,"Flavours Of China, Malad Link road","
Unit No 13, Linkway Estate, New Link Rd, Malad, Ram Nagar, Malad West, Mumbai, Maharashtra 400064","https://www.google.com/maps/place/Flavours+Of+China,+Malad+Link+road/@19.1766881,72.6925358,12z/data=!4m10!1m2!2m1!1sChinese+Culinary+Z%2F2299,+Goraswadi+Junction,+SV+Road,+Malad+West+Petrol+Pump,+Malad+West,+Mumbai!3m6!1s0x3be7b708e038cd7d:0x5d7054d340fa509e!8m2!3d19.1766881!4d72.8367314!15sCmBDaGluZXNlIEN1bGluYXJ5IFovMjI5OSwgR29yYXN3YWRpIEp1bmN0aW9uLCBTViBSb2FkLCBNYWxhZCBXZXN0IFBldHJvbCBQdW1wLCBNYWxhZCBXZXN0LCBNdW1iYWlaXSJbY2hpbmVzZSBjdWxpbmFyeSB6IDIyOTkgZ29yYXN3YWRpIGp1bmN0aW9uIHN2IHJvYWQgbWFsYWQgd2VzdCBwZXRyb2wgcHVtcCBtYWxhZCB3ZXN0IG11bWJhaZIBEmNoaW5lc2VfcmVzdGF1cmFudOABAA!16s%2Fg%2F11sz3_v9sn?entry=ttu&g_ep=EgoyMDI2MDMxOC4xIKXMDSoASAFQAw%3D%3D",False,False,0x3be7b708e038cd7d:0x5d7054d340fa509e,Chinese Culinary,https://www.zomato.com/mumbai/chinese-culinary-malad-west,7f9f777f00533c2253772e7ca0f1c49dad1c7b82,"Z/2299, Goraswadi Junction, SV Road, Malad West Petrol Pump, Malad West, Mumbai",19.184753,72.8341927,,,False,"Chinese Culinary, Z/2299, Goraswadi Junction, SV Road, Malad West Petrol Pump, Malad West, Mumbai"
"Shop 26, Akash Ganga Mahavir CHSL, Opposite Jangid Tower, Mira Road, Mumbai",https://www.zomato.com/mumbai/kudrati-kahumbo-1-mira-road,8228d96137391a8e9f51ffda176cf004f19c06ef,KUDRATI KAHUMBO MIRA ROAD DELTA,"
shop no. 13, YAMUNA TOWER, Jangid Circle, Jangid Complex Rd, Mira Road East, Thane, Maharashtra 401107","https://www.google.com/maps/place/KUDRATI+KAHUMBO+MIRA+ROAD+DELTA/@19.2800253,72.798604,13z/data=!4m10!1m2!2m1!1sKudrati+Kahumbo+Shop+26,+Akash+Ganga+Mahavir+CHSL,+Opposite+Jangid+Tower,+Mira+Road,+Mumbai!3m6!1s0x3be7b1005b99d5ad:0xb9c579615e2a4426!8m2!3d19.2800253!4d72.8707018!15sCltLdWRyYXRpIEthaHVtYm8gU2hvcCAyNiwgQWthc2ggR2FuZ2EgTWFoYXZpciBDSFNMLCBPcHBvc2l0ZSBKYW5naWQgVG93ZXIsIE1pcmEgUm9hZCwgTXVtYmFpkgEKanVpY2Vfc2hvcOABAA!16s%2Fg%2F11yd9z88q3?entry=ttu&g_ep=EgoyMDI2MDMxOC4xIKXMDSoASAFQAw%3D%3D",True,False,0x3be7b1005b99d5ad:0xb9c579615e2a4426,Kudrati Kahumbo,https://www.zomato.com/mumbai/kudrati-kahumbo-1-mira-road,8228d96137391a8e9f51ffda176cf004f19c06ef,"Shop 26, Akash Ganga Mahavir CHSL, Opposite Jangid Tower, Mira Road, Mumbai",19.2800253,72.87070179999999,,,False,"Kudrati Kahumbo, Shop 26, Akash Ganga Mahavir CHSL, Opposite Jangid Tower, Mira Road, Mumbai"
"Shop 4, Om Malaygiri CHS, Shantivan, Borivali East, Mumbai",https://www.zomato.com/mumbai/borivali-pav-bhaji-centre-borivali-east,e8d52ce235eae9d96ebfe9fdb29c5ba565435aec,Maa Anjani Pav Bhaji centre ( Maajiya Hospitality llp),"
Shop no 1, Plot, 711, RM Bhattad Rd, near center point dhaba, Rayani Gram, Borivali West, Mumbai, Maharashtra 400092","https://www.google.com/maps/place/Maa+Anjani+Pav+Bhaji+centre+(+Maajiya+Hospitality+llp)/@19.2205753,72.8134393,14z/data=!4m10!1m2!2m1!1sBorivali+Pav+Bhaji+Centre+Shop+4,+Om+Malaygiri+CHS,+Shantivan,+Borivali+East,+Mumbai!3m6!1s0x3be7b12d35f864a3:0x1308443e981d14cd!8m2!3d19.2205753!4d72.8494882!15sClRCb3JpdmFsaSBQYXYgQmhhamkgQ2VudHJlIFNob3AgNCwgT20gTWFsYXlnaXJpIENIUywgU2hhbnRpdmFuLCBCb3JpdmFsaSBFYXN0LCBNdW1iYWlaUiJQYm9yaXZhbGkgcGF2IGJoYWppIGNlbnRyZSBzaG9wIDQgb20gbWFsYXlnaXJpIGNocyBzaGFudGl2YW4gYm9yaXZhbGkgZWFzdCBtdW1iYWmSARRmYXN0X2Zvb2RfcmVzdGF1cmFudOABAA!16s%2Fg%2F1hm603jg5?entry=ttu&g_ep=EgoyMDI2MDMxOC4xIKXMDSoASAFQAw%3D%3D",False,False,0x3be7b12d35f864a3:0x1308443e981d14cd,,,,,,,,,,
"Shop 2, Near Agahadi Industrial Estate, Marol Maroshi Road, Marol, Mumbai",https://www.zomato.com/mumbai/metro-food-corner-1-marol,cf3d62fb5bc7da72102828298bf12b08ad1ddb83,New Food Inn Restaurant,"
Shop No 5, Star Plus Station, Andheri - Kurla Rd, Chimatpada, Marol, Andheri East, Mumbai, Maharashtra 400059","https://www.google.com/maps/place/New+Food+Inn+Restaurant/@19.1081425,72.8428051,14z/data=!3m1!5s0x3be7c81571bfed05:0x7a05a6be0be36cc8!4m10!1m2!2m1!1sMetro+Food+Corner+Shop+2,+Near+Agahadi+Industrial+Estate,+Marol+Maroshi+Road,+Marol,+Mumbai!3m6!1s0x3be7c86b2d576863:0xfe5874b64fd7e773!8m2!3d19.1081425!4d72.878854!15sClpNZXRybyBGb29kIENvcm5lciBTaG9wIDIsIE5lYXIgQWdoYWRpIEluZHVzdHJpYWwgRXN0YXRlLCBNYXJvbCBNYXJvc2hpIFJvYWQsIE1hcm9sLCBNdW1iYWlaViJUbWV0cm8gZm9vZCBjb3JuZXIgc2hvcCBuZWFyIGFnaGFkaSBpbmR1c3RyaWFsIGVzdGF0ZSBtYXJvbCBtYXJvc2hpIHJvYWQgbWFyb2wgbXVtYmFpkgEXbm9ydGhfaW5kaWFuX3Jlc3RhdXJhbnTgAQA!16s%2Fg%2F11pzryxrtv?entry=ttu&g_ep=EgoyMDI2MDMxOC4xIKXMDSoASAFQAw%3D%3D",False,False,0x3be7c81571bfed05:0x7a05a6be0be36cc8,,,,,,,,,,
"The Pacific, Shop 13, Sector 13, Near Shilp Chowk, Kharghar, Navi Mumbai",https://www.zomato.com/mumbai/lassi-shop-kharghar-navi-mumbai,8e15ac6f3adf33d141e4901e1b47bfab567b8ecf,Frozen Bottle - Kharghar,"
Shop No.1, Royal Cottage CHS Plot No-16, next to The Pacific, near Shilp Chowk, Sector 13, Kharghar, Panvel, Maharashtra 410210","https://www.google.com/maps/place/Frozen+Bottle+-+Kharghar/@19.0313125,73.0033745,13z/data=!3m1!5s0x3be7c2164b84cf07:0xda72c11a4d6e33d0!4m16!1m8!2m7!1sLassi+Shop+The+Pacific,+Shop+13,+Sector+13,+Near+Shilp+Chowk,+Kharghar,+Navi+Mumbai!3m5!2s19.139432,72.85152!3s0x3be7b62d52b614f7:0x963cfd0e9c6f2073!4m2!1d72.85152!2d19.139432!3m6!1s0x3be7c3f284946cdd:0x8c0b06492811da26!8m2!3d19.0461693!4d73.0698542!15sClNMYXNzaSBTaG9wIFRoZSBQYWNpZmljLCBTaG9wIDEzLCBTZWN0b3IgMTMsIE5lYXIgU2hpbHAgQ2hvd2ssIEtoYXJnaGFyLCBOYXZpIE11bWJhaSIDiAEBWlAiTmxhc3NpIHNob3AgdGhlIHBhY2lmaWMgc2hvcCAxMyBzZWN0b3IgMTMgbmVhciBzaGlscCBjaG93ayBraGFyZ2hhciBuYXZpIG11bWJhaZIBEmRlc3NlcnRfcmVzdGF1cmFudOABAA!16s%2Fg%2F11gk8mwdtj?entry=ttu&g_ep=EgoyMDI2MDMxOC4xIKXMDSoASAFQAw%3D%3D",False,False,0x3be7c2164b84cf07:0xda72c11a4d6e33d0,,,,,,,,,,
"Saat Bawdi, Opposite Majas Bus Depot, Jogeshwari Vikhroli Link Road, Jogeshwari, Mumbai",https://www.zomato.com/mumbai/shree-udupi-restaurant-jogeshwari,ad136067e9a3efd3c1b6ff1be4c7f45d38c1dcfc,Shree Udupi Restaurant,"
Saat Bawdi, Jogeshwari - Vikhroli Link Rd, opp. Majas Bus Depot, Jogeshwari East, Mumbai, Maharashtra 400060","https://www.google.com/maps/place/Shree+Udupi+Restaurant/@19.1394352,72.8628971,17z/data=!3m1!4b1!4m6!3m5!1s0x3be7c938c276a647:0x484ebb157c8970a4!8m2!3d19.1394352!4d72.865472!16s%2Fg%2F11yc3b3kt1?entry=ttu&g_ep=EgoyMDI2MDMxOC4xIKXMDSoASAFQAw%3D%3D",True,False,0x3be7c938c276a647:0x484ebb157c8970a4,Shree Udupi Restaurant,https://www.zomato.com/mumbai/shree-udupi-restaurant-jogeshwari,ad136067e9a3efd3c1b6ff1be4c7f45d38c1dcfc,"Saat Bawdi, Opposite Majas Bus Depot, Jogeshwari Vikhroli Link Road, Jogeshwari, Mumbai",19.1394352,72.865472,,,False,"Shree Udupi Restaurant, Saat Bawdi, Opposite Majas Bus Depot, Jogeshwari Vikhroli Link Road, Jogeshwari, Mumbai"
"Hari Bhavan Building, Zaver Road, Mulund West, Mumbai",https://www.zomato.com/mumbai/maha-belly-mulund-west,393a0b32622ae4253a891badd2275821a8d23599,Maha Belly,"
Shop no. 21, Hari Bhavan Building, Zaver Rd, near Jain Temple, Mulund West, Mumbai, Maharashtra 400080","https://www.google.com/maps/place/Maha+Belly/@19.1725609,72.9510069,17z/data=!3m1!4b1!4m6!3m5!1s0x3be7b9d9c901ed29:0x665a8fa11c03e8a7!8m2!3d19.1725609!4d72.9535818!16s%2Fg%2F11t17tfvx2?entry=ttu&g_ep=EgoyMDI2MDMxOC4xIKXMDSoASAFQAw%3D%3D",True,False,0x3be7b9d9c901ed29:0x665a8fa11c03e8a7,,,,,,,,,,
"Shop 7, Ground Floor, Bhagyashree Apartment., Dr. Ambedkar Road, Opposite Arihant Bank, Mulund West, Mumbai",https://www.zomato.com/mumbai/food-co-mulund-west,15eba61f01b1ab091fa6b9c2778fe2cb09b9d280,ARIHANT FOOD SPOT,"
Shop no 17, Koteshwar Plaza, Pandit Jawaharlal Nehru Rd, opp. Kotak Mahindra Bank, Mulund West, Mumbai, Maharashtra 400080","https://www.google.com/maps/place/ARIHANT+FOOD+SPOT/@19.1707265,72.9495125,17z/data=!4m10!1m2!2m1!1sFood+%26+Co.+Shop+7,+Ground+Floor,+Bhagyashree+Apartment.,+Dr.+Ambedkar+Road,+Opposite+Arihant+Bank,+Mulund+West,+Mumbai!3m6!1s0x3be7b9b2075a305d:0x84c6200dd0822942!8m2!3d19.1707265!4d72.9540186!15sCnZGb29kICYgQ28uIFNob3AgNywgR3JvdW5kIEZsb29yLCBCaGFneWFzaHJlZSBBcGFydG1lbnQuLCBEci4gQW1iZWRrYXIgUm9hZCwgT3Bwb3NpdGUgQXJpaGFudCBCYW5rLCBNdWx1bmQgV2VzdCwgTXVtYmFpWm8ibWZvb2QgJiBjbyBzaG9wIDcgZ3JvdW5kIGZsb29yIGJoYWd5YXNocmVlIGFwYXJ0bWVudCBkciBhbWJlZGthciByb2FkIG9wcG9zaXRlIGFyaWhhbnQgYmFuayBtdWx1bmQgd2VzdCBtdW1iYWmSAQ9kcnlfZnJ1aXRfc3RvcmXgAQA!16s%2Fg%2F11vspggp14?entry=ttu&g_ep=EgoyMDI2MDMxOC4xIKXMDSoASAFQAw%3D%3D",False,False,0x3be7b9b2075a305d:0x84c6200dd0822942,Food & Co.,https://www.zomato.com/mumbai/food-co-mulund-west,15eba61f01b1ab091fa6b9c2778fe2cb09b9d280,"Shop 7, Ground Floor, Bhagyashree Apartment., Dr. Ambedkar Road, Opposite Arihant Bank, Mulund West, Mumbai",19.1707265,72.9540186,,,False,"Food & Co., Shop 7, Ground Floor, Bhagyashree Apartment., Dr. Ambedkar Road, Opposite Arihant Bank, Mulund West, Mumbai"
"Shop 6, Fantasy 2, JP Road, Versova, Andheri West, Mumbai",https://www.zomato.com/mumbai/gobble-gobble-versova,12be2a10b5c7df3d1f50f78981d9ff6904560a83,Gobble Gobble,"
2, JP Rd, Machlimar, Versova, Andheri West, Mumbai, Maharashtra 400061","https://www.google.com/maps/place/Gobble+Gobble/@19.1310962,72.8106952,17z/data=!3m1!4b1!4m6!3m5!1s0x3be7b604873c5555:0x336340e4d8281c91!8m2!3d19.1310962!4d72.8132701!16s%2Fg%2F11vhqjwbp_?entry=ttu&g_ep=EgoyMDI2MDMxOC4xIKXMDSoASAFQAw%3D%3D",True,False,0x3be7b604873c5555:0x336340e4d8281c91,Gobble Gobble,https://www.zomato.com/mumbai/gobble-gobble-versova,12be2a10b5c7df3d1f50f78981d9ff6904560a83,"Shop 6, Fantasy 2, JP Road, Versova, Andheri West, Mumbai",19.1310962,72.8132701,,,False,"Gobble Gobble, Shop 6, Fantasy 2, JP Road, Versova, Andheri West, Mumbai"
"Shop 3A, PVR Milap Cinema, SV Road, Kandivali West, Mumbai",https://www.zomato.com/mumbai/palette-kandivali-west,932a4df4238cdfe5ee8df36d494e43f835108203,PVR MILAP MUMBAI,"
Swami Vivekanand Rd, Majithia Nagar, Goraswadi, Kandivali West, Mumbai, Maharashtra 400067","https://www.google.com/maps/place/PVR+MILAP+MUMBAI/@19.1961308,72.8426935,17z/data=!4m10!1m2!2m1!1sPalette+Shop+3A,+PVR+Milap+Cinema,+SV+Road,+Kandivali+West,+Mumbai!3m6!1s0x3be7b6df7a983f9b:0x5a2a1880342c392b!8m2!3d19.1961308!4d72.8471996!15sCkJQYWxldHRlIFNob3AgM0EsIFBWUiBNaWxhcCBDaW5lbWEsIFNWIFJvYWQsIEthbmRpdmFsaSBXZXN0LCBNdW1iYWkiA4gBAVpAIj5wYWxldHRlIHNob3AgM2EgcHZyIG1pbGFwIGNpbmVtYSBzdiByb2FkIGthbmRpdmFsaSB3ZXN0IG11bWJhaZIBDW1vdmllX3RoZWF0ZXLgAQA!16s%2Fg%2F11b66bh_p7?entry=ttu&g_ep=EgoyMDI2MDMxOC4xIKXMDSoASAFQAw%3D%3D",False,False,0x3be7b6df7a983f9b:0x5a2a1880342c392b,Palette,https://www.zomato.com/mumbai/palette-kandivali-west,932a4df4238cdfe5ee8df36d494e43f835108203,"Shop 3A, PVR Milap Cinema, SV Road, Kandivali West, Mumbai",19.1961308,72.8471996,,,False,"Palette, Shop 3A, PVR Milap Cinema, SV Road, Kandivali West, Mumbai"
"Shop 07, Ground Floor, Joshi Marg Lower Parel, Mumbai",https://www.zomato.com/mumbai/mr-mess-lower-parel,f5be9ffb6a52814061c37e70addbfd491adbd999,Mr. Mess,"
Shop No 7, Sorab Chawl, NM Joshi Marg, Lower Parel East, Adarsh Nagar, Lower Parel, Mumbai, Maharashtra 400011","https://www.google.com/maps/place/Mr.+Mess/@18.9894065,72.8291999,17z/data=!3m1!4b1!4m6!3m5!1s0x3be7cf8fd4de8c53:0xdbf7d697fc40f3f4!8m2!3d18.9894065!4d72.8317748!16s%2Fg%2F11t85p3m8m?entry=ttu&g_ep=EgoyMDI2MDMxOC4xIKXMDSoASAFQAw%3D%3D",True,False,0x3be7cf8fd4de8c53:0xdbf7d697fc40f3f4,Mr. Mess,https://www.zomato.com/mumbai/mr-mess-lower-parel,f5be9ffb6a52814061c37e70addbfd491adbd999,"Shop 07, Ground Floor, Joshi Marg Lower Parel, Mumbai",18.9894065,72.83177479999999,,,False,"Mr. Mess, Shop 07, Ground Floor, Joshi Marg Lower Parel, Mumbai"
"Shop 27, Plot 56/57, Riddhi Siddhi Heritage, Sector 19, Near Meheta College, Airoli, Navi Mumbai",https://www.zomato.com/mumbai/awaken-aroma-cafe-airoli-navi-mumbai,e7d61ca806f0cb949f060a81a8488898f533d9a0,Aroma Chai (Kopar Khairane),"
Shop No. 6, Progressive, Plot No. 7, Sector 4A, Kopar Khairane, Navi Mumbai, Maharashtra 400709","https://www.google.com/maps/place/Aroma+Chai+(Kopar+Khairane)/@19.1061913,72.9369897,13z/data=!4m10!1m2!2m1!1sAwaken+Aroma+Cafe+Shop+27,+Plot+56%2F57,+Riddhi+Siddhi+Heritage,+Sector+19,+Near+Meheta+College,+Airoli,+Navi+Mumbai!3m6!1s0x3be7c139fc0b831b:0x922d84b658c401d8!8m2!3d19.1061913!4d73.0090875!15sCnFBd2FrZW4gQXJvbWEgQ2FmZSBTaG9wIDI3LCBQbG90IDU2LzU3LCBSaWRkaGkgU2lkZGhpIEhlcml0YWdlLCBTZWN0b3IgMTksIE5lYXIgTWVodGEgQ29sbGVnZSwgQWlyb2xpLCBOYXZpIE11bWJhaVptImthd2FrZW4gYXJvbWEgY2FmZSBzaG9wIDI3IHBsb3QgNTYgNTcgcmlkZGhpIHNpZGRoaSBoZXJpdGFnZSBzZWN0b3IgMTkgbmVhciBtZWh0YSBjb2xsZWdlIGFpcm9saSBuYXZpIG11bWJhaZIBBGNhZmXgAQA!16s%2Fg%2F11x2kt6p84?entry=ttu&g_ep=EgoyMDI2MDMxOC4xIKXMDSoASAFQAw%3D%3D",False,False,0x3be7c139fc0b831b:0x922d84b658c401d8,,,,,,,,,,
"13-7, Target Mall, Ward R/C, Chandavarkar Road, Borivali West, Mumbai",https://www.zomato.com/mumbai/borivali-chowpatty-vibes-borivali-west,e908ae8d38b476783329b2e7d8b50566baf1acd3,BORIVALI CHOWPATTY VIBES,"
Target Mall, Chandavarkar Rd, Sundar Nagar, Borivali West, Mumbai, Maharashtra 400092","https://www.google.com/maps/place/BORIVALI+CHOWPATTY+VIBES/@19.2306546,72.8523051,17z/data=!3m1!4b1!4m6!3m5!1s0x3be7b10062015f41:0x59478675993a978a!8m2!3d19.2306546!4d72.85488!16s%2Fg%2F11xp4x0ps8?entry=ttu&g_ep=EgoyMDI2MDMxOC4xIKXMDSoASAFQAw%3D%3D",True,False,0x3be7b10062015f41:0x59478675993a978a,Borivali Chowpatty Vibes,https://www.zomato.com/mumbai/borivali-chowpatty-vibes-borivali-west,e908ae8d38b476783329b2e7d8b50566baf1acd3,"13-7, Target Mall, Ward R/C, Chandavarkar Road, Borivali West, Mumbai",19.2306546,72.85488,,,False,"Borivali Chowpatty Vibes, 13-7, Target Mall, Ward R/C, Chandavarkar Road, Borivali West, Mumbai"
"Goregaon Sports Club, Link Road, Near Toyota Showroom, Malad West, Mumbai",https://www.zomato.com/mumbai/aditi-fast-food-1-malad-west,0f1c3b07bc319a397471392b7220eef6f18d2c37,Aditi Fast Food & Restaurant,"
105, Swami Vivekanand Rd, opposite Malad Shopping Centre, Malad, Navy Colony, Mamledarwadi, Malad West, Mumbai, Maharashtra 400064","https://www.google.com/maps/place/Aditi+Fast+Food+%26+Restaurant/@19.18526,72.8439213,17z/data=!3m1!4b1!4m6!3m5!1s0x3be7c9ba7fb6db05:0xe9be154f33f5a810!8m2!3d19.18526!4d72.8464962!16s%2Fg%2F1tfg63pp?entry=ttu&g_ep=EgoyMDI2MDMxOC4xIKXMDSoASAFQAw%3D%3D",True,False,0x3be7c9ba7fb6db05:0xe9be154f33f5a810,Aditi Fast Food,https://www.zomato.com/mumbai/aditi-fast-food-1-malad-west,0f1c3b07bc319a397471392b7220eef6f18d2c37,"Goregaon Sports Club, Link Road, Near Toyota Showroom, Malad West, Mumbai",19.18526,72.84649619999999,,,False,"Aditi Fast Food, Goregaon Sports Club, Link Road, Near Toyota Showroom, Malad West, Mumbai"
"D6, Plot- 58, Greater Mumbai Ward K/W, Near Old Mhada Four Bunglows Versova, Andheri West, Mumbai",https://www.zomato.com/mumbai/fusion-cafe-versova,bd2edb11ccac13ba6962127385b940382b3dcc6c,Global Fusion Versova,"
Ground Mukti Culture, Building, Model JP Rd, near Kokilaben Hospital, Model Town, Andheri West, Mumbai, Maharashtra 400053","https://www.google.com/maps/place/Global+Fusion+Versova/@19.1350608,72.8066688,15z/data=!4m10!1m2!2m1!1sFusion+Cafe+D6,+Plot-+58,+Greater+Mumbai+Ward+K%2FW,+Near+Old+Mhada+Four+Bunglows+Versova,+Andheri+West,+Mumbai!3m6!1s0x3be7b619427b41f3:0x28075330c2d35dbb!8m2!3d19.133054!4d72.8231211!15sCm1GdXNpb24gQ2FmZSBENiwgUGxvdC0gNTgsIEdyZWF0ZXIgTXVtYmFpIFdhcmQgSy9XLCBOZWFyIE9sZCBNaGFkYSBGb3VyIEJ1bmdsb3dzIFZlcnNvdmEsIEFuZGhlcmkgV2VzdCwgTXVtYmFpWmkiZ2Z1c2lvbiBjYWZlIGQ2IHBsb3QgNTggZ3JlYXRlciBtdW1iYWkgd2FyZCBrIHcgbmVhciBvbGQgbWhhZGEgZm91ciBidW5nbG93cyB2ZXJzb3ZhIGFuZGhlcmkgd2VzdCBtdW1iYWmSARFidWZmZXRfcmVzdGF1cmFudOABAA!16s%2Fg%2F11dz1pxhf_?entry=ttu&g_ep=EgoyMDI2MDMxOC4xIKXMDSoASAFQAw%3D%3D",False,False,0x3be7b619427b41f3:0x28075330c2d35dbb,Fusion Cafe,https://www.zomato.com/mumbai/fusion-cafe-versova,bd2edb11ccac13ba6962127385b940382b3dcc6c,"D6, Plot- 58, Greater Mumbai Ward K/W, Near Old Mhada Four Bunglows Versova, Andheri West, Mumbai",19.1370681,72.8223752,,,False,"Fusion Cafe, D6, Plot- 58, Greater Mumbai Ward K/W, Near Old Mhada Four Bunglows Versova, Andheri West, Mumbai"
"265, Balkrishna Nivas, LN Road, Near Welingkar Colleges, Matunga East, Mumbai",https://www.zomato.com/mumbai/cafe-gulshan-matunga-east,7324e56884334dce2971ff490c782b12b969a45c,Cafe Gulshan,"
Balkrishna Niwas, 265, Lakhamsi Napoo Rd, next to Welingkar, Matunga East, Mumbai, Maharashtra 400019","https://www.google.com/maps/place/Cafe+Gulshan/@19.0258909,72.8479077,17z/data=!3m2!4b1!5s0x3be0ddb009b102cb:0x2b1836728f27aa1b!4m6!3m5!1s0x3be7cf2895555555:0xb099f85ac644afc!8m2!3d19.0258909!4d72.8504826!16s%2Fg%2F1tc_pgz2?entry=ttu&g_ep=EgoyMDI2MDMxOC4xIKXMDSoASAFQAw%3D%3D",True,False,0x3be0ddb009b102cb:0x2b1836728f27aa1b,,,,,,,,,,
"Ground Floor, Shukratara Building, Santa Jana Bai Marg, Hanuman Road, Vile Parle East, Mumbai",https://www.zomato.com/mumbai/bhooka-soor-vile-parle-east,013d6d7be69bd497bd3415d169e79c9d4a09be7d,Arya Bhavan,"
Shop No.16,17 &18 Plot, Ground, Eastern Court 83, Parleshwar Rd, Navpada, Vile Parle East, Vile Parle, Mumbai, Maharashtra 400057","https://www.google.com/maps/place/Arya+Bhavan/@19.1018145,72.8361586,16z/data=!4m10!1m2!2m1!1sBhooka-Soor+Ground+Floor,+Shukratara+Building,+Santa+Jana+Bai+Marg,+Hanuman+Road,+Vile+Parle+East,+Mumbai!3m6!1s0x3be7c99f33dd34a1:0xbda0c21763062026!8m2!3d19.1018145!4d72.8451708!15sCmlCaG9va2EtU29vciBHcm91bmQgRmxvb3IsIFNodWtyYXRhcmEgQnVpbGRpbmcsIFNhbnRhIEphbmEgQmFpIE1hcmcsIEhhbnVtYW4gUm9hZCwgVmlsZSBQYXJsZSBFYXN0LCBNdW1iYWlaZiJkYmhvb2thIHNvb3IgZ3JvdW5kIGZsb29yIHNodWtyYXRhcmEgYnVpbGRpbmcgc2FudGEgamFuYSBiYWkgbWFyZyBoYW51bWFuIHJvYWQgdmlsZSBwYXJsZSBlYXN0IG11bWJhaZIBF3NvdXRoX2luZGlhbl9yZXN0YXVyYW504AEA!16s%2Fg%2F11h760ycg8?entry=ttu&g_ep=EgoyMDI2MDMxOC4xIKXMDSoASAFQAw%3D%3D",False,False,0x3be7c99f33dd34a1:0xbda0c21763062026,Bhooka-Soor,https://www.zomato.com/mumbai/bhooka-soor-vile-parle-east,013d6d7be69bd497bd3415d169e79c9d4a09be7d,"Ground Floor, Shukratara Building, Santa Jana Bai Marg, Hanuman Road, Vile Parle East, Mumbai",19.1018145,72.84517079999999,,,False,"Bhooka-Soor, Ground Floor, Shukratara Building, Santa Jana Bai Marg, Hanuman Road, Vile Parle East, Mumbai"
"308, Pant Nagar, Ghatkopar East, Mumbai",https://www.zomato.com/mumbai/shree-jyoti-1-ghatkopar-east,5333480bd18a7817ff8f5760b67bf542a588e3d7,Jyoti CHS,"
Jyoti CHS, 311, Ram Narayan Nagar Marg, Shival Nagar, Gaurishankar Wadi, Pant Nagar, Ghatkopar East, Mumbai, Maharashtra 400075","https://www.google.com/maps/place/Jyoti+CHS/@19.1017961,72.7589053,12z/data=!4m10!1m2!2m1!1sShree+Jyoti+308,+Pant+Nagar,+Ghatkopar+East,+Mumbai!3m6!1s0x3be7c7dcfb81efbb:0x4ab376ea042329e!8m2!3d19.0862529!4d72.9118085!15sCjNTaHJlZSBKeW90aSAzMDgsIFBhbnQgTmFnYXIsIEdoYXRrb3BhciBFYXN0LCBNdW1iYWmSAQ9ob3VzaW5nX3NvY2lldHngAQA!16s%2Fg%2F11h4w1nscq?entry=ttu&g_ep=EgoyMDI2MDMxOC4xIKXMDSoASAFQAw%3D%3D",False,False,0x3be7c7dcfb81efbb:0x4ab376ea042329e,,,,,,,,,,
"Shop 3, Purandare Wadi, D S Barekar Marg, Dadar West, Mumbai",https://www.zomato.com/mumbai/humble-scoop-2-dadar-west,be1598f4e002deb83464f34ce517cfdf846ff83c,Humble Scoop,"
Shop 3, Purandare Building, DS Babrekar Marg, Dadar West, Dadar, Mumbai, Maharashtra 400028","https://www.google.com/maps/place/Humble+Scoop/@19.0216825,72.8345338,17z/data=!3m1!4b1!4m6!3m5!1s0x3be7cf9414fc3247:0xf5bada399081d491!8m2!3d19.0216825!4d72.8371087!16s%2Fg%2F11ld16pp8s?entry=ttu&g_ep=EgoyMDI2MDMxOC4xIKXMDSoASAFQAw%3D%3D",True,False,0x3be7cf9414fc3247:0xf5bada399081d491,Humble Scoop,https://www.zomato.com/mumbai/humble-scoop-2-dadar-west,be1598f4e002deb83464f34ce517cfdf846ff83c,"Shop 3, Purandare Wadi, D S Barekar Marg, Dadar West, Mumbai",19.0216825,72.8371087,,,False,"Humble Scoop, Shop 3, Purandare Wadi, D S Barekar Marg, Dadar West, Mumbai"
"Shop 12, CG Road, Indira Nagar, Chembur, Mumbai",https://www.zomato.com/mumbai/nusta-foodie-chembur,27074100b9e20662c847deb7f8e290fc53402742,Nusta foodie,"
Shop no, 12, CG Rd, opp. Jhama sweet, Chembur Camp, Indira Nagar, Chembur, Mumbai, Maharashtra 400074","https://www.google.com/maps/place/Nusta+foodie/@19.0456498,72.8913668,17z/data=!3m1!4b1!4m6!3m5!1s0x3be7c99d3c0fa6ad:0x689d388b0e6f1277!8m2!3d19.0456498!4d72.8939417!16s%2Fg%2F11s9npcnzy?entry=ttu&g_ep=EgoyMDI2MDMxOC4xIKXMDSoASAFQAw%3D%3D",True,False,0x3be7c99d3c0fa6ad:0x689d388b0e6f1277,,,,,,,,,,
"Shop 33/34, Plot 8, Hari Om Heritage, Sector 21, Kharghar, Navi Mumbai",https://www.zomato.com/mumbai/bcreamy-kharghar-navi-mumbai,f63325e0b53724fe2834bff2bb978f9e39c99cab,B'Creamy,"
Sector 21, shop no 33, 34, Hari Om Heritage CHS, plot no 8, Kharghar, Panvel, Maharashtra 410210","https://www.google.com/maps/place/B'Creamy/@19.0482051,73.0622444,17z/data=!3m1!4b1!4m6!3m5!1s0x3be7c373acec3045:0xd5857479b47a633d!8m2!3d19.0482051!4d73.0648193!16s%2Fg%2F11py6zk8wc?entry=ttu&g_ep=EgoyMDI2MDMxOC4xIKXMDSoASAFQAw%3D%3D",True,False,0x3be7c373acec3045:0xd5857479b47a633d,B'Creamy,https://www.zomato.com/mumbai/bcreamy-kharghar-navi-mumbai,f63325e0b53724fe2834bff2bb978f9e39c99cab,"Shop 33/34, Plot 8, Hari Om Heritage, Sector 21, Kharghar, Navi Mumbai",19.0482051,73.0648193,,,False,"B'Creamy, Shop 33/34, Plot 8, Hari Om Heritage, Sector 21, Kharghar, Navi Mumbai"
"Shop 4, A Wing, Building 5, Matruchaya CHS, Tilak Nagar, Chembur, Mumbai",https://www.zomato.com/mumbai/hibiscus-cafe-3-chembur,a8f8cb5449bb9d18529902e18f0f45742c23ee53,Hibiscus Cafe,"
Shop 4, Matruchaya C.H.S., opposite Universal school, Gulshan Baug, Chembur West, Tilak Nagar, Chedda Nagar, Mumbai, Maharashtra 400089","https://www.google.com/maps/place/Hibiscus+Cafe/@19.065628,72.8975818,17z/data=!3m1!4b1!4m6!3m5!1s0x3be7c7252896828d:0x1da296f8c59a2aa7!8m2!3d19.065628!4d72.9001567!16s%2Fg%2F11szdz1193?entry=ttu&g_ep=EgoyMDI2MDMxOC4xIKXMDSoASAFQAw%3D%3D",True,False,0x3be7c7252896828d:0x1da296f8c59a2aa7,Hibiscus Cafe,https://www.zomato.com/mumbai/hibiscus-cafe-3-chembur,a8f8cb5449bb9d18529902e18f0f45742c23ee53,"Shop 4, A Wing, Building 5, Matruchaya CHS, Tilak Nagar, Chembur, Mumbai",19.065628,72.9001567,,,False,"Hibiscus Cafe, Shop 4, A Wing, Building 5, Matruchaya CHS, Tilak Nagar, Chembur, Mumbai"
"Royal Plaza, New Link Road, Andheri Lokhandwala, Andheri West, Mumbai, Mumbai",https://www.zomato.com/mumbai/home-town-cafe-andheri-lokhandwala,fff19e10e3fab547f33e549db0eb896db58dd25f,The Homemade Cafe,"
Shop No. 4, 41, kaveri Building, Near, Oshiwara Police Station Rd, Anand Nagar, Andheri West, Mumbai, Maharashtra 400102","https://www.google.com/maps/place/The+Homemade+Cafe/@19.1495433,72.6875019,12z/data=!4m10!1m2!2m1!1sHome+Town+Cafe+Royal+Plaza,+New+Link+Road,+Andheri+Lokhandwala,+Andheri+West,+Mumbai,+Mumbai!3m6!1s0x3be7b63f62c90311:0xd551771883e69efc!8m2!3d19.1495433!4d72.8316975!15sClxIb21lIFRvd24gQ2FmZSBSb3lhbCBQbGF6YSwgTmV3IExpbmsgUm9hZCwgQW5kaGVyaSBMb2toYW5kd2FsYSwgQW5kaGVyaSBXZXN0LCBNdW1iYWksIE11bWJhaVpZIldob21lIHRvd24gY2FmZSByb3lhbCBwbGF6YSBuZXcgbGluayByb2FkIGFuZGhlcmkgbG9raGFuZHdhbGEgYW5kaGVyaSB3ZXN0IG11bWJhaSBtdW1iYWmSAQRjYWZl4AEA!16s%2Fg%2F11bxb9j1b7?entry=ttu&g_ep=EgoyMDI2MDMxOC4xIKXMDSoASAFQAw%3D%3D",False,False,0x3be7b63f62c90311:0xd551771883e69efc,,,,,,,,,,
"Shop 1, 2, And 3, Ground Floor, Sharda Bhavan, Nanda Patkar Road, Vile Parle East, Mumbai",https://www.zomato.com/mumbai/mumbai-masala-nx-vile-parle-east,baa5778f8237da7a62834ba97b0820a296c63caa,Summer Harvest Mumbai Masala NX,"
1,2,3, Sharda Bhuvan, Nanda Patkar Rd, Navpada, Vile Parle East, Vile Parle, Mumbai, Maharashtra 400057","https://www.google.com/maps/place/Summer+Harvest+Mumbai+Masala+NX/@19.0967832,72.8323837,15z/data=!4m10!1m2!2m1!1sMumbai+Masala+NX+Shop+1,+2,+And+3,+Ground+Floor,+Sharda+Bhavan,+Nanda+Patkar+Road,+Vile+Parle+East,+Mumbai!3m6!1s0x3be7c9c90a4ab9ad:0x392a6b2e98662790!8m2!3d19.0967832!4d72.8504081!15sCmpNdW1iYWkgTWFzYWxhIE5YIFNob3AgMSwgMiwgQW5kIDMsIEdyb3VuZCBGbG9vciwgU2hhcmRhIEJoYXZhbiwgTmFuZGEgUGF0a2FyIFJvYWQsIFZpbGUgUGFybGUgRWFzdCwgTXVtYmFpWmUiY211bWJhaSBtYXNhbGEgbnggc2hvcCAxIDIgYW5kIDMgZ3JvdW5kIGZsb29yIHNoYXJkYSBiaGF2YW4gbmFuZGEgcGF0a2FyIHJvYWQgdmlsZSBwYXJsZSBlYXN0IG11bWJhaZIBCnJlc3RhdXJhbnTgAQA!16s%2Fg%2F11vkts5btb?entry=ttu&g_ep=EgoyMDI2MDMxOC4xIKXMDSoASAFQAw%3D%3D",True,False,0x3be7c9c90a4ab9ad:0x392a6b2e98662790,Mumbai Masala NX,https://www.zomato.com/mumbai/mumbai-masala-nx-vile-parle-east,baa5778f8237da7a62834ba97b0820a296c63caa,"Shop 1, 2, And 3, Ground Floor, Sharda Bhavan, Nanda Patkar Road, Vile Parle East, Mumbai",19.0967832,72.8504081,,,False,"Mumbai Masala NX, Shop 1, 2, And 3, Ground Floor, Sharda Bhavan, Nanda Patkar Road, Vile Parle East, Mumbai"
"Shop 18, Ashok Nagar, Ambadi Road, Vasai, Mumbai",https://www.zomato.com/mumbai/sorbet-vasai,4de362635e420dbf4723f7010b6ec7eb0083b36d,Sorbet,"
Shop No. 17/18, 7th Heaven, Sorbet, Ambadi Rd, Shastri Nagar, Ashok Nagar, Vasai West, Mumbai, Vasai-Virar, Maharashtra 401202","https://www.google.com/maps/place/Sorbet/@19.3838143,72.8253709,17z/data=!3m1!4b1!4m6!3m5!1s0x3be7af19d40aca67:0x844c8c751fb49806!8m2!3d19.3838143!4d72.8279458!16s%2Fg%2F11r6wmql5h?entry=ttu&g_ep=EgoyMDI2MDMxOC4xIKXMDSoASAFQAw%3D%3D",True,False,0x3be7af19d40aca67:0x844c8c751fb49806,Sorbet,https://www.zomato.com/mumbai/sorbet-vasai,4de362635e420dbf4723f7010b6ec7eb0083b36d,"Shop 18, Ashok Nagar, Ambadi Road, Vasai, Mumbai",19.3838143,72.8279458,,,False,"Sorbet, Shop 18, Ashok Nagar, Ambadi Road, Vasai, Mumbai"
"Shop 4, Haji Mansion, 5th Road, Khar, Mumbai",https://www.zomato.com/mumbai/protein-house-khar,0c40b70c01f81b85798d8738ce34acf93661861e,Supplement Station,"
Shop No.4 , Anand Kutir Building, 7th, Golibar Rd, Santacruz East, Mumbai, Maharashtra 400055","https://www.google.com/maps/place/Supplement+Station/@19.0762063,71.6889852,9z/data=!4m10!1m2!2m1!1sProtein+House+Shop+4,+Haji+Mansion,+5th+Road,+Khar,+Mumbai!3m6!1s0x3be7c953e1a22b0b:0xca61abeade57a66c!8m2!3d19.0762063!4d72.8425497!15sCjpQcm90ZWluIEhvdXNlIFNob3AgNCwgSGFqaSBNYW5zaW9uLCA1dGggUm9hZCwgS2hhciwgTXVtYmFpIgOIAQFaOCI2cHJvdGVpbiBob3VzZSBzaG9wIDQgaGFqaSBtYW5zaW9uIDV0aCByb2FkIGtoYXIgbXVtYmFpkgEddml0YW1pbl9hbmRfc3VwcGxlbWVudHNfc3RvcmXgAQA!16s%2Fg%2F11fhr1h62g?entry=ttu&g_ep=EgoyMDI2MDMxOC4xIKXMDSoASAFQAw%3D%3D",False,False,0x3be7c953e1a22b0b:0xca61abeade57a66c,Protein House,https://www.zomato.com/mumbai/protein-house-khar,0c40b70c01f81b85798d8738ce34acf93661861e,"Shop 4, Haji Mansion, 5th Road, Khar, Mumbai",19.0548413,72.82585399999999,,,False,"Protein House, Shop 4, Haji Mansion, 5th Road, Khar, Mumbai"
"Shop 3, Leo Apartment, Sunder Lane, Near Global Care Pharmacy, Malad West, Mumbai",https://www.zomato.com/mumbai/mexicos-pizza-3-malad-west,9079dc6cf84b2969a8183456ac2d1934240d6bbc,Mexico's Pizza,"
Shop No. 4, Leo Apartment, Sunder Ln, Malad, Orlem, Kanchpada, Malad West, Mumbai, Maharashtra 400064","https://www.google.com/maps/place/Mexico's+Pizza/@19.1939637,72.8361338,17z/data=!3m1!4b1!4m6!3m5!1s0x3be7b70062222853:0x4368af84921468bb!8m2!3d19.1939637!4d72.8387087!16s%2Fg%2F11w4dj20dx?entry=ttu&g_ep=EgoyMDI2MDMxOC4xIKXMDSoASAFQAw%3D%3D",True,False,0x3be7b70062222853:0x4368af84921468bb,Mexico's Pizza,https://www.zomato.com/mumbai/mexicos-pizza-3-malad-west,9079dc6cf84b2969a8183456ac2d1934240d6bbc,"Shop 3, Leo Apartment, Sunder Lane, Near Global Care Pharmacy, Malad West, Mumbai",19.1939637,72.8387087,,,False,"Mexico's Pizza, Shop 3, Leo Apartment, Sunder Lane, Near Global Care Pharmacy, Malad West, Mumbai"
"Shop 26, Plot 83, Devavrat Commercial Complex, Sector 17, Vashi, Navi Mumbai",https://www.zomato.com/mumbai/zaara-juice-snacks-vashi-navi-mumbai,b81e8a3cb23b57a02f57fdccbf80d2577b9eb68a,,"
Shop no. 26, Plot no. 83, Devratra complex, Sector 17, Vashi, Navi Mumbai, Maharashtra 400703","https://www.google.com/maps/place/Zaara+Juice+and+Snacks/@19.0693593,72.9967532,17z/data=!3m1!4b1!4m6!3m5!1s0x3be7c140baaf9bb7:0x9d546bfa06318480!8m2!3d19.0693593!4d72.9993281!16s%2Fg%2F11pf2q0xrc?entry=ttu&g_ep=EgoyMDI2MDMxOC4xIKXMDSoASAFQAw%3D%3D",False,False,0x3be7c140baaf9bb7:0x9d546bfa06318480,Zaara Juice & Snacks,https://www.zomato.com/mumbai/zaara-juice-snacks-vashi-navi-mumbai,b81e8a3cb23b57a02f57fdccbf80d2577b9eb68a,"Shop 26, Plot 83, Devavrat Commercial Complex, Sector 17, Vashi, Navi Mumbai",19.0693593,72.9993281,,,False,"Zaara Juice & Snacks, Shop 26, Plot 83, Devavrat Commercial Complex, Sector 17, Vashi, Navi Mumbai"
"Shop 8, Ground Floor, Sukh Sagar Society, Grant Road Chowpatty, Mumbai",https://www.zomato.com/mumbai/love-99-chowpatty,7fa7e6caa780b2ec388783c13ef63293397612cf,99Deals.in,"
323, Abid House, Shop Number. 1-2, Ground Floor, Lamington Rd, opposite Police Station, Grant Road East, Grant Road, Mumbai, Maharashtra 400007","https://www.google.com/maps/place/99Deals.in/@18.9585182,72.808611,16z/data=!4m10!1m2!2m1!1sLove+99+Shop+8,+Ground+Floor,+Sukh+Sagar+Society,+Grant+Road+Chowpatty,+Mumbai!3m6!1s0x3be7ce126741591d:0x29ffc4345f1c26cf!8m2!3d18.961104!4d72.8174741!15sCk5Mb3ZlIDk5IFNob3AgOCwgR3JvdW5kIEZsb29yLCBTdWtoIFNhZ2FyIFNvY2lldHksIEdyYW50IFJvYWQgQ2hvd3BhdHR5LCBNdW1iYWlaTCJKbG92ZSA5OSBzaG9wIDggZ3JvdW5kIGZsb29yIHN1a2ggc2FnYXIgc29jaWV0eSBncmFudCByb2FkIGNob3dwYXR0eSBtdW1iYWmSAQ5jb21wdXRlcl9zdG9yZeABAA!16s%2Fg%2F1ptvrwmp0?entry=ttu&g_ep=EgoyMDI2MDMxOC4xIKXMDSoASAFQAw%3D%3D",False,False,0x3be7ce126741591d:0x29ffc4345f1c26cf,,,,,,,,,,
"Ground Floor, Inside Rever Salon, Chez-Nous, Gulmohar Cross Road 7, Opposite Juhu Model Town, JVPD Scheme, Vile Parle West, Mumbai",https://www.zomato.com/mumbai/the-bhookha-beirdo-vile-parle-west,4541e346f68c034d1ff00fa86b666d4f33b073f7,"Florian Hurel Hair Couture and Spa (Bandra West, Mumbai)","
Ground floor, Antoine villa, 33, sherly Mala road, off Sangeet Samrat Naushad Ali Road, Railway Colony, Shirley, Bandra West, Mumbai, Maharashtra 400050","https://www.google.com/maps/place/Florian+Hurel+Hair+Couture+and+Spa+(Bandra+West,+Mumbai)/@19.063554,72.7884361,14z/data=!4m9!1m2!2m1!1sThe+Bhookha+Beirdo+Ground+Floor,+Inside+Rever+Salon,+Chez-Nous,+Gulmohar+Cross+Road+7,+Opposite+Juhu+Model+Town,+JVPD+Scheme,+Vile+Parle+West,+Mumbai!3m5!1s0x3be7c9c8c48a929d:0x1cb2ea442b45233!8m2!3d19.063554!4d72.8244847!16s%2Fg%2F11lnrz_jds?entry=ttu&g_ep=EgoyMDI2MDMxOC4xIKXMDSoASAFQAw%3D%3D",False,False,0x3be7c9c8c48a929d:0x1cb2ea442b45233,,,,,,,,,,
"Flora Point, SN Road, Near MCC College, Mulund West, Mumbai",https://www.zomato.com/mumbai/shubham-pure-veg-mulund-west,670ba9e6aa6a2611e94e7b2e35f725845313c557,Hotel Shubham,"
shubham hotel, Flora Cooperative Housing Society Limited, 302, Sarojini Naidu Rd, near Mulund College Of Commerce, Ashok Nagar, Mulund West, Mumbai, Maharashtra 400080","https://www.google.com/maps/place/Hotel+Shubham/@19.1748386,72.9553583,17z/data=!3m1!4b1!4m6!3m5!1s0x3be7b8facce38c77:0x27dc98074d8ec12c!8m2!3d19.1748386!4d72.9579332!16s%2Fg%2F1tx45hk5?entry=ttu&g_ep=EgoyMDI2MDMxOC4xIKXMDSoASAFQAw%3D%3D",False,False,0x3be7b8facce38c77:0x27dc98074d8ec12c,,,,,,,,,,
"Shop 1, Haroon Mazil, 214 Old Agra Road, Kurla, Mumbai",https://www.zomato.com/mumbai/shalimar-fast-food-kurla,0e1040cde23b49ab1d520873eb4507f6a1b59d81,Shalimar Restaurant - Branch of Bhendi Bazar,"
216, Lal Bahadur Shastri Marg, Kurla West, Kurla, Mumbai, Maharashtra 400070","https://www.google.com/maps/place/Shalimar+Restaurant+-+Branch+of+Bhendi+Bazar/@19.0753954,72.8585128,15z/data=!3m1!5s0x3be7c7d801782c75:0xab981a21f37aaa39!4m10!1m2!2m1!1sShalimar+Fast+Food+Shop+1,+Haroon+Mazil,+214+Old+Agra+Road,+Kurla,+Mumbai!3m6!1s0x3be7c9ae4385f111:0x9d00673be2b53448!8m2!3d19.0753954!4d72.8765372!15sCklTaGFsaW1hciBGYXN0IEZvb2QgU2hvcCAxLCBIYXJvb24gTWF6aWwsIDIxNCBPbGQgQWdyYSBSb2FkLCBLdXJsYSwgTXVtYmFpWkciRXNoYWxpbWFyIGZhc3QgZm9vZCBzaG9wIDEgaGFyb29uIG1hemlsIDIxNCBvbGQgYWdyYSByb2FkIGt1cmxhIG11bWJhaZIBF25vcnRoX2luZGlhbl9yZXN0YXVyYW504AEA!16s%2Fg%2F11trn56x36?entry=ttu&g_ep=EgoyMDI2MDMxOC4xIKXMDSoASAFQAw%3D%3D",False,False,0x3be7c7d801782c75:0xab981a21f37aaa39,,,,,,,,,,
"33, Part 1, Aram Nagar, Oposite Dhariya Mahal, JP Road, Versova, Andheri West, Mumbai",https://www.zomato.com/mumbai/furends-versova,272c8efe87569b8f1d40623685daeeaae1d6b203,Furends Pet Studio,"
33, JP Rd, opp. Dariya Mahal, next to gurudwara, Aram Nagar Part 1, Aram Nagar, Versova, Andheri West, Andheri, Mumbai, Maharashtra 400061","https://www.google.com/maps/place/Furends+Pet+Studio/@19.1315524,72.8091376,17z/data=!4m10!1m2!2m1!1sFurends+33,+Part+1,+Aram+Nagar,+Oposite+Dhariya+Mahal,+JP+Road,+Versova,+Andheri+West,+Mumbai!3m6!1s0x3be7b7fe8995eccd:0x4235464249baceb4!8m2!3d19.1315524!4d72.8136437!15sCl1GdXJlbmRzIDMzLCBQYXJ0IDEsIEFyYW0gTmFnYXIsIE9wcG9zaXRlIERhcml5YSBNYWhhbCwgSlAgUm9hZCwgVmVyc292YSwgQW5kaGVyaSBXZXN0LCBNdW1iYWlaWCJWZnVyZW5kcyAzMyBwYXJ0IDEgYXJhbSBuYWdhciBvcHBvc2l0ZSBkYXJpeWEgbWFoYWwganAgcm9hZCB2ZXJzb3ZhIGFuZGhlcmkgd2VzdCBtdW1iYWmSARRwZXRfYm9hcmRpbmdfc2VydmljZeABAA!16s%2Fg%2F11y4rh6q1k?entry=ttu&g_ep=EgoyMDI2MDMxOC4xIKXMDSoASAFQAw%3D%3D",True,False,0x3be7b7fe8995eccd:0x4235464249baceb4,,,,,,,,,,
"460-A, Gulmohar CHS Ltd, Oshiwara, Adarsh Nagar, New Link Road, Jogeshwari, Mumbai",https://www.zomato.com/mumbai/doof-jogeshwari,3069fbfc71a67bed704a91c3540b7b7ad7030ecb,Gulmohar Valley CHS,"
4-A, New Link Rd, Prakash Nagar, Oshiwara, Jogeshwari West, Mumbai, Maharashtra 400102","https://www.google.com/maps/place/Gulmohar+Valley+CHS/@19.1315478,72.7705124,13z/data=!4m10!1m2!2m1!1sDoof+460-A,+Gulmohar+CHS+Ltd,+Oshiwara,+Adarsh+Nagar,+New+Link+Road,+Jogeshwari,+Mumbai!3m6!1s0x3be7b64781f484c7:0x950df61ed48764fa!8m2!3d19.1504506!4d72.8368671!15sCldEb29mIDQ2MC1BLCBHdWxtb2hhciBDSFMgTHRkLCBPc2hpd2FyYSwgQWRhcnNoIE5hZ2FyLCBOZXcgTGluayBSb2FkLCBKb2dlc2h3YXJpLCBNdW1iYWmSARBidWlsZGluZ19zb2NpZXR54AEA!16s%2Fg%2F11c1x01vj7?entry=ttu&g_ep=EgoyMDI2MDMxOC4xIKXMDSoASAFQAw%3D%3D",False,False,0x3be7b64781f484c7:0x950df61ed48764fa,Doof,https://www.zomato.com/mumbai/doof-jogeshwari,3069fbfc71a67bed704a91c3540b7b7ad7030ecb,"460-A, Gulmohar CHS Ltd, Oshiwara, Adarsh Nagar, New Link Road, Jogeshwari, Mumbai",19.1902291,72.81899659999999,,,False,"Doof, 460-A, Gulmohar CHS Ltd, Oshiwara, Adarsh Nagar, New Link Road, Jogeshwari, Mumbai"
"86, Pearl Haven Cooperative Housing Society, St. Sebastian Colony, Chapel Road, Reclamation, Bandra West, Mumbai",https://www.zomato.com/mumbai/barrocco-reclamation-bandra-west,5a7ebb6fd42cd2d141f9e78ccd8f9ff76c92cc3e,Barrocco22 - Authentic Bubble Tea in Bandra | Best Boba in Bandra | Bubble Tea Cafe in Mumbai,"
Pearl Haven CHS Ltd, 86, Chapel Rd, St Sebastian Colony, Mount Mary, Bandra West, Mumbai, Maharashtra 400050","https://www.google.com/maps/place/Barrocco22+-+Authentic+Bubble+Tea+in+Bandra+%7C+Best+Boba+in+Bandra+%7C+Bubble+Tea+Cafe+in+Mumbai/@19.0505612,72.8242139,17z/data=!3m1!4b1!4m6!3m5!1s0x3be7c94c9d7c50a1:0x6cc760b3ae7dbe06!8m2!3d19.0505612!4d72.8267888!16s%2Fg%2F11vbxy0fc9?entry=ttu&g_ep=EgoyMDI2MDMxOC4xIKXMDSoASAFQAw%3D%3D",True,False,0x3be7c94c9d7c50a1:0x6cc760b3ae7dbe06,Barrocco,https://www.zomato.com/mumbai/barrocco-reclamation-bandra-west,5a7ebb6fd42cd2d141f9e78ccd8f9ff76c92cc3e,"86, Pearl Haven Cooperative Housing Society, St. Sebastian Colony, Chapel Road, Reclamation, Bandra West, Mumbai",19.0505612,72.8267888,,,False,"Barrocco, 86, Pearl Haven Cooperative Housing Society, St. Sebastian Colony, Chapel Road, Reclamation, Bandra West, Mumbai"
"Shop 4, 5, AK Road, Marol, Mumbai",https://www.zomato.com/mumbai/food-inn-snacks-corner-marol,c7e21cf92c4ab333d61982d18e83e8d08adc131b,New Food Inn Restaurant,"
Shop No 5, Star Plus Station, Andheri - Kurla Rd, Chimatpada, Marol, Andheri East, Mumbai, Maharashtra 400059","https://www.google.com/maps/place/New+Food+Inn+Restaurant/@19.1155541,72.8634099,15z/data=!3m1!5s0x3be7c81571bfed05:0x7a05a6be0be36cc8!4m10!1m2!2m1!1sFood+Inn+Snacks+Corner+Shop+4,+5,+AK+Road,+Marol,+Mumbai!3m6!1s0x3be7c86b2d576863:0xfe5874b64fd7e773!8m2!3d19.1081425!4d72.878854!15sCjhGb29kIElubiBTbmFja3MgQ29ybmVyIFNob3AgNCwgNSwgQUsgUm9hZCwgTWFyb2wsIE11bWJhaVo2IjRmb29kIGlubiBzbmFja3MgY29ybmVyIHNob3AgNCA1IGFrIHJvYWQgbWFyb2wgbXVtYmFpkgEXbm9ydGhfaW5kaWFuX3Jlc3RhdXJhbnTgAQA!16s%2Fg%2F11pzryxrtv?entry=ttu&g_ep=EgoyMDI2MDMxOC4xIKXMDSoASAFQAw%3D%3D",False,False,0x3be7c81571bfed05:0x7a05a6be0be36cc8,,,,,,,,,,
"G3, Plot 720, Adarsh Nagar, Jogeshwari, Oshiwara, Andheri West, Mumbai",https://www.zomato.com/mumbai/el-pizzario-oshiwara,38b6e0a3159a07c9889342237702ee671dcbc4d6,EL Pizzario,"
G3, Plot, 720, Adarsh Nagar Rd, behind Adarsh Bar and Restaurant, Oshiwara, Jogeshwari West, Mumbai, Maharashtra 400102","https://www.google.com/maps/place/EL+Pizzario/@19.1449026,72.8293406,17z/data=!3m1!4b1!4m6!3m5!1s0x3be7b7848e1a1bff:0xe6726d43f39eede8!8m2!3d19.1449026!4d72.8319155!16s%2Fg%2F11lm5zxk42?entry=ttu&g_ep=EgoyMDI2MDMxOC4xIKXMDSoASAFQAw%3D%3D",True,False,0x3be7b7848e1a1bff:0xe6726d43f39eede8,EL Pizzario,https://www.zomato.com/mumbai/el-pizzario-oshiwara,38b6e0a3159a07c9889342237702ee671dcbc4d6,"G3, Plot 720, Adarsh Nagar, Jogeshwari, Oshiwara, Andheri West, Mumbai",19.1449026,72.8319155,,,False,"EL Pizzario, G3, Plot 720, Adarsh Nagar, Jogeshwari, Oshiwara, Andheri West, Mumbai"
"Shop 7 & 8, Shama CHS Limited, Behram Baug, New Link Road, Near M. Gandhi School, Jogeshwari, Mumbai",https://www.zomato.com/mumbai/sheetal-cakes-bakers-1-jogeshwari,cd704d53b7367d853d329ef976a4023ec42e171e,New Sheetal Sweets,"
4, Sadiq House, New Link Road, Behram Baug, opposite Mahatma Gandhi School, Patliputra, Jogeshwari West, Mumbai, Maharashtra 400102","https://www.google.com/maps/place/New+Sheetal+Sweets/@19.1430395,72.8006047,14z/data=!3m1!5s0x3be7b63bca6ece3f:0x4da82bfe06d74e8a!4m10!1m2!2m1!1sSheetal+Cakes+%26+Bakers+Shop+7+%26+8,+Shama+CHS+Limited,+Behram+Baug,+New+Link+Road,+Near+M.+Gandhi+School,+Jogeshwari,+Mumbai!3m6!1s0x3be7b63bcabf2071:0x6115cefc1e47582d!8m2!3d19.1430395!4d72.8366536!15sCntTaGVldGFsIENha2VzICYgQmFrZXJzIFNob3AgNyAmIDgsIFNoYW1hIENIUyBMaW1pdGVkLCBCZWhyYW0gQmF1ZywgTmV3IExpbmsgUm9hZCwgTmVhciBNLiBHYW5kaGkgU2Nob29sLCBKb2dlc2h3YXJpLCBNdW1iYWladiJ0c2hlZXRhbCBjYWtlcyAmIGJha2VycyBzaG9wIDcgJiA4IHNoYW1hIGNocyBsaW1pdGVkIGJlaHJhbSBiYXVnIG5ldyBsaW5rIHJvYWQgbmVhciBtIGdhbmRoaSBzY2hvb2wgam9nZXNod2FyaSBtdW1iYWmSAQZiYWtlcnngAQA!16s%2Fg%2F11rqslzv2f?entry=ttu&g_ep=EgoyMDI2MDMxOC4xIKXMDSoASAFQAw%3D%3D",False,False,0x3be7b63bca6ece3f:0x4da82bfe06d74e8a,,,,,,,,,,
"14/CHE, 6417, Gandhi Nagar, Near MIG Cricket Club, Bandra East, Mumbai",https://www.zomato.com/mumbai/bubble-waffle-bandra-east,912fa33dfbd456e116a097c0d70d9fc46b3e9bb5,Belgian Waffles Cafe,"
Shop No 3, Old Shopping Center, nr. Chetna College, beside ujala bar, Government Colony, Bandra East, Mumbai, Maharashtra 400051","https://www.google.com/maps/place/Belgian+Waffles+Cafe/@19.0617849,72.7052415,12z/data=!4m10!1m2!2m1!1sBubble+%26+Waffle+14%2FCHE,+6417,+Gandhi+Nagar,+Near+MIG+Cricket+Club,+Bandra+East,+Mumbai!3m6!1s0x3be7c96f4313f4e5:0x5c0510a0e9c9655!8m2!3d19.0617849!4d72.8494371!15sClZCdWJibGUgJiBXYWZmbGUgMTQvQ0hFLCA2NDE3LCBHYW5kaGkgTmFnYXIsIE5lYXIgTUlHIENyaWNrZXQgQ2x1YiwgQmFuZHJhIEVhc3QsIE11bWJhaVpTIlFidWJibGUgJiB3YWZmbGUgMTQgY2hlIDY0MTcgZ2FuZGhpIG5hZ2FyIG5lYXIgbWlnIGNyaWNrZXQgY2x1YiBiYW5kcmEgZWFzdCBtdW1iYWmSAQxkZXNzZXJ0X3Nob3DgAQA!16s%2Fg%2F11fln4djcp?entry=ttu&g_ep=EgoyMDI2MDMxOC4xIKXMDSoASAFQAw%3D%3D",False,False,0x3be7c96f4313f4e5:0x5c0510a0e9c9655,,,,,,,,,,
"Shop 20, D Wing, Krishna Prestige, Zone 1, Opposite Krishna Garden, MIDC Road, Near Mira Road, Mumbai",https://www.zomato.com/mumbai/acoustic-alley-the-cafe-mira-road,e6808d018d84335f00c9736faa79c65b7d101a76,Acoustic Alley The Cafe,"
Shop No. 20, Krishna Prestige Building, Acoustic Alley, MIDC Rd, Mira Road East, Thane, Mira Bhayandar, Maharashtra 401107","https://www.google.com/maps/place/Acoustic+Alley+The+Cafe/@19.270886,72.8722488,17z/data=!3m1!4b1!4m6!3m5!1s0x3be7b1472d470e7f:0x158a0bf58aad33a!8m2!3d19.270886!4d72.8748237!16s%2Fg%2F11ydl97cqk?entry=ttu&g_ep=EgoyMDI2MDMxOC4xIKXMDSoASAFQAw%3D%3D",False,False,0x3be7b1472d470e7f:0x158a0bf58aad33a,,,,,,,,,,
"96, Dr Ambedkar Road, Near Flour Mill, Khar, Mumbai",https://www.zomato.com/mumbai/the-gelato-bar-khar,ebdb92b00b6fe08135359784eaad32794004d7d7,Amante Del Gelato,"
Ground floor, Platina, 2nd, 5th Rd, opp. pop tates restaurant, Khar, Ram Krishna Nagar, Khar West, Mumbai, Maharashtra 400052","https://www.google.com/maps/place/Amante+Del+Gelato/@19.069985,72.8198667,15z/data=!4m10!1m2!2m1!1sThe+Gelato+Bar+96,+Dr+Ambedkar+Road,+Near+Flour+Mill,+Khar,+Mumbai!3m6!1s0x3be7c9846df2f415:0x25622f0441fbdad7!8m2!3d19.069985!4d72.8378911!15sCkJUaGUgR2VsYXRvIEJhciA5NiwgRHIgQW1iZWRrYXIgUm9hZCwgTmVhciBGbG91ciBNaWxsLCBLaGFyLCBNdW1iYWlaQCI-dGhlIGdlbGF0byBiYXIgOTYgZHIgYW1iZWRrYXIgcm9hZCBuZWFyIGZsb3VyIG1pbGwga2hhciBtdW1iYWmSAQ5pY2VfY3JlYW1fc2hvcJoBRENpOURRVWxSUVVOdlpFTm9kSGxqUmpsdlQyeHdkazFJVmtwVmVsRXpVMGMxVVZsVVp6RlZNV1JaWWtob2NWVXpZeEFC4AEA-gEECHUQIA!16s%2Fg%2F11w3d4sxcw?entry=ttu&g_ep=EgoyMDI2MDMxOC4xIKXMDSoASAFQAw%3D%3D",False,False,0x3be7c9846df2f415:0x25622f0441fbdad7,The Gelato Bar,https://www.zomato.com/mumbai/the-gelato-bar-khar,ebdb92b00b6fe08135359784eaad32794004d7d7,"96, Dr Ambedkar Road, Near Flour Mill, Khar, Mumbai",19.069985,72.8378911,,,False,"The Gelato Bar, 96, Dr Ambedkar Road, Near Flour Mill, Khar, Mumbai"
"Shop 1, Sai Shradha CHS, Sec 9, Diva Gaon, Airoli, Navi Mumbai",https://www.zomato.com/mumbai/drink-art-airoli-navi-mumbai,96a60b9806700632e9c9331d405154ea5d5daeeb,Drink Art,"
Shop No. 6 A wing, Shiv Parvati CHS, opposite Siddhivinayak Park, Sector 9, Airoli, Thane, Navi Mumbai, Maharashtra 400701","https://www.google.com/maps/place/Drink+Art/@19.1442657,72.9900619,17z/data=!3m1!4b1!4m6!3m5!1s0x3be7b927a53f9905:0x1d939824ee2a145b!8m2!3d19.1442657!4d72.9926368!16s%2Fg%2F11twzn6168?entry=ttu&g_ep=EgoyMDI2MDMxOC4xIKXMDSoASAFQAw%3D%3D",True,False,0x3be7b927a53f9905:0x1d939824ee2a145b,Drink Art,https://www.zomato.com/mumbai/drink-art-airoli-navi-mumbai,96a60b9806700632e9c9331d405154ea5d5daeeb,"Shop 1, Sai Shradha CHS, Sec 9, Diva Gaon, Airoli, Navi Mumbai",,,,,False,"Drink Art, Shop 1, Sai Shradha CHS, Sec 9, Diva Gaon, Airoli, Navi Mumbai"
"502, Hiranandani Knowledge Park, Near Hiranandani Hospital, Powai, Mumbai",https://www.zomato.com/mumbai/cafe-dna-powai,88449d8d5017a12b586a709e170316d6ec4c5491,DNA 360,"
502, Hiranandani Knowledge Park, Hiranandani Gardens, Powai, Mumbai, Maharashtra 400076","https://www.google.com/maps/place/DNA+360/@19.1183162,72.898721,15z/data=!3m1!5s0x3be7c7ee80bb19dd:0x82b0ef0f67e63287!4m10!1m2!2m1!1sCafe+DNA+502,+Hiranandani+Knowledge+Park,+Near+Hiranandani+Hospital,+Powai,+Mumbai!3m6!1s0x3be7c7b5817fca7b:0x21b406c19a93a2e2!8m2!3d19.1199259!4d72.9159456!15sClJDYWZlIEROQSA1MDIsIEhpcmFuYW5kYW5pIEtub3dsZWRnZSBQYXJrLCBOZWFyIEhpcmFuYW5kYW5pIEhvc3BpdGFsLCBQb3dhaSwgTXVtYmFpWlAiTmNhZmUgZG5hIDUwMiBoaXJhbmFuZGFuaSBrbm93bGVkZ2UgcGFyayBuZWFyIGhpcmFuYW5kYW5pIGhvc3BpdGFsIHBvd2FpIG11bWJhaZIBA2d5bZoBI0NoWkRTVWhOTUc5blMwVkpRMEZuU1VOd09FOUVZMkYzRUFF4AEA-gEECEQQPw!16s%2Fg%2F11h5mm9ktb?entry=ttu&g_ep=EgoyMDI2MDMxOC4xIKXMDSoASAFQAw%3D%3D",False,False,0x3be7c7ee80bb19dd:0x82b0ef0f67e63287,,,,,,,,,,
"Shop 24, Silvercrest CHS, Sector 25, Kamothe, Navi Mumbai",https://www.zomato.com/mumbai/cafe-gossip-kamothe-navi-mumbai,982930658865d2a7614cd437044afc040423421f,Cake and cafe,"
PLOT-29, SILVERCREST CHS LTD, Shop-27, STATION, opposite KHANDESHWER, Sector-25, Kamothe, Maharashtra 410209","https://www.google.com/maps/place/Cake+and+cafe/@19.0099547,73.0968305,17z/data=!3m1!4b1!4m6!3m5!1s0x3be7e95d61c3b675:0x61b8d8d052ad816d!8m2!3d19.0099547!4d73.0994054!16s%2Fg%2F11mb0mjs83?entry=ttu&g_ep=EgoyMDI2MDMxOC4xIKXMDSoASAFQAw%3D%3D",False,False,0x3be7e95d61c3b675:0x61b8d8d052ad816d,Cafe Gossip,https://www.zomato.com/mumbai/cafe-gossip-kamothe-navi-mumbai,982930658865d2a7614cd437044afc040423421f,"Shop 24, Silvercrest CHS, Sector 25, Kamothe, Navi Mumbai",19.0099547,73.0994054,,,False,"Cafe Gossip, Shop 24, Silvercrest CHS, Sector 25, Kamothe, Navi Mumbai"
"205, Sheetal Sales, Commerce Center, Gujarat Industrial Estate, Opposite Acme Amay Building, Off Aarey Road, Goregaon East, Mumbai",https://www.zomato.com/mumbai/the-pancake-story-1-goregaon-east,e54c9119c3389a43928e1393b874476135efb558,The Pancake Story Goregaon,"
Commerce centre, 206, Gujarat indl compound, off Aarey Road, Vishveshwar Nagar, Goregaon East, Mumbai, Maharashtra 400063","https://www.google.com/maps/place/The+Pancake+Story+Goregaon/@19.1687121,72.8522561,17z/data=!3m1!4b1!4m6!3m5!1s0x3be7b7b8cf0235b7:0x43ffd776d3b2ebf1!8m2!3d19.1687121!4d72.854831!16s%2Fg%2F11k19snvm4?entry=ttu&g_ep=EgoyMDI2MDMxOC4xIKXMDSoASAFQAw%3D%3D",True,False,0x3be7b7b8cf0235b7:0x43ffd776d3b2ebf1,The Pancake Story,https://www.zomato.com/mumbai/the-pancake-story-1-goregaon-east,e54c9119c3389a43928e1393b874476135efb558,"205, Sheetal Sales, Commerce Center, Gujarat Industrial Estate, Opposite Acme Amay Building, Off Aarey Road, Goregaon East, Mumbai",19.1687121,72.85483099999999,,,False,"The Pancake Story, 205, Sheetal Sales, Commerce Center, Gujarat Industrial Estate, Opposite Acme Amay Building, Off Aarey Road, Goregaon East, Mumbai"
"Shop 30, N G Shelter Building 4, Beverly Park, Mira Road, Mumbai",https://www.zomato.com/mumbai/non-veg-king-mira-road,1ed3009a7bfb1220fb8287cfbaced7a412a87616,N.G.Shelter C.H.S.Ltd,"
C-WING, Sant Jalaram Bapa Rd, Vagad Nagar, Beverly Park, Mira Road East, Mira Bhayandar, Maharashtra 401105","https://www.google.com/maps/place/N.G.Shelter+C.H.S.Ltd/@19.2947244,63.6414457,6z/data=!4m10!1m2!2m1!1sNon+Veg+King+Shop+30,+N+G+Shelter+Building+4,+Beverly+Park,+Mira+Road,+Mumbai!3m6!1s0x3be7b03ed0887d9d:0xb0f973d0bce1162a!8m2!3d19.2947244!4d72.8699613!15sCk1Ob24gVmVnIEtpbmcgU2hvcCAzMCwgTiBHIFNoZWx0ZXIgQnVpbGRpbmcgNCwgQmV2ZXJseSBQYXJrLCBNaXJhIFJvYWQsIE11bWJhaVpKIkhub24gdmVnIGtpbmcgc2hvcCAzMCBuZyBzaGVsdGVyIGJ1aWxkaW5nIDQgYmV2ZXJseSBwYXJrIG1pcmEgcm9hZCBtdW1iYWmSARJhcGFydG1lbnRfYnVpbGRpbmeaASNDaFpEU1VoTk1HOW5TMFZKUTBGblNVUXpjbTh6UkVGM0VBReABAPoBBAgAECU!16s%2Fg%2F11dxdg7dxg?entry=ttu&g_ep=EgoyMDI2MDMxOC4xIKXMDSoASAFQAw%3D%3D",False,False,0x3be7b03ed0887d9d:0xb0f973d0bce1162a,,,,,,,,,,
"Beside Bhagwati Gully Opposite Back Gate of Kesar Residency Building, Charkop Sector 3, Kandivali West, Mumbai",https://www.zomato.com/mumbai/rutuja-kandivali-west,83ce79db657cfdf31d5cfe6ff30e93ebbe5ab6a3,Ruchi veg charkop ( Rutuja ),"
Shop no 1, Mhada market, 40006, behind bhagwati Resto, Sangh Chhaya CHS, RDP 8, Charkop Sector 3, Kandivali West, Mumbai, Maharashtra 400067","https://www.google.com/maps/place/Ruchi+veg+charkop+(+Rutuja+)/@19.2158903,72.8252566,17z/data=!3m1!5s0x3be7b6caf1418339:0xdd41776b46fce7c1!4m10!1m2!2m1!1sRutuja+Beside+Bhagwati+Gully+Opposite+Back+Gate+of+Kesar+Residency+Building,+Charkop+Sector+3,+Kandivali+West,+Mumbai!3m6!1s0x3be7b6ca7db712f9:0x19abab4d5b0d7eb4!8m2!3d19.2158903!4d72.8297627!15sCnVSdXR1amEgQmVzaWRlIEJoYWd3YXRpIEd1bGx5IE9wcG9zaXRlIEJhY2sgR2F0ZSBvZiBLZXNhciBSZXNpZGVuY3kgQnVpbGRpbmcsIENoYXJrb3AgU2VjdG9yIDMsIEthbmRpdmFsaSBXZXN0LCBNdW1iYWladCJycnV0dWphIGJlc2lkZSBiaGFnd2F0aSBndWxseSBvcHBvc2l0ZSBiYWNrIGdhdGUgb2Yga2VzYXIgcmVzaWRlbmN5IGJ1aWxkaW5nIGNoYXJrb3Agc2VjdG9yIDMga2FuZGl2YWxpIHdlc3QgbXVtYmFpkgEVdmVnZXRhcmlhbl9yZXN0YXVyYW504AEA!16s%2Fg%2F11gbtq0r_b?entry=ttu&g_ep=EgoyMDI2MDMxOC4xIKXMDSoASAFQAw%3D%3D",True,False,0x3be7b6caf1418339:0xdd41776b46fce7c1,,,,,,,,,,
"Shop 13, Plot 1, Mahavir Milan CHS, Sector 28, Vashi, Navi Mumbai",https://www.zomato.com/mumbai/sweet-castle-vashi-navi-mumbai,65896aaa5f8dd47262d1ff7c11a0621234b7c40c,Sweet Castle Vashi,"
Shop no.13, Mahavir Milan, plot no.1, Sector 29 Vashi Rd, near Blue diamond, Sector 28, Vashi, Navi Mumbai, Maharashtra 400703","https://www.google.com/maps/place/Sweet+Castle+Vashi/@19.0905934,73.0034917,17z/data=!3m1!4b1!4m6!3m5!1s0x3be7c1349f09b845:0xb96fda167852c454!8m2!3d19.0905934!4d73.0060666!16s%2Fg%2F11gy37s6wk?entry=ttu&g_ep=EgoyMDI2MDMxOC4xIKXMDSoASAFQAw%3D%3D",True,False,0x3be7c1349f09b845:0xb96fda167852c454,,,,,,,,,,
"Shop 15, Sheetal Residency, Sheetal Nagar, Zone 1, Mira Road, Mumbai",https://www.zomato.com/mumbai/salads-grills-co-mira-road,ff9d35554d93c8100bdb9c35114dc84823ba81ab,Salads & Grills Co,"
446, Adarsh Nagar Rd, near Nature's Basket, Lokhandwala Complex, Andheri West, Mumbai, Maharashtra 400053","https://www.google.com/maps/place/Salads+%26+Grills+Co/@19.1450577,72.5411199,11z/data=!4m10!1m2!2m1!1sSalads+%26+Grills+Co.+Shop+15,+Sheetal+Residency,+Sheetal+Nagar,+Zone+1,+Mira+Road,+Mumbai!3m6!1s0x3be7b75ff9316e6d:0x6aaa0e5282c61eb7!8m2!3d19.1450577!4d72.829511!15sClhTYWxhZHMgJiBHcmlsbHMgQ28uIFNob3AgMTUsIFNoZWV0YWwgUmVzaWRlbmN5LCBTaGVldGFsIE5hZ2FyLCBab25lIDEsIE1pcmEgUm9hZCwgTXVtYmFpWlQiUnNhbGFkcyAmIGdyaWxscyBjbyBzaG9wIDE1IHNoZWV0YWwgcmVzaWRlbmN5IHNoZWV0YWwgbmFnYXIgem9uZSAxIG1pcmEgcm9hZCBtdW1iYWmSARZoZWFsdGhfZm9vZF9yZXN0YXVyYW504AEA!16s%2Fg%2F11n0nxqdyp?entry=ttu&g_ep=EgoyMDI2MDMxOC4xIKXMDSoASAFQAw%3D%3D",False,False,0x3be7b75ff9316e6d:0x6aaa0e5282c61eb7,Salads & Grills Co.,https://www.zomato.com/mumbai/salads-grills-co-mira-road,ff9d35554d93c8100bdb9c35114dc84823ba81ab,"Shop 15, Sheetal Residency, Sheetal Nagar, Zone 1, Mira Road, Mumbai",19.276166,72.8706645,,,False,"Salads & Grills Co., Shop 15, Sheetal Residency, Sheetal Nagar, Zone 1, Mira Road, Mumbai"
"Shop 4, Sea Shell Apartments, Boraspada Road, Near Charkop Cha Chintamani, Kandivali West, Mumbai",https://www.zomato.com/mumbai/the-sizzling-house-kandivali-west,a2e019b3f14fadebbc3020b1cd39b304825d0266,The Sizzling House,"
Shop 4, Sea-Shell Apartments, Kandivali, Sector 8, Kandivali West, Mumbai, Maharashtra 400067","https://www.google.com/maps/place/The+Sizzling+House/@19.2149185,72.8104118,17z/data=!3m1!4b1!4m6!3m5!1s0x3be7b79ac5757fe5:0x27aae3993917c942!8m2!3d19.2149185!4d72.8129867!16s%2Fg%2F11pxx55n39?entry=ttu&g_ep=EgoyMDI2MDMxOC4xIKXMDSoASAFQAw%3D%3D",True,False,0x3be7b79ac5757fe5:0x27aae3993917c942,The Sizzling House,https://www.zomato.com/mumbai/the-sizzling-house-kandivali-west,a2e019b3f14fadebbc3020b1cd39b304825d0266,"Shop 4, Sea Shell Apartments, Boraspada Road, Near Charkop Cha Chintamani, Kandivali West, Mumbai",19.2149185,72.8129867,,,False,"The Sizzling House, Shop 4, Sea Shell Apartments, Boraspada Road, Near Charkop Cha Chintamani, Kandivali West, Mumbai"
"87, Irla Signal, SV Road, Opposite Irla Petrol Pump, Vile Parle West, Mumbai",https://www.zomato.com/mumbai/fruco-juices-shakes-vile-parle-west,2972ae12ed530e3aa1917de0076c848fd9bfff7f,Hari Om Juice & Milk Shake Centre,"
Bajaj Rd, near Lucky Sandwich stall, Navpada, Kamala Nagar, Vile Parle, Mumbai, Maharashtra 400056","https://www.google.com/maps/place/Hari+Om+Juice+%26+Milk+Shake+Centre/@19.1003664,72.8245389,15z/data=!4m10!1m2!2m1!1sFruco+Juices+%26+Shakes+87,+Irla+Signal,+SV+Road,+Opposite+Irla+Petrol+Pump,+Vile+Parle+West,+Mumbai!3m6!1s0x3be7c9b7202e47b9:0xe016ca8998304463!8m2!3d19.1003664!4d72.8425633!15sCmJGcnVjbyBKdWljZXMgJiBTaGFrZXMgODcsIElybGEgU2lnbmFsLCBTViBSb2FkLCBPcHBvc2l0ZSBJcmxhIFBldHJvbCBQdW1wLCBWaWxlIFBhcmxlIFdlc3QsIE11bWJhaVpfIl1mcnVjbyBqdWljZXMgJiBzaGFrZXMgODcgaXJsYSBzaWduYWwgc3Ygcm9hZCBvcHBvc2l0ZSBpcmxhIHBldHJvbCBwdW1wIHZpbGUgcGFybGUgd2VzdCBtdW1iYWmSAQpqdWljZV9zaG9w4AEA!16s%2Fg%2F11g724qg4c?entry=ttu&g_ep=EgoyMDI2MDMxOC4xIKXMDSoASAFQAw%3D%3D",False,False,0x3be7c9b7202e47b9:0xe016ca8998304463,Fruco Juices & Shakes,https://www.zomato.com/mumbai/fruco-juices-shakes-vile-parle-west,2972ae12ed530e3aa1917de0076c848fd9bfff7f,"87, Irla Signal, SV Road, Opposite Irla Petrol Pump, Vile Parle West, Mumbai",19.1003664,72.8425633,,,False,"Fruco Juices & Shakes, 87, Irla Signal, SV Road, Opposite Irla Petrol Pump, Vile Parle West, Mumbai"
"87, Irla Signal, SV Road, Opposite Irla Petrol Pump, Vile Parle West, Mumbai",https://www.zomato.com/mumbai/fruco-juices-shakes-vile-parle-west,2972ae12ed530e3aa1917de0076c848fd9bfff7f,Hari Om Juice & Milk Shake Centre,"
Bajaj Rd, near Lucky Sandwich stall, Navpada, Kamala Nagar, Vile Parle, Mumbai, Maharashtra 400056","https://www.google.com/maps/place/Hari+Om+Juice+%26+Milk+Shake+Centre/@19.1003664,72.8245389,15z/data=!4m10!1m2!2m1!1sFruco+Juices+%26+Shakes+87,+Irla+Signal,+SV+Road,+Opposite+Irla+Petrol+Pump,+Vile+Parle+West,+Mumbai!3m6!1s0x3be7c9b7202e47b9:0xe016ca8998304463!8m2!3d19.1003664!4d72.8425633!15sCmJGcnVjbyBKdWljZXMgJiBTaGFrZXMgODcsIElybGEgU2lnbmFsLCBTViBSb2FkLCBPcHBvc2l0ZSBJcmxhIFBldHJvbCBQdW1wLCBWaWxlIFBhcmxlIFdlc3QsIE11bWJhaVpfIl1mcnVjbyBqdWljZXMgJiBzaGFrZXMgODcgaXJsYSBzaWduYWwgc3Ygcm9hZCBvcHBvc2l0ZSBpcmxhIHBldHJvbCBwdW1wIHZpbGUgcGFybGUgd2VzdCBtdW1iYWmSAQpqdWljZV9zaG9w4AEA!16s%2Fg%2F11g724qg4c?entry=ttu&g_ep=EgoyMDI2MDMxOC4xIKXMDSoASAFQAw%3D%3D",False,False,0x3be7c9b7202e47b9:0xe016ca8998304463,Hari Om Juice & Milk Shake Centre,https://www.zomato.com/mumbai/hari-om-juice-milk-shake-centre-ghatkopar-east,8ce0413332248e1e2e73b5cc40d228e170d724ac,"3, Sky Enclave Building, Kirol Village, Tilak Road, Ghatkopar East, Mumbai",,,,,False,"Hari Om Juice & Milk Shake Centre, 3, Sky Enclave Building, Kirol Village, Tilak Road, Ghatkopar East, Mumbai"
"Shop 1, Shivam Apartment, Ashok Nagar, Kandivali East, Mumbai",https://www.zomato.com/mumbai/pokket-cafe-1-kandivali-east,7a761488948192c7efd41e997d00fcf497a77b20,Pokket Cafe Ashok Nagar,"
Shivam building, opp. Bharti tutorials, Kandivali, Ashok Nagar, Kandivali East, Mumbai, Maharashtra 400101","https://www.google.com/maps/place/Pokket+Cafe+Ashok+Nagar/@19.2008634,72.8539839,17z/data=!3m1!4b1!4m6!3m5!1s0x3be7b74f2d0972f9:0xc7cf493401737942!8m2!3d19.2008634!4d72.8565588!16s%2Fg%2F11h6np5pkz?entry=ttu&g_ep=EgoyMDI2MDMxOC4xIKXMDSoASAFQAw%3D%3D",True,False,0x3be7b74f2d0972f9:0xc7cf493401737942,Pokket Cafe,https://www.zomato.com/mumbai/pokket-cafe-1-kandivali-east,7a761488948192c7efd41e997d00fcf497a77b20,"Shop 1, Shivam Apartment, Ashok Nagar, Kandivali East, Mumbai",19.2008634,72.8565588,,,False,"Pokket Cafe, Shop 1, Shivam Apartment, Ashok Nagar, Kandivali East, Mumbai"
"Near Film Center, Tardeo Road, Tulsiwadi, Tardeo, Mumbai",https://www.zomato.com/mumbai/mahableshwar-bar-restaurant-tardeo,98448c96280bda08e4951bbf9cb74e4adfb7a541,Film Centre Building,"
XRF7+P53, Tardeo Rd, Janata Nagar, Tardeo, Mumbai, Maharashtra 400034","https://www.google.com/maps/place/Film+Centre+Building/@18.9742597,72.8084178,17z/data=!3m1!5s0x3be7ce705c10f81f:0xe42bfef051d4fbbf!4m10!1m2!2m1!1sMahableshwar+Bar+%26+Restaurant+Near+Film+Center,+Tardeo+Road,+Tulsiwadi,+Tardeo,+Mumbai!3m6!1s0x3be7ce708bd9f129:0xad13da0b9ad274f0!8m2!3d18.9742597!4d72.8129239!15sCldNYWhhYmFsZXNod2FyIEJhciAmIFJlc3RhdXJhbnQgTmVhciBGaWxtIENlbnRlciwgVGFyZGVvIFJvYWQsIFR1bHNpd2FkaSwgVGFyZGVvLCBNdW1iYWlaVSJTbWFoYWJhbGVzaHdhciBiYXIgJiByZXN0YXVyYW50IG5lYXIgZmlsbSBjZW50ZXIgdGFyZGVvIHJvYWQgdHVsc2l3YWRpIHRhcmRlbyBtdW1iYWmSAQ9idXNpbmVzc19jZW50ZXKaASRDaGREU1VoTk1HOW5TMFZKUTBGblNVTkNNRFJQUkd0UlJSQULgAQD6AQQIABAN!16s%2Fg%2F1thmcwht?entry=ttu&g_ep=EgoyMDI2MDMxOC4xIKXMDSoASAFQAw%3D%3D",False,False,0x3be7ce705c10f81f:0xe42bfef051d4fbbf,,,,,,,,,,
"Shop 1, Veera Desai Compound, Near Lotus Grandeur Building, Veera Desai Area, Mumbai",https://www.zomato.com/mumbai/the-wrapsters-veera-desai-area,4c8784f7988d7cd2102da1196047be9a2a1a941e,WRAPSHAP,"
Shop no.03, Everest Appartment, JP Rd, Jeet Nagar, Versova, Andheri West, Mumbai, Maharashtra 400061","https://www.google.com/maps/place/WRAPSHAP/@19.1357829,72.6656739,12z/data=!4m16!1m8!2m7!1sThe+Wrapsters+Shop+1,+Veera+Desai+Compound,+Near+Lotus+Grandeur+Building,+Veera+Desai+Area,+Mumbai!3m5!2sMahabaleshwar+Lunch+Home!3s0x3be7ce708873f2bb:0x4f10a243716163a6!4m2!1d72.8128884!2d18.9747793!3m6!1s0x3be7b7b6ce726e85:0x69e24e7af9048a55!8m2!3d19.1357829!4d72.8098695!15sCmJUaGUgV3JhcHN0ZXJzIFNob3AgMSwgVmVlcmEgRGVzYWkgQ29tcG91bmQsIE5lYXIgTG90dXMgR3JhbmRldXIgQnVpbGRpbmcsIFZlZXJhIERlc2FpIEFyZWEsIE11bWJhaVpgIl50aGUgd3JhcHN0ZXJzIHNob3AgMSB2ZWVyYSBkZXNhaSBjb21wb3VuZCBuZWFyIGxvdHVzIGdyYW5kZXVyIGJ1aWxkaW5nIHZlZXJhIGRlc2FpIGFyZWEgbXVtYmFpkgEKcmVzdGF1cmFudOABAA!16s%2Fg%2F11yhsw6hdf?entry=ttu&g_ep=EgoyMDI2MDMxOC4xIKXMDSoASAFQAw%3D%3D",False,False,0x3be7ce708873f2bb:0x4f10a243716163a6,Mahableshwar Bar & Restaurant,https://www.zomato.com/mumbai/mahableshwar-bar-restaurant-tardeo,98448c96280bda08e4951bbf9cb74e4adfb7a541,"Near Film Center, Tardeo Road, Tulsiwadi, Tardeo, Mumbai",18.9747793,72.81288839999999,,,False,"Mahableshwar Bar & Restaurant, Near Film Center, Tardeo Road, Tulsiwadi, Tardeo, Mumbai"
"Shop 9, Uday Surya, Virar, Mumbai",https://www.zomato.com/mumbai/khopre-bandhu-3-virar,55b6ec808235976cc74208044c00b68993f26553,Khopre Bandhu Bhojanalay खोपरे बंधू भोजनालय,"
WING-D, EKTA BROOKLYN PARK, Rustomjee Global City, Virar West, Virar, Vasai-Virar, Maharashtra 401303","https://www.google.com/maps/place/Khopre+Bandhu+Bhojanalay+%E0%A4%96%E0%A5%8B%E0%A4%AA%E0%A4%B0%E0%A5%87+%E0%A4%AC%E0%A4%82%E0%A4%A7%E0%A5%82+%E0%A4%AD%E0%A5%8B%E0%A4%9C%E0%A4%A8%E0%A4%BE%E0%A4%B2%E0%A4%AF/@19.4695911,72.7805467,15z/data=!4m16!1m8!2m7!1sKhopre+Bandhu+Shop+9,+Uday+Surya,+Virar,+Mumbai!3m5!2sMahabaleshwar+Lunch+Home!3s0x3be7ce708873f2bb:0x4f10a243716163a6!4m2!1d72.8128884!2d18.9747793!3m6!1s0x3be7ab006cf67b67:0x30cc806ac197ec7b!8m2!3d19.4695911!4d72.7985711!15sCi9LaG9wcmUgQmFuZGh1IFNob3AgOSwgVWRheSBTdXJ5YSwgVmlyYXIsIE11bWJhaVouIixraG9wcmUgYmFuZGh1IHNob3AgOSB1ZGF5IHN1cnlhIHZpcmFyIG11bWJhaZIBCmZvb2RfY291cnSaAURDaTlEUVVsUlFVTnZaRU5vZEhsalJqbHZUMnRLVUZwdVJtbFdibXhXVjBSU2JsSlhSVFZPUmxac1ltdE9XbU14UlJBQuABAPoBBAgAECk!16s%2Fg%2F11xyvwf6g8?entry=ttu&g_ep=EgoyMDI2MDMxOC4xIKXMDSoASAFQAw%3D%3D",True,False,0x3be7ce708873f2bb:0x4f10a243716163a6,Mahableshwar Bar & Restaurant,https://www.zomato.com/mumbai/mahableshwar-bar-restaurant-tardeo,98448c96280bda08e4951bbf9cb74e4adfb7a541,"Near Film Center, Tardeo Road, Tulsiwadi, Tardeo, Mumbai",18.9747793,72.81288839999999,,,False,"Mahableshwar Bar & Restaurant, Near Film Center, Tardeo Road, Tulsiwadi, Tardeo, Mumbai"
"Shop 1, Plot 45, Sector 05, Opposite Tilak School, Ghansoli, Navi Mumbai",https://www.zomato.com/mumbai/ambrosia-ghansoli-navi-mumbai,f716814ffe9ef52d5e99f5846010a44fb6230cb2,Ambrosia,"
Shop no.1, ganga plaza building, Sector 5, Sector 4, Ghansoli, Navi Mumbai, Maharashtra 400701","https://www.google.com/maps/place/Ambrosia/@19.1152475,73.0004844,17z/data=!3m1!4b1!4m6!3m5!1s0x3be7c1ed2439d8b1:0x3d68d6b4a3ed35dc!8m2!3d19.1152475!4d73.0030593!16s%2Fg%2F11k43rv8dq?entry=ttu&g_ep=EgoyMDI2MDMxOC4xIKXMDSoASAFQAw%3D%3D",True,False,0x3be7c1ed2439d8b1:0x3d68d6b4a3ed35dc,Ambrosia,https://www.zomato.com/mumbai/ambrosia-ghansoli-navi-mumbai,f716814ffe9ef52d5e99f5846010a44fb6230cb2,"Shop 1, Plot 45, Sector 05, Opposite Tilak School, Ghansoli, Navi Mumbai",19.1152475,73.00305929999999,,,False,"Ambrosia, Shop 1, Plot 45, Sector 05, Opposite Tilak School, Ghansoli, Navi Mumbai"
"Ashok Mill, LBS Marg, Near Damodhar Park, Ghatkopar West, Mumbai",https://www.zomato.com/mumbai/kunal-bar-and-restaurant-ghatkopar-west,63fd54b5291f089bb9b075590c9191b205a827fc,The Spice Court Kitchen & Bar,"
Kitchen & Bar, The Spice Court, Lal Bahadur Shastri Marg, opp. Ashok Silk Mills Lane, Damodar Park, Ghatkopar West, Mumbai, Maharashtra 400086","https://www.google.com/maps/place/The+Spice+Court+Kitchen+%26+Bar/@19.0932075,72.8968026,15z/data=!3m1!5s0x3be7c7ce9298e0bd:0xf8fa2c8259d53106!4m10!1m2!2m1!1sKunal+Bar+And+Restaurant+Ashok+Mill,+LBS+Marg,+Near+Damodhar+Park,+Ghatkopar+West,+Mumbai!3m6!1s0x3be7c7ce6324c725:0x9fdf4dd48096a0ea!8m2!3d19.0956849!4d72.9144472!15sCllLdW5hbCBCYXIgQW5kIFJlc3RhdXJhbnQgQXNob2sgTWlsbCwgTEJTIE1hcmcsIE5lYXIgRGFtb2RoYXIgUGFyaywgR2hhdGtvcGFyIFdlc3QsIE11bWJhaVpXIlVrdW5hbCBiYXIgYW5kIHJlc3RhdXJhbnQgYXNob2sgbWlsbCBsYnMgbWFyZyBuZWFyIGRhbW9kaGFyIHBhcmsgZ2hhdGtvcGFyIHdlc3QgbXVtYmFpkgERZmFtaWx5X3Jlc3RhdXJhbnTgAQA!16s%2Fg%2F1pp2x9n7v?entry=ttu&g_ep=EgoyMDI2MDMxOC4xIKXMDSoASAFQAw%3D%3D",False,False,0x3be7c7ce9298e0bd:0xf8fa2c8259d53106,,,,,,,,,,
"Shop 4, Plot 19A, Shree Balaji Krupa, Sector 20, Kharghar, Navi Mumbai",https://www.zomato.com/mumbai/radha-krishna-kharghar-navi-mumbai,153f99a2b096becdcbcc8b937b5489c3856ac7a0,Radha Krishna Sweets & Snacks,"
Shop No 4 Plot No 19A Navi Mumbai, Sector 20, Kharghar, Mumbai, Maharashtra 410210","https://www.google.com/maps/place/Radha+Krishna+Sweets+%26+Snacks/@19.0472621,73.0678299,17z/data=!4m10!1m2!2m1!1sRadha+Krishna+Shop+4,+Plot+19A,+Shree+Balaji+Krupa,+Sector+20,+Kharghar,+Navi+Mumbai!3m6!1s0x3be7c21b0fffffdd:0x8307dca516553fd4!8m2!3d19.0472621!4d73.072336!15sClRSYWRoYSBLcmlzaG5hIFNob3AgNCwgUGxvdCAxOUEsIFNocmVlIEJhbGFqaSBLcnVwYSwgU2VjdG9yIDIwLCBLaGFyZ2hhciwgTmF2aSBNdW1iYWlaUSJPcmFkaGEga3Jpc2huYSBzaG9wIDQgcGxvdCAxOWEgc2hyZWUgYmFsYWppIGtydXBhIHNlY3RvciAyMCBraGFyZ2hhciBuYXZpIG11bWJhaZIBC2NhbmR5X3N0b3Jl4AEA!16s%2Fg%2F11b86lpx9p?entry=ttu&g_ep=EgoyMDI2MDMxOC4xIKXMDSoASAFQAw%3D%3D",True,False,0x3be7c21b0fffffdd:0x8307dca516553fd4,Radha Krishna,https://www.zomato.com/mumbai/radha-krishna-kharghar-navi-mumbai,153f99a2b096becdcbcc8b937b5489c3856ac7a0,"Shop 4, Plot 19A, Shree Balaji Krupa, Sector 20, Kharghar, Navi Mumbai",19.0472621,73.07233599999999,,,False,"Radha Krishna, Shop 4, Plot 19A, Shree Balaji Krupa, Sector 20, Kharghar, Navi Mumbai"
"Shop 2, Sai Priya Apartment, Sahakar Nagar, Virar, Mumbai",https://www.zomato.com/mumbai/bake-studio-virar,b1c369b64251b8c91333092386ee2f7582b64431,Bake Studio,"
Shop No 02, Sai Priya Apt, Jivdani Cross Road, Sahakar Nagar, Virar East, Virar, Vasai-Virar, Maharashtra 401305","https://www.google.com/maps/place/Bake+Studio/@19.4589551,72.8233368,17z/data=!3m1!4b1!4m6!3m5!1s0x3be7a9a4b9d92deb:0x166b3a80c30ff416!8m2!3d19.4589551!4d72.8259117!16s%2Fg%2F11jzgxq2rm?entry=ttu&g_ep=EgoyMDI2MDMxOC4xIKXMDSoASAFQAw%3D%3D",True,False,0x3be7a9a4b9d92deb:0x166b3a80c30ff416,Bake Studio,https://www.zomato.com/mumbai/bake-studio-virar,b1c369b64251b8c91333092386ee2f7582b64431,"Shop 2, Sai Priya Apartment, Sahakar Nagar, Virar, Mumbai",19.4589551,72.82591169999999,,,False,"Bake Studio, Shop 2, Sai Priya Apartment, Sahakar Nagar, Virar, Mumbai"
"Shop 1, Takshila Building 5, Opposite Mahakali Caves Road, Mahakali, Mumbai",https://www.zomato.com/mumbai/saywich-sandwich-mahakali,76f1187fd415f0a5cbfb2500741981d617d76f6b,Takshila Building Number 14 B,"
Takshila, Mahakali Caves Rd, Takshila Colony, Indira Nagar, Andheri East, Mumbai, Maharashtra 400093","https://www.google.com/maps/place/Takshila+Building+Number+14+B/@19.1308712,72.8643825,17z/data=!4m10!1m2!2m1!1sSaywich+Sandwich+Shop+1,+Takshila+Building+5,+Opposite+Mahakali+Caves+Road,+Mahakali,+Mumbai!3m6!1s0x3be7b78b12b254f5:0x264e56484914541b!8m2!3d19.1308712!4d72.8669574!15sCl1TYW5kd2ljaCBTYW5kd2ljaCBTaG9wIDEsIFRha3NoaWxhIEJ1aWxkaW5nIDUsIE9wcG9zaXRlIE1haGFrYWxpIENhdmVzIFJvYWQsIE1haGFrYWxpLCBNdW1iYWkiA4gBAZIBEmFwYXJ0bWVudF9idWlsZGluZ-ABAA!16s%2Fg%2F11rxvrx4c_?entry=ttu&g_ep=EgoyMDI2MDMxOC4xIKXMDSoASAFQAw%3D%3D",False,False,0x3be7b78b12b254f5:0x264e56484914541b,,,,,,,,,,
"Unit- 99, Phoenix Market City, LBS Road, Kurla, Mumbai",https://www.zomato.com/mumbai/movenpick-1-kurla,868f262449431ea80c498a4281d09941ebf9fb44,Phoenix Marketcity,"
Lal Bahadur Shastri Marg, Patelwadi.Kurla, Kurla West, Kurla, Mumbai, Maharashtra 400070","https://www.google.com/maps/place/Phoenix+Marketcity/@19.0863795,72.8864025,17z/data=!3m1!5s0x3be7c8878a6ce00d:0x5d860d2b775b3318!4m10!1m2!2m1!1sMovenpick+Unit-+99,+Phoenix+Market+City,+LBS+Road,+Kurla,+Mumbai!3m6!1s0x3be7c887efb78b9f:0x9f9dc99c3119470a!8m2!3d19.0863795!4d72.8889774!15sCkBNb3ZlbnBpY2sgVW5pdC0gOTksIFBob2VuaXggTWFya2V0IENpdHksIExCUyBSb2FkLCBLdXJsYSwgTXVtYmFpIgOIAQGSAQ9zaG9wcGluZ19jZW50ZXLgAQA!16s%2Fg%2F11bwnxxjkz?entry=ttu&g_ep=EgoyMDI2MDMxOC4xIKXMDSoASAFQAw%3D%3D",False,False,0x3be7c8878a6ce00d:0x5d860d2b775b3318,,,,,,,,,,
"Anand Nagar, Opposite Muchala College, Owale, Thane West, Thane",https://www.zomato.com/mumbai/ashish-dining-pure-veg-owale-thane-west,f062702d23b2ffc823870530d3fe16fc5289c2e0,Shree Sai NX Pure Veg Restaurant &Banquets,"
2nd Floor, Building J5, Vijay Apartment Phase 3, Ghodbunder Rd, Waghbil, Thane West, Thane, Maharashtra 400615","https://www.google.com/maps/place/Shree+Sai+NX+Pure+Veg+Restaurant+%26Banquets/@19.254877,72.6849089,11z/data=!4m10!1m2!2m1!1sAshish+Dining+Pure+Veg+Anand+Nagar,+Opposite+Muchala+College,+Owale,+Thane+West,+Thane!3m6!1s0x3be7bb2b67b13ec9:0x3b5b6ee4217914d0!8m2!3d19.254877!4d72.9733!15sClZBc2hpc2ggRGluaW5nIFB1cmUgVmVnIEFuYW5kIE5hZ2FyLCBPcHBvc2l0ZSBNdWNoYWxhIENvbGxlZ2UsIE93YWxlLCBUaGFuZSBXZXN0LCBUaGFuZVpUIlJhc2hpc2ggZGluaW5nIHB1cmUgdmVnIGFuYW5kIG5hZ2FyIG9wcG9zaXRlIG11Y2hhbGEgY29sbGVnZSBvd2FsZSB0aGFuZSB3ZXN0IHRoYW5lkgEKcmVzdGF1cmFudOABAA!16s%2Fg%2F11fltv_yz4?entry=ttu&g_ep=EgoyMDI2MDMxOC4xIKXMDSoASAFQAw%3D%3D",False,False,0x3be7bb2b67b13ec9:0x3b5b6ee4217914d0,Ashish Dining Pure Veg,https://www.zomato.com/mumbai/ashish-dining-pure-veg-owale-thane-west,f062702d23b2ffc823870530d3fe16fc5289c2e0,"Anand Nagar, Opposite Muchala College, Owale, Thane West, Thane",19.254877,72.9733,,,False,"Ashish Dining Pure Veg, Anand Nagar, Opposite Muchala College, Owale, Thane West, Thane"
"Waghbill Naka, Anu Nagar, Hiranandani Estate, Thane West, Thane",https://www.zomato.com/mumbai/hotel-sai-krupa-hiranandani-estate-thane-west,91b2b6fc055c013880104b4a81a6b335c5febdd0,,,"https://www.google.com/maps/search/Hotel+Sai+Krupa+Waghbill+Naka,+Anu+Nagar,+Hiranandani+Estate,+Thane+West,+Thane/@19.2531622,72.9701774,17z/data=!3m1!4b1?entry=ttu&g_ep=EgoyMDI2MDMxOC4xIKXMDSoASAFQAw%3D%3D",False,False,,,,,,,,,,,
"Shop 1-B, Ground Floor, Windermere CHS LTD, Oshiwara Link Road, Opposite Mira Tower, Oshiwara, Andheri West, Mumbai",https://www.zomato.com/mumbai/kafe-koffee-meals-oshiwara,d58d4646165f6d16b2a639e5413954890f17849d,Café Coffee Day,"
Meera Co-Operative Housing Society, near Mega Mall, Oshiwara, Jogeshwari West, Mumbai, Maharashtra 400053","https://www.google.com/maps/place/Caf%C3%A9+Coffee+Day/@19.1515151,72.813925,15z/data=!4m10!1m2!2m1!1sKafe+Koffee+Meals+Shop+1-B,+Ground+Floor,+Windermere+CHS+LTD,+Oshiwara+Link+Road,+Opposite+Mira+Tower,+Oshiwara,+Andheri+West,+Mumbai!3m6!1s0x3be7b63f72aece6f:0xa3b541f88460ef4b!8m2!3d19.1515151!4d72.8319494!15sCoUBS2FmZSBLb2ZmZWUgTWVhbHMgU2hvcCAxLUIsIEdyb3VuZCBGbG9vciwgV2luZGVybWVyZSBDSFMgTFRELCBPc2hpd2FyYSBMaW5rIFJvYWQsIE9wcG9zaXRlIE1pcmEgVG93ZXIsIE9zaGl3YXJhLCBBbmRoZXJpIFdlc3QsIE11bWJhaVqAASJ-a2FmZSBrb2ZmZWUgbWVhbHMgc2hvcCAxIGIgZ3JvdW5kIGZsb29yIHdpbmRlcm1lcmUgY2hzIGx0ZCBvc2hpd2FyYSBsaW5rIHJvYWQgb3Bwb3NpdGUgbWlyYSB0b3dlciBvc2hpd2FyYSBhbmRoZXJpIHdlc3QgbXVtYmFpkgEEY2FmZeABAA!16s%2Fg%2F1vnngw9j?entry=ttu&g_ep=EgoyMDI2MDMxOC4xIKXMDSoASAFQAw%3D%3D",False,False,0x3be7b63f72aece6f:0xa3b541f88460ef4b,Kafe Koffee Meals,https://www.zomato.com/mumbai/kafe-koffee-meals-oshiwara,d58d4646165f6d16b2a639e5413954890f17849d,"Shop 1-B, Ground Floor, Windermere CHS LTD, Oshiwara Link Road, Opposite Mira Tower, Oshiwara, Andheri West, Mumbai",19.1483497,72.84047029999999,,,False,"Kafe Koffee Meals, Shop 1-B, Ground Floor, Windermere CHS LTD, Oshiwara Link Road, Opposite Mira Tower, Oshiwara, Andheri West, Mumbai"
"Plot 3, Shop 16, Koapri, Sector 18, Turbhe, Navi Mumbai",https://www.zomato.com/mumbai/delhiwale-di-hatti-turbhe-navi-mumbai,49d70cdddb4ab94175247a0a786130df793bc4a9,DELHIWALE DI HATTI,"
Mafco, Vegetable Market Rd, Sector 18, Turbhe, Navi Mumbai, Maharashtra 400703","https://www.google.com/maps/place/DELHIWALE+DI+HATTI/@19.0727596,73.0060409,17z/data=!3m1!4b1!4m6!3m5!1s0x3be7c10c0843b189:0x687e287fff12801!8m2!3d19.0727596!4d73.0086158!16s%2Fg%2F11vxjt5qz6?entry=ttu&g_ep=EgoyMDI2MDMxOC4xIKXMDSoASAFQAw%3D%3D",True,False,0x3be7c10c0843b189:0x687e287fff12801,Delhiwale Di Hatti,https://www.zomato.com/mumbai/delhiwale-di-hatti-turbhe-navi-mumbai,49d70cdddb4ab94175247a0a786130df793bc4a9,"Plot 3, Shop 16, Koapri, Sector 18, Turbhe, Navi Mumbai",19.0727596,73.0086158,,,False,"Delhiwale Di Hatti, Plot 3, Shop 16, Koapri, Sector 18, Turbhe, Navi Mumbai"
"Shop 7, Plot 7, Sector 34C, Krish Celestia, Kharghar, Navi Mumbai",https://www.zomato.com/mumbai/lit-beach-cafe-4-kharghar-navi-mumbai,793db8cd22ecf6197de2c3f9852296d5a8bfba0b,LIT Beach Cafe,"
Plot No.7, Shop, No.7, Krish Celestia Building, Sector 34C, Kharghar, Maharashtra 410210","https://www.google.com/maps/place/LIT+Beach+Cafe/@19.0718677,73.0763678,17z/data=!3m1!4b1!4m6!3m5!1s0x3be7c1f50c5f67dd:0xdbedacd9a41a2692!8m2!3d19.0718677!4d73.0789427!16s%2Fg%2F11rvh6mh6r?entry=ttu&g_ep=EgoyMDI2MDMxOC4xIKXMDSoASAFQAw%3D%3D",True,False,0x3be7c1f50c5f67dd:0xdbedacd9a41a2692,,,,,,,,,,
"Aarey Sarita Center 65, Garodia Nagar, Ghatkopar East, Mumbai",https://www.zomato.com/mumbai/new-patel-juices-fast-food-ghatkopar-east,5dc65f3126578fbfbaf6bc32698b487e2f237dfc,PATEL JUICE CENTER,"
Vikrant Building, RB Mehta Rd, opp. Deep Bhuvan, Sindhu Wadi, Ghatkopar East, Mumbai, Maharashtra 400077","https://www.google.com/maps/place/PATEL+JUICE+CENTER/@19.075327,72.894493,16z/data=!4m10!1m2!2m1!1sNew+Patel+Juices+%26+Fast+Food+Aarey+Sarita+Center+65,+Garodia+Nagar,+Ghatkopar+East,+Mumbai!3m6!1s0x3be7c62fb5a280e9:0xfe0e9498c7b81b1e!8m2!3d19.075327!4d72.9035052!15sClpOZXcgUGF0ZWwgSnVpY2VzICYgRmFzdCBGb29kIEFhcmV5IFNhcml0YSBDZW50ZXIgNjUsIEdhcm9kaWEgTmFnYXIsIEdoYXRrb3BhciBFYXN0LCBNdW1iYWlaWSJXbmV3IHBhdGVsIGp1aWNlcyAmIGZhc3QgZm9vZCBhYXJleSBzYXJpdGEgY2VudGVyIDY1IGdhcm9kaWEgbmFnYXIgZ2hhdGtvcGFyIGVhc3QgbXVtYmFpkgEKcmVzdGF1cmFudJoBRENpOURRVWxSUVVOdlpFTm9kSGxqUmpsdlQyNU9TMkZWVGpObFZsbDVWREowUzJSc1FURlZWMlEwVDFWMFdXSnNSUkFC4AEA-gEECAAQGQ!16s%2Fg%2F11cky6hkwt?entry=ttu&g_ep=EgoyMDI2MDMxOC4xIKXMDSoASAFQAw%3D%3D",False,False,0x3be7c62fb5a280e9:0xfe0e9498c7b81b1e,New Patel Juices & Fast Food,https://www.zomato.com/mumbai/new-patel-juices-fast-food-ghatkopar-east,5dc65f3126578fbfbaf6bc32698b487e2f237dfc,"Aarey Sarita Center 65, Garodia Nagar, Ghatkopar East, Mumbai",19.075327,72.9035052,,,False,"New Patel Juices & Fast Food, Aarey Sarita Center 65, Garodia Nagar, Ghatkopar East, Mumbai"
"Aarey Sarita Center 65, Garodia Nagar, Ghatkopar East, Mumbai",https://www.zomato.com/mumbai/new-patel-juices-fast-food-ghatkopar-east,5dc65f3126578fbfbaf6bc32698b487e2f237dfc,PATEL JUICE CENTER,"
Vikrant Building, RB Mehta Rd, opp. Deep Bhuvan, Sindhu Wadi, Ghatkopar East, Mumbai, Maharashtra 400077","https://www.google.com/maps/place/PATEL+JUICE+CENTER/@19.075327,72.894493,16z/data=!4m10!1m2!2m1!1sNew+Patel+Juices+%26+Fast+Food+Aarey+Sarita+Center+65,+Garodia+Nagar,+Ghatkopar+East,+Mumbai!3m6!1s0x3be7c62fb5a280e9:0xfe0e9498c7b81b1e!8m2!3d19.075327!4d72.9035052!15sClpOZXcgUGF0ZWwgSnVpY2VzICYgRmFzdCBGb29kIEFhcmV5IFNhcml0YSBDZW50ZXIgNjUsIEdhcm9kaWEgTmFnYXIsIEdoYXRrb3BhciBFYXN0LCBNdW1iYWlaWSJXbmV3IHBhdGVsIGp1aWNlcyAmIGZhc3QgZm9vZCBhYXJleSBzYXJpdGEgY2VudGVyIDY1IGdhcm9kaWEgbmFnYXIgZ2hhdGtvcGFyIGVhc3QgbXVtYmFpkgEKcmVzdGF1cmFudJoBRENpOURRVWxSUVVOdlpFTm9kSGxqUmpsdlQyNU9TMkZWVGpObFZsbDVWREowUzJSc1FURlZWMlEwVDFWMFdXSnNSUkFC4AEA-gEECAAQGQ!16s%2Fg%2F11cky6hkwt?entry=ttu&g_ep=EgoyMDI2MDMxOC4xIKXMDSoASAFQAw%3D%3D",False,False,0x3be7c62fb5a280e9:0xfe0e9498c7b81b1e,Patel Juice Centre,https://www.zomato.com/mumbai/patel-juice-centre-ghatkopar-east,ad0017fc8df38d62475569c10712cdbd20b52c61,"8-101, RB Mehta Marg, Sindhu Wadi, Ghatkopar East, Mumbai",,,,,False,"Patel Juice Centre, 8-101, RB Mehta Marg, Sindhu Wadi, Ghatkopar East, Mumbai"
"33, Taj Wellington Mews, Lobby Floor, Cusrow Baug Colony, Apollo Bandar, Nathalal Parekh Marg, Colaba, Mumbai",https://www.zomato.com/mumbai/lounge-taj-wellington-mews-colaba,d625112db1092eaeaac3562e6136933f6baeec0d,"Taj Wellington Mews, Mumbai","
33, Nathalal Parikh Marg, Cusrow Baug Colony, Apollo Bandar, Colaba, Mumbai, Maharashtra 400001","https://www.google.com/maps/place/Taj+Wellington+Mews,+Mumbai/@18.9219329,72.824035,17z/data=!4m13!1m2!2m1!1sLounge+-+Taj+Wellington+Mews+33,+Taj+Wellington+Mews,+Lobby+Floor,+Cusrow+Baug+Colony,+Apollo+Bandar,+Nathalal+Parekh+Marg,+Colaba,+Mumbai!3m9!1s0x3be7cf21727d5445:0xe711f18e04a5d0b!5m2!4m1!1i2!8m2!3d18.9219329!4d72.8285411!15sCooBTG91bmdlIC0gVGFqIFdlbGxpbmd0b24gTWV3cyAzMywgVGFqIFdlbGxpbmd0b24gTWV3cywgTG9iYnkgRmxvb3IsIEN1c3JvdyBCYXVnIENvbG9ueSwgQXBvbGxvIEJhbmRhciwgTmF0aGFsYWwgUGFyZWtoIE1hcmcsIENvbGFiYSwgTXVtYmFpWoQBIoEBbG91bmdlIHRhaiB3ZWxsaW5ndG9uIG1ld3MgMzMgdGFqIHdlbGxpbmd0b24gbWV3cyBsb2JieSBmbG9vciBjdXNyb3cgYmF1ZyBjb2xvbnkgYXBvbGxvIGJhbmRhciBuYXRoYWxhbCBwYXJla2ggbWFyZyBjb2xhYmEgbXVtYmFpkgEFaG90ZWzgAQA!16s%2Fg%2F1tj44cq0?entry=ttu&g_ep=EgoyMDI2MDMxOC4xIKXMDSoASAFQAw%3D%3D",False,False,0x3be7cf21727d5445:0xe711f18e04a5d0b,,,,,,,,,,
"Shop 5, Ground Floor, Shah Prima Building, Kharghar, Navi Mumbai",https://www.zomato.com/mumbai/house-of-hummus-kharghar-navi-mumbai,31b8f564cdf049278622c18361e9712d1580ff1e,House of Hummus,"
Plot No. 13, Shah Prima, Shop no. 5, Sector 2, Kharghar, Panvel, Maharashtra 410210","https://www.google.com/maps/place/House+of+Hummus/@19.0298644,73.0627353,17z/data=!3m1!4b1!4m6!3m5!1s0x3be7c3874cbb32e7:0x504c3237208c8d66!8m2!3d19.0298644!4d73.0653102!16s%2Fg%2F11k9kj7030?entry=ttu&g_ep=EgoyMDI2MDMxOC4xIKXMDSoASAFQAw%3D%3D",True,False,0x3be7c3874cbb32e7:0x504c3237208c8d66,House Of Hummus,https://www.zomato.com/mumbai/house-of-hummus-kharghar-navi-mumbai,31b8f564cdf049278622c18361e9712d1580ff1e,"Shop 5, Ground Floor, Shah Prima Building, Kharghar, Navi Mumbai",19.0298644,73.0653102,,,False,"House Of Hummus, Shop 5, Ground Floor, Shah Prima Building, Kharghar, Navi Mumbai"
"6, Yashosham Shopping Centre, Royal Challenge, Goregaon East, Mumbai",https://www.zomato.com/mumbai/jara-hat-ke-paratha-house-goregaon-east,452c24c116c2d7778a20a221b7115dbc7a73a97b,Jara Hat Ke Paratha House,"
No 6, Nagri Niwara Cooperative Housing Society, Goregaon East, Mumbai, Maharashtra 400065","https://www.google.com/maps/place/Jara+Hat+Ke+Paratha+House/@19.1755472,72.8770924,17z/data=!3m1!4b1!4m6!3m5!1s0x3be7b7a76de552b5:0xd9894ff5efe2e921!8m2!3d19.1755472!4d72.8796673!16s%2Fg%2F11q2ykbltz?entry=ttu&g_ep=EgoyMDI2MDMxOC4xIKXMDSoASAFQAw%3D%3D",True,False,0x3be7b7a76de552b5:0xd9894ff5efe2e921,Jara Hat Ke Paratha House,https://www.zomato.com/mumbai/jara-hat-ke-paratha-house-goregaon-east,452c24c116c2d7778a20a221b7115dbc7a73a97b,"6, Yashosham Shopping Centre, Royal Challenge, Goregaon East, Mumbai",19.1755472,72.8796673,,,False,"Jara Hat Ke Paratha House, 6, Yashosham Shopping Centre, Royal Challenge, Goregaon East, Mumbai"
"Shop 26, Plot 13, Bhimashankar Shopping Complex, Sector 19A, Nerul, Navi Mumbai",https://www.zomato.com/mumbai/the-pops-cafe-nerul-navi-mumbai,6291106b903296a18071021daf274f8921592a15,The Pop's Café - Chinese Food and Café,"
Shop no. 26, Plot no. 13, Bhimashankar Shopping Complex, Nerul East, Sector 19A, Nerul, Navi Mumbai, Maharashtra 400706","https://www.google.com/maps/place/The+Pop's+Caf%C3%A9+-+Chinese+Food+and+Caf%C3%A9/@19.0310648,73.0246683,17z/data=!3m1!4b1!4m6!3m5!1s0x3be7c3b1561f2f7f:0x157df32ee2151910!8m2!3d19.0310648!4d73.0272432!16s%2Fg%2F11s57d3xj_?entry=ttu&g_ep=EgoyMDI2MDMxOC4xIKXMDSoASAFQAw%3D%3D",False,False,0x3be7c3b1561f2f7f:0x157df32ee2151910,The Pop's Cafe,https://www.zomato.com/mumbai/the-pops-cafe-nerul-navi-mumbai,6291106b903296a18071021daf274f8921592a15,"Shop 26, Plot 13, Bhimashankar Shopping Complex, Sector 19A, Nerul, Navi Mumbai",19.0310648,73.0272432,,,False,"The Pop's Cafe, Shop 26, Plot 13, Bhimashankar Shopping Complex, Sector 19A, Nerul, Navi Mumbai"
"Shop 29, On Ground Floor, Digvijay Mill Chawl, Dr. B A Road, Parel, Mumbai",https://www.zomato.com/mumbai/lalbaugkar-juice-and-snacks-corner-parel,f31f2f0086b79429c1753df54e43180bb01ad9c4,Lalbaugkar Juice And Snacks Corner,"
Shop No 29, Digvijay, Mill Chawl, Dr Babasaheb Ambedkar Rd, opp. HP petrol pump, Lal Baug, Parel, Mumbai, Maharashtra 400012","https://www.google.com/maps/place/Lalbaugkar+Juice+And+Snacks+Corner/@18.989191,72.8334411,17z/data=!3m1!4b1!4m6!3m5!1s0x3be7cf9767a50f85:0x1ea7befbd92518dd!8m2!3d18.989191!4d72.836016!16s%2Fg%2F11svrk5h52?entry=ttu&g_ep=EgoyMDI2MDMxOC4xIKXMDSoASAFQAw%3D%3D",True,False,0x3be7cf9767a50f85:0x1ea7befbd92518dd,Lalbaugkar Juice And Snacks Corner,https://www.zomato.com/mumbai/lalbaugkar-juice-and-snacks-corner-parel,f31f2f0086b79429c1753df54e43180bb01ad9c4,"Shop 29, On Ground Floor, Digvijay Mill Chawl, Dr. B A Road, Parel, Mumbai",18.989191,72.836016,,,False,"Lalbaugkar Juice And Snacks Corner, Shop 29, On Ground Floor, Digvijay Mill Chawl, Dr. B A Road, Parel, Mumbai"
"Varsha Premises, Opposite Horizon View, Bank Of Maharashtra Lane, 7 Bungalows, Andheri West, Mumbai",https://www.zomato.com/mumbai/cafe-barra-7-bungalows,18bbf70c09323c2ecd6e2209e76ab7833cb05350,Horizon View,,"https://www.google.com/maps/place/Horizon+View,+3,+Gharkul+Society,+Seven+Bunglow,+Andheri+West,+Mumbai,+Maharashtra+400061/@19.1281992,72.8190525,17z/data=!3m1!4b1!4m10!1m2!2m1!1sCafe+Barra+Varsha+Premises,+Opposite+Horizon+View,+Bank+Of+Maharashtra+Lane,+7+Bungalows,+Andheri+West,+Mumbai!3m6!1s0x3be7b61d0010fe73:0x98eedf3265389bac!8m2!3d19.1281992!4d72.8190525!15sCm5DYWZlIEJhcnJhIFZhcnNoYSBQcmVtaXNlcywgT3Bwb3NpdGUgSG9yaXpvbiBWaWV3LCBCYW5rIE9mIE1haGFyYXNodHJhIExhbmUsIDcgQnVuZ2Fsb3dzLCBBbmRoZXJpIFdlc3QsIE11bWJhaSIDiAEBkgERY29tcG91bmRfYnVpbGRpbmfgAQA!16s%2Fg%2F11csdgv6c_?entry=ttu&g_ep=EgoyMDI2MDMxOC4xIKXMDSoASAFQAw%3D%3D",False,False,0x3be7b61d0010fe73:0x98eedf3265389bac,,,,,,,,,,
"Bhrama Complex, Palm Beach Road, Near Croma, CBD-Belapur, Navi Mumbai",https://www.zomato.com/mumbai/spize-grillz-cbd-belapur-navi-mumbai,0b93460c0f5fd8722ccc5746438e87a7220b02e7,Spize & Grillz,"
Dausha Ram Mahatrey Marg, Sector 15, CBD Belapur, Navi Mumbai, Maharashtra 400614","https://www.google.com/maps/place/Spize+%26+Grillz/@19.0103459,73.0296891,17z/data=!3m1!4b1!4m6!3m5!1s0x3be7c3a97561b3d5:0x9f6308e7f7fc5c67!8m2!3d19.0103459!4d73.032264!16s%2Fg%2F11c5h58h__?entry=ttu&g_ep=EgoyMDI2MDMxOC4xIKXMDSoASAFQAw%3D%3D",True,False,0x3be7c3a97561b3d5:0x9f6308e7f7fc5c67,Spize & Grillz,https://www.zomato.com/mumbai/spize-grillz-cbd-belapur-navi-mumbai,0b93460c0f5fd8722ccc5746438e87a7220b02e7,"Bhrama Complex, Palm Beach Road, Near Croma, CBD-Belapur, Navi Mumbai",19.0103459,73.032264,,,False,"Spize & Grillz, Bhrama Complex, Palm Beach Road, Near Croma, CBD-Belapur, Navi Mumbai"
"Shop 15, Hubtown Gardenia Society, Near GCC Club, Mira Road, Mumbai",https://www.zomato.com/mumbai/11-11-cafe-mira-road,932679f7edca46ed76b81bdbe10c054b51fb0929,11.11 Cafe,"
Shop no 15, bldg, Morning glory, Hubtown Gardenia Rd, nr. GCC Club Road, Chandan Shanti, Mira Road East, Thane, Mira Bhayandar, Maharashtra 401107","https://www.google.com/maps/place/11.11+Cafe/@19.285573,72.8740841,17z/data=!3m1!4b1!4m6!3m5!1s0x3be7b069e95797ad:0x9788ee14520de7ae!8m2!3d19.285573!4d72.876659!16s%2Fg%2F11x71112sq?entry=ttu&g_ep=EgoyMDI2MDMxOC4xIKXMDSoASAFQAw%3D%3D",True,False,0x3be7b069e95797ad:0x9788ee14520de7ae,11.11 Cafe,https://www.zomato.com/mumbai/11-11-cafe-mira-road,932679f7edca46ed76b81bdbe10c054b51fb0929,"Shop 15, Hubtown Gardenia Society, Near GCC Club, Mira Road, Mumbai",19.285573,72.876659,,,False,"11.11 Cafe, Shop 15, Hubtown Gardenia Society, Near GCC Club, Mira Road, Mumbai"
"AP Sports Club, Mira Village, Near AP College, Mira Road, Mumbai",https://www.zomato.com/mumbai/ap-cafe-mira-road,48188bd9d4ccab26179ca8ac2c2452a35c73c4b3,A.P. Sports,"
A.P. Sports Club, Mira village, near A.P. College, Mira Road East, Maharashtra 401107","https://www.google.com/maps/place/A.P.+Sports/@19.2716318,72.8755408,17z/data=!3m1!4b1!4m6!3m5!1s0x3be7b1ee0b627007:0x2891a7456feebcf1!8m2!3d19.2716318!4d72.8781157!16s%2Fg%2F11f65h2dl2?entry=ttu&g_ep=EgoyMDI2MDMxOC4xIKXMDSoASAFQAw%3D%3D",False,False,0x3be7b1ee0b627007:0x2891a7456feebcf1,AP Cafe,https://www.zomato.com/mumbai/ap-cafe-mira-road,48188bd9d4ccab26179ca8ac2c2452a35c73c4b3,"AP Sports Club, Mira Village, Near AP College, Mira Road, Mumbai",19.2716318,72.8781157,,,False,"AP Cafe, AP Sports Club, Mira Village, Near AP College, Mira Road, Mumbai"
"Shop 13, Ground Floor, Kanchan Business Center, Mahim Highway, Palghar, Mumbai",https://www.zomato.com/mumbai/crazy-cravings-palghar,ad5da74d7db96c7fc0a5bbff578426f9f6e31e45,Crazy Craving's,"
Shop No. 13,Kanchan Bussiness Center, Mahim Manor, Highway, Palghar, Maharashtra 401404","https://www.google.com/maps/place/Crazy+Craving's/@19.6957508,72.756954,17z/data=!3m1!4b1!4m6!3m5!1s0x3be71d7edd4dc037:0x5442d676d6ac22ce!8m2!3d19.6957508!4d72.7595289!16s%2Fg%2F11sd79m0qt?entry=ttu&g_ep=EgoyMDI2MDMxOC4xIKXMDSoASAFQAw%3D%3D",False,False,0x3be71d7edd4dc037:0x5442d676d6ac22ce,Crazy Cravings,https://www.zomato.com/mumbai/crazy-cravings-palghar,ad5da74d7db96c7fc0a5bbff578426f9f6e31e45,"Shop 13, Ground Floor, Kanchan Business Center, Mahim Highway, Palghar, Mumbai",19.6957508,72.75952889999999,,,False,"Crazy Cravings, Shop 13, Ground Floor, Kanchan Business Center, Mahim Highway, Palghar, Mumbai"
"Shop E 12, Plot 10/11, Neighborhood Mini Market, Sector 4, Nerul, Navi Mumbai",https://www.zomato.com/mumbai/s-b-cafe-nerul-navi-mumbai,29d654b49ac80b144b78d370195a519e1881d56e,S & B Cafe,"
Shop No, Minu Marcket, 12 Plot No 10, Sector 4, Nerul, Navi Mumbai, Maharashtra 400706","https://www.google.com/maps/place/S+%26+B+Cafe/@19.0450139,73.0098203,17z/data=!3m1!4b1!4m6!3m5!1s0x3be7c3e6bf446abb:0x28df577270000000!8m2!3d19.0450139!4d73.0123952!16s%2Fg%2F11rdx1913_?entry=ttu&g_ep=EgoyMDI2MDMxOC4xIKXMDSoASAFQAw%3D%3D",True,False,0x3be7c3e6bf446abb:0x28df577270000000,S & B Cafe,https://www.zomato.com/mumbai/s-b-cafe-nerul-navi-mumbai,29d654b49ac80b144b78d370195a519e1881d56e,"Shop E 12, Plot 10/11, Neighborhood Mini Market, Sector 4, Nerul, Navi Mumbai",19.0496338,73.0172496,,,False,"S & B Cafe, Shop E 12, Plot 10/11, Neighborhood Mini Market, Sector 4, Nerul, Navi Mumbai"
"1, Leela Cliff, Near Mary Immaculate Girl's High School, Borivali West, Mumbai",https://www.zomato.com/mumbai/fizzy-borivali-west,b037a74b35f1de11b7f3ab11e62981d994df88a7,Fizzy,"
1, IC Colony Rd, I C Colony, Marian Colony, Borivali West, Mumbai, Maharashtra 400103","https://www.google.com/maps/place/Fizzy/@19.2454049,72.8465014,17z/data=!4m10!1m2!2m1!1sFizzy+1,+Leela+Cliff,+Near+Mary+Immaculate+Girl's+High+School,+Borivali+West,+Mumbai!3m6!1s0x3be7b0e1b2daaaab:0x8f9bba1496891b8a!8m2!3d19.2454049!4d72.8510075!15sClNGaXp6eSAxLCBMZWVsYSBDbGlmZiwgTmVhciBNYXJ5IEltbWFjdWxhdGUgR2lybHMgSGlnaCBTY2hvb2wsIEJvcml2YWxpIFdlc3QsIE11bWJhaeABAA!16s%2Fg%2F11l663w6r2?entry=ttu&g_ep=EgoyMDI2MDMxOC4xIKXMDSoASAFQAw%3D%3D",True,False,0x3be7b0e1b2daaaab:0x8f9bba1496891b8a,,,,,,,,,,
"Shop 6, Opposite Mahakavi Kalidas Natyamandir, P.K. Road, Mulund West, Mumbai",https://www.zomato.com/mumbai/urban-cafeteria-mulund-west,de3ec357a77203ccc0ec52f0ec306dd04a903db3,Bunman Irani Cafe,"
Bunman Irani Cafe,Shop no 16, Golden willows, Cypress Rd, Swapnangar, Mulund West, Mumbai, Maharashtra 400080","https://www.google.com/maps/place/Bunman+Irani+Cafe/@19.1804818,72.7957158,12z/data=!4m10!1m2!2m1!1sUrban+Cafeteria+Shop+6,+Opposite+Mahakavi+Kalidas+Natyamandir,+P.K.+Road,+Mulund+West,+Mumbai!3m6!1s0x3be7b96531d7591b:0x81b416819c313f47!8m2!3d19.1804818!4d72.9399114!15sCl1VcmJhbiBDYWZldGVyaWEgU2hvcCA2LCBPcHBvc2l0ZSBNYWhha2F2aSBLYWxpZGFzIE5hdHlhbWFuZGlyLCBQLksuIFJvYWQsIE11bHVuZCBXZXN0LCBNdW1iYWlaWSJXdXJiYW4gY2FmZXRlcmlhIHNob3AgNiBvcHBvc2l0ZSBtYWhha2F2aSBrYWxpZGFzIG5hdHlhbWFuZGlyIHBrIHJvYWQgbXVsdW5kIHdlc3QgbXVtYmFpkgEEY2FmZeABAA!16s%2Fg%2F11xkrc24mm?entry=ttu&g_ep=EgoyMDI2MDMxOC4xIKXMDSoASAFQAw%3D%3D",False,False,0x3be7b96531d7591b:0x81b416819c313f47,,,,,,,,,,
"Shop 01, Sector 4A, Progressive Mangalam, Kopar Khairane, Navi Mumbai",https://www.zomato.com/mumbai/3idiots-cafe-1-kopar-khairane-navi-mumbai,89a4f47a7fef1c773dbb9d9f1a5aeb3a14522466,3 Idiot Cafe,"
Shop No 1 Seector 4a, near Hp Petrol Pump, Koparkhiarne, Koparkhairne, Navi Mumbai, Maharashtra 400709","https://www.google.com/maps/place/3+Idiot+Cafe/@19.1063018,73.0061637,17z/data=!3m1!4b1!4m6!3m5!1s0x3be7c1c5b4253655:0x788390b24bb10772!8m2!3d19.1063018!4d73.0087386!16s%2Fg%2F11xrkjrtcq?entry=ttu&g_ep=EgoyMDI2MDMxOC4xIKXMDSoASAFQAw%3D%3D",False,False,0x3be7c1c5b4253655:0x788390b24bb10772,3Idiots Cafe,https://www.zomato.com/mumbai/3idiots-cafe-1-kopar-khairane-navi-mumbai,89a4f47a7fef1c773dbb9d9f1a5aeb3a14522466,"Shop 01, Sector 4A, Progressive Mangalam, Kopar Khairane, Navi Mumbai",19.1063018,73.0087386,,,False,"3Idiots Cafe, Shop 01, Sector 4A, Progressive Mangalam, Kopar Khairane, Navi Mumbai"
"Shop 68, Ground Floor, Tenth Central Mall, Sector 10, Mahavir Nagar, Link Road, Kandivali West, Mumbai",https://www.zomato.com/mumbai/anand-stall-kandivali-west,f93d150e31a6c43b46fdf71df96789932be8aec0,Anand stall Fast food and Juice centre,"
G-68, Xth Central Mall, near D mart, Kandivali, Mahavir Nagar, Kandivali West, Mumbai, Maharashtra 400067","https://www.google.com/maps/place/Anand+stall+Fast+food+and+Juice+centre/@19.2135828,72.8387084,17z/data=!3m1!4b1!4m6!3m5!1s0x3be7b70008738d97:0x111131e203ad472c!8m2!3d19.2135828!4d72.8412833!16s%2Fg%2F11j_2c27xw?entry=ttu&g_ep=EgoyMDI2MDMxOC4xIKXMDSoASAFQAw%3D%3D",True,False,0x3be7b70008738d97:0x111131e203ad472c,,,,,,,,,,
"Hotel Midtown Pritam, Pritam Estates, Dadar East, Mumbai",https://www.zomato.com/mumbai/the-lounge-dadar-east,44554867c94c19a0bdb5c0912d70fda95f3e4fd9,Hotel Midtown Pritam,"
Dharam Putra, Dadar TT Cir, Dadar East, Dadar, Mumbai, Maharashtra 400014","https://www.google.com/maps/place/Hotel+Midtown+Pritam/@19.0169455,72.8433801,17z/data=!3m1!5s0x3be7cede9c772585:0x1250c934012c7306!4m9!3m8!1s0x3be7c90edb7552af:0x44b9c5c78345cc92!5m2!4m1!1i2!8m2!3d19.0169455!4d72.845955!16s%2Fg%2F1v75qcgm?entry=ttu&g_ep=EgoyMDI2MDMxOC4xIKXMDSoASAFQAw%3D%3D",False,False,0x3be7cede9c772585:0x1250c934012c7306,,,,,,,,,,
"Shop 1, Ground Floor, Asmita Sand Dunes, Sundar Nagar, Sv Road, Malad West, Mumbai",https://www.zomato.com/mumbai/baithack-taste-of-kulhad-2-malad-west,d07bc954da4ea4a8a5dc1f1f4fcaec74d7a57acf,"Baithack -Taste of kulhad,Evershine Nagar Malad","
no 3 Mithchowky, Valeram pooja building, Shop no 8, Evershine Nagar, Malad West, Mumbai, Maharashtra 400064","https://www.google.com/maps/place/Baithack+-Taste+of+kulhad,Evershine+Nagar+Malad/@19.1932618,72.8152757,15z/data=!4m10!1m2!2m1!1sBaithack+Taste+Of+Kulhad+Shop+1,+Ground+Floor,+Asmita+Sand+Dunes,+Sundar+Nagar,+Sv+Road,+Malad+West,+Mumbai!3m6!1s0x3be7b70040cad08f:0x96358d0bdbf04679!8m2!3d19.1932618!4d72.8333001!15sCmtCYWl0aGFjayBUYXN0ZSBPZiBLdWxoYWQgU2hvcCAxLCBHcm91bmQgRmxvb3IsIEFzbWl0YSBTYW5kIER1bmVzLCBTdW5kYXIgTmFnYXIsIFN2IFJvYWQsIE1hbGFkIFdlc3QsIE11bWJhaVpnImViYWl0aGFjayB0YXN0ZSBvZiBrdWxoYWQgc2hvcCAxIGdyb3VuZCBmbG9vciBhc21pdGEgc2FuZCBkdW5lcyBzdW5kYXIgbmFnYXIgc3Ygcm9hZCBtYWxhZCB3ZXN0IG11bWJhaZIBBGNhZmXgAQA!16s%2Fg%2F11yccfbw3_?entry=ttu&g_ep=EgoyMDI2MDMxOC4xIKXMDSoASAFQAw%3D%3D",False,False,0x3be7b70040cad08f:0x96358d0bdbf04679,Baithack Taste Of Kulhad,https://www.zomato.com/mumbai/baithack-taste-of-kulhad-2-malad-west,d07bc954da4ea4a8a5dc1f1f4fcaec74d7a57acf,"Shop 1, Ground Floor, Asmita Sand Dunes, Sundar Nagar, Sv Road, Malad West, Mumbai",19.1932618,72.8333001,,,False,"Baithack Taste Of Kulhad, Shop 1, Ground Floor, Asmita Sand Dunes, Sundar Nagar, Sv Road, Malad West, Mumbai"
"Sector 3 Karanjade, Shop No 3 & 4, Vaishnavi Ellora Plot No 170, Vaishnavi Ellora Karanjade Panvel, Maharashtra, Old Panvel, Navi Mumbai",https://www.zomato.com/mumbai/savvy-united-resto-bar-2-old-panvel-navi-mumbai,014eccd5e2ca92c8fabf2dea3a8ced27429cd3f7,SAVVY UNITED RESTO BAR,"
Plot No 170A, Sector 03, Karanjade, Panvel, Karanjade, Maharashtra 410206","https://www.google.com/maps/place/SAVVY+UNITED+RESTO+BAR/@18.9814281,73.0998306,17z/data=!3m1!4b1!4m6!3m5!1s0x3be7e9ed641a5ae9:0x175721d951d8d45e!8m2!3d18.9814281!4d73.1024055!16s%2Fg%2F11t_w4n694?entry=ttu&g_ep=EgoyMDI2MDMxOC4xIKXMDSoASAFQAw%3D%3D",True,False,0x3be7e9ed641a5ae9:0x175721d951d8d45e,,,,,,,,,,
"Shop 7, Plot 22 To 25, Sec-15, Tal Panvel, Raigad, Opposite Panvel Railway Station, New Panvel, Navi Mumbai",https://www.zomato.com/mumbai/neel-kamal-new-panvel-navi-mumbai,ee04101df1163f1ed749d7b0e520def26eaf4c3a,Neelkamal Family Resto Bar,"
Shop No 6, BLOCK-3, 7 & 8, opp. Railway Station, P-6, Sector 15A, New Panvel East, Panvel, Maharashtra 410206","https://www.google.com/maps/place/Neelkamal+Family+Resto+Bar/@18.9814269,73.0818058,14z/data=!4m10!1m2!2m1!1sNeel+Kamal+Shop+7,+Plot+22+To+25,+Sec-15,+Tal+Panvel,+Raigad,+Opposite+Panvel+Railway+Station,+New+Panvel,+Navi+Mumbai!3m6!1s0x3be7e867dba39597:0x2ecd17abd0615f1a!8m2!3d18.9914069!4d73.1236341!15sCnZOZWVsIEthbWFsIFNob3AgNywgUGxvdCAyMiBUbyAyNSwgU2VjLTE1LCBUYWwgUGFudmVsLCBSYWlnYWQsIE9wcG9zaXRlIFBhbnZlbCBSYWlsd2F5IFN0YXRpb24sIE5ldyBQYW52ZWwsIE5hdmkgTXVtYmFpWnEib25lZWwga2FtYWwgc2hvcCA3IHBsb3QgMjIgdG8gMjUgc2VjIDE1IHRhbCBwYW52ZWwgcmFpZ2FkIG9wcG9zaXRlIHBhbnZlbCByYWlsd2F5IHN0YXRpb24gbmV3IHBhbnZlbCBuYXZpIG11bWJhaZIBF25vcnRoX2luZGlhbl9yZXN0YXVyYW504AEA!16s%2Fg%2F1tfkjn2t?entry=ttu&g_ep=EgoyMDI2MDMxOC4xIKXMDSoASAFQAw%3D%3D",False,False,0x3be7e867dba39597:0x2ecd17abd0615f1a,Neel Kamal,https://www.zomato.com/mumbai/neel-kamal-new-panvel-navi-mumbai,ee04101df1163f1ed749d7b0e520def26eaf4c3a,"Shop 7, Plot 22 To 25, Sec-15, Tal Panvel, Raigad, Opposite Panvel Railway Station, New Panvel, Navi Mumbai",18.9914069,73.12363409999999,,,False,"Neel Kamal, Shop 7, Plot 22 To 25, Sec-15, Tal Panvel, Raigad, Opposite Panvel Railway Station, New Panvel, Navi Mumbai"
"1/1, Sarvodaya, CO-HOU SOC LTD, New Amrit Nagar, Kher Wadi Road, Opposite Colgate Ground, Bandra East, Mumbai",https://www.zomato.com/mumbai/mai-1-bandra-east,f3c6730a0184af6299511848c03817e95f8e3bd7,Sarvoday Apartments,"
11, Kherwadi Rd, Kherwadi, Bandra East, Mumbai, Maharashtra 400051","https://www.google.com/maps/place/Sarvoday+Apartments/@19.0593879,72.8421262,17z/data=!4m10!1m2!2m1!1sMai+1%2F1,+Sarvodaya,+CO-HOU+SOC+LTD,+New+Amrit+Nagar,+Kher+Wadi+Road,+Opposite+Colgate+Ground,+Bandra+East,+Mumbai!3m6!1s0x3be7c921f9fde6df:0xbcdbac043b53eaba!8m2!3d19.0585279!4d72.84613!15sCnFNYWkgMS8xLCBTYXJ2b2RheWEsIENPLUhPVSBTT0MgTFRELCBOZXcgQW1yaXQgTmFnYXIsIEtoZXIgV2FkaSBSb2FkLCBPcHBvc2l0ZSBDb2xnYXRlIEdyb3VuZCwgQmFuZHJhIEVhc3QsIE11bWJhaZIBEmFwYXJ0bWVudF9idWlsZGluZ-ABAA!16s%2Fg%2F11clmr2y67?entry=ttu&g_ep=EgoyMDI2MDMxOC4xIKXMDSoASAFQAw%3D%3D",False,False,0x3be7c921f9fde6df:0xbcdbac043b53eaba,Mai,https://www.zomato.com/mumbai/mai-1-bandra-east,f3c6730a0184af6299511848c03817e95f8e3bd7,"1/1, Sarvodaya, CO-HOU SOC LTD, New Amrit Nagar, Kher Wadi Road, Opposite Colgate Ground, Bandra East, Mumbai",19.0585279,72.84613,,,False,"Mai, 1/1, Sarvodaya, CO-HOU SOC LTD, New Amrit Nagar, Kher Wadi Road, Opposite Colgate Ground, Bandra East, Mumbai"
"8, Near Shastri Nagar Bus Stop, Lakshmi Nagar, Link Road, Shastri Nagar, Goregaon West, Mumbai",https://www.zomato.com/mumbai/taste-of-khao-gali-goregaon-west,19370a50ba55d682ad820f79502c072e45e1544a,Shastri Nagar Bus Stop,"
Borivali, Mumbai, Maharashtra 400092","https://www.google.com/maps/place/Shastri+Nagar+Bus+Stop/@19.2179011,72.8470661,17z/data=!4m10!1m2!2m1!1sTaste+Of+Khao+Gali+8,+Near+Shastri+Nagar+Bus+Stop,+Lakshmi+Nagar,+Link+Road,+Shastri+Nagar,+Goregaon+West,+Mumbai!3m6!1s0x3be7b72a81d0adf7:0x45ec64369af520a1!8m2!3d19.2179011!4d72.8515722!15sCnFUYXN0ZSBPZiBLaGFvIEdhbGkgOCwgTmVhciBTaGFzdHJpIE5hZ2FyIEJ1cyBTdG9wLCBMYWtzaG1pIE5hZ2FyLCBMaW5rIFJvYWQsIFNoYXN0cmkgTmFnYXIsIEdvcmVnYW9uIFdlc3QsIE11bWJhaZIBF2xvZ2ljYWxfdHJhbnNpdF9zdGF0aW9u4AEA!16s%2Fg%2F11cr_thtr_?entry=ttu&g_ep=EgoyMDI2MDMxOC4xIKXMDSoASAFQAw%3D%3D",False,False,0x3be7b72a81d0adf7:0x45ec64369af520a1,Taste Of Khao Gali,https://www.zomato.com/mumbai/taste-of-khao-gali-goregaon-west,19370a50ba55d682ad820f79502c072e45e1544a,"8, Near Shastri Nagar Bus Stop, Lakshmi Nagar, Link Road, Shastri Nagar, Goregaon West, Mumbai",19.1570703,72.84608109999999,,,False,"Taste Of Khao Gali, 8, Near Shastri Nagar Bus Stop, Lakshmi Nagar, Link Road, Shastri Nagar, Goregaon West, Mumbai"
"Shop 2, Opposite Aaram Nagar, Part 2, Machlimar, Versova, Andheri West, Mumbai",https://www.zomato.com/mumbai/love-sugar-and-dough-versova,32aeb7737e8878ae607a3bb5a6cdda6f23a2b2ba,LOVE SUGAR & DOUGH,"
189, JP Rd, Aram Nagar Part 2, Machlimar, Seven Bunglow, Andheri (W, Mumbai, Maharashtra 400061","https://www.google.com/maps/place/LOVE+SUGAR+%26+DOUGH/@19.132397,72.8099221,17z/data=!3m1!4b1!4m6!3m5!1s0x3be7b71c922867c3:0x5b56573e0bc1520d!8m2!3d19.132397!4d72.812497!16s%2Fg%2F11s2j0fwz_?entry=ttu&g_ep=EgoyMDI2MDMxOC4xIKXMDSoASAFQAw%3D%3D",False,False,0x3be7b71c922867c3:0x5b56573e0bc1520d,Love Sugar And Dough,https://www.zomato.com/mumbai/love-sugar-and-dough-versova,32aeb7737e8878ae607a3bb5a6cdda6f23a2b2ba,"Shop 2, Opposite Aaram Nagar, Part 2, Machlimar, Versova, Andheri West, Mumbai",19.132397,72.812497,,,False,"Love Sugar And Dough, Shop 2, Opposite Aaram Nagar, Part 2, Machlimar, Versova, Andheri West, Mumbai"
"Shop 3/4, Sector 13, Amey Chs, Panvel, Raigad, Near Chourang Height, Kharghar, Navi Mumbai",https://www.zomato.com/mumbai/falafel-with-hummus-1-kharghar-navi-mumbai,040c0c266b8f027ad22d04b97eca19f71f8bec0e,Fatoush Kharghar,"
35,36, Hiranandani Crystal Plaza, Service Rd, Sector 7, Kharghar, Panvel, Maharashtra 410210","https://www.google.com/maps/place/Fatoush+Kharghar/@19.0331087,72.921655,12z/data=!4m10!1m2!2m1!1sFalafel+With+Hummus+Shop+3%2F4,+Sector+13,+Amey+Chs,+Panvel,+Raigad,+Near+Chourang+Height,+Kharghar,+Navi+Mumbai!3m6!1s0x3be7c26ac634a4df:0xd04ac14679acebfe!8m2!3d19.0331087!4d73.0658506!15sCm9GYWxhZmVsIFdpdGggSHVtbXVzIFNob3AgMy80LCBTZWN0b3IgMTMsIEFtZXkgQ2hzLCBQYW52ZWwsIFJhaWdhZCwgTmVhciBDaGF1cmFuZyBIZWlnaHRzLCBLaGFyZ2hhciwgTmF2aSBNdW1iYWlaaiJoZmFsYWZlbCB3aXRoIGh1bW11cyBzaG9wIDMgNCBzZWN0b3IgMTMgYW1leSBjaHMgcGFudmVsIHJhaWdhZCBuZWFyIGNoYXVyYW5nIGhlaWdodHMga2hhcmdoYXIgbmF2aSBtdW1iYWmSARRmYXN0X2Zvb2RfcmVzdGF1cmFudOABAA!16s%2Fg%2F11d_9h6jrn?entry=ttu&g_ep=EgoyMDI2MDMxOC4xIKXMDSoASAFQAw%3D%3D",False,False,0x3be7c26ac634a4df:0xd04ac14679acebfe,,,,,,,,,,
"Plot 553, Near 33rd & 7th Road Junction, Khar, Mumbai",https://www.zomato.com/mumbai/poush-essence-of-kashmir-khar,a60e1448d39a6723be07c4618ca68a695103e3a2,Rajasthan Restaurant,"
Sikandar Mansion, Plot No.752, Swami Vivekanand Rd, near Traffic Police Chowki, Govind Dham, Khar West, Mumbai, Maharashtra 400052","https://www.google.com/maps/place/Rajasthan+Restaurant/@19.0673301,72.5491106,11z/data=!4m10!1m2!2m1!1sPoush+-+Essence+of+Kashmir+Plot+553,+Near+33rd+%26+7th+Road+Junction,+Khar,+Mumbai!3m6!1s0x3be7c91043806257:0x915c87da60aca1b4!8m2!3d19.0673301!4d72.8375017!15sClBQb3VzaCAtIEVzc2VuY2Ugb2YgS2FzaG1pciBQbG90IDU1MywgTmVhciAzM3JkICYgN3RoIFJvYWQgSnVuY3Rpb24sIEtoYXIsIE11bWJhaVpNIktwb3VzaCBlc3NlbmNlIG9mIGthc2htaXIgcGxvdCA1NTMgbmVhciAzM3JkICYgN3RoIHJvYWQganVuY3Rpb24ga2hhciBtdW1iYWmSARdub3J0aF9pbmRpYW5fcmVzdGF1cmFudOABAA!16s%2Fg%2F1262pnk32?entry=ttu&g_ep=EgoyMDI2MDMxOC4xIKXMDSoASAFQAw%3D%3D",False,False,0x3be7c91043806257:0x915c87da60aca1b4,,,,,,,,,,
"290, Pushpanjali Building, Ground Floor, Opposite Prikar House, Cadel Road, Dadar Shivaji Park, Mumbai",https://www.zomato.com/mumbai/the-chimney-factory-dadar-shivaji-park,88f2e7488f8ce771f3b91b3aa7cfec10c2bb1b2a,The Chimney Factory,"
ground floor, 6, S.H.P MARG, opp. VED HOSPITAL, near CATERING COLLEGE, Dadar West, Shivaji Park, Mumbai, Maharashtra 400028","https://www.google.com/maps/place/The+Chimney+Factory/@19.0242691,72.832505,17z/data=!3m1!4b1!4m6!3m5!1s0x3be7cf206c76ec5b:0xe9fec9875da8fd2a!8m2!3d19.0242691!4d72.8350799!16s%2Fg%2F11fj31xx_s?entry=ttu&g_ep=EgoyMDI2MDMxOC4xIKXMDSoASAFQAw%3D%3D",True,False,0x3be7cf206c76ec5b:0xe9fec9875da8fd2a,The Chimney Factory,https://www.zomato.com/mumbai/the-chimney-factory-1-dadar-shivaji-park,e35fc0c6e00aa89648d9b6500f2fd2e3872a799f,"Pushpanjali Building, SVS Road, Chandrakant Dhuru Wadi, Dadar Shivaji Park, Mumbai",19.0242691,72.8350799,,,False,"The Chimney Factory, Pushpanjali Building, SVS Road, Chandrakant Dhuru Wadi, Dadar Shivaji Park, Mumbai"
"G-52, Ground Flood, Runwal Greens, Link Road, Mulund West, Mumbai",https://www.zomato.com/mumbai/eat-play-love-mulund-west,d34f3919c4f21b0542965bdea62cc5b48d4c8bd6,Play Cafe,"
The Playce, Marathon Maxima, LBS Road, Mulund West, beside Sonapur, Signal, Mumbai, Maharashtra 400080","https://www.google.com/maps/place/Play+Cafe/@19.164367,72.9192197,15z/data=!4m10!1m2!2m1!1sEat+Play+Love+G-52,+Ground+Flood,+Runwal+Greens,+Link+Road,+Mulund+West,+Mumbai!3m6!1s0x3be7b9197bd06275:0x1f6daaf0bd43946a!8m2!3d19.164367!4d72.9372441!15sCk9FYXQgUGxheSBMb3ZlIEctNTIsIEdyb3VuZCBGbG9vZCwgUnVud2FsIEdyZWVucywgTGluayBSb2FkLCBNdWx1bmQgV2VzdCwgTXVtYmFpWkwiSmVhdCBwbGF5IGxvdmUgZyA1MiBncm91bmQgZmxvb2QgcnVud2FsIGdyZWVucyBsaW5rIHJvYWQgbXVsdW5kIHdlc3QgbXVtYmFpkgEKcmVzdGF1cmFudOABAA!16s%2Fg%2F11y4ncvnct?entry=ttu&g_ep=EgoyMDI2MDMxOC4xIKXMDSoASAFQAw%3D%3D",False,False,0x3be7b9197bd06275:0x1f6daaf0bd43946a,Eat Play Love,https://www.zomato.com/mumbai/eat-play-love-mulund-west,d34f3919c4f21b0542965bdea62cc5b48d4c8bd6,"G-52, Ground Flood, Runwal Greens, Link Road, Mulund West, Mumbai",19.164367,72.9372441,,,False,"Eat Play Love, G-52, Ground Flood, Runwal Greens, Link Road, Mulund West, Mumbai"
"Shop 7 & 8, Plot 1, Pride CHS, Sector 7, Kharghar, Navi Mumbai",https://www.zomato.com/mumbai/arabian-zaika-kharghar-navi-mumbai,65f9a8d05f2caea711c6bf5fda34f41ed32dc740,Arabian Zaika kharghar,"
shop Pride CHS, 7/8, Plot no 1, Sector 7, Kharghar, Maharashtra 410210","https://www.google.com/maps/place/Arabian+Zaika+kharghar/@19.0374824,73.060534,17z/data=!3m1!4b1!4m6!3m5!1s0x3be7c347c1cacc33:0x79f93d26bc2ea062!8m2!3d19.0374824!4d73.0631089!16s%2Fg%2F11vclwpbqj?entry=ttu&g_ep=EgoyMDI2MDMxOC4xIKXMDSoASAFQAw%3D%3D",True,False,0x3be7c347c1cacc33:0x79f93d26bc2ea062,,,,,,,,,,
"315, Papdy, Vasai, Mumbai",https://www.zomato.com/mumbai/cafe-meet-and-treat-vasai,b59e11ed46fa12b00e63e03782b492aab64cd7f7,MEET & TREAT CAFE(MTC),"
SHOP NO.19, Presidency Plaza, Chatrapati Shivaji Maharaj Chowk, Kombad Pada, Gokul Nagar, Bhiwandi, Bhiwandi Nizampur, Maharashtra 421308","https://www.google.com/maps/place/MEET+%26+TREAT+CAFE(MTC)/@19.3656501,72.7735114,11z/data=!3m1!5s0x3be7bd118dc4e347:0x17aef1c124261b46!4m10!1m2!2m1!1sCafe+Meet+And+Treat+315,+Papdy,+Vasai,+Mumbai!3m6!1s0x3be7bdde0c65e4af:0xe92136a49a99024e!8m2!3d19.305787!4d73.0574812!15sCi1DYWZlIE1lZXQgQW5kIFRyZWF0IDMxNSwgUGFwZHksIFZhc2FpLCBNdW1iYWlaLCIqY2FmZSBtZWV0IGFuZCB0cmVhdCAzMTUgcGFwZHkgdmFzYWkgbXVtYmFpkgEEY2FmZeABAA!16s%2Fg%2F11lwmzbt68?entry=ttu&g_ep=EgoyMDI2MDMxOC4xIKXMDSoASAFQAw%3D%3D",False,False,0x3be7bd118dc4e347:0x17aef1c124261b46,,,,,,,,,,
"Navpada, Chhatrapati Shivaji International Airport Area, IA Project Road, Sakinaka, Mumbai",https://www.zomato.com/mumbai/rassasy-sakinaka,614acb09e7fbf2c547abc3652739945e186e7ee2,Mirasa - Aurika Mumbai International Airport,"
Skycity Skycity, CTS No. 145 A, Chhatrapati Shivaji Maharaj Int'l Airport Rd, near Mumbai International Airport, AAI Colony, Aurika, Andheri East, Mumbai, Maharashtra 400099","https://www.google.com/maps/place/Mirasa+-+Aurika+Mumbai+International+Airport/@19.1033253,72.8267327,14z/data=!4m10!1m2!2m1!1sRassasy+Navpada,+Chhatrapati+Shivaji+International+Airport+Area,+IA+Project+Road,+Sakinaka,+Mumbai!3m6!1s0x3be7c97f64cc09e1:0x4dc3b7b23830e400!8m2!3d19.1033253!4d72.8627816!15sCmJSYXNzYXN5IE5hdnBhZGEsIENoaGF0cmFwYXRpIFNoaXZhamkgSW50ZXJuYXRpb25hbCBBaXJwb3J0IEFyZWEsIElBIFByb2plY3QgUm9hZCwgU2FraW5ha2EsIE11bWJhaVpgIl5yYXNzYXN5IG5hdnBhZGEgY2hoYXRyYXBhdGkgc2hpdmFqaSBpbnRlcm5hdGlvbmFsIGFpcnBvcnQgYXJlYSBpYSBwcm9qZWN0IHJvYWQgc2FraW5ha2EgbXVtYmFpkgEDYmFy4AEA!16s%2Fg%2F11vybgf55d?entry=ttu&g_ep=EgoyMDI2MDMxOC4xIKXMDSoASAFQAw%3D%3D",False,False,0x3be7c97f64cc09e1:0x4dc3b7b23830e400,Rassasy,https://www.zomato.com/mumbai/rassasy-sakinaka,614acb09e7fbf2c547abc3652739945e186e7ee2,"Navpada, Chhatrapati Shivaji International Airport Area, IA Project Road, Sakinaka, Mumbai",,,,,False,"Rassasy, Navpada, Chhatrapati Shivaji International Airport Area, IA Project Road, Sakinaka, Mumbai"
"Shop 4, 5, Pradhan Building, Acharya Donde Marg, Parel, Mumbai",https://www.zomato.com/mumbai/ruchi-veg-restaurant-parel,08971e8ce4cf46fbacb6a0fe69d50e8fe9ef7d6e,Ruchi Veg Restaurant,"
New Pradhan Building, Acharya Donde Marg, opposite Childrens Wadia Hospital, Parel East, Parel, Mumbai, Maharashtra 400012","https://www.google.com/maps/place/Ruchi+Veg+Restaurant/@19.0044894,72.8381934,17z/data=!3m1!4b1!4m6!3m5!1s0x3be7cee590ef29c7:0x3defc1d062744658!8m2!3d19.0044894!4d72.8407683!16s%2Fg%2F11xp72pk0m?entry=ttu&g_ep=EgoyMDI2MDMxOC4xIKXMDSoASAFQAw%3D%3D",True,False,0x3be7cee590ef29c7:0x3defc1d062744658,Ruchi Veg Restaurant,https://www.zomato.com/mumbai/ruchi-veg-restaurant-parel,08971e8ce4cf46fbacb6a0fe69d50e8fe9ef7d6e,"Shop 4, 5, Pradhan Building, Acharya Donde Marg, Parel, Mumbai",19.0044894,72.8407683,,,False,"Ruchi Veg Restaurant, Shop 4, 5, Pradhan Building, Acharya Donde Marg, Parel, Mumbai"
"Plot 114, Shop 2, Shri Krishna Nagar, Borivali East, Mumbai",https://www.zomato.com/mumbai/saffron-lassi-borivali-east,39474148693f72d519b1dfbb275376e30c99453b,Shri Krishna Nagar,,"https://www.google.com/maps/place/Shri+Krishna+Nagar,+Sri+Krishna+Nagar,+Borivali+East,+Mumbai,+Maharashtra+400066/@19.2340876,72.8652871,17z/data=!3m1!4b1!4m10!1m2!2m1!1sSaffron+Lassi+Plot+114,+Shop+2,+Shri+Krishna+Nagar,+Borivali+East,+Mumbai!3m6!1s0x3be7b0c57b6c9afd:0x1c2f507fa982c46a!8m2!3d19.2330726!4d72.8659481!15sCklTYWZmcm9uIExhc3NpIFBsb3QgMTE0LCBTaG9wIDIsIFNocmkgS3Jpc2huYSBOYWdhciwgQm9yaXZhbGkgRWFzdCwgTXVtYmFpkgEMc3VibG9jYWxpdHkz4AEA!16s%2Fg%2F1pty7r4qk?entry=ttu&g_ep=EgoyMDI2MDMxOC4xIKXMDSoASAFQAw%3D%3D",False,False,0x3be7b0c57b6c9afd:0x1c2f507fa982c46a,,,,,,,,,,
"Shop 02, Crescent Business Square, Kherani Road, Sakinaka, Mumbai",https://www.zomato.com/mumbai/aamchi-mumbai-burger-1-sakinaka,401ad945caa1a7bcdd839185734bbffda147f776,Aamchi Mumbai Burger,"
Shop No: 2, Crescent Business Square, Khairani Rd, opposite Andheri East, Subhash Nagar, Mohili, Saki Naka, Mumbai, Maharashtra 400084","https://www.google.com/maps/place/Aamchi+Mumbai+Burger/@19.0994348,72.8952665,17z/data=!3m1!4b1!4m6!3m5!1s0x3be7c9437c9300cd:0x172b6b16ca2cfe34!8m2!3d19.0994348!4d72.8978414!16s%2Fg%2F11rw7csltz?entry=ttu&g_ep=EgoyMDI2MDMxOC4xIKXMDSoASAFQAw%3D%3D",True,False,0x3be7c9437c9300cd:0x172b6b16ca2cfe34,Aamchi Mumbai Burger,https://www.zomato.com/mumbai/aamchi-mumbai-burger-1-sakinaka,401ad945caa1a7bcdd839185734bbffda147f776,"Shop 02, Crescent Business Square, Kherani Road, Sakinaka, Mumbai",19.0994348,72.89784139999999,,,False,"Aamchi Mumbai Burger, Shop 02, Crescent Business Square, Kherani Road, Sakinaka, Mumbai"
"Unit 1A, Shed 3, Saroji, Estate Hanuman Silk Mill Compound, Kanjur Marg West, Vikhroli, Mumbai",https://www.zomato.com/mumbai/maharashtriya-mamledar-misal-restaurant-vikhroli,38d82ddf7301ae368c59384b360b52ac3cd4a8bf,Mamledar Misal,"
Wing A, Lal Bahadur Shastri Marg, Laxmi Udyog Nagar, Kanjurmarg West, Bhandup West, Mumbai, Maharashtra 400078","https://www.google.com/maps/place/Mamledar+Misal/@19.1282816,72.9237629,17z/data=!3m1!4b1!4m6!3m5!1s0x3be7c78c43e4f95b:0x6b101f918cf81e8a!8m2!3d19.1282816!4d72.9263378!16s%2Fg%2F11c59xmmbs?entry=ttu&g_ep=EgoyMDI2MDMxOC4xIKXMDSoASAFQAw%3D%3D",False,False,0x3be7c78c43e4f95b:0x6b101f918cf81e8a,Maharashtriya Mamledar Misal Restaurant,https://www.zomato.com/mumbai/maharashtriya-mamledar-misal-restaurant-vikhroli,38d82ddf7301ae368c59384b360b52ac3cd4a8bf,"Unit 1A, Shed 3, Saroji, Estate Hanuman Silk Mill Compound, Kanjur Marg West, Vikhroli, Mumbai",19.1282816,72.9263378,,,False,"Maharashtriya Mamledar Misal Restaurant, Unit 1A, Shed 3, Saroji, Estate Hanuman Silk Mill Compound, Kanjur Marg West, Vikhroli, Mumbai"
"Shop 3, ZA Tower, Near Lifeline Medical, Yari Road, Versova, Andheri West, Mumbai",https://www.zomato.com/mumbai/elomis-kitchen-1-versova,4ea8eb9ab3a5584a8b7ee9250a8a364453b3d13d,Life Line Medical & General Stores,"
Shop No. C, Building, Kalyan Complex, 2 & 3, Yari Rd, Zohra Agadi Nagar, Versova, Andheri West, Mumbai, Maharashtra 400061","https://www.google.com/maps/place/Life+Line+Medical+%26+General+Stores/@19.1384891,72.8056248,17z/data=!4m10!1m2!2m1!1sElomi's+Kitchen+Shop+3,+ZA+Tower,+Near+Lifeline+Medical,+Yari+Road,+Versova,+Andheri+West,+Mumbai!3m6!1s0x3be7b6093a8dbc3b:0x50f2343c3e1eaddb!8m2!3d19.1384891!4d72.8101309!15sCmFFbG9taSdzIEtpdGNoZW4gU2hvcCAzLCBaQSBUb3dlciwgTmVhciBMaWZlbGluZSBNZWRpY2FsLCBZYXJpIFJvYWQsIFZlcnNvdmEsIEFuZGhlcmkgV2VzdCwgTXVtYmFpWl0iW2Vsb21pJ3Mga2l0Y2hlbiBzaG9wIDMgemEgdG93ZXIgbmVhciBsaWZlbGluZSBtZWRpY2FsIHlhcmkgcm9hZCB2ZXJzb3ZhIGFuZGhlcmkgd2VzdCBtdW1iYWmSAQhwaGFybWFjeeABAA!16s%2Fg%2F1thtblnb?entry=ttu&g_ep=EgoyMDI2MDMxOC4xIKXMDSoASAFQAw%3D%3D",False,False,0x3be7b6093a8dbc3b:0x50f2343c3e1eaddb,,,,,,,,,,
"Shop 07, Plot 03, Coral Crest CHS, Sector 23, Nerul, Navi Mumbai",https://www.zomato.com/mumbai/food-quarter-nerul-navi-mumbai,1643f46494c6767be87fd6e8f95e396a8ec30f7e,Food Quarter Nerul,"
Shop no.: 7, CORAL CREST CO-OPERATIVE HOUSING SOCIETY, Plot no.: 3, Nerul East, Sector 23, Nerul(E, Navi Mumbai, Maharashtra 400706","https://www.google.com/maps/place/Food+Quarter+Nerul/@19.029537,73.0156194,17z/data=!3m1!4b1!4m6!3m5!1s0x3be7c3039aa8d8e1:0xa69a04f7be8dc63a!8m2!3d19.029537!4d73.0181943!16s%2Fg%2F11rd8tw3bq?entry=ttu&g_ep=EgoyMDI2MDMxOC4xIKXMDSoASAFQAw%3D%3D",True,False,0x3be7c3039aa8d8e1:0xa69a04f7be8dc63a,,,,,,,,,,
"Shop 7, Ground Floor, Maruti Vihar CHS Limited, Sector 28, Vashi, Navi Mumbai",https://www.zomato.com/mumbai/baithack-taste-of-kulhad-vashi-navi-mumbai,b5698fd6184ea983007df00165aa9f532724baf4,BAITHACK VASHI - TASTE OF KULHAD,"
Shop No. 7, Maruti Vihar CHS, Plot No. 65, Sector 28, Vashi, Navi Mumbai, Maharashtra 400703","https://www.google.com/maps/place/BAITHACK+VASHI+-+TASTE+OF+KULHAD/@19.0896776,73.0045798,17z/data=!3m1!4b1!4m6!3m5!1s0x3be7c1d2303cfc4d:0xdd4624dadcc6c1a5!8m2!3d19.0896776!4d73.0071547!16s%2Fg%2F11xdhddv39?entry=ttu&g_ep=EgoyMDI2MDMxOC4xIKXMDSoASAFQAw%3D%3D",False,False,0x3be7c1d2303cfc4d:0xdd4624dadcc6c1a5,Baithack - Taste Of Kulhad,https://www.zomato.com/mumbai/baithack-taste-of-kulhad-vashi-navi-mumbai,b5698fd6184ea983007df00165aa9f532724baf4,"Shop 7, Ground Floor, Maruti Vihar CHS Limited, Sector 28, Vashi, Navi Mumbai",19.0896776,73.0071547,,,False,"Baithack - Taste Of Kulhad, Shop 7, Ground Floor, Maruti Vihar CHS Limited, Sector 28, Vashi, Navi Mumbai"
"8-101, RB Mehta Marg, Sindhu Wadi, Ghatkopar East, Mumbai",https://www.zomato.com/mumbai/patel-juice-centre-ghatkopar-east,ad0017fc8df38d62475569c10712cdbd20b52c61,PATEL JUICE CENTER,"
Vikrant Building, RB Mehta Rd, opp. Deep Bhuvan, Sindhu Wadi, Ghatkopar East, Mumbai, Maharashtra 400077","https://www.google.com/maps/place/PATEL+JUICE+CENTER/@19.075327,72.9009303,17z/data=!3m1!4b1!4m6!3m5!1s0x3be7c62fb5a280e9:0xfe0e9498c7b81b1e!8m2!3d19.075327!4d72.9035052!16s%2Fg%2F11cky6hkwt?entry=ttu&g_ep=EgoyMDI2MDMxOC4xIKXMDSoASAFQAw%3D%3D",False,False,0x3be7c62fb5a280e9:0xfe0e9498c7b81b1e,New Patel Juices & Fast Food,https://www.zomato.com/mumbai/new-patel-juices-fast-food-ghatkopar-east,5dc65f3126578fbfbaf6bc32698b487e2f237dfc,"Aarey Sarita Center 65, Garodia Nagar, Ghatkopar East, Mumbai",19.075327,72.9035052,,,False,"New Patel Juices & Fast Food, Aarey Sarita Center 65, Garodia Nagar, Ghatkopar East, Mumbai"
"8-101, RB Mehta Marg, Sindhu Wadi, Ghatkopar East, Mumbai",https://www.zomato.com/mumbai/patel-juice-centre-ghatkopar-east,ad0017fc8df38d62475569c10712cdbd20b52c61,PATEL JUICE CENTER,"
Vikrant Building, RB Mehta Rd, opp. Deep Bhuvan, Sindhu Wadi, Ghatkopar East, Mumbai, Maharashtra 400077","https://www.google.com/maps/place/PATEL+JUICE+CENTER/@19.075327,72.9009303,17z/data=!3m1!4b1!4m6!3m5!1s0x3be7c62fb5a280e9:0xfe0e9498c7b81b1e!8m2!3d19.075327!4d72.9035052!16s%2Fg%2F11cky6hkwt?entry=ttu&g_ep=EgoyMDI2MDMxOC4xIKXMDSoASAFQAw%3D%3D",False,False,0x3be7c62fb5a280e9:0xfe0e9498c7b81b1e,Patel Juice Centre,https://www.zomato.com/mumbai/patel-juice-centre-ghatkopar-east,ad0017fc8df38d62475569c10712cdbd20b52c61,"8-101, RB Mehta Marg, Sindhu Wadi, Ghatkopar East, Mumbai",,,,,False,"Patel Juice Centre, 8-101, RB Mehta Marg, Sindhu Wadi, Ghatkopar East, Mumbai"
"19, Silver Brich, Swapna Nagry, Opposite Sardar Garden, Mulund West, Mumbai",https://www.zomato.com/mumbai/punjab-d-lassi-mulund-west,3cf8115b75a22729fb8b430fef9ad3bbb7e2fce4,Silver Birch,,"https://www.google.com/maps/place/Silver+Birch,+Agrawal+Rd,+near+Kartik+Juice+Center,+Swapna+Nagari,+Nirmal+Nagar,+Mulund+West,+Mumbai,+Maharashtra+400080/@19.1808327,72.9393666,17z/data=!3m1!4b1!4m10!1m2!2m1!1sPunjab+D+Lassi+19,+Silver+Brich,+Swapna+Nagry,+Opposite+Sardar+Garden,+Mulund+West,+Mumbai!3m6!1s0x3be7b8536f8920d5:0xc710dce10955aa14!8m2!3d19.1808327!4d72.9393666!15sCltQdW5qYWIgRCBMYXNzaSAxOSwgU2lsdmVyIEJpcmNoLCBTd2FwbmEgTmFnYXJpLCBPcHBvc2l0ZSBTYXJkYXIgR2FyZGVuLCBNdWx1bmQgV2VzdCwgTXVtYmFpkgEfbXVsdGlfdW5pdF9yZXNpZGVudGlhbF9idWlsZGluZ-ABAA!16s%2Fg%2F11mcy957sj?entry=ttu&g_ep=EgoyMDI2MDMxOC4xIKXMDSoASAFQAw%3D%3D",False,False,0x3be7b8536f8920d5:0xc710dce10955aa14,,,,,,,,,,
"Jamnalal Bajaj Marg, Nariman Point, Mumbai",https://www.zomato.com/mumbai/aadis-corner-nariman-point,2736c2a77e542bba03e5d2756f0f66e66f2679a1,Aadi's Corner,"
164, Free Press Journal Marg, Nariman Point, Mumbai, Maharashtra 400021","https://www.google.com/maps/place/Aadi's+Corner/@18.9248342,72.8224261,17z/data=!3m1!4b1!4m6!3m5!1s0x3be7d1836aa29cff:0xb2461ff471e5500!8m2!3d18.9248342!4d72.825001!16s%2Fg%2F11j337mh2l?entry=ttu&g_ep=EgoyMDI2MDMxOC4xIKXMDSoASAFQAw%3D%3D",True,False,0x3be7d1836aa29cff:0xb2461ff471e5500,,,,,,,,,,
"Shop 1, Ground Floor, Indraprastha Vyapari Sankul Co Op Soc Ltd, Tilak Nagar, Opp Sahkar Cinema, Chembur, Ghatkopar East, Mumbai",https://www.zomato.com/mumbai/subhedar-misal-ghatkopar-east,8a9ace231ccd62aa7c7c59fa0bce144a5c5bd7fd,Puneri Misal House,"
Tiwari Chawl, opposite Disha Hospital, Subhash Nagar, Mohili, Ghatkopar West, Mumbai, Maharashtra 400084","https://www.google.com/maps/place/Puneri+Misal+House/@19.0946113,72.8620338,14z/data=!4m10!1m2!2m1!1sSubhedar+Misal+Shop+1,+Ground+Floor,+Indraprastha+Vyapari+Sankul+Co+Op+Soc+Ltd,+Tilak+Nagar,+Opp+Sahkar+Cinema,+Chembur,+Ghatkopar+East,+Mumbai!3m6!1s0x3be7c93ac009ac17:0x70f29006510fe582!8m2!3d19.0946113!4d72.8980827!15sCo8BU3ViaGVkYXIgTWlzYWwgU2hvcCAxLCBHcm91bmQgRmxvb3IsIEluZHJhcHJhc3RoYSBWeWFwYXJpIFNhbmt1bCBDbyBPcCBTb2MgTHRkLCBUaWxhayBOYWdhciwgT3BwIFNhaGthciBDaW5lbWEsIENoZW1idXIsIEdoYXRrb3BhciBFYXN0LCBNdW1iYWlaiwEiiAFzdWJoZWRhciBtaXNhbCBzaG9wIDEgZ3JvdW5kIGZsb29yIGluZHJhcHJhc3RoYSB2eWFwYXJpIHNhbmt1bCBjbyBvcCBzb2MgbHRkIHRpbGFrIG5hZ2FyIG9wcCBzYWhrYXIgY2luZW1hIGNoZW1idXIgZ2hhdGtvcGFyIGVhc3QgbXVtYmFpkgEUZmFzdF9mb29kX3Jlc3RhdXJhbnTgAQA!16s%2Fg%2F11h27yt_9r?entry=ttu&g_ep=EgoyMDI2MDMxOC4xIKXMDSoASAFQAw%3D%3D",False,False,0x3be7c93ac009ac17:0x70f29006510fe582,,,,,,,,,,
"Shop 3, 5, 6, Plot A/5, Bmc Market, Mhada Payout, Veera Desai Road, Azad Nagar, Mumbai",https://www.zomato.com/mumbai/springold-the-luxury-cafe-azad-nagar,806277d9be4086f19a35ee138a02fb9270c95511,Springold The Luxury Cafe,"
Shop No 3,4,6 Ground flr, Empire Building, Veera Desai Rd, inside Andheri Cha Raja gate, Mhada Colony, Azad Nagar, Andheri West, Mumbai, Maharashtra 400053","https://www.google.com/maps/place/Springold+The+Luxury+Cafe/@19.1296443,72.8343462,17z/data=!3m1!4b1!4m6!3m5!1s0x3be7b62788cb5a15:0x951ecadebcd78eca!8m2!3d19.1296443!4d72.8369211!16s%2Fg%2F11f2scy4vs?entry=ttu&g_ep=EgoyMDI2MDMxOC4xIKXMDSoASAFQAw%3D%3D",False,False,0x3be7b62788cb5a15:0x951ecadebcd78eca,,,,,,,,,,
"Shop 11, Plot 4/6, Ground Floor, Seawoods Garden CHS, Sector 17, Zone 4, Palm Beach Road, Sanpada, Navi Mumbai",https://www.zomato.com/mumbai/baithack-taste-of-kulhad-sanpada-navi-mumbai,827e9e31b82f447bd428adfae6dca089b82ef6c6,Baithack -Taste of Kulhad Sanpada,"
Seawoods Garden, Sector 17, Sanpada, Navi Mumbai, Maharashtra 400705","https://www.google.com/maps/place/Baithack+-Taste+of+Kulhad+Sanpada/@19.0582616,73.0004319,17z/data=!3m1!4b1!4m6!3m5!1s0x3be7c1b74aadf193:0x5c03970a2d495b70!8m2!3d19.0582616!4d73.0030068!16s%2Fg%2F11mz0wsyn9?entry=ttu&g_ep=EgoyMDI2MDMxOC4xIKXMDSoASAFQAw%3D%3D",False,False,0x3be7c1b74aadf193:0x5c03970a2d495b70,Baithack - Taste Of Kulhad,https://www.zomato.com/mumbai/baithack-taste-of-kulhad-sanpada-navi-mumbai,827e9e31b82f447bd428adfae6dca089b82ef6c6,"Shop 11, Plot 4/6, Ground Floor, Seawoods Garden CHS, Sector 17, Zone 4, Palm Beach Road, Sanpada, Navi Mumbai",19.0582616,73.0030068,,,False,"Baithack - Taste Of Kulhad, Shop 11, Plot 4/6, Ground Floor, Seawoods Garden CHS, Sector 17, Zone 4, Palm Beach Road, Sanpada, Navi Mumbai"
"Shop 9⁄10, Park Paradise Building, Opposite Green Park, Oshiwara, Andheri West, Mumbai",https://www.zomato.com/mumbai/only-parathas-2-oshiwara,a9a8654e1e133ecbd5a9a2897666cc99ed892d56,Natural paratha,"
Room no 720 1st floor aadarash nagar, New Link Rd, Andheri, Lokhandwala Complex, Andheri West, Mumbai, Maharashtra 400102","https://www.google.com/maps/place/Natural+paratha/@19.1443007,72.7959381,14z/data=!4m10!1m2!2m1!1sOnly+Parathas+Shop+9%E2%81%8410,+Park+Paradise+Building,+Opposite+Green+Park,+Oshiwara,+Andheri+West,+Mumbai!3m6!1s0x3be7b7281c45e099:0x405b3e6c8468a8f!8m2!3d19.1443007!4d72.831987!15sCmZPbmx5IFBhcmF0aGFzIFNob3AgOeKBhDEwLCBQYXJrIFBhcmFkaXNlIEJ1aWxkaW5nLCBPcHBvc2l0ZSBHcmVlbiBQYXJrLCBPc2hpd2FyYSwgQW5kaGVyaSBXZXN0LCBNdW1iYWlaZSJjb25seSBwYXJhdGhhcyBzaG9wIDkg4oGEIDEwIHBhcmsgcGFyYWRpc2UgYnVpbGRpbmcgb3Bwb3NpdGUgZ3JlZW4gcGFyayBvc2hpd2FyYSBhbmRoZXJpIHdlc3QgbXVtYmFpkgEUZmFzdF9mb29kX3Jlc3RhdXJhbnTgAQA!16s%2Fg%2F11k5k67l1h?entry=ttu&g_ep=EgoyMDI2MDMxOC4xIKXMDSoASAFQAw%3D%3D",False,False,0x3be7b7281c45e099:0x405b3e6c8468a8f,Only Parathas,https://www.zomato.com/mumbai/only-parathas-2-oshiwara,a9a8654e1e133ecbd5a9a2897666cc99ed892d56,"Shop 9⁄10, Park Paradise Building, Opposite Green Park, Oshiwara, Andheri West, Mumbai",19.1443007,72.831987,,,False,"Only Parathas, Shop 9⁄10, Park Paradise Building, Opposite Green Park, Oshiwara, Andheri West, Mumbai"
"Ajivasan Hall, Juhu Road, Near S.N.D.T Collage, Santacruz West, Mumbai",https://www.zomato.com/mumbai/first-nutrition-cafe-santacruz-west,428063dce2435cc6cbcb298d4c009efd5af6aabb,First Nutrition cafe,"
Billabong school, Juhu Tara Rd, near by Ajivasan Sounds, MR Society, Daulat Nagar, Juhu, Mumbai, Maharashtra 400049","https://www.google.com/maps/place/First+Nutrition+cafe/@19.0863809,72.828633,17z/data=!3m1!4b1!4m6!3m5!1s0x3be7c9caa7286ded:0xab7ba8361beb502d!8m2!3d19.0863809!4d72.8312079!16s%2Fg%2F11sryz2nzv?entry=ttu&g_ep=EgoyMDI2MDMxOC4xIKXMDSoASAFQAw%3D%3D",True,False,0x3be7c9caa7286ded:0xab7ba8361beb502d,First Nutrition Cafe,https://www.zomato.com/mumbai/first-nutrition-cafe-santacruz-west,428063dce2435cc6cbcb298d4c009efd5af6aabb,"Ajivasan Hall, Juhu Road, Near S.N.D.T Collage, Santacruz West, Mumbai",,,,,False,"First Nutrition Cafe, Ajivasan Hall, Juhu Road, Near S.N.D.T Collage, Santacruz West, Mumbai"
"Kokilaben Dhirubhai Ambani Hospital, Rao Saheb Achutrao Patwardhan Marg, 4 Bungalows, Mumbai",https://www.zomato.com/mumbai/costa-coffee-4-bungalows,2060d38d4d34f546d4d25d37bbb35575bc9320c9,Costa Coffee,"
Rao Saheb, Rao Saheb Achutrao Patwardhan Marg, Four Bungalows, Andheri West, Mumbai, Maharashtra 400053","https://www.google.com/maps/place/Costa+Coffee/@19.1312882,72.8202624,17z/data=!4m10!1m2!2m1!1sCosta+Coffee+Kokilaben+Dhirubhai+Ambani+Hospital,+Rao+Saheb+Achutrao+Patwardhan+Marg,+4+Bungalows,+Mumbai!3m6!1s0x3be7b7d2dc477fff:0x8a94d364dcf9cde8!8m2!3d19.1312882!4d72.8247685!15sCmlDb3N0YSBDb2ZmZWUgS29raWxhYmVuIERoaXJ1YmhhaSBBbWJhbmkgSG9zcGl0YWwsIFJhbyBTYWhlYiBBY2h1dHJhbyBQYXR3YXJkaGFuIE1hcmcsIDQgQnVuZ2Fsb3dzLCBNdW1iYWkiA4gBAVpoImZjb3N0YSBjb2ZmZWUga29raWxhYmVuIGRoaXJ1YmhhaSBhbWJhbmkgaG9zcGl0YWwgcmFvIHNhaGViIGFjaHV0cmFvIHBhdHdhcmRoYW4gbWFyZyA0IGJ1bmdhbG93cyBtdW1iYWmSAQtjb2ZmZWVfc2hvcOABAA!16s%2Fg%2F11x6c0qgjq?entry=ttu&g_ep=EgoyMDI2MDMxOC4xIKXMDSoASAFQAw%3D%3D",True,False,0x3be7b7d2dc477fff:0x8a94d364dcf9cde8,Costa Coffee,https://www.zomato.com/mumbai/costa-coffee-4-bungalows,2060d38d4d34f546d4d25d37bbb35575bc9320c9,"Kokilaben Dhirubhai Ambani Hospital, Rao Saheb Achutrao Patwardhan Marg, 4 Bungalows, Mumbai",19.1312882,72.82476849999999,,,False,"Costa Coffee, Kokilaben Dhirubhai Ambani Hospital, Rao Saheb Achutrao Patwardhan Marg, 4 Bungalows, Mumbai"
"Shop B-1, Survey 3DB-423, Ground Floor, Gagangiri Prem CHS LTD, Carter Road, Bandra West, Mumbai",https://www.zomato.com/mumbai/california-coffee-cafe-tea-leaves-carter-road-bandra-west,43814d1c2efc58f1074f9d790aaf65c8949c9c4f,California Coffee Café & Tea Leaves,"
Shop B- 1, Gagangiri Premises CHS Ltd, Off Carter Rd, Khar, Union Park, Pali Hill, Mumbai, Maharashtra 400052","https://www.google.com/maps/place/California+Coffee+Caf%C3%A9+%26+Tea+Leaves/@19.0707945,72.8208625,17z/data=!3m1!4b1!4m6!3m5!1s0x3be7c9b980a9b50d:0xa14e759f1578e613!8m2!3d19.0707945!4d72.8234374!16s%2Fg%2F11rkmgdh72?entry=ttu&g_ep=EgoyMDI2MDMxOC4xIKXMDSoASAFQAw%3D%3D",False,False,0x3be7c9b980a9b50d:0xa14e759f1578e613,,,,,,,,,,
"Shop 28, Ground Floor, D Wing, JP North Barcelona, Vinay Nagar, Zone 4, Mira Road, Mumbai",https://www.zomato.com/mumbai/baithack-taste-of-kulhad-1-mira-road,38b19db97625c49d35111a0fa411db8c9c1fc757,"Baithack - Taste of Kulhad, Ramdev Park, Mira Bhayander","
SHOP NO. 20, GROUND FLOOR, KRISHNA DHAM, MUNICIPAL CORPORATION, Ramdev Park Rd, near HARIOM JAIRAJ REGAL, ZONE 2, Mira Road East, Thane, Mira Bhayandar, Maharashtra 401105","https://www.google.com/maps/place/Baithack+-+Taste+of+Kulhad,+Ramdev+Park,+Mira+Bhayander/@19.3007258,72.8712839,17z/data=!3m1!4b1!4m6!3m5!1s0x3be7b1f9471c88a5:0xe2ac7fa3caaa0952!8m2!3d19.3007258!4d72.8738588!16s%2Fg%2F11xw4tc567?entry=ttu&g_ep=EgoyMDI2MDMxOC4xIKXMDSoASAFQAw%3D%3D",True,False,0x3be7b1f9471c88a5:0xe2ac7fa3caaa0952,Baithack - Taste Of Kulhad,https://www.zomato.com/mumbai/baithack-taste-of-kulhad-1-mira-road,38b19db97625c49d35111a0fa411db8c9c1fc757,"Shop 28, Ground Floor, D Wing, JP North Barcelona, Vinay Nagar, Zone 4, Mira Road, Mumbai",,,,,False,"Baithack - Taste Of Kulhad, Shop 28, Ground Floor, D Wing, JP North Barcelona, Vinay Nagar, Zone 4, Mira Road, Mumbai"
"Plot 57, Shop 12 & 13, Gangotri CHS, Borivali West, Mumbai",https://www.zomato.com/mumbai/kitchen-by-double-door-borivali-west,611e6d8a9ad3a0915ff02278cf36c218e71aff20,Kitchen by Double Door,"
Shop No 12 & 13, Gangotri CHS, Plot No.57, nr. Gorai Road, Gorai 2, Borivali, W, Mumbai, Maharashtra 400091","https://www.google.com/maps/place/Kitchen+by+Double+Door/@19.2326495,72.823636,17z/data=!3m1!4b1!4m6!3m5!1s0x3be7b1dc74b6bc87:0x3aba7ff682a6375!8m2!3d19.2326495!4d72.8262109!16s%2Fg%2F11sz2s5k6k?entry=ttu&g_ep=EgoyMDI2MDMxOC4xIKXMDSoASAFQAw%3D%3D",True,False,0x3be7b1dc74b6bc87:0x3aba7ff682a6375,Kitchen By Double Door,https://www.zomato.com/mumbai/kitchen-by-double-door-borivali-west,611e6d8a9ad3a0915ff02278cf36c218e71aff20,"Plot 57, Shop 12 & 13, Gangotri CHS, Borivali West, Mumbai",19.2326495,72.82621089999999,,,False,"Kitchen By Double Door, Plot 57, Shop 12 & 13, Gangotri CHS, Borivali West, Mumbai"
"Shop 1, Noori Baug, A. K Road, Marol Andheri, Chakala, Mumbai",https://www.zomato.com/mumbai/al-nizami-darbar-restaurant-chakala,288ccbf46c0c1eca173892bcdf60082c109a04c0,Kitchen by Double Door,"
HOTEL, SHOP NO 1, NOORI BAUG, near NOVOTEL, Marol, Andheri East, Mumbai, Maharashtra 400059","https://www.google.com/maps/place/AL+NIZAMI+DARBAR/@19.1098262,72.8729238,17z/data=!3m2!4b1!5s0x3be7b886df6f97e5:0x36226500fbec3402!4m6!3m5!1s0x3be7c9f826d5e73d:0x4dc34a997590993a!8m2!3d19.1098262!4d72.8754987!16s%2Fg%2F11vplxt10r?entry=ttu&g_ep=EgoyMDI2MDMxOC4xIKXMDSoASAFQAw%3D%3D",False,False,0x3be7b886df6f97e5:0x36226500fbec3402,,,,,,,,,,
"Shop 8, Ward-K/E, Sau Baug, Salim Estate, Cooperatives Industries Estate Road, Marol, Mumbai",https://www.zomato.com/mumbai/carters-blue-marol,8c03bf7c9ffacefd387a26e245f30c47cff613c3,Carters Blue,"
Co-op Ind Road, Shop No.8 Salim Estate, Sag Baug, Marol, Andheri East, Mumbai, Maharashtra 400059","https://www.google.com/maps/place/Carters+Blue/@19.1118789,72.8498571,14z/data=!4m10!1m2!2m1!1sCarter's+Blue+Shop+8,+Ward-K%2FE,+Sau+Baug,+Salim+Estate,+Cooperatives+Industries+Estate+Road,+Marol,+Mumbai!3m6!1s0x3be7c97a6bca793f:0xb079ba2fb45d293a!8m2!3d19.1089107!4d72.8842405!15sCmlDYXJ0ZXIncyBCbHVlIFNob3AgOCwgV2FyZC1LL0UsIFNhdSBCYXVnLCBTYWxpbSBFc3RhdGUsIENvb3BlcmF0aXZlIEluZHVzdHJpYWwgRXN0YXRlIFJvYWQsIE1hcm9sLCBNdW1iYWlaZSJjY2FydGVyJ3MgYmx1ZSBzaG9wIDggd2FyZCBrIGUgc2F1IGJhdWcgc2FsaW0gZXN0YXRlIGNvb3BlcmF0aXZlIGluZHVzdHJpYWwgZXN0YXRlIHJvYWQgbWFyb2wgbXVtYmFpkgEKcmVzdGF1cmFudOABAA!16s%2Fg%2F11x6r3lcrb?entry=ttu&g_ep=EgoyMDI2MDMxOC4xIKXMDSoASAFQAw%3D%3D",False,False,0x3be7c97a6bca793f:0xb079ba2fb45d293a,Carter's Blue,https://www.zomato.com/mumbai/carters-blue-marol,8c03bf7c9ffacefd387a26e245f30c47cff613c3,"Shop 8, Ward-K/E, Sau Baug, Salim Estate, Cooperatives Industries Estate Road, Marol, Mumbai",19.1089107,72.88424049999999,,,False,"Carter's Blue, Shop 8, Ward-K/E, Sau Baug, Salim Estate, Cooperatives Industries Estate Road, Marol, Mumbai"
"Shop 6, Ostwal Kiran Co Operative Housing Society, Opposite Bharat Petroleum, Mira Road, Mumbai",https://www.zomato.com/mumbai/slush-mira-road,e0e0c64676183a2a66fd7eca6cdb1194a92ef880,Co Operative Housing Society,,"https://www.google.com/maps/place/Co+Operative+Housing+Society,+Gaurav+Galaxy,+Mira+Road+East,+Mira+Bhayandar,+Maharashtra+401107/@19.2761945,72.8713183,17z/data=!3m1!4b1!4m10!1m2!2m1!1sSlush+Shop+6,+Ostwal+Kiran+Co+Operative+Housing+Society,+Opposite+Bharat+Petroleum,+Mira+Road,+Mumbai!3m6!1s0x3be7b05c4ffc01b1:0x5072cc907befff01!8m2!3d19.2760784!4d72.8715433!15sCmVTbHVzaCBTaG9wIDYsIE9zdHdhbCBLaXJhbiBDbyBPcGVyYXRpdmUgSG91c2luZyBTb2NpZXR5LCBPcHBvc2l0ZSBCaGFyYXQgUGV0cm9sZXVtLCBNaXJhIFJvYWQsIE11bWJhaSIDiAEBkgEMbmVpZ2hib3Job29k4AEA!16s%2Fg%2F11c5_nrr6n?entry=ttu&g_ep=EgoyMDI2MDMxOC4xIKXMDSoASAFQAw%3D%3D",False,False,0x3be7b05c4ffc01b1:0x5072cc907befff01,,,,,,,,,,
"Shop 2, Ground Floor, Vallabh Vihar Buildong, Opposite Kotak Mahindra Bank, M.G Road, Ghatkopar East, Mumbai",https://www.zomato.com/mumbai/monopoly-1-ghatkopar-east,f48f5a76e1d50d66d1854a3d432f7c6f7828bf4a,Kotak Mahindra Bank,"
Bedeshwar Building, 31, Mahatma Gandhi Rd, next to Tribhovandas Bhimji Zaveri Showroom, Raja Wadi, Maheshwar Nagar, Sindhu Wadi, Ghatkopar East, MumbaiMaharashtra, Mumbai, Maharashtra 400077","https://www.google.com/maps/place/Kotak+Mahindra+Bank/@19.0790795,72.9016602,17z/data=!3m1!4b1!4m6!3m5!1s0x3be7c9a822d9be83:0x24526de38a2130c5!8m2!3d19.0790795!4d72.9042351!16s%2Fg%2F1pxw2q784?entry=ttu&g_ep=EgoyMDI2MDMxOC4xIKXMDSoASAFQAw%3D%3D",False,False,0x3be7c9a822d9be83:0x24526de38a2130c5,,,,,,,,,,
"Q 1, Shop 12, Govandi, Shivaji Nagar, Ghatkopar East, Mumbai",https://www.zomato.com/mumbai/natures-fresh-juice-fast-food-corner-ghatkopar-east,e7cc57bd8c3c194ea95753ac957a4149fb3c3260,Nature's Fresh Juice Corner,"
Plot. No. 12/Q, 12, Na, 1, Govandi Rd, Govandi Slums, Govandi West, Phase 1, Shivaji Nagar, Mumbai, Maharashtra 400043","https://www.google.com/maps/place/Nature's+Fresh+Juice+Corner/@19.0631875,72.9172376,17z/data=!3m1!4b1!4m6!3m5!1s0x3be7c614dbdb0001:0xed7313df88b7df5!8m2!3d19.0631875!4d72.9198125!16s%2Fg%2F11shd0vzjh?entry=ttu&g_ep=EgoyMDI2MDMxOC4xIKXMDSoASAFQAw%3D%3D",False,False,0x3be7c614dbdb0001:0xed7313df88b7df5,Natures Fresh Juice & Fast Food Corner,https://www.zomato.com/mumbai/natures-fresh-juice-fast-food-corner-ghatkopar-east,e7cc57bd8c3c194ea95753ac957a4149fb3c3260,"Q 1, Shop 12, Govandi, Shivaji Nagar, Ghatkopar East, Mumbai",19.0631875,72.91981249999999,,,False,"Natures Fresh Juice & Fast Food Corner, Q 1, Shop 12, Govandi, Shivaji Nagar, Ghatkopar East, Mumbai"
"Shop 3, Building 2, Karimabad CHS, Imamwada, Umerkhadi, Chinchbunder, Mohammad Ali Road, Mumbai",https://www.zomato.com/mumbai/tiyazzo-mohammad-ali-road,47a5a770f8643346e0a2daefc0e5e5ecf635a34d,Tiyazzzo,"
Bit Chawl, 5, Dharmshala Rd, Umerkhadi, Mumbai, Maharashtra 400009","https://www.google.com/maps/place/Tiyazzzo/@18.958852,72.8312171,17z/data=!3m1!4b1!4m6!3m5!1s0x3be7cf007c905479:0xb06798088e8f6c57!8m2!3d18.958852!4d72.833792!16s%2Fg%2F11vxxptb1b?entry=ttu&g_ep=EgoyMDI2MDMxOC4xIKXMDSoASAFQAw%3D%3D",False,False,0x3be7cf007c905479:0xb06798088e8f6c57,Tiyazzo,https://www.zomato.com/mumbai/tiyazzo-mohammad-ali-road,47a5a770f8643346e0a2daefc0e5e5ecf635a34d,"Shop 3, Building 2, Karimabad CHS, Imamwada, Umerkhadi, Chinchbunder, Mohammad Ali Road, Mumbai",18.958852,72.833792,,,False,"Tiyazzo, Shop 3, Building 2, Karimabad CHS, Imamwada, Umerkhadi, Chinchbunder, Mohammad Ali Road, Mumbai"
"Ground Floor, Mahaveer Niwas, Rajguru Flyover, Near Solitare Edge, Opposite Kalpataru Gardens, Kandivali East, Mumbai",https://www.zomato.com/mumbai/delhi-magic-kandivali-east,2699aeb170b8bc6b4e47845968391d29c72dde88,Delhi Magic Kandivali,"
Gr. Floor, Mahaveer Niwas, Rajguru Flyover, next to Solitare Edge, opp. Kalpataru Gardens, Kandivali, Ramesh Yadav Nagar, Govind Dalvi Nagar, Kandivali East, Mumbai, Maharashtra 400101","https://www.google.com/maps/place/Delhi+Magic+Kandivali/@19.1988751,72.8511112,17z/data=!3m1!4b1!4m6!3m5!1s0x3be7b76bd06f93c7:0xe7e5c7f741d78ab1!8m2!3d19.1988751!4d72.8536861!16s%2Fg%2F11x_v7_pvy?entry=ttu&g_ep=EgoyMDI2MDMxOC4xIKXMDSoASAFQAw%3D%3D",True,False,0x3be7b76bd06f93c7:0xe7e5c7f741d78ab1,,,,,,,,,,
"Shop E2 E3, Sai Shreepal Chsl, E Wing, Satya Nagar, Borivali West, Mumbai",https://www.zomato.com/mumbai/aai-shree-khodiyar-kathiyawadi-dhaba-borivali-west,d0d201136e675e77055f24fb69bf76009fa45112,Aai Shree khodiyar Kathiyawadi Dhaba - Borivali,"
Shop 1 to 6, Sai Shreepal chsl, E - Wing, near Malpani Ground, Kandivali, Satya Nagar, Borivali West, Mumbai, Maharashtra 400092","https://www.google.com/maps/place/Aai+Shree+khodiyar+Kathiyawadi+Dhaba+-+Borivali/@19.2177391,72.8393292,17z/data=!3m1!4b1!4m6!3m5!1s0x3be7b72a4d045e65:0x1eea6e6c6bb62a55!8m2!3d19.2177391!4d72.8419041!16s%2Fg%2F11xl04rf9t?entry=ttu&g_ep=EgoyMDI2MDMxOC4xIKXMDSoASAFQAw%3D%3D",True,False,0x3be7b72a4d045e65:0x1eea6e6c6bb62a55,Aai Shree Khodiyar Kathiyawadi Dhaba,https://www.zomato.com/mumbai/aai-shree-khodiyar-kathiyawadi-dhaba-borivali-west,d0d201136e675e77055f24fb69bf76009fa45112,"Shop E2 E3, Sai Shreepal Chsl, E Wing, Satya Nagar, Borivali West, Mumbai",19.2177391,72.8419041,,,False,"Aai Shree Khodiyar Kathiyawadi Dhaba, Shop E2 E3, Sai Shreepal Chsl, E Wing, Satya Nagar, Borivali West, Mumbai"
"Kiosk 8, Building 9, Near Gigaplex Building, Airoli, Navi Mumbai",https://www.zomato.com/mumbai/bikanervala-airoli-navi-mumbai,55986e50d1dc7e19cf10e936438dde8e0aba9191,Bikanervala | Airoli Navi Mumbai,"
5XFV+J9P, MSEB Staff Colony, TTC Industrial Area, Airoli, Navi Mumbai, Mumbai, Maharashtra 400708","https://www.google.com/maps/place/Bikanervala+%7C+Airoli+Navi+Mumbai/@19.174502,72.9908873,17z/data=!3m1!4b1!4m6!3m5!1s0x3be7bf9e1f3afbff:0x7eee676688fea6b9!8m2!3d19.174502!4d72.9934622!16s%2Fg%2F11mdpnz02g?entry=ttu&g_ep=EgoyMDI2MDMxOC4xIKXMDSoASAFQAw%3D%3D",True,False,0x3be7bf9e1f3afbff:0x7eee676688fea6b9,Bikanervala,https://www.zomato.com/mumbai/bikanervala-airoli-navi-mumbai,55986e50d1dc7e19cf10e936438dde8e0aba9191,"Kiosk 8, Building 9, Near Gigaplex Building, Airoli, Navi Mumbai",19.174502,72.9934622,,,False,"Bikanervala, Kiosk 8, Building 9, Near Gigaplex Building, Airoli, Navi Mumbai"
"17A, Bahubali Building, Cawasji Patel Street, Fort, Mumbai",https://www.zomato.com/mumbai/fruta-4-fort,f739976a4cc81fa18802be57a30c16d0bf763e6c,Fruta 4,"
Ground floor 17 A, Patel/ Bahubali building, Cawasji Patel street, Horniman Circle, Fort, Mumbai, Maharashtra 400001","https://www.google.com/maps/place/Fruta+4/@18.9327733,72.831087,17z/data=!3m2!4b1!5s0x3be7d1dc9c341165:0x507a7fc8fce6fe59!4m6!3m5!1s0x3be7d1a5e248347f:0xf6fd46a417952b0!8m2!3d18.9327733!4d72.8336619!16s%2Fg%2F11tkb29ykf?entry=ttu&g_ep=EgoyMDI2MDMxOC4xIKXMDSoASAFQAw%3D%3D",True,False,0x3be7d1dc9c341165:0x507a7fc8fce6fe59,,,,,,,,,,
"S-86/A, House-4B, Onyx Commercial Centre Tirupati Industrial Park, Sativali Rd, Vasai, Mumbai",https://www.zomato.com/mumbai/the-benchmark-vasai,3bcf27e66b2fceec683692ddf412428cd7d966b1,Imperial Banquets by The Benchmark,"
Tirupati Industrial Park, Ground Floor Oynx Commercial Centre, Sativali Rd, behind Hotel Imperial, Vasai-Virar, Maharashtra 401208","https://www.google.com/maps/place/Imperial+Banquets+by+The+Benchmark/@19.4059372,72.8576016,17z/data=!3m1!5s0x3be7a8d2b5d39a29:0xa2d89e4f8dc04f79!4m10!1m2!2m1!1sThe+Benchmark+S-86%2FA,+House-4B,+Onyx+Commercial+Centre+Tirupati+Industrial+Park,+Sativali+Rd,+Vasai,+Mumbai!3m6!1s0x3be7a97d2a69066d:0x3b7d8cd751525010!8m2!3d19.4059372!4d72.8621077!15sCm1UaGUgQmVuY2htYXJrIFMtODYvQSwgSG91c2UtNEIsIE9ueXggQ29tbWVyY2lhbCBDZW50cmUgVGlydXBhdGkgSW5kdXN0cmlhbCBQYXJrLCBTYXRpdmFsaSBSb2FkLCBWYXNhaSwgTXVtYmFpWmoiaHRoZSBiZW5jaG1hcmsgcyA4NiBhIGhvdXNlIDRiIG9ueXggY29tbWVyY2lhbCBjZW50cmUgdGlydXBhdGkgaW5kdXN0cmlhbCBwYXJrIHNhdGl2YWxpIHJvYWQgdmFzYWkgbXVtYmFpkgEMYmFucXVldF9oYWxsmgEjQ2haRFNVaE5NRzluUzBWSlEwRm5TVVF0TlRsSFFVVlJFQUXgAQD6AQQIABAf!16s%2Fg%2F11scym1f33?entry=ttu&g_ep=EgoyMDI2MDMxOC4xIKXMDSoASAFQAw%3D%3D",True,False,0x3be7a8d2b5d39a29:0xa2d89e4f8dc04f79,,,,,,,,,,
"Nana Chowk, Grant Road, Mumbai",https://www.zomato.com/mumbai/sri-krishna-grant-road,7b4ac713d4deb9563fc26340ffb3a3fbaa457725,Time Centter,"
23, New Muncipal Building, Joban Putra Compound, Skywalk, behind Shri Krishna Restaurant, Nana Chowk, Mumbai, Maharashtra 400007","https://www.google.com/maps/place/Time+Centter/@18.9620991,72.8107299,17z/data=!4m14!1m7!3m6!1s0x3be7ce146394aa15:0x765690a5bec79934!2sSri+Krishna+Restaurant!8m2!3d18.9620991!4d72.8133048!16s%2Fg%2F1ts3d28l!3m5!1s0x3be7ce0d1df8a967:0x35d209da1db078a8!8m2!3d18.9620599!4d72.813045!16s%2Fg%2F1v5_7x7f?entry=ttu&g_ep=EgoyMDI2MDMxOC4xIKXMDSoASAFQAw%3D%3D",False,False,0x3be7ce146394aa15:0x765690a5bec79934,Sri Krishna,https://www.zomato.com/mumbai/sri-krishna-grant-road,7b4ac713d4deb9563fc26340ffb3a3fbaa457725,"Nana Chowk, Grant Road, Mumbai",18.9620991,72.8133048,,,False,"Sri Krishna, Nana Chowk, Grant Road, Mumbai"
"105, Balaji CHS, Sector 5, Airoli, Navi Mumbai",https://www.zomato.com/mumbai/sai-nidhi-1-airoli-navi-mumbai,683a89fbf7088946c953b64438f45cb2a4714f0d,Hotel Sai Nidhi Family Restaurant & Bar,"
Commercial Complex, co op society, 105, Balaji, Sector 5, Airoli, Navi Mumbai, Maharashtra 400701","https://www.google.com/maps/place/Hotel+Sai+Nidhi+Family+Restaurant+%26+Bar/@19.1482462,72.9971258,17z/data=!3m1!5s0x3be7bf56ac540141:0xb6941c6d00b94dec!4m9!3m8!1s0x3be7bf4c115630fb:0xc18d3a5993c9a70a!5m2!4m1!1i2!8m2!3d19.1482462!4d72.9997007!16s%2Fg%2F11b88087vj?entry=ttu&g_ep=EgoyMDI2MDMxOC4xIKXMDSoASAFQAw%3D%3D",True,False,0x3be7bf56ac540141:0xb6941c6d00b94dec,,,,,,,,,,
"L N Road, Opposite Ruia College, Matunga East, Mumbai",https://www.zomato.com/mumbai/dps-the-fast-food-centre-matunga-east,9ac4650415758e2fca8b4929cc698b47eeaa7b02,DP's Fast Food Center Matunga | BUY 1 GET 1 FREE Offers,"
153, Nanda Deep Building, Lakhamsi Napoo Rd, Central, opposite Ruia College, Matunga East, Mumbai, Maharashtra 400019","https://www.google.com/maps/place/DP's+Fast+Food+Center+Matunga+%7C+BUY+1+GET+1+FREE+Offers/@19.0232381,72.8469911,17z/data=!3m1!4b1!4m6!3m5!1s0x3be7ced8437f8b05:0x26336e953ce8db!8m2!3d19.0232381!4d72.849566!16s%2Fg%2F1tmckpy2?entry=ttu&g_ep=EgoyMDI2MDMxOC4xIKXMDSoASAFQAw%3D%3D",False,False,0x3be7ced8437f8b05:0x26336e953ce8db,DP's The Fast Food Centre,https://www.zomato.com/mumbai/dps-the-fast-food-centre-matunga-east,9ac4650415758e2fca8b4929cc698b47eeaa7b02,"L N Road, Opposite Ruia College, Matunga East, Mumbai",19.0232381,72.849566,,,False,"DP's The Fast Food Centre, L N Road, Opposite Ruia College, Matunga East, Mumbai"
"UNIT NO.002, GROUND FLOOR, BOOLANI ESTATE OWNERS BUILDING PREMISES, CO- OPERATIVE SOCIETY LIMITED VEERA INDUSTRIAL ESTATE, VILLAGE OSHIWARA ANDHERI (WEST), Andheri Lokhandwala, Andheri West, Mumbai",https://www.zomato.com/mumbai/zaatar-w-zeit-andheri-lokhandwala,ade1290dd3144a01e6adee717836752a1697536f,Zaatar W Zeit,"
Unit No.002, Ground Floor, Boolani Estate Owners Building,Coorperative society Ltd, Veera Industrial Estate, Oshiwara, Andheri West, Mumbai, Maharashtra 400053","https://www.google.com/maps/place/Zaatar+W+Zeit/@19.1389399,72.8301168,17z/data=!3m1!4b1!4m6!3m5!1s0x3be7b724653fd9d3:0x12bab2745afae48!8m2!3d19.1389399!4d72.8326917!16s%2Fg%2F11xrld66qy?entry=ttu&g_ep=EgoyMDI2MDMxOC4xIKXMDSoASAFQAw%3D%3D",True,False,0x3be7b724653fd9d3:0x12bab2745afae48,Zaatar w Zeit,https://www.zomato.com/mumbai/zaatar-w-zeit-andheri-lokhandwala,ade1290dd3144a01e6adee717836752a1697536f,"UNIT NO.002, GROUND FLOOR, BOOLANI ESTATE OWNERS BUILDING PREMISES, CO- OPERATIVE SOCIETY LIMITED VEERA INDUSTRIAL ESTATE, VILLAGE OSHIWARA ANDHERI (WEST), Andheri Lokhandwala, Andheri West, Mumbai",19.1389399,72.8326917,,,False,"Zaatar w Zeit, UNIT NO.002, GROUND FLOOR, BOOLANI ESTATE OWNERS BUILDING PREMISES, CO- OPERATIVE SOCIETY LIMITED VEERA INDUSTRIAL ESTATE, VILLAGE OSHIWARA ANDHERI (WEST), Andheri Lokhandwala, Andheri West, Mumbai"
"Shop 10, Plot 24, Goodwill Paradise, Gharkul, Sector 15, Near D Mart, Kharghar, Navi Mumbai",https://www.zomato.com/mumbai/the-kerala-table-kharghar-navi-mumbai,a1bf703519c82620773020b918cc0291448498b3,The Kerala Table (Cloud Kitchen),"
Goodwill Paradise, Plot 24, near Dmart, Gharkul, Sector 15, Kharghar, Panvel, Maharashtra 410210","https://www.google.com/maps/place/The+Kerala+Table+(Cloud+Kitchen)/@19.0400762,73.0739915,17z/data=!3m2!4b1!5s0x3be7c20dfa7857e9:0x5cc90e38e555be16!4m6!3m5!1s0x3be7c347aed15141:0x457b87c47cc5f6c1!8m2!3d19.0400762!4d73.0765664!16s%2Fg%2F11xtz8hsfm?entry=ttu&g_ep=EgoyMDI2MDMxOC4xIKXMDSoASAFQAw%3D%3D",True,False,0x3be7c20dfa7857e9:0x5cc90e38e555be16,,,,,,,,,,
"104, Nagindas Master Road, Fort, Mumbai",https://www.zomato.com/mumbai/dwarka-restaurant-fort,8970e727bc144493b05c10a2f85196b5464d7e0b,Mehul enterprises,"
Mehul enterprises, Rehman building, 06, Cawasji Patel St, near Dwarka hotel, Kala Ghoda, Fort, Mumbai, Maharashtra 400001","https://www.google.com/maps/place/Mehul+enterprises/@18.9323059,72.8306198,17z/data=!4m14!1m7!3m6!1s0x3be7d1dca4a46a55:0x255c4abe876037b5!2sDwarka+Veg+Restaurant!8m2!3d18.9323059!4d72.8331947!16s%2Fg%2F12lwhcsr2!3m5!1s0x3be7d1004780b85f:0x6ba350e3fdac1f34!8m2!3d18.9323367!4d72.8332586!16s%2Fg%2F11zhmn62dd?entry=ttu&g_ep=EgoyMDI2MDMxOC4xIKXMDSoASAFQAw%3D%3D",False,False,0x3be7d1dca4a46a55:0x255c4abe876037b5,Dwarka Restaurant,https://www.zomato.com/mumbai/dwarka-restaurant-fort,8970e727bc144493b05c10a2f85196b5464d7e0b,"104, Nagindas Master Road, Fort, Mumbai",,,,,False,"Dwarka Restaurant, 104, Nagindas Master Road, Fort, Mumbai"
"212, Terminal 2, Arrivals, CSMI Airport, Andheri East, Sakinaka, Mumbai",https://www.zomato.com/mumbai/coco-cafe-1-sakinaka,0e9e24cc62141b4768760e5496bf4f31823f27d1,Cococart & Cafe (Mumbai T2),"
Chhatrapati Shivaji Maharaj International Airport, Terminal 2 Arrival, P6 Forecourt, Andheri East, Mumbai, Maharashtra 400099","https://www.google.com/maps/place/Cococart+%26+Cafe+(Mumbai+T2)/@19.0974203,72.8720327,17z/data=!3m1!4b1!4m6!3m5!1s0x3be7c9014abf32fd:0xc890ad790236887b!8m2!3d19.0974203!4d72.8746076!16s%2Fg%2F11mkxn3p55?entry=ttu&g_ep=EgoyMDI2MDMxOC4xIKXMDSoASAFQAw%3D%3D",False,False,0x3be7c9014abf32fd:0xc890ad790236887b,Coco Cafe,https://www.zomato.com/mumbai/coco-cafe-1-sakinaka,0e9e24cc62141b4768760e5496bf4f31823f27d1,"212, Terminal 2, Arrivals, CSMI Airport, Andheri East, Sakinaka, Mumbai",,,,,False,"Coco Cafe, 212, Terminal 2, Arrivals, CSMI Airport, Andheri East, Sakinaka, Mumbai"
"Plot 168, Shop 12, 13, Mahavir Mannat, Sector 9, Near Delta Tower, Ulwe, Navi Mumbai",https://www.zomato.com/mumbai/madhav-dining-hall-family-restauant-ulwe-navi-mumbai,4add77eb6f3fb68264328c94bcd9416618d69f70,MADHAV DINING HALL,"
MAHAAVIR MANNAT, Sector 9, Ulwe, Gavthan, Maharashtra 410206","https://www.google.com/maps/place/MADHAV+DINING+HALL/@18.9714896,73.0113212,17z/data=!3m1!4b1!4m6!3m5!1s0x3be7c3c30c8438ed:0xf23ab6d6d14acfeb!8m2!3d18.9714896!4d73.0138961!16s%2Fg%2F11yp99djjv?entry=ttu&g_ep=EgoyMDI2MDMxOC4xIKXMDSoASAFQAw%3D%3D",False,False,0x3be7c3c30c8438ed:0xf23ab6d6d14acfeb,Madhav Dining Hall - Family Restauant,https://www.zomato.com/mumbai/madhav-dining-hall-family-restauant-ulwe-navi-mumbai,4add77eb6f3fb68264328c94bcd9416618d69f70,"Plot 168, Shop 12, 13, Mahavir Mannat, Sector 9, Near Delta Tower, Ulwe, Navi Mumbai",18.9714896,73.0138961,,,False,"Madhav Dining Hall - Family Restauant, Plot 168, Shop 12, 13, Mahavir Mannat, Sector 9, Near Delta Tower, Ulwe, Navi Mumbai"
"Shop 2, Malad Shaligram CHS, Evershine Nagar, Malad West, Mumbai",https://www.zomato.com/mumbai/sentiments-malad-west,35f2efc05bde76a20c1d562afd64d247118cc051,Stop 2 Shop,"
Shop No.13, Kaustubh, Modern Usha Colony, Khandelwal Layout, Evershine Nagar, Malad West, Mumbai, Maharashtra 400064","https://www.google.com/maps/place/Stop+2+Shop/@19.1906234,72.7607435,13z/data=!3m1!5s0x3be7b6ebf1cf3ab5:0x2eea3142682c5812!4m10!1m2!2m1!1sSentiments+Shop+2,+Malad+Shaligram+CHS,+Evershine+Nagar,+Malad+West,+Mumbai!3m6!1s0x3be7b6ebf2011527:0x504337ef60cbc457!8m2!3d19.1906234!4d72.8328413!15sCktTZW50aW1lbnRzIFNob3AgMiwgTWFsYWQgU2hhbGlncmFtIENIUywgRXZlcnNoaW5lIE5hZ2FyLCBNYWxhZCBXZXN0LCBNdW1iYWlaSSJHc2VudGltZW50cyBzaG9wIDIgbWFsYWQgc2hhbGlncmFtIGNocyBldmVyc2hpbmUgbmFnYXIgbWFsYWQgd2VzdCBtdW1iYWmSAQ1nZW5lcmFsX3N0b3Jl4AEA!16s%2Fg%2F12hqckj0x?entry=ttu&g_ep=EgoyMDI2MDMxOC4xIKXMDSoASAFQAw%3D%3D",False,False,0x3be7b6ebf1cf3ab5:0x2eea3142682c5812,,,,,,,,,,
"Room 08, Anthony Chawl, Mahavir Nagar, Near Siddhi Sai Mandir, Kandivali West, Mumbai",https://www.zomato.com/mumbai/the-mumbai-coffee-company-kandivali-west,d38e320ec5bb698497db181deee0badffd6732a9,The Mumbai Coffee Company,"
Room no 8, Anthony compound, road, New Link Rd, nr. siddhi Sai mandir, Kandivali, Ekta Nagar, Kandivali West, Mumbai, Maharashtra 400067","https://www.google.com/maps/place/The+Mumbai+Coffee+Company/@19.2129323,72.8327938,17z/data=!3m1!4b1!4m6!3m5!1s0x3be7b79bc4ffa935:0xdfc07730febab09e!8m2!3d19.2129323!4d72.8353687!16s%2Fg%2F11t9wvwfmq?entry=ttu&g_ep=EgoyMDI2MDMxOC4xIKXMDSoASAFQAw%3D%3D",True,False,0x3be7b79bc4ffa935:0xdfc07730febab09e,The Mumbai Coffee Company,https://www.zomato.com/mumbai/the-mumbai-coffee-company-kandivali-west,d38e320ec5bb698497db181deee0badffd6732a9,"Room 08, Anthony Chawl, Mahavir Nagar, Near Siddhi Sai Mandir, Kandivali West, Mumbai",19.2129323,72.8353687,,,False,"The Mumbai Coffee Company, Room 08, Anthony Chawl, Mahavir Nagar, Near Siddhi Sai Mandir, Kandivali West, Mumbai"
"Shop 36, Centrium Mall floor, Alika Nagar, Lokhandwala TWP, Kandivali East, Mumbai",https://www.zomato.com/mumbai/heavens-kandivali-east,e7f05b89fc2f97325df549849fced48c183d7893,Heaven’s Cake Shop,"
Shop No. 36, Centrium Mall, Kandivali, Alika Nagar, Lokhandwala Twp, Kandivali East, Mumbai, Maharashtra 400101","https://www.google.com/maps/place/Heaven%E2%80%99s+Cake+Shop/@19.1965271,72.8677293,17z/data=!4m10!1m2!2m1!1sHeaven's+Shop+36,+Centrium+Mall+floor,+Alika+Nagar,+Lokhandwala+TWP,+Kandivali+East,+Mumbai!3m6!1s0x3be7b73daf22a621:0x151959e39298c481!8m2!3d19.1965271!4d72.8722354!15sCltIZWF2ZW4ncyBTaG9wIDM2LCBDZW50cml1bSBNYWxsIGZsb29yLCBBbGlrYSBOYWdhciwgTG9raGFuZHdhbGEgVFdQLCBLYW5kaXZhbGkgRWFzdCwgTXVtYmFpWlgiVmhlYXZlbidzIHNob3AgMzYgY2VudHJpdW0gbWFsbCBmbG9vciBhbGlrYSBuYWdhciBsb2toYW5kd2FsYSB0d3Aga2FuZGl2YWxpIGVhc3QgbXVtYmFpkgEGYmFrZXJ54AEA!16s%2Fg%2F11xl53p8b7?entry=ttu&g_ep=EgoyMDI2MDMxOC4xIKXMDSoASAFQAw%3D%3D",False,False,0x3be7b73daf22a621:0x151959e39298c481,Heaven's,https://www.zomato.com/mumbai/heavens-kandivali-east,e7f05b89fc2f97325df549849fced48c183d7893,"Shop 36, Centrium Mall floor, Alika Nagar, Lokhandwala TWP, Kandivali East, Mumbai",19.1965271,72.8722354,,,False,"Heaven's, Shop 36, Centrium Mall floor, Alika Nagar, Lokhandwala TWP, Kandivali East, Mumbai"
"Shop 2, Ground Floor, Manraj Heights, Matches Factory Lane, Opposite Omkar Meredia, HP Keluskar Marg, Kurla, Mumbai",https://www.zomato.com/mumbai/sudo-cafe-kurla,81c0a88b52421ad01a1358791a4ecf6beb843313,Sudo Cafe,"
Manraj Heights, Shop no 2, Ground floor Matches factory lane, kurla West, OPP Omkar Meredia, BKC, HP Keluskar Marg, Kurla West, Mumbai, Maharashtra 400070","https://www.google.com/maps/place/Sudo+Cafe/@19.0694875,72.8737936,17z/data=!3m1!4b1!4m6!3m5!1s0x3be7c906fbe0420d:0xc930d0bf77742256!8m2!3d19.0694875!4d72.8763685!16s%2Fg%2F11zjmdrwgm?entry=ttu&g_ep=EgoyMDI2MDMxOC4xIKXMDSoASAFQAw%3D%3D",True,False,0x3be7c906fbe0420d:0xc930d0bf77742256,Sudo Cafe,https://www.zomato.com/mumbai/sudo-cafe-kurla,81c0a88b52421ad01a1358791a4ecf6beb843313,"Shop 2, Ground Floor, Manraj Heights, Matches Factory Lane, Opposite Omkar Meredia, HP Keluskar Marg, Kurla, Mumbai",19.0694875,72.8763685,,,False,"Sudo Cafe, Shop 2, Ground Floor, Manraj Heights, Matches Factory Lane, Opposite Omkar Meredia, HP Keluskar Marg, Kurla, Mumbai"
"Dunhill Apartments, Waroda Road, Ranwar, Hill Road, Bandra West, Mumbai",https://www.zomato.com/mumbai/kink-coffee-1-hill-road-bandra-west,e51f9836aa96aca6ba87474d704c6db5fe47edb7,Kink Speciality Coffee,"
Dunhill Apartments, Co.Op. society, 5, Waroda Rd, Ranwar, Bandra West, Mumbai, Maharashtra 400050","https://www.google.com/maps/place/Kink+Speciality+Coffee/@19.0542335,72.8259051,17z/data=!3m1!4b1!4m6!3m5!1s0x3be7c91f08e4124b:0x539dbe14f5cf373a!8m2!3d19.0542335!4d72.82848!16s%2Fg%2F11xzr09nvw?entry=ttu&g_ep=EgoyMDI2MDMxOC4xIKXMDSoASAFQAw%3D%3D",False,False,0x3be7c91f08e4124b:0x539dbe14f5cf373a,Kink Coffee,https://www.zomato.com/mumbai/kink-coffee-1-hill-road-bandra-west,e51f9836aa96aca6ba87474d704c6db5fe47edb7,"Dunhill Apartments, Waroda Road, Ranwar, Hill Road, Bandra West, Mumbai",19.0542335,72.82848,,,False,"Kink Coffee, Dunhill Apartments, Waroda Road, Ranwar, Hill Road, Bandra West, Mumbai"
"Shop 16, Near Science Garden, Kamanwala Kunj Station Road, Virar, Mumbai",https://www.zomato.com/mumbai/soda-club-virar,9859ef40e9f68a5a0eac0dc2ad77599d865de178,Soda club,"
06, Doghar Pada, Sheetal Nagar, Virar West, Virar, Vasai-Virar, Maharashtra 401303","https://www.google.com/maps/place/Soda+club/@19.4511503,72.8029921,17z/data=!3m1!4b1!4m6!3m5!1s0x3be7a9194ae87c7b:0xdcb3d2cfd2359a83!8m2!3d19.4511503!4d72.805567!16s%2Fg%2F11w8mzxhsd?entry=ttu&g_ep=EgoyMDI2MDMxOC4xIKXMDSoASAFQAw%3D%3D",True,False,0x3be7a9194ae87c7b:0xdcb3d2cfd2359a83,Soda Club,https://www.zomato.com/mumbai/soda-club-virar,9859ef40e9f68a5a0eac0dc2ad77599d865de178,"Shop 16, Near Science Garden, Kamanwala Kunj Station Road, Virar, Mumbai",19.4511503,72.805567,,,False,"Soda Club, Shop 16, Near Science Garden, Kamanwala Kunj Station Road, Virar, Mumbai"
"Near Reclamation Adapt School, K.C Marg, Pali Hill, Bandra West, Mumbai",https://www.zomato.com/mumbai/busago-pali-hill-bandra-west,3ca06f07bd10d9a62273fc1115bd4804f2cf27bd,ADAPT,"
KC Marg, Nityanand Nagar, Reclamation, Bandra West, Mumbai, Maharashtra 400050","https://www.google.com/maps/place/ADAPT/@19.0518018,72.759954,13z/data=!4m10!1m2!2m1!1sBusaGo+Near+Reclamation+Adapt+School,+K.C+Marg,+Pali+Hill,+Bandra+West,+Mumbai!3m6!1s0x3be7c938bf0820d3:0x5b9aa745e27a4372!8m2!3d19.0518018!4d72.8320518!15sCk5CdXNhR28gTmVhciBSZWNsYW1hdGlvbiBBZGFwdCBTY2hvb2wsIEsuQyBNYXJnLCBQYWxpIEhpbGwsIEJhbmRyYSBXZXN0LCBNdW1iYWmSASxkaXNhYmlsaXR5X3NlcnZpY2VzX2FuZF9zdXBwb3J0X29yZ2FuaXphdGlvbuABAA!16s%2Fg%2F1th08xdv?entry=ttu&g_ep=EgoyMDI2MDMxOC4xIKXMDSoASAFQAw%3D%3D",False,False,0x3be7c938bf0820d3:0x5b9aa745e27a4372,,,,,,,,,,
"Surve 134/2/3, Village Sasupada, National Highway 8, Tal - Vasai, Dist - Thane, Vasai Tahashil, Palghar, Mumbai",https://www.zomato.com/mumbai/pritams-dhaba-palghar,5f2ad7e3810a00604ec6b92d3080d9f0ea5dafe9,Pritam's Dhaba,"
Naigaon East, Sasunavghar, Mumbai, Maharashtra 401208","https://www.google.com/maps/place/Pritam's+Dhaba/@19.3019918,72.9025383,17z/data=!3m1!4b1!4m6!3m5!1s0x3be7baa422438f0d:0x832b23dfe641cc08!8m2!3d19.3019918!4d72.9051132!16s%2Fg%2F1vm_wc0y?entry=ttu&g_ep=EgoyMDI2MDMxOC4xIKXMDSoASAFQAw%3D%3D",True,False,0x3be7baa422438f0d:0x832b23dfe641cc08,,,,,,,,,,
"The Westin Mumbai Garden City, International Business Park, Oberoi Garden City, Goregaon East, Mumbai",https://www.zomato.com/mumbai/seasonal-tastes-the-westin-mumbai-garden-city-goregaon-east,1206439aa0c16ceec35f4a9bff1261751126e4e1,Oberoi Garden City,,"https://www.google.com/maps/place/Oberoi+Garden+City,+Oberoi+Exquisite,+Mohan+Gokhale+Rd,+Gokuldham+Colony,+Goregaon+East,+Mumbai,+Maharashtra+400063/@19.1719487,72.8606502,17z/data=!3m1!4b1!4m6!3m5!1s0x3be7b7a89d186537:0x858fa6406284c271!8m2!3d19.1719487!4d72.8632251!16s%2Fg%2F11vc6m_2sp?entry=ttu&g_ep=EgoyMDI2MDMxOC4xIKXMDSoASAFQAw%3D%3D",False,False,0x3be7b7a89d186537:0x858fa6406284c271,Seasonal Tastes - The Westin Mumbai Garden City,https://www.zomato.com/mumbai/seasonal-tastes-the-westin-mumbai-garden-city-goregaon-east,1206439aa0c16ceec35f4a9bff1261751126e4e1,"The Westin Mumbai Garden City, International Business Park, Oberoi Garden City, Goregaon East, Mumbai",19.1719487,72.8632251,,,False,"Seasonal Tastes - The Westin Mumbai Garden City, The Westin Mumbai Garden City, International Business Park, Oberoi Garden City, Goregaon East, Mumbai"
"Andheri Kurla Road, Marol, Mumbai",https://www.zomato.com/mumbai/spice-oasis-24-hrs-coffee-shop-marol,82586091f16999ce2c45945838475f3406dcab23,5 Spice,"
Shiva Industrial Estate, Andheri Kurla Road, Opposite Woodland Store, Next to Mc Donald's, Sakinaka, Andheri East, Mumbai, Maharashtra 400059","https://www.google.com/maps/place/5+Spice/@19.1059492,72.7405013,12z/data=!4m10!1m2!2m1!1sSpice+Oasis+-+24+Hrs+Coffee+Shop+Andheri+Kurla+Road,+Marol,+Mumbai!3m6!1s0x3be7c863e8557381:0xbabb50365fc5a001!8m2!3d19.1059492!4d72.8846969!15sCkJTcGljZSBPYXNpcyAtIDI0IEhycyBDb2ZmZWUgU2hvcCBBbmRoZXJpIEt1cmxhIFJvYWQsIE1hcm9sLCBNdW1iYWlaQCI-c3BpY2Ugb2FzaXMgMjQgaHJzIGNvZmZlZSBzaG9wIGFuZGhlcmkga3VybGEgcm9hZCBtYXJvbCBtdW1iYWmSARJjaGluZXNlX3Jlc3RhdXJhbnTgAQA!16s%2Fg%2F1trc3f3t?entry=ttu&g_ep=EgoyMDI2MDMxOC4xIKXMDSoASAFQAw%3D%3D",False,False,0x3be7c863e8557381:0xbabb50365fc5a001,,,,,,,,,,
"Gate No. 4, B Wing, Raheja Altimus, Pandurang Budhkar Marg, Worli, Mumbai",https://www.zomato.com/mumbai/nara-worli,780a8968e33c4163da3ccdf7514264c570c9ff7f,"Nara Thai, Worli","
Raheja Altimus, Gate No.04 Dr. GM Bhosale Marg, Pandurang Budhkar Marg, B Wing, Worli, Mumbai, Maharashtra 400018","https://www.google.com/maps/place/Nara+Thai,+Worli/@19.0058742,72.8157381,17z/data=!4m10!1m2!2m1!1sNara+Gate+No.+4,+B+Wing,+Raheja+Altimus,+Pandurang+Budhkar+Marg,+Worli,+Mumbai!3m6!1s0x3be7cf06d05d215b:0x7c6bd19ead7cb238!8m2!3d19.0058742!4d72.8202442!15sCk5OYXJhIEdhdGUgTm8uIDQsIEIgV2luZywgUmFoZWphIEFsdGltdXMsIFBhbmR1cmFuZyBCdWRoa2FyIE1hcmcsIFdvcmxpLCBNdW1iYWlaSiJIbmFyYSBnYXRlIG5vIDQgYiB3aW5nIHJhaGVqYSBhbHRpbXVzIHBhbmR1cmFuZyBidWRoa2FyIG1hcmcgd29ybGkgbXVtYmFpkgEPdGhhaV9yZXN0YXVyYW504AEA!16s%2Fg%2F11wg5009g6?entry=ttu&g_ep=EgoyMDI2MDMxOC4xIKXMDSoASAFQAw%3D%3D",True,False,0x3be7cf06d05d215b:0x7c6bd19ead7cb238,Nara,https://www.zomato.com/mumbai/nara-worli,780a8968e33c4163da3ccdf7514264c570c9ff7f,"Gate No. 4, B Wing, Raheja Altimus, Pandurang Budhkar Marg, Worli, Mumbai",,,,,False,"Nara, Gate No. 4, B Wing, Raheja Altimus, Pandurang Budhkar Marg, Worli, Mumbai"
"2nd Floor, Thakur Mall, Mira Road, Mumbai",https://www.zomato.com/mumbai/tbc-the-boat-club-lounge-mira-road,7163a684cfb69b162bf010f802012ab0c1ebaf94,TBC Lounge,"
2nd Floor, Central Shopping Centre, Thakur Mall, Ketkipada, Dahisar East, Mira Bhayandar, Maharashtra 401107","https://www.google.com/maps/place/TBC+Lounge/@19.2631755,72.8699444,17z/data=!3m1!5s0x3be7b0f4a6d5c65f:0xeea3a2178ddb7c39!4m10!1m2!2m1!1sTBC+-+The+Boat+Club+Lounge+2nd+Floor,+Thakur+Mall,+Mira+Road,+Mumbai!3m6!1s0x3be7b1dc8c31d4b5:0xcfd9c0de3c24ac44!8m2!3d19.2631755!4d72.8744505!15sCkRUQkMgLSBUaGUgQm9hdCBDbHViIExvdW5nZSAybmQgRmxvb3IsIFRoYWt1ciBNYWxsLCBNaXJhIFJvYWQsIE11bWJhaVpBIj90YmMgdGhlIGJvYXQgY2x1YiBsb3VuZ2UgMm5kIGZsb29yIHRoYWt1ciBtYWxsIG1pcmEgcm9hZCBtdW1iYWmSAQZsb3VuZ2XgAQA!16s%2Fg%2F11fnsbb_qm?entry=ttu&g_ep=EgoyMDI2MDMxOC4xIKXMDSoASAFQAw%3D%3D",False,False,0x3be7b0f4a6d5c65f:0xeea3a2178ddb7c39,,,,,,,,,,
"Second Floor, Moksha Plaza, SV Road, Near Apple Salon, Borivali West, Mumbai",https://www.zomato.com/mumbai/cafe-ville-villa-borivali-west,8a866ae22f7391ffb7ecee9ececd31a50db816c2,Apple 🍏 Salon,"
SHOP NO 16 & 17, MOKSH PLAZA MALL, JAMBLI, GULLY, Swami Vivekanand Rd, Borivali West, Mumbai, Maharashtra 400092","https://www.google.com/maps/place/Apple+%F0%9F%8D%8F+Salon/@19.2260651,72.7826376,13z/data=!3m1!5s0x3be7b64b6dabb519:0x9aab37e5ed0879f9!4m10!1m2!2m1!1sCafe+Ville+Villa+Second+Floor,+Moksha+Plaza,+SV+Road,+Near+Apple+Salon,+Borivali+West,+Mumbai!3m6!1s0x3be7b14b1ce1154f:0x6da963dc43dc5a08!8m2!3d19.2260651!4d72.8547354!15sClxDYWZlIFZpbGxlIFZpbGxhIFNlY29uZCBGbG9vciwgTW9rc2ggUGxhemEsIFNWIFJvYWQsIE5lYXIgQXBwbGUgU2Fsb24sIEJvcml2YWxpIFdlc3QsIE11bWJhaVpZIldjYWZlIHZpbGxlIHZpbGxhIHNlY29uZCBmbG9vciBtb2tzaCBwbGF6YSBzdiByb2FkIG5lYXIgYXBwbGUgc2Fsb24gYm9yaXZhbGkgd2VzdCBtdW1iYWmSAQpoYWlyX3NhbG9u4AEA!16s%2Fg%2F11ls5qyv8v?entry=ttu&g_ep=EgoyMDI2MDMxOC4xIKXMDSoASAFQAw%3D%3D",False,False,0x3be7b64b6dabb519:0x9aab37e5ed0879f9,,,,,,,,,,
"Shop 1-6, Plot 158, Divine Royale Building, Raigad, Sector 23, Ulwe, Navi Mumbai",https://www.zomato.com/mumbai/daawat-restaurant-ulwe-navi-mumbai,5454a82e4f2e37ba22e0dd6403fd7453d3187209,Daawat Restaurant,"
Shop no 1 to 6, Divine Royale Building, Plot no-158, Sector 23, Ulwe, Wahal, Maharashtra 410206","https://www.google.com/maps/place/Daawat+Restaurant/@18.9761669,73.0300794,17z/data=!3m1!4b1!4m6!3m5!1s0x3be7c3237f06ed8d:0xedb43ea7652a309f!8m2!3d18.9761669!4d73.0326543!16s%2Fg%2F11x8jfzw59?entry=ttu&g_ep=EgoyMDI2MDMxOC4xIKXMDSoASAFQAw%3D%3D",False,False,0x3be7c3237f06ed8d:0xedb43ea7652a309f,,,,,,,,,,
"MIDC, B-11 Central Road, Mahakali, Mumbai",https://www.zomato.com/mumbai/vihara-the-international-by-tunga-mahakali,06115896139924cabdac4309f6ecb5383f2dd867,Vihara Joyfully Vegetarian,"
Ground Floor, Tunga International hotel, B-11, MIDC Central Rd, MIDC, Andheri East, Mumbai, Maharashtra 400093","https://www.google.com/maps/place/Vihara+Joyfully+Vegetarian/@19.1176884,72.8607074,17z/data=!4m10!1m2!2m1!1sVihara+-+The+International+By+Tunga+MIDC,+B-11+Central+Road,+Mahakali,+Mumbai!3m6!1s0x3be7c80f2fffffff:0xc2aa73a2be6a3054!8m2!3d19.1176884!4d72.8652135!15sCk1WaWhhcmEgLSBUaGUgSW50ZXJuYXRpb25hbCBCeSBUdW5nYSBNSURDLCBCLTExIENlbnRyYWwgUm9hZCwgTWFoYWthbGksIE11bWJhaVpKIkh2aWhhcmEgdGhlIGludGVybmF0aW9uYWwgYnkgdHVuZ2EgbWlkYyBiIDExIGNlbnRyYWwgcm9hZCBtYWhha2FsaSBtdW1iYWmSARV2ZWdldGFyaWFuX3Jlc3RhdXJhbnTgAQA!16s%2Fg%2F1trrbnmq?entry=ttu&g_ep=EgoyMDI2MDMxOC4xIKXMDSoASAFQAw%3D%3D",False,False,0x3be7c80f2fffffff:0xc2aa73a2be6a3054,Vihara - The International By Tunga,https://www.zomato.com/mumbai/vihara-the-international-by-tunga-mahakali,06115896139924cabdac4309f6ecb5383f2dd867,"MIDC, B-11 Central Road, Mahakali, Mumbai",19.1176884,72.8652135,,,False,"Vihara - The International By Tunga, MIDC, B-11 Central Road, Mahakali, Mumbai"
"Opposite Trade Star, AK Road, JB Nagar, Andheri East, Chakala, Mumbai",https://www.zomato.com/mumbai/spirit-chakala,3996330ce95bdd0da82be523a38194041f992012,Spirit Kitchen & bar,"
Shop no 4, 5/6, Anant Kanekar Marg, opp. Trade Star, Ajit Nagar, J B Nagar, Andheri (E, Mumbai, Maharashtra 400059","https://www.google.com/maps/place/Spirit+Kitchen+%26+bar/@19.1112158,72.8672766,17z/data=!3m1!4b1!4m6!3m5!1s0x3be7c83985555567:0xfe4e765081e8c2ab!8m2!3d19.1112158!4d72.8698515!16s%2Fg%2F1wt3lw81?entry=ttu&g_ep=EgoyMDI2MDMxOC4xIKXMDSoASAFQAw%3D%3D",True,False,0x3be7c83985555567:0xfe4e765081e8c2ab,Spirit,https://www.zomato.com/mumbai/spirit-chakala,3996330ce95bdd0da82be523a38194041f992012,"Opposite Trade Star, AK Road, JB Nagar, Andheri East, Chakala, Mumbai",19.1112158,72.8698515,,,False,"Spirit, Opposite Trade Star, AK Road, JB Nagar, Andheri East, Chakala, Mumbai"
"Peninsula Redpine, Hotel peninsula redpine, Andheri - Kurla Rd, Bori Colony, Marol, Andheri East, Mumbai",https://www.zomato.com/mumbai/the-tipsy-tiger-garden-bar-andheri-east,db5ee650d12880bc722029bed1169862bb9c367c,Tipsy Tiger,"
Hotel peninsula redpine, Andheri - Kurla Rd, Bori Colony, Marol, Andheri East, Mumbai, Maharashtra 400059","https://www.google.com/maps/place/Tipsy+Tiger/@19.1096806,72.8714964,17z/data=!4m10!1m2!2m1!1sThe+Tipsy+Tiger+Garden+Bar+Peninsula+Redpine,+Hotel+peninsula+redpine,+Andheri+-+Kurla+Rd,+Bori+Colony,+Marol,+Andheri+East,+Mumbai!3m6!1s0x3be7c9392e74b6d1:0x6eaf4f59b4f7a697!8m2!3d19.1096806!4d72.8760025!15sCoMBVGhlIFRpcHN5IFRpZ2VyIEdhcmRlbiBCYXIgUGVuaW5zdWxhIFJlZHBpbmUsIEhvdGVsIHBlbmluc3VsYSByZWRwaW5lLCBBbmRoZXJpIC0gS3VybGEgUmQsIEJvcmkgQ29sb255LCBNYXJvbCwgQW5kaGVyaSBFYXN0LCBNdW1iYWlafSJ7dGhlIHRpcHN5IHRpZ2VyIGdhcmRlbiBiYXIgcGVuaW5zdWxhIHJlZHBpbmUgaG90ZWwgcGVuaW5zdWxhIHJlZHBpbmUgYW5kaGVyaSBrdXJsYSByZCBib3JpIGNvbG9ueSBtYXJvbCBhbmRoZXJpIGVhc3QgbXVtYmFpkgEQYXNpYW5fcmVzdGF1cmFudOABAA!16s%2Fg%2F11rv09qj3w?entry=ttu&g_ep=EgoyMDI2MDMxOC4xIKXMDSoASAFQAw%3D%3D",False,False,0x3be7c9392e74b6d1:0x6eaf4f59b4f7a697,The Tipsy Tiger Garden Bar,https://www.zomato.com/mumbai/the-tipsy-tiger-garden-bar-andheri-east,db5ee650d12880bc722029bed1169862bb9c367c,"Peninsula Redpine, Hotel peninsula redpine, Andheri - Kurla Rd, Bori Colony, Marol, Andheri East, Mumbai",19.1096806,72.8760025,,,False,"The Tipsy Tiger Garden Bar, Peninsula Redpine, Hotel peninsula redpine, Andheri - Kurla Rd, Bori Colony, Marol, Andheri East, Mumbai"
"Shop 2, Madhav Apartment, Jawahar Road, Ghatkopar East, Mumbai",https://www.zomato.com/mumbai/cafe-beats-ghatkopar-east,43056914f3d3203b390b703d41e2904000d4171b,Cafebeats Ghatkopar,"
Shop 2, Madhav Apartment, Jawahar Rd, Ghatkopar, Saibaba Nagar, Pant Nagar, Ghatkopar East, Mumbai, Maharashtra 400077","https://www.google.com/maps/place/Cafebeats+Ghatkopar/@19.0846491,72.9050608,17z/data=!3m1!4b1!4m6!3m5!1s0x3be7c7bf314ebd51:0x6a5b8ec4a0d42fa4!8m2!3d19.0846491!4d72.9076357!16s%2Fg%2F11tghq1kvl?entry=ttu&g_ep=EgoyMDI2MDMxOC4xIKXMDSoASAFQAw%3D%3D",False,False,0x3be7c7bf314ebd51:0x6a5b8ec4a0d42fa4,Cafe Beats,https://www.zomato.com/mumbai/cafe-beats-ghatkopar-east,43056914f3d3203b390b703d41e2904000d4171b,"Shop 2, Madhav Apartment, Jawahar Road, Ghatkopar East, Mumbai",19.0846491,72.9076357,,,False,"Cafe Beats, Shop 2, Madhav Apartment, Jawahar Road, Ghatkopar East, Mumbai"
"111, Currimjee Building, Opposite Standard Chartered Bank, MG Road, Fort, Mumbai",https://www.zomato.com/mumbai/hyde-fort,61d2ec8946c3b25f3fe0738102073252e52372cf,"Standard Chartered Mumbai 23-25 M G Road, Mumbai Branch","
23, Mahatma Gandhi Road, Azad Maidan, Fort, Mumbai, Maharashtra 400001","https://www.google.com/maps/place/Standard+Chartered+Mumbai+23-25+M+G+Road,+Mumbai+Branch/@18.933982,72.6873154,12z/data=!4m10!1m2!2m1!1sHyde+111,+Currimjee+Building,+Opposite+Standard+Chartered+Bank,+MG+Road,+Fort,+Mumbai!3m6!1s0x3be7d1c304d0f2f3:0x52448acc9b8111b1!8m2!3d18.933982!4d72.831511!15sClVIeWRlIDExMSwgQ3VycmltamVlIEJ1aWxkaW5nLCBPcHBvc2l0ZSBTdGFuZGFyZCBDaGFydGVyZWQgQmFuaywgTUcgUm9hZCwgRm9ydCwgTXVtYmFpIgOIAQFaUiJQaHlkZSAxMTEgY3VycmltamVlIGJ1aWxkaW5nIG9wcG9zaXRlIHN0YW5kYXJkIGNoYXJ0ZXJlZCBiYW5rIG1nIHJvYWQgZm9ydCBtdW1iYWmSAQRiYW5r4AEA!16s%2Fg%2F1vg4h88t?entry=ttu&g_ep=EgoyMDI2MDMxOC4xIKXMDSoASAFQAw%3D%3D",False,False,0x3be7d1c304d0f2f3:0x52448acc9b8111b1,,,,,,,,,,
"48, Gulmohar Road, Jvpd Scheme Near Gazzebo, Vile Parle West, Mumbai",https://www.zomato.com/mumbai/faro-cafe-bistro-vile-parle-west,f2f227adb10f2efc84c3048d0d49481ab3f55193,Faro Cafe & Bistro,"
Tian Building, Gulmohar Rd, Juhu Scheme, Juhu, Mumbai, Maharashtra 400049","https://www.google.com/maps/place/Faro+Cafe+%26+Bistro/@19.1147364,72.8337286,17z/data=!3m1!4b1!4m6!3m5!1s0x3be7c9901819e59f:0x7df694e9fcb4d72f!8m2!3d19.1147364!4d72.8363035!16s%2Fg%2F11v17j3_56?entry=ttu&g_ep=EgoyMDI2MDMxOC4xIKXMDSoASAFQAw%3D%3D",True,False,0x3be7c9901819e59f:0x7df694e9fcb4d72f,,,,,,,,,,
"Plot 1, Sector 20, Turbhe, Navi Mumbai",https://www.zomato.com/mumbai/czar-restobar-the-fern-residency-turbhe-navi-mumbai,b2e344b94c82a5ea9898b86a98c1fbf54060e19f,"The Fern Residency Navi Mumbai, Turbhe, Series by Marriott","
Plot No.1, Sector 20, Turbhe, Navi Mumbai, Maharashtra 400703","https://www.google.com/maps/place/The+Fern+Residency+Navi+Mumbai,+Turbhe,+Series+by+Marriott/@19.0739809,73.0148625,17z/data=!4m9!3m8!1s0x3be7c160355e5ad3:0x36c227b9649375a3!5m2!4m1!1i2!8m2!3d19.0739809!4d73.0174374!16s%2Fg%2F11t6plr_kp?entry=ttu&g_ep=EgoyMDI2MDMxOC4xIKXMDSoASAFQAw%3D%3D",False,False,0x3be7c160355e5ad3:0x36c227b9649375a3,,,,,,,,,,
"103, Block 2, Emerald Plaza, Near Hiranandani Meadows, Vasant Vihar, Thane West, Thane",https://www.zomato.com/mumbai/lounge-18-vasant-vihar-thane-west,277cbaa1cef85f520a7b261a56553715c2d54428,Lounge 18,"
2, Gladys Alwares Rd, Manpada, Thane West, Thane, Maharashtra 400610","https://www.google.com/maps/place/Lounge+18/@19.2268645,72.9678538,17z/data=!3m2!4b1!5s0x3be7b867004371ab:0x41398215f6700620!4m6!3m5!1s0x3be7b95e0ffede93:0xedb150db208a6471!8m2!3d19.2268645!4d72.9704287!16s%2Fg%2F11dz_rh079?entry=ttu&g_ep=EgoyMDI2MDMxOC4xIKXMDSoASAFQAw%3D%3D",True,False,0x3be7b867004371ab:0x41398215f6700620,,,,,,,,,,
"UNIT G-64, Vikhroli, Mumbai",https://www.zomato.com/mumbai/sandoitchi-vikhroli,19bbd2182adbaf85558b715753390bd170ce2a11,unfilltered,"
Ground Floor, Bus Depot, Lal Bahadur Shastri Marg, BMC Colony, Vikhroli West, Mumbai, Maharashtra 400079","https://www.google.com/maps/place/unfilltered/@19.101625,72.8830249,14z/data=!4m10!1m2!2m1!1sSandoitchi+UNIT+G-64,+Vikhroli,+Mumbai!3m6!1s0x3be7c7a575c11ca5:0x51723784732a3c27!8m2!3d19.101625!4d72.9190738!15sCiZTYW5kb2l0Y2hpIFVOSVQgRy02NCwgVmlraHJvbGksIE11bWJhaVomIiRzYW5kb2l0Y2hpIHVuaXQgZyA2NCB2aWtocm9saSBtdW1iYWmSAQRjYWZl4AEA!16s%2Fg%2F11mcc8fvvk?entry=ttu&g_ep=EgoyMDI2MDMxOC4xIKXMDSoASAFQAw%3D%3D",False,False,0x3be7c7a575c11ca5:0x51723784732a3c27,,,,,,,,,,
"Shop 5, Kheera Nagar, Opposite Poddar School, Saraswati Road, Santacruz West, Mumbai",https://www.zomato.com/mumbai/the-croffle-guys-santacruz-west,1fc318223740d8594983adbf0a9734b8d077a0b9,The Croffle Guys Santacruz,"
Rupa Adarsh, Saraswati Rd, Santacruz (West), Mumbai, Maharashtra 400054","https://www.google.com/maps/place/The+Croffle+Guys+Santacruz/@19.0817272,72.8331349,17z/data=!3m1!4b1!4m6!3m5!1s0x3be7c9b5b53423ef:0x2799984007d17474!8m2!3d19.0817272!4d72.8357098!16s%2Fg%2F11xcv81_3b?entry=ttu&g_ep=EgoyMDI2MDMxOC4xIKXMDSoASAFQAw%3D%3D",True,False,0x3be7c9b5b53423ef:0x2799984007d17474,The Croffle Guys,https://www.zomato.com/mumbai/the-croffle-guys-santacruz-west,1fc318223740d8594983adbf0a9734b8d077a0b9,"Shop 5, Kheera Nagar, Opposite Poddar School, Saraswati Road, Santacruz West, Mumbai",19.0817272,72.8357098,,,False,"The Croffle Guys, Shop 5, Kheera Nagar, Opposite Poddar School, Saraswati Road, Santacruz West, Mumbai"
"38, Raj Arcade, Mahavir Nagar, Opposite D-Mart, Kandivali West, Mumbai",https://www.zomato.com/mumbai/jai-shree-radhe-soda-pub-kandivali-west,3dacb5dd9674b1e29ae83e8eaaa43f5db25c09b6,Jai Shree Radhe Soda Pub,"
38, Raj Arcade, Boraspada Rd, Mahavir Nagar, Kandivali West, Mumbai, Maharashtra 400067","https://www.google.com/maps/place/Jai+Shree+Radhe+Soda+Pub/@19.2128606,72.8389888,17z/data=!3m1!4b1!4m6!3m5!1s0x3be7b6d1907d9851:0xd8890c34450fd6a1!8m2!3d19.2128606!4d72.8415637!16s%2Fg%2F12q4q3_f6?entry=ttu&g_ep=EgoyMDI2MDMxOC4xIKXMDSoASAFQAw%3D%3D",True,False,0x3be7b6d1907d9851:0xd8890c34450fd6a1,Jai Shree Radhe Soda Pub,https://www.zomato.com/mumbai/jai-shree-radhe-soda-pub-kandivali-west,3dacb5dd9674b1e29ae83e8eaaa43f5db25c09b6,"38, Raj Arcade, Mahavir Nagar, Opposite D-Mart, Kandivali West, Mumbai",19.2128606,72.8415637,,,False,"Jai Shree Radhe Soda Pub, 38, Raj Arcade, Mahavir Nagar, Opposite D-Mart, Kandivali West, Mumbai"
"Plot 70/2/3, Alibag Revas Road, Oppsite Narvekar Garage, Kihim, Alibag",https://www.zomato.com/mumbai/the-wharff-restaurant-kihim-alibag,3d27ab2b6b381229547911eabef8122c7545ce27,The Wharff Restaurant,"
PVQP+328, Alibag - Revas Rd, Bamansure, Maharashtra 402208","https://www.google.com/maps/place/The+Wharff+Restaurant/@18.7367147,72.8817756,17z/data=!3m1!4b1!4m6!3m5!1s0x3be87969ad1e15df:0x6239036ffcc8b8bf!8m2!3d18.7367147!4d72.8843505!16s%2Fg%2F11kk4350j6?entry=ttu&g_ep=EgoyMDI2MDMxOC4xIKXMDSoASAFQAw%3D%3D",True,False,0x3be87969ad1e15df:0x6239036ffcc8b8bf,,,,,,,,,,
"1st Floor, Hotel Peninsula Grand Metro Station, Silver Monument, 90 Feet Road, Lokmanya Tilak Nagar, Andheri East Mumbai, Sakinaka, Mumbai",https://www.zomato.com/mumbai/waikiki-contemporary-dining-tiki-bar-sakinaka,d2c2b52ecfbe07ba4674303fe41430eaa8327c55,Waikiki Mumbai,"
1st Floor, Hotel Peninsula Grand Metro Station, near Saki Naka, Lokmanya Tilak Nagar, Andheri East, Mumbai, Maharashtra 400072","https://www.google.com/maps/place/Waikiki+Mumbai/@19.1025257,72.8860664,17z/data=!3m1!4b1!4m6!3m5!1s0x3be7c967916d991b:0x59251751baa07eef!8m2!3d19.1025257!4d72.8886413!16s%2Fg%2F11vzrz8t1l?entry=ttu&g_ep=EgoyMDI2MDMxOC4xIKXMDSoASAFQAw%3D%3D",False,False,0x3be7c967916d991b:0x59251751baa07eef,Waikiki - Contemporary Dining & Tiki Bar,https://www.zomato.com/mumbai/waikiki-contemporary-dining-tiki-bar-sakinaka,d2c2b52ecfbe07ba4674303fe41430eaa8327c55,"1st Floor, Hotel Peninsula Grand Metro Station, Silver Monument, 90 Feet Road, Lokmanya Tilak Nagar, Andheri East Mumbai, Sakinaka, Mumbai",19.1025257,72.8886413,,,False,"Waikiki - Contemporary Dining & Tiki Bar, 1st Floor, Hotel Peninsula Grand Metro Station, Silver Monument, 90 Feet Road, Lokmanya Tilak Nagar, Andheri East Mumbai, Sakinaka, Mumbai"
"Ground Floor, Nilaya Anthology, Peninsula Point, Peninsula Corporate Park, Ganpatrao Kadam Marg, Lower Parel, Mumbai",https://www.zomato.com/mumbai/comorin-lower-parel,09029dbf9aa98947f2ba204e5adbc2df9b7c9070,Comorin,"
Peninsula Corporate Park, Peninsula Point, Comorin @ Nilaya Anthology, Ganpatrao Kadam Marg, Lower Parel West, Mumbai, Maharashtra 400013","https://www.google.com/maps/place/Comorin/@18.9994606,72.8221558,17z/data=!3m1!4b1!4m6!3m5!1s0x3be7cfcdf23648c7:0xf95bb2066a82e901!8m2!3d18.9994606!4d72.8247307!16s%2Fg%2F11mcyrfvyx?entry=ttu&g_ep=EgoyMDI2MDMxOC4xIKXMDSoASAFQAw%3D%3D",True,False,0x3be7cfcdf23648c7:0xf95bb2066a82e901,,,,,,,,,,
"Unit T-31, 3rd Floor, Phoenix Palladium Mall, Lower Parel, Mumbai",https://www.zomato.com/mumbai/fountain-sizzlers-lower-parel,f239ebe4199929b4f4f0b040a8b85bac88f56d68,Comorin,"
3rd Floor, Gourmet Village Phoenix Palladium Mall, Lower Parel, Mumbai, Maharashtra 400013","https://www.google.com/maps/place/Fountain+Sizzlers,+Phoenix+Palladium/@18.995293,72.8221375,17z/data=!3m1!4b1!4m6!3m5!1s0x3be7cfc6db5c2ed7:0x3bd4e04655cb16a7!8m2!3d18.995293!4d72.8247124!16s%2Fg%2F11ygq8ybq_?entry=ttu&g_ep=EgoyMDI2MDMxOC4xIKXMDSoASAFQAw%3D%3D",False,False,0x3be7cfc6db5c2ed7:0x3bd4e04655cb16a7,Fountain Sizzlers,https://www.zomato.com/mumbai/fountain-sizzlers-lower-parel,f239ebe4199929b4f4f0b040a8b85bac88f56d68,"Unit T-31, 3rd Floor, Phoenix Palladium Mall, Lower Parel, Mumbai",18.995293,72.8247124,,,False,"Fountain Sizzlers, Unit T-31, 3rd Floor, Phoenix Palladium Mall, Lower Parel, Mumbai"
"Hotel Trends China Gate, New Link Road, Chincholi Bunder, Near Toyota Showroom, Malad West, Mumbai",https://www.zomato.com/mumbai/srinathjis-1-malad-west,8d0705873fdd673b93e267769c043cc3d5e45f3c,Trends Family Restaurant,"
Western Suburbs, Link Road, Junction, Chincholi Bunder, Malad West, Mumbai, Maharashtra 400064","https://www.google.com/maps/place/Trends+Family+Restaurant/@19.1795866,72.8000821,14z/data=!4m10!1m2!2m1!1sSrinathji's+Hotel+Trends+China+Gate,+New+Link+Road,+Chincholi+Bunder,+Near+Toyota+Showroom,+Malad+West,+Mumbai!3m6!1s0x3be7b6f125219019:0x93718c8ed9c57dcd!8m2!3d19.1795866!4d72.836131!15sCm5TcmluYXRoamkncyBIb3RlbCBUcmVuZHMgQ2hpbmEgR2F0ZSwgTmV3IExpbmsgUm9hZCwgQ2hpbmNob2xpIEJ1bmRlciwgTmVhciBUb3lvdGEgU2hvd3Jvb20sIE1hbGFkIFdlc3QsIE11bWJhaVprImlzcmluYXRoamkncyBob3RlbCB0cmVuZHMgY2hpbmEgZ2F0ZSBuZXcgbGluayByb2FkIGNoaW5jaG9saSBidW5kZXIgbmVhciB0b3lvdGEgc2hvd3Jvb20gbWFsYWQgd2VzdCBtdW1iYWmSARFmYW1pbHlfcmVzdGF1cmFudOABAA!16s%2Fg%2F11dxdmjgm2?entry=ttu&g_ep=EgoyMDI2MDMxOC4xIKXMDSoASAFQAw%3D%3D",False,False,0x3be7b6f125219019:0x93718c8ed9c57dcd,,,,,,,,,,
"Sai Elegant Village, Caves Road, Near Shere Punjab, Mahakali, Mumbai",https://www.zomato.com/mumbai/mccafe-by-mcdonalds-mahakali,7f8970da46d974c46eec42e966137fe69ed0fee1,McDonald's,"
Sai Elegance, Mahakali Caves Rd, Subhash Nagar, Andheri East, Mumbai, Maharashtra 400093","https://www.google.com/maps/place/McDonald's/@19.1230205,72.8617945,17z/data=!3m2!4b1!5s0x3be7c8259365bb35:0x2bcc35f525d295a4!4m6!3m5!1s0x3be7c836d7df5fef:0x96e82120067bbb92!8m2!3d19.1230205!4d72.8643694!16s%2Fg%2F11btn19fjk?entry=ttu&g_ep=EgoyMDI2MDMxOC4xIKXMDSoASAFQAw%3D%3D",False,False,0x3be7c8259365bb35:0x2bcc35f525d295a4,,,,,,,,,,
"Shop 26, Star Plaza, Carter Road 7, Borivali East, Mumbai",https://www.zomato.com/mumbai/gokul-cafe-borivali-east,256bcee50cca70049c19c926da762dec544658c8,McDonald's,"
Shop No 26, Star Plaza, Carter Rd No. 7, Chinchpada, Borivali East, Mumbai, Maharashtra 400066","https://www.google.com/maps/place/Gokul+Cafe/@19.2306273,72.8559463,17z/data=!3m1!4b1!4m6!3m5!1s0x3be7b1f82af1727d:0xf5954727b2870fdb!8m2!3d19.2306273!4d72.8585212!16s%2Fg%2F11vzr_h21n?entry=ttu&g_ep=EgoyMDI2MDMxOC4xIKXMDSoASAFQAw%3D%3D",False,False,0x3be7b1f82af1727d:0xf5954727b2870fdb,,,,,,,,,,
"43/44, Shop 3, Poonam Sagar Complex, Mira Road, Mumbai",https://www.zomato.com/mumbai/cafe-cinnamon-mira-road,3ebe0c9bab7a6a04c48dd9bb102a1222dfdd0c5f,Cafe Cinnamon,"
Shop no 3, i43/44, next to Allahbad bank, Poonam Sagar Complex, Mira Road East, Mira Bhayandar, Maharashtra 401107","https://www.google.com/maps/place/Cafe+Cinnamon/@19.27395,72.8593028,17z/data=!3m1!4b1!4m6!3m5!1s0x3be7b1581648bf0b:0xb8b83d4d003a7306!8m2!3d19.27395!4d72.8618777!16s%2Fg%2F11tjg734cc?entry=ttu&g_ep=EgoyMDI2MDMxOC4xIKXMDSoASAFQAw%3D%3D",True,False,0x3be7b1581648bf0b:0xb8b83d4d003a7306,Cafe Cinnamon,https://www.zomato.com/mumbai/cafe-cinnamon-mira-road,3ebe0c9bab7a6a04c48dd9bb102a1222dfdd0c5f,"43/44, Shop 3, Poonam Sagar Complex, Mira Road, Mumbai",19.27395,72.8618777,,,False,"Cafe Cinnamon, 43/44, Shop 3, Poonam Sagar Complex, Mira Road, Mumbai"
"462, Shop C-10B, Ground & Mezzanine Floor, Phoenix Palladium Mall, Senapati Bapat Marg, Lower Parel, Mumbai",https://www.zomato.com/mumbai/paul-lower-parel,0dfee2f709c6758e07bf0ff515bec83da1afa8bd,PAUL,"
PHOENIX, COMAX HOSPITALITY PRIVATE LIMITED GROUND & MEZZANINE FLOOR, SHOP NO. C-10B, 462, Senapati Bapat Marg, Lower Parel, Mumbai, Maharashtra 400013","https://www.google.com/maps/place/PAUL/@18.9949051,72.8220165,17z/data=!3m2!4b1!5s0x3be7ce8c65717e7b:0x3fd1380729db5c2c!4m6!3m5!1s0x3be7cfae08b874d9:0x2ce661d0fd56e791!8m2!3d18.9949051!4d72.8245914!16s%2Fg%2F11vb19mcbt?entry=ttu&g_ep=EgoyMDI2MDMxOC4xIKXMDSoASAFQAw%3D%3D",True,False,0x3be7ce8c65717e7b:0x3fd1380729db5c2c,,,,,,,,,,
"Plot L 2, Sector 19, Vashi, Navi Mumbai",https://www.zomato.com/mumbai/anchor-vashi-navi-mumbai,6be7e7b881b6c6c74275ad462e8975a15a9fac89,Anchor offshore services ltd workshop,"
D 331 - 332, behind S.k. wheels, Turbhe MIDC, Turbhe, Navi Mumbai, Maharashtra 400703","https://www.google.com/maps/place/Anchor+offshore+services+ltd+workshop/@19.0668921,73.0183162,17z/data=!3m1!4b1!4m6!3m5!1s0x3be7c1747d488003:0x17056f15343ae85d!8m2!3d19.0668921!4d73.0208911!16s%2Fg%2F11vrxf_xvp?entry=ttu&g_ep=EgoyMDI2MDMxOC4xIKXMDSoASAFQAw%3D%3D",True,False,0x3be7c1747d488003:0x17056f15343ae85d,Anchor,https://www.zomato.com/mumbai/anchor-vashi-navi-mumbai,6be7e7b881b6c6c74275ad462e8975a15a9fac89,"Plot L 2, Sector 19, Vashi, Navi Mumbai",19.0837106,73.005464,,,False,"Anchor, Plot L 2, Sector 19, Vashi, Navi Mumbai"
"Shop Number 1 & 2, Sahas Building, Trillium, Dattani Park, Thakur Village, Evershine Road, Opposite Gundecha Kandivali East, Mumbai",https://www.zomato.com/mumbai/la-tinns-kandivali-east,898f5006a0a5af3912030b8fbd3f418e2a48e3f5,La Tinns ( Italian Restaurant ),"
Shop No 1&2, Sahas Building, Evershine Rd, opp. Gundecha Trillium, Kandivali, Dattani Park, Thakur Village, Kandivali East, Mumbai, Maharashtra 400101","https://www.google.com/maps/place/La+Tinns+(+Italian+Restaurant+)/@19.2144334,72.8677481,17z/data=!3m1!4b1!4m6!3m5!1s0x3be7b781f5ae6f65:0xc90cbe89929619c6!8m2!3d19.2144334!4d72.870323!16s%2Fg%2F11ypptb6fv?entry=ttu&g_ep=EgoyMDI2MDMxOC4xIKXMDSoASAFQAw%3D%3D",True,False,0x3be7b781f5ae6f65:0xc90cbe89929619c6,La Tinns,https://www.zomato.com/mumbai/la-tinns-kandivali-east,898f5006a0a5af3912030b8fbd3f418e2a48e3f5,"Shop Number 1 & 2, Sahas Building, Trillium, Dattani Park, Thakur Village, Evershine Road, Opposite Gundecha Kandivali East, Mumbai",19.2144334,72.870323,,,False,"La Tinns, Shop Number 1 & 2, Sahas Building, Trillium, Dattani Park, Thakur Village, Evershine Road, Opposite Gundecha Kandivali East, Mumbai"
"G17, Shree Laxmi Woollen Mills, Near Doctor Elijah Moses Road, Shakti Mills Lane, Mahalaxmi, Mumbai",https://www.zomato.com/mumbai/paradox-mahalaxmi,d44a26da2091fda756871c79dabff8fbacd3d752,Bar Paradox,"
Shree Laxmi Woollen Mills, G17, Shakti Mills Ln, off Doctor Elijah Moses Road, Mahalakshmi, Mumbai, Maharashtra 400018","https://www.google.com/maps/place/Bar+Paradox/@18.9894261,72.822821,17z/data=!3m1!4b1!4m6!3m5!1s0x3be7cfe46ce60a1b:0xe3b39ecec22cf780!8m2!3d18.9894261!4d72.8253959!16s%2Fg%2F11m6zg1kg8?entry=ttu&g_ep=EgoyMDI2MDMxOC4xIKXMDSoASAFQAw%3D%3D",True,False,0x3be7cfe46ce60a1b:0xe3b39ecec22cf780,Paradox,https://www.zomato.com/mumbai/paradox-mahalaxmi,d44a26da2091fda756871c79dabff8fbacd3d752,"G17, Shree Laxmi Woollen Mills, Near Doctor Elijah Moses Road, Shakti Mills Lane, Mahalaxmi, Mumbai",18.9894261,72.8253959,,,False,"Paradox, G17, Shree Laxmi Woollen Mills, Near Doctor Elijah Moses Road, Shakti Mills Lane, Mahalaxmi, Mumbai"
"Shop 12, Mudran Kamgar Nagar, 4 Bungalows, Mumbai",https://www.zomato.com/mumbai/coffee-capital-4-bungalows,fa891621d2004822a6430198ae498e9cad2536a4,,"
Coffee Capital, Shop 12A, Hubtown Premier, Mudran, Kamgar Nagar, Versova, Andheri, Mumbai, Maharashtra 400053","https://www.google.com/maps/place/Coffee+Capital/@19.1297771,72.8218284,17z/data=!3m1!4b1!4m6!3m5!1s0x3be7b78e530632b1:0x2dba914642b52c86!8m2!3d19.1297771!4d72.8244033!16s%2Fg%2F11mzt8pzdt?entry=ttu&g_ep=EgoyMDI2MDMxOC4xIKXMDSoASAFQAw%3D%3D",False,False,0x3be7b78e530632b1:0x2dba914642b52c86,Coffee Capital,https://www.zomato.com/mumbai/coffee-capital-4-bungalows,fa891621d2004822a6430198ae498e9cad2536a4,"Shop 12, Mudran Kamgar Nagar, 4 Bungalows, Mumbai",19.1297771,72.8244033,,,False,"Coffee Capital, Shop 12, Mudran Kamgar Nagar, 4 Bungalows, Mumbai"
"48th Floor, Kohinoor Square, N C. Kelkar Marg, Dadar West, Dadar Shivaji Park, Mumbai",https://www.zomato.com/mumbai/bastian-at-the-top-dadar-shivaji-park,896a94eb4049d803f1d04b16efcbf3fc38472745,Coffee Capital,"
48th Floor, Kohinoor Square, N C. Kelkar Marg, Dadar West, Shivaji Park, Mumbai, Maharashtra 400028","https://www.google.com/maps/place/Bastian+-+At+The+Top/@19.0248712,72.8384913,17z/data=!3m1!4b1!4m6!3m5!1s0x3be7cfeb6f75b975:0x87457523e29ac6bd!8m2!3d19.0248712!4d72.8410662!16s%2Fg%2F11l5jhh87n?entry=ttu&g_ep=EgoyMDI2MDMxOC4xIKXMDSoASAFQAw%3D%3D",False,False,0x3be7cfeb6f75b975:0x87457523e29ac6bd,Bastian - At The Top,https://www.zomato.com/mumbai/bastian-at-the-top-dadar-shivaji-park,896a94eb4049d803f1d04b16efcbf3fc38472745,"48th Floor, Kohinoor Square, N C. Kelkar Marg, Dadar West, Dadar Shivaji Park, Mumbai",19.0248712,72.8410662,,,False,"Bastian - At The Top, 48th Floor, Kohinoor Square, N C. Kelkar Marg, Dadar West, Dadar Shivaji Park, Mumbai"
"301, Khan House, Hill Road, Bandra West, Mumbai",https://www.zomato.com/mumbai/kazuza-hill-road-bandra-west,d9f608d9d58371abf50116965e6777020a4906ed,Bastian - At The Top,"
Khan House, 301, Hill Rd, above Mc Donald's, Ranwar, Bandra West, Mumbai, Maharashtra 400050","https://www.google.com/maps/place/Kazuza/@19.0545725,72.8256969,17z/data=!3m1!4b1!4m6!3m5!1s0x3be7c9104a184267:0xa1ebce99adfdee26!8m2!3d19.0545725!4d72.8282718!16s%2Fg%2F11g6ylx221?entry=ttu&g_ep=EgoyMDI2MDMxOC4xIKXMDSoASAFQAw%3D%3D",False,False,0x3be7c9104a184267:0xa1ebce99adfdee26,,,,,,,,,,
"Plot 8/8A, Shop 3, Ground And 1st Floor, Sector 17, Sanpada, Navi Mumbai",https://www.zomato.com/mumbai/sazio-sports-bar-sanpada-navi-mumbai,fe3ef5c38d5ce869fb7a27c825f8dc2b0fc73447,,"
Moraj Palm Paradise, Gr. Floor # 02 & 03, 1st Floor, Plot # 8/8A, Sector # 17, Sanpada, Navi Mumbai, Maharashtra 400705","https://www.google.com/maps/place/SAZiO+-+The+Lounge+%26+Sports+Bar,+Sanpada/@19.0573514,72.9999463,17z/data=!3m1!4b1!4m6!3m5!1s0x3be7c1218bdb1783:0xda45f6f7561bb24b!8m2!3d19.0573514!4d73.0025212!16s%2Fg%2F11w28l2k2l?entry=ttu&g_ep=EgoyMDI2MDMxOC4xIKXMDSoASAFQAw%3D%3D",False,False,0x3be7c1218bdb1783:0xda45f6f7561bb24b,Sazio Sports Bar,https://www.zomato.com/mumbai/sazio-sports-bar-sanpada-navi-mumbai,fe3ef5c38d5ce869fb7a27c825f8dc2b0fc73447,"Plot 8/8A, Shop 3, Ground And 1st Floor, Sector 17, Sanpada, Navi Mumbai",,,,,False,"Sazio Sports Bar, Plot 8/8A, Shop 3, Ground And 1st Floor, Sector 17, Sanpada, Navi Mumbai"
"CTS 721/1, 721/A, Mohili Village, Main Road, Sakinaka, Mumbai",https://www.zomato.com/mumbai/brew-code-holiday-inn-sakinaka,a44185ab96fb81c7e04cf3a6674940cfc9dbb79a,Holiday Inn Mumbai International Airport by IHG,"
Sakinaka, Junction, Andheri - Kurla Rd, Safed Pul, Andheri East, Mumbai, Maharashtra 400072","https://www.google.com/maps/place/Holiday+Inn+Mumbai+International+Airport+by+IHG/@19.1029833,72.8827778,17z/data=!4m13!1m2!2m1!1sBrew+Code-+Holiday+Inn+CTS+721%2F1,+721%2FA,+Mohili+Village,+Main+Road,+Sakinaka,+Mumbai!3m9!1s0x3be7c864458ec815:0xbd2a3b14d480af!5m2!4m1!1i2!8m2!3d19.1029833!4d72.8872839!15sClRCcmV3IENvZGUtIEhvbGlkYXkgSW5uIENUUyA3MjEvMSwgNzIxL0EsIE1vaGlsaSBWaWxsYWdlLCBNYWluIFJvYWQsIFNha2luYWthLCBNdW1iYWkiA4gBAVpQIk5icmV3IGNvZGUgaG9saWRheSBpbm4gY3RzIDcyMSAxIDcyMSBhIG1vaGlsaSB2aWxsYWdlIG1haW4gcm9hZCBzYWtpbmFrYSBtdW1iYWmSAQVob3RlbOABAA!16s%2Fg%2F11btlqh8vz?entry=ttu&g_ep=EgoyMDI2MDMxOC4xIKXMDSoASAFQAw%3D%3D",False,False,0x3be7c864458ec815:0xbd2a3b14d480af,Brew Code- Holiday Inn,https://www.zomato.com/mumbai/brew-code-holiday-inn-sakinaka,a44185ab96fb81c7e04cf3a6674940cfc9dbb79a,"CTS 721/1, 721/A, Mohili Village, Main Road, Sakinaka, Mumbai",,,,,False,"Brew Code- Holiday Inn, CTS 721/1, 721/A, Mohili Village, Main Road, Sakinaka, Mumbai"
"Veera Desai Industrial Estate, Andheri Lokhandwala, Andheri West, Mumbai",https://www.zomato.com/mumbai/tokki-tora-japanese-korean-restaurant-andheri-lokhandwala,9f576a308a9e8648a4a4a50042fa724d20cf5e72,TOKKI & TORA,"
Veera Desai Industrial Estate, Andheri West, Mumbai, Maharashtra 400053","https://www.google.com/maps/place/TOKKI+%26+TORA/@19.1391164,72.8305117,17z/data=!3m1!4b1!4m6!3m5!1s0x3be7b756b7b1f73b:0x33ec6d74a54ce694!8m2!3d19.1391164!4d72.8330866!16s%2Fg%2F11ms_sjb6y?entry=ttu&g_ep=EgoyMDI2MDMxOC4xIKXMDSoASAFQAw%3D%3D",False,False,0x3be7b756b7b1f73b:0x33ec6d74a54ce694,,,,,,,,,,
"2/2, Jayshree Akshay CHS Limited, Road 4, IC Colony, Near Model Bank, Borivali West, Mumbai",https://www.zomato.com/mumbai/spin-city-kitchen-bar-borivali-west,de379d2361511472ab8ca6454dff6a515ac01797,"Spin City Kitchen & Bar | Music-Themed Restaurant & Bar in IC Colony Borivali West, Mumbai","
Jay shree Akshaya CHS, 2/2, near model bank, I C Colony, Borivali West, Mumbai, Maharashtra 400103","https://www.google.com/maps/place/Spin+City+Kitchen+%26+Bar+%7C+Music-Themed+Restaurant+%26+Bar+in+IC+Colony+Borivali+West,+Mumbai/@19.245444,72.8441083,17z/data=!3m1!4b1!4m6!3m5!1s0x3be7b14ef5fd632f:0x69cc5696f8229add!8m2!3d19.245444!4d72.8466832!16s%2Fg%2F11kg30bj1d?entry=ttu&g_ep=EgoyMDI2MDMxOC4xIKXMDSoASAFQAw%3D%3D",True,False,0x3be7b14ef5fd632f:0x69cc5696f8229add,Spin City Kitchen & Bar,https://www.zomato.com/mumbai/spin-city-kitchen-bar-borivali-west,de379d2361511472ab8ca6454dff6a515ac01797,"2/2, Jayshree Akshay CHS Limited, Road 4, IC Colony, Near Model Bank, Borivali West, Mumbai",,,,,False,"Spin City Kitchen & Bar, 2/2, Jayshree Akshay CHS Limited, Road 4, IC Colony, Near Model Bank, Borivali West, Mumbai"
"Plot 41, 1st Floor, Palm Beach Road, Vashi, Navi Mumbai",https://www.zomato.com/mumbai/the-buzz-vashi-navi-mumbai,0f71a9785187040f04c409e97692f09b77bd7804,SOCIALBUZZ,"
Arenja Arcade, Office No.119, Plot No. 4, above Domino Pizza, Sector 17, Navi Mumbai, Maharashtra 402107","https://www.google.com/maps/place/SOCIALBUZZ/@19.0709725,72.979907,15z/data=!4m10!1m2!2m1!1sThe+Buzz+Plot+41,+1st+Floor,+Palm+Beach+Road,+Vashi,+Navi+Mumbai!3m6!1s0x3be7c1fd1a952467:0x5656df9fbd390411!8m2!3d19.0709725!4d72.9979314!15sCkBUaGUgQnV6eiBQbG90IDQxLCAxc3QgRmxvb3IsIFBhbG0gQmVhY2ggUm9hZCwgVmFzaGksIE5hdmkgTXVtYmFpWj4iPHRoZSBidXp6IHBsb3QgNDEgMXN0IGZsb29yIHBhbG0gYmVhY2ggcm9hZCB2YXNoaSBuYXZpIG11bWJhaZIBEG1hcmtldGluZ19hZ2VuY3ngAQA!16s%2Fg%2F11vhrrns13?entry=ttu&g_ep=EgoyMDI2MDMxOC4xIKXMDSoASAFQAw%3D%3D",False,False,0x3be7c1fd1a952467:0x5656df9fbd390411,The Buzz,https://www.zomato.com/mumbai/the-buzz-vashi-navi-mumbai,0f71a9785187040f04c409e97692f09b77bd7804,"Plot 41, 1st Floor, Palm Beach Road, Vashi, Navi Mumbai",19.0723211,73.0075531,,,False,"The Buzz, Plot 41, 1st Floor, Palm Beach Road, Vashi, Navi Mumbai"
"Shop 5, Dattani Park CHS Limited, Gokul Concorde, Kandivali East, Mumbai",https://www.zomato.com/mumbai/nukkad-pe-charcha-kandivali-east,bc9d404018d8ce7ccfc1debf9fbe9b5a07eb1aa5,Irani Canteen - By Thanawala (Thakur Village),"
CHS Ltd, Shop No. 17-20 Gokul Horizon - B, Jivala Pada, Evershine Rd, opp. Gundecha Trillium, Thakur Village, Kandivali East, Mumbai, Maharashtra 400101","https://www.google.com/maps/place/Irani+Canteen+-+By+Thanawala+(Thakur+Village)/@19.2143597,72.8661265,17z/data=!4m10!1m2!2m1!1sNukkad+Pe+Charcha+Shop+5,+Dattani+Park+CHS+Limited,+Gokul+Concorde,+Kandivali+East,+Mumbai!3m6!1s0x3be7b700323aeda1:0xff5f1568bd789bec!8m2!3d19.2143597!4d72.8706326!15sClpOdWtrYWQgUGUgQ2hhcmNoYSBTaG9wIDUsIERhdHRhbmkgUGFyayBDSFMgTGltaXRlZCwgR29rdWwgQ29uY29yZGUsIEthbmRpdmFsaSBFYXN0LCBNdW1iYWlaWCJWbnVra2FkIHBlIGNoYXJjaGEgc2hvcCA1IGRhdHRhbmkgcGFyayBjaHMgbGltaXRlZCBnb2t1bCBjb25jb3JkZSBrYW5kaXZhbGkgZWFzdCBtdW1iYWmSAQRjYWZl4AEA!16s%2Fg%2F11m5xtmgpc?entry=ttu&g_ep=EgoyMDI2MDMxOC4xIKXMDSoASAFQAw%3D%3D",False,False,0x3be7b700323aeda1:0xff5f1568bd789bec,Nukkad Pe Charcha,https://www.zomato.com/mumbai/nukkad-pe-charcha-kandivali-east,bc9d404018d8ce7ccfc1debf9fbe9b5a07eb1aa5,"Shop 5, Dattani Park CHS Limited, Gokul Concorde, Kandivali East, Mumbai",19.2143597,72.8706326,,,False,"Nukkad Pe Charcha, Shop 5, Dattani Park CHS Limited, Gokul Concorde, Kandivali East, Mumbai"
"Shop 16, 2nd Floor, A Wing, Express Zone, Western Express Highway, Malad East, Mumbai",https://www.zomato.com/mumbai/janets-cafe-malad-east,67ccbeb792b892866ca491efb77115956469939a,Janet Cafe,"
Malad, Panch Bawadi, Malad East, Mumbai, Maharashtra 400063","https://www.google.com/maps/place/Janet+Cafe/@19.176413,72.8556421,17z/data=!3m2!4b1!5s0x3be7b7074ff2e9af:0x74234de8d5cb803!4m6!3m5!1s0x3be7b78a32837341:0x9a2ac5347be7fb51!8m2!3d19.176413!4d72.858217!16s%2Fg%2F11ftl2cjb6?entry=ttu&g_ep=EgoyMDI2MDMxOC4xIKXMDSoASAFQAw%3D%3D",False,False,0x3be7b7074ff2e9af:0x74234de8d5cb803,,,,,,,,,,
"1, Parmar CHS, Paranjape B Scheme, Near Mahila Sangh School, First Road, Vile Parle East, Mumbai, Vile Parle East, Mumbai",https://www.zomato.com/mumbai/garde-manger-cafe-vile-parle-east,d056114c104e18876f0ebfa93eb75fe51d79b17d,Garde Manger Cafe,"
Shop No 1 , Parmar Housing Society Paranjape B Scheme, Rd Number 1, beside Natural Ice Cream, Vile Parle East, Mumbai, Maharashtra 400057","https://www.google.com/maps/place/Garde+Manger+Cafe/@19.104802,72.8497272,17z/data=!3m1!4b1!4m6!3m5!1s0x3be7c84ab064da91:0xf60db7187c30646d!8m2!3d19.104802!4d72.8523021!16s%2Fg%2F11c1pls_ft?entry=ttu&g_ep=EgoyMDI2MDMxOC4xIKXMDSoASAFQAw%3D%3D",True,False,0x3be7c84ab064da91:0xf60db7187c30646d,Garde Manger Cafe,https://www.zomato.com/mumbai/garde-manger-cafe-vile-parle-east,d056114c104e18876f0ebfa93eb75fe51d79b17d,"1, Parmar CHS, Paranjape B Scheme, Near Mahila Sangh School, First Road, Vile Parle East, Mumbai, Vile Parle East, Mumbai",,,,,False,"Garde Manger Cafe, 1, Parmar CHS, Paranjape B Scheme, Near Mahila Sangh School, First Road, Vile Parle East, Mumbai, Vile Parle East, Mumbai"
"Shop 5, D6 Building 19, New Homes Recidency, Yashwant Shrushti, Boisar, Mumbai",https://www.zomato.com/mumbai/the-friends-cafe-2-boisar,1467adc7cd2343df49ff6fabfcc75b714374c09d,THE FRIENDS CAFE,"
Arthur Rd, Adarsh Nagar, Lower Parel, Mumbai, Maharashtra 400011","https://www.google.com/maps/place/THE+FRIENDS+CAFE/@18.9869397,71.6784639,9z/data=!4m10!1m2!2m1!1sThe+Friends+Cafe+Shop+5,+D6+Building+19,+New+Homes+Recidency,+Yashwant+Shrushti,+Boisar,+Mumbai!3m6!1s0x3be7cf61b51913a5:0x45eb6be1ce944688!8m2!3d18.9869397!4d72.8320284!15sCl9UaGUgRnJpZW5kcyBDYWZlIFNob3AgNSwgRDYgQnVpbGRpbmcgMTksIE5ldyBIb21lcyBSZXNpZGVuY3ksIFlhc2h3YW50IFNocnVzaHRpLCBCb2lzYXIsIE11bWJhaVpcIlp0aGUgZnJpZW5kcyBjYWZlIHNob3AgNSBkNiBidWlsZGluZyAxOSBuZXcgaG9tZXMgcmVzaWRlbmN5IHlhc2h3YW50IHNocnVzaHRpIGJvaXNhciBtdW1iYWmSARRmYXN0X2Zvb2RfcmVzdGF1cmFudOABAA!16s%2Fg%2F11q490y4lg?entry=ttu&g_ep=EgoyMDI2MDMxOC4xIKXMDSoASAFQAw%3D%3D",True,False,0x3be7cf61b51913a5:0x45eb6be1ce944688,,,,,,,,,,
"Shop 7, 8, 9, 10, B Wing, Shubh Aangan Apartment, Poonam Sagar Complex, Near Apj Abdul Kalam Ground Mira Road, Mumbai",https://www.zomato.com/mumbai/backroad-bistro-mira-road,a90d15bb64bc45c208668d0bcc2ed0ebd681fb34,Backroad Bistro,"
Shop no 7,8,9,10, Shubhaangan, B-wing, Poonam Sagar Rd, opposite APJ Abdul Kalam Garden, Poonam Sagar Complex, Mira Road East, Mira Bhayandar, Maharashtra 401107","https://www.google.com/maps/place/Backroad+Bistro/@19.273446,72.8571319,17z/data=!3m1!4b1!4m6!3m5!1s0x3be7b167a691dedb:0x163f5e6364ea160e!8m2!3d19.273446!4d72.8597068!16s%2Fg%2F11l28zdfph?entry=ttu&g_ep=EgoyMDI2MDMxOC4xIKXMDSoASAFQAw%3D%3D",True,False,0x3be7b167a691dedb:0x163f5e6364ea160e,,,,,,,,,,
"Unit 2, C 31-32, G Block, Naman Centre, Opposite Dena Bank, Bandra Kurla Complex, Mumbai",https://www.zomato.com/mumbai/taftoon-bar-kitchen-bandra-kurla-complex,4e1eb8da4b8ca253fe1af8d6b7bd8e74e0ec5a7b,Taftoon,"
Naman Centre Bank Of India, G Block Rd, opp. SIDBI, G Block BKC, Bandra Kurla Complex, Bandra East, Mumbai, Maharashtra 400051","https://www.google.com/maps/place/Taftoon/@19.0604978,72.8601649,17z/data=!3m1!4b1!4m6!3m5!1s0x3be7c8dd512c3a3b:0x9b5f7381114f45c0!8m2!3d19.0604978!4d72.8627398!16s%2Fg%2F11f_p2l5yd?entry=ttu&g_ep=EgoyMDI2MDMxOC4xIKXMDSoASAFQAw%3D%3D",False,False,0x3be7c8dd512c3a3b:0x9b5f7381114f45c0,Taftoon Bar & Kitchen,https://www.zomato.com/mumbai/taftoon-bar-kitchen-bandra-kurla-complex,4e1eb8da4b8ca253fe1af8d6b7bd8e74e0ec5a7b,"Unit 2, C 31-32, G Block, Naman Centre, Opposite Dena Bank, Bandra Kurla Complex, Mumbai",19.0604978,72.8627398,,,False,"Taftoon Bar & Kitchen, Unit 2, C 31-32, G Block, Naman Centre, Opposite Dena Bank, Bandra Kurla Complex, Mumbai"
"Shop 13, Ground Floor, Silver Oak CHS Ltd, Vasant Garden, Mulund West, Mumbai",https://www.zomato.com/mumbai/the-pink-frosting-1-mulund-west,367e2791d8eb049c0d0369d1edeedd5760cbbfc0,The Pink Frosting,"
Shop No. 13, Vasant Garden, Silver Oaks, Society, Road, Nirmal Nagar, Mulund West, Mumbai, Maharashtra 400080","https://www.google.com/maps/place/The+Pink+Frosting/@19.1814732,72.937905,17z/data=!3m1!4b1!4m6!3m5!1s0x3be7b901a200927b:0xb6eec2a4aeb9794e!8m2!3d19.1814732!4d72.9404799!16s%2Fg%2F11yqzd1ckx?entry=ttu&g_ep=EgoyMDI2MDMxOC4xIKXMDSoASAFQAw%3D%3D",True,False,0x3be7b901a200927b:0xb6eec2a4aeb9794e,The Pink Frosting,https://www.zomato.com/mumbai/the-pink-frosting-1-mulund-west,367e2791d8eb049c0d0369d1edeedd5760cbbfc0,"Shop 13, Ground Floor, Silver Oak CHS Ltd, Vasant Garden, Mulund West, Mumbai",19.1814732,72.9404799,,,False,"The Pink Frosting, Shop 13, Ground Floor, Silver Oak CHS Ltd, Vasant Garden, Mulund West, Mumbai"
"Ground Floor, Pinnacle Corporate Park, Near Trade Centre BKC, Kolivery Village, Bandra Kurla Complex, Mumbai",https://www.zomato.com/mumbai/dakshin-legacy-bandra-kurla-complex,e0921cdbce39032c228a571b4a95e73a40e3dda8,Dakshin Legacy,"
Ground Floor, Pinnacle Corporate Park, near Trade Centre Bkc, Kolivery Village, MMRDA Area, Kalina, Bandra East, Mumbai, Maharashtra 400051","https://www.google.com/maps/place/Dakshin+Legacy/@19.0721576,72.8677545,17z/data=!3m1!4b1!4m6!3m5!1s0x3be7c995bc55388d:0xd84d92a2232e4772!8m2!3d19.0721576!4d72.8703294!16s%2Fg%2F11y0mnb4r7?entry=ttu&g_ep=EgoyMDI2MDMxOC4xIKXMDSoASAFQAw%3D%3D",True,False,0x3be7c995bc55388d:0xd84d92a2232e4772,,,,,,,,,,
"JW Marriott Mumbai Sahar, IA Project Road, Chhatrapati Shivaji International Airport, Chakala, Mumbai",https://www.zomato.com/mumbai/romanos-jw-marriott-mumbai-sahar-chakala,acd319c3dc35c8a32c71a9143f9ddeb3d88bfb33,The Leela Mumbai - Resort Style Business Hotel,"
Sahar Airport Road, Andheri - Kurla Rd, near Mumbai International Airport, Greater Indra Nagar, Andheri East, Mumbai, Maharashtra 400059","https://www.google.com/maps/place/The+Leela+Mumbai+-+Resort+Style+Business+Hotel/@19.109092,72.8693129,17z/data=!4m12!1m2!2m1!1sRomano's+-+JW+Marriott+Mumbai+Sahar+JW+Marriott+Mumbai+Sahar,+IA+Project+Road,+Chhatrapati+Shivaji+International+Airport,+Chakala,+Mumbai!3m8!1s0x3be7c83fc0eb5271:0x52b711524a2da569!5m2!4m1!1i2!8m2!3d19.1090922!4d72.8738186!16s%2Fg%2F1tcycyfy?entry=ttu&g_ep=EgoyMDI2MDMxOC4xIKXMDSoASAFQAw%3D%3D",False,False,0x3be7c83fc0eb5271:0x52b711524a2da569,,,,,,,,,,
"320, Madhu Milan, Dr. Ambedkar Road, Pali Hill, Bandra West, Mumbai",https://www.zomato.com/SmokeHouseDeli-Pali,88704f201b71fbc06ad4a64ecd635122880e0434,Mezcalita Bandra,"
320, Madhu Milan Building Dr Ambedkar Road, Pali Hill Rd, Bandra West, Mumbai, Maharashtra 400051","https://www.google.com/maps/place/Mezcalita+Bandra/@19.065408,72.827397,17z/data=!3m1!4b1!4m6!3m5!1s0x3be7c96d811b9ffd:0x24c006a5127258eb!8m2!3d19.065408!4d72.8299719!16s%2Fg%2F11zkf_j1sf?entry=ttu&g_ep=EgoyMDI2MDMxOC4xIKXMDSoASAFQAw%3D%3D",False,False,0x3be7c96d811b9ffd:0x24c006a5127258eb,Mex It Al,https://www.zomato.com/mumbai/mex-it-al-pali-hill-bandra-west,e1508f7f8bb896767cad70879b47453404457ad6,"Pali Naka, 16th Road, Pali Hill, Bandra West, Mumbai",19.065408,72.82997189999999,,,False,"Mex It Al, Pali Naka, 16th Road, Pali Hill, Bandra West, Mumbai"
"320, Madhu Milan, Dr. Ambedkar Road, Pali Hill, Bandra West, Mumbai",https://www.zomato.com/SmokeHouseDeli-Pali,88704f201b71fbc06ad4a64ecd635122880e0434,Mezcalita Bandra,"
320, Madhu Milan Building Dr Ambedkar Road, Pali Hill Rd, Bandra West, Mumbai, Maharashtra 400051","https://www.google.com/maps/place/Mezcalita+Bandra/@19.065408,72.827397,17z/data=!3m1!4b1!4m6!3m5!1s0x3be7c96d811b9ffd:0x24c006a5127258eb!8m2!3d19.065408!4d72.8299719!16s%2Fg%2F11zkf_j1sf?entry=ttu&g_ep=EgoyMDI2MDMxOC4xIKXMDSoASAFQAw%3D%3D",False,False,0x3be7c96d811b9ffd:0x24c006a5127258eb,Mezcalita Cantina y Tequila Bar,https://www.zomato.com/SmokeHouseDeli-Pali,88704f201b71fbc06ad4a64ecd635122880e0434,"320, Madhu Milan, Dr. Ambedkar Road, Pali Hill, Bandra West, Mumbai",,,,,False,"Mezcalita Cantina y Tequila Bar, 320, Madhu Milan, Dr. Ambedkar Road, Pali Hill, Bandra West, Mumbai"
"Opposite Mittal Industrial Estate, Andheri Kurla Road, Andheri East, Chakala, Mumbai",https://www.zomato.com/mumbai/slounge-lemon-tree-premier-chakala,5a1b3f73eac48883f870b1f56ab2d46da4a55b52,"Lemon Tree Premier, Mumbai International Airport","
Andheri - Kurla Rd, opposite Mittal Industrial Estate, Gamdevi, Marol, Andheri East, Mumbai, Maharashtra 400059","https://www.google.com/maps/place/Lemon+Tree+Premier,+Mumbai+International+Airport/@19.1085174,72.8727994,16z/data=!4m13!1m2!2m1!1sSlounge+-+Lemon+Tree+Premier+Opposite+Mittal+Industrial+Estate,+Andheri+Kurla+Road,+Andheri+East,+Chakala,+Mumbai!3m9!1s0x3be7c92f30fdd943:0xf78fdf7a6a51d9e8!5m2!4m1!1i2!8m2!3d19.107635!4d72.882123!15sCnFTbG91bmdlIC0gTGVtb24gVHJlZSBQcmVtaWVyIE9wcG9zaXRlIE1pdHRhbCBJbmR1c3RyaWFsIEVzdGF0ZSwgQW5kaGVyaSBLdXJsYSBSb2FkLCBBbmRoZXJpIEVhc3QsIENoYWthbGEsIE11bWJhaVptImtzbG91bmdlIGxlbW9uIHRyZWUgcHJlbWllciBvcHBvc2l0ZSBtaXR0YWwgaW5kdXN0cmlhbCBlc3RhdGUgYW5kaGVyaSBrdXJsYSByb2FkIGFuZGhlcmkgZWFzdCBjaGFrYWxhIG11bWJhaZIBBWhvdGVs4AEA!16s%2Fg%2F1tdmhyny?entry=ttu&g_ep=EgoyMDI2MDMxOC4xIKXMDSoASAFQAw%3D%3D",False,False,0x3be7c92f30fdd943:0xf78fdf7a6a51d9e8,Slounge - Lemon Tree Premier,https://www.zomato.com/mumbai/slounge-lemon-tree-premier-chakala,5a1b3f73eac48883f870b1f56ab2d46da4a55b52,"Opposite Mittal Industrial Estate, Andheri Kurla Road, Andheri East, Chakala, Mumbai",19.107635,72.88212299999999,,,False,"Slounge - Lemon Tree Premier, Opposite Mittal Industrial Estate, Andheri Kurla Road, Andheri East, Chakala, Mumbai"
"Ground Floor, Building, 24, B K Boman Behram Marg, Apollo Bandar, Colaba, Mumbai",https://www.zomato.com/mumbai/smoke-house-deli-1-colaba,411f3df60c8e70e553cb824cc1d975c6bf4b211f,Smoke House Deli Colaba,"
Ground Floor, Building, 24, B K Boman Behram Marg, Apollo Bandar, Colaba, Mumbai, Maharashtra 400001","https://www.google.com/maps/place/Smoke+House+Deli+Colaba/@18.9216974,72.8296859,17z/data=!3m1!4b1!4m6!3m5!1s0x3be7d1651ac6aaf5:0x84b496df25b0d568!8m2!3d18.9216974!4d72.8322608!16s%2Fg%2F11r3z03r52?entry=ttu&g_ep=EgoyMDI2MDMxOC4xIKXMDSoASAFQAw%3D%3D",True,True,0x3be7d1651ac6aaf5:0x84b496df25b0d568,,,,,,,,,,
"IA Project Road, Chhatrapati Shivaji International Airport, Chakala, Mumbai",https://www.zomato.com/mumbai/barqat-jw-marriott-mumbai-sahar-chakala,8b998b97f971c625a8df0b8412f345ca740b362f,The Leela Mumbai - Resort Style Business Hotel,"
Sahar Airport Road, Andheri - Kurla Rd, near Mumbai International Airport, Greater Indra Nagar, Andheri East, Mumbai, Maharashtra 400059","https://www.google.com/maps/place/The+Leela+Mumbai+-+Resort+Style+Business+Hotel/@19.109092,72.8693129,17z/data=!4m12!1m2!2m1!1sBarQat+-+JW+Marriott+Mumbai+Sahar+IA+Project+Road,+Chhatrapati+Shivaji+International+Airport,+Chakala,+Mumbai!3m8!1s0x3be7c83fc0eb5271:0x52b711524a2da569!5m2!4m1!1i2!8m2!3d19.1090922!4d72.8738186!16s%2Fg%2F1tcycyfy?entry=ttu&g_ep=EgoyMDI2MDMxOC4xIKXMDSoASAFQAw%3D%3D",False,False,0x3be7c83fc0eb5271:0x52b711524a2da569,,,,,,,,,,
"G-216 to G218, Shree Ashtavinayk, CHS LTD, 7 Bungalows, Andheri West, Mumbai",https://www.zomato.com/mumbai/jessieas-good-vibes-7-bungalows,4d5cf388bc7271f4ecaa749f5e6ff9579b8b476b,JESSIEA'S CAFE,"
Cts No 195 Moongipa, Ganesh Chowk, Shop No. G-216 G217 G218 Shree Ashtavinayak CHS LTD, D.N.Nagar, Andheri West, Mumbai, Maharashtra 400053","https://www.google.com/maps/place/JESSIEA'S+CAFE/@19.1245185,72.828695,17z/data=!3m1!4b1!4m6!3m5!1s0x3be7b7c89538d39b:0xad342929a73a7ec7!8m2!3d19.1245185!4d72.8312699!16s%2Fg%2F11y02mp34h?entry=ttu&g_ep=EgoyMDI2MDMxOC4xIKXMDSoASAFQAw%3D%3D",False,False,0x3be7b7c89538d39b:0xad342929a73a7ec7,Jessiea's - Good Vibes,https://www.zomato.com/mumbai/jessieas-good-vibes-7-bungalows,4d5cf388bc7271f4ecaa749f5e6ff9579b8b476b,"G-216 to G218, Shree Ashtavinayk, CHS LTD, 7 Bungalows, Andheri West, Mumbai",19.1245185,72.8312699,,,False,"Jessiea's - Good Vibes, G-216 to G218, Shree Ashtavinayk, CHS LTD, 7 Bungalows, Andheri West, Mumbai"
"Shop 110, Plot 19 and 20, Palm Beach Road, Satra Plaza, Sector 19 D, Vashi, Navi Mumbai",https://www.zomato.com/mumbai/vazhai-restaurant-vashi-navi-mumbai,2cbb5ededdf8af7287b3f12a7e256fd2185dd1c4,Visawa Pure Veg,"
Near, Unit No. 3, Plot No. 6, Truck Terminal St, Sector 19C, Sector 19D, Vashi, Navi Mumbai, Maharashtra 400703","https://www.google.com/maps/place/Visawa+Pure+Veg/@19.0794478,72.9876233,15z/data=!4m10!1m2!2m1!1sVazhai+Restaurant+Shop+110,+Plot+19+and+20,+Palm+Beach+Road,+Satra+Plaza,+Sector+19+D,+Vashi,+Navi+Mumbai!3m6!1s0x3be7c139fa599fad:0xfff793f24878e867!8m2!3d19.0794478!4d73.0056477!15sCmlWYXpoYWkgUmVzdGF1cmFudCBTaG9wIDExMCwgUGxvdCAxOSBhbmQgMjAsIFBhbG0gQmVhY2ggUm9hZCwgU2F0cmEgUGxhemEsIFNlY3RvciAxOSBELCBWYXNoaSwgTmF2aSBNdW1iYWlaZSJjdmF6aGFpIHJlc3RhdXJhbnQgc2hvcCAxMTAgcGxvdCAxOSBhbmQgMjAgcGFsbSBiZWFjaCByb2FkIHNhdHJhIHBsYXphIHNlY3RvciAxOSBkIHZhc2hpIG5hdmkgbXVtYmFpkgEXc291dGhfaW5kaWFuX3Jlc3RhdXJhbnTgAQA!16s%2Fg%2F1ptx_5d_7?entry=ttu&g_ep=EgoyMDI2MDMxOC4xIKXMDSoASAFQAw%3D%3D",False,False,0x3be7c139fa599fad:0xfff793f24878e867,,,,,,,,,,
"Gate 4, 3Rd Floor, Trade View Building, Pandurang Budhkar Marg, Lower Parel, Mumbai",https://www.zomato.com/mumbai/aomi-art-of-modern-ingredients-lower-parel,49eb7ff188ce01c79817220354816c8d419e499d,Aaomi worli,"
gate, 4, trade view building, Utopia city, 3rd floor, Pandurang Budhkar Marg, Worli, Mumbai, Maharashtra 400013","https://www.google.com/maps/place/Aaomi+worli/@19.005846,72.8221111,17z/data=!4m10!1m2!2m1!1sAomi+-+Art+of+Modern+Ingredients+Gate+4,+3Rd+Floor,+Trade+View+Building,+Pandurang+Budhkar+Marg,+Lower+Parel,+Mumbai!3m6!1s0x3be7cfdfe2292c49:0x68a8b75e58939ae7!8m2!3d19.005846!4d72.8266172!15sCnRBb21pIC0gQXJ0IG9mIE1vZGVybiBJbmdyZWRpZW50cyBHYXRlIDQsIDNSZCBGbG9vciwgVHJhZGUgVmlldyBCdWlsZGluZywgUGFuZHVyYW5nIEJ1ZGhrYXIgTWFyZywgTG93ZXIgUGFyZWwsIE11bWJhaVpvIm1hb21pIGFydCBvZiBtb2Rlcm4gaW5ncmVkaWVudHMgZ2F0ZSA0IDNyZCBmbG9vciB0cmFkZSB2aWV3IGJ1aWxkaW5nIHBhbmR1cmFuZyBidWRoa2FyIG1hcmcgbG93ZXIgcGFyZWwgbXVtYmFpkgEVdmVnZXRhcmlhbl9yZXN0YXVyYW504AEA!16s%2Fg%2F11yfz4rqnx?entry=ttu&g_ep=EgoyMDI2MDMxOC4xIKXMDSoASAFQAw%3D%3D",False,False,0x3be7cfdfe2292c49:0x68a8b75e58939ae7,Aomi - Art of Modern Ingredients,https://www.zomato.com/mumbai/aomi-art-of-modern-ingredients-lower-parel,49eb7ff188ce01c79817220354816c8d419e499d,"Gate 4, 3Rd Floor, Trade View Building, Pandurang Budhkar Marg, Lower Parel, Mumbai",19.005846,72.8266172,,,False,"Aomi - Art of Modern Ingredients, Gate 4, 3Rd Floor, Trade View Building, Pandurang Budhkar Marg, Lower Parel, Mumbai"
"13th floor 1st Avenue, Goregaon, New Link Rdoa, Opposite Inorbit Mall, Malad West, Mumbai",https://www.zomato.com/mumbai/azzurro-nx-malad-west,08fc3fdbeb85eb22ba41d9faddca7b1bb13663de,Azzurro Nx,"
13th floor 1st Avenue, Goregaon, New Link Rd, opposite Inorbit Mall, Malad West, Mumbai, Maharashtra 400104","https://www.google.com/maps/place/Azzurro+Nx/@19.1736726,72.8363114,17z/data=!3m1!4b1!4m6!3m5!1s0x3be7b7a6685504c1:0x23bfb00391fca9bc!8m2!3d19.1736726!4d72.8388863!16s%2Fg%2F11xdvd_6bk?entry=ttu&g_ep=EgoyMDI2MDMxOC4xIKXMDSoASAFQAw%3D%3D",True,False,0x3be7b7a6685504c1:0x23bfb00391fca9bc,,,,,,,,,,
"Ground Floor, Fun Republic Lane, Sharyan's Audeu, Near BCB, Veera Desai Area, Mumbai",https://www.zomato.com/mumbai/berlin-brew-the-beer-library-veera-desai-area,66f7d9265c422ea822d930f4777ccb080b22b5b7,Berlin Brew The Beer Library,"
Ground Floor, Sharyan’s Audeu, Fun Republic Lane, Off Veera Desai Rd, near BCB, Andheri, Mumbai, Maharashtra 400053","https://www.google.com/maps/place/Berlin+Brew+The+Beer+Library/@19.1414246,72.8271418,16z/data=!4m10!1m2!2m1!1sBerlin+Brew+The+Beer+Library+Ground+Floor,+Fun+Republic+Lane,+Sharyan's+Audeu,+Near+BCB,+Veera+Desai+Area,+Mumbai!3m6!1s0x3be7b7429a108e31:0xce3ec36da7472760!8m2!3d19.1360391!4d72.8353483!15sCnBCZXJsaW4gQnJldyBUaGUgQmVlciBMaWJyYXJ5IEdyb3VuZCBGbG9vciwgRnVuIFJlcHVibGljIExhbmUsIFNoYXJ5YW5zIEF1ZGV1LCBOZWFyIEJDQiwgVmVlcmEgRGVzYWkgQXJlYSwgTXVtYmFpkgEHYnJld2VyeeABAA!16s%2Fg%2F11mkv7prqt?entry=ttu&g_ep=EgoyMDI2MDMxOC4xIKXMDSoASAFQAw%3D%3D",True,False,0x3be7b7429a108e31:0xce3ec36da7472760,,,,,,,,,,
"Ground Floor, 26, Link Plaza, Oshiwara, Andheri West, Mumbai",https://www.zomato.com/mumbai/time-to-sea-oshiwara,3ef7bceec59b4dd41f815609407828af074e6d31,,,"https://www.google.com/maps/dir/19.234816,72.8629248/Sea+Ground+Floor,+26,+Link+Plaza,+Oshiwara,+Andheri+West,+Mumbai/@19.2347976,72.7805217,12z/data=!3m1!4b1!4m4!4m3!1m1!4e1!1m0?entry=ttu&g_ep=EgoyMDI2MDMxOC4xIKXMDSoASAFQAw%3D%3D",False,False,,,,,,,,,,,
"468, 4G Floor, Kalyal Bhauvan, Dadar Matunga Road, Wadala, Mumbai",https://www.zomato.com/mumbai/gianis-ice-cream-wadala,af936ab42fd11d9c5ab300de7734713b61fb26f9,Giani's - Love Legacy & Ice Creams,"
Shop No.04, Ground Floor Plot No.468, Kalyan Bhuvan Dadar-Matunga Road, Kings Cir, near Khalsa College, Ward-F/N, Matunga East, Greater Mumbai, Mumbai, Maharashtra 400019","https://www.google.com/maps/place/Giani's+-+Love+Legacy+%26+Ice+Creams/@19.0265596,72.8535501,17z/data=!3m1!4b1!4m6!3m5!1s0x3be7cf03e8a8b271:0xcfb5825f2ad2d8ed!8m2!3d19.0265596!4d72.856125!16s%2Fg%2F11tg8hc19r?entry=ttu&g_ep=EgoyMDI2MDMxOC4xIKXMDSoASAFQAw%3D%3D",False,False,0x3be7cf03e8a8b271:0xcfb5825f2ad2d8ed,Gianis Ice Cream,https://www.zomato.com/mumbai/gianis-ice-cream-wadala,af936ab42fd11d9c5ab300de7734713b61fb26f9,"468, 4G Floor, Kalyal Bhauvan, Dadar Matunga Road, Wadala, Mumbai",19.0265596,72.85612499999999,,,False,"Gianis Ice Cream, 468, 4G Floor, Kalyal Bhauvan, Dadar Matunga Road, Wadala, Mumbai"
"Shop 1 & 2, Hiral Triveni, Queens Park, Ramdev Park Road, Near Mira Road, Mumbai",https://www.zomato.com/mumbai/woof-1-mira-road,5bf0b8d42db21b3289007a194790863fb7be03d6,Woof! ️,"
Shop No. 1&2, Hiral Triveni CHS Ltd., Ramdev park road, Mira Bhayandar Rd, opp. Voxton hotel, Mira Road East, Maharashtra 401105","https://www.google.com/maps/place/Woof!+%EF%B8%8F/@19.2903613,72.8616815,17z/data=!3m1!4b1!4m6!3m5!1s0x3be7b1e9f1f6fa25:0x29b6bba80ce0c6f2!8m2!3d19.2903613!4d72.8642564!16s%2Fg%2F11pvbkdbvq?entry=ttu&g_ep=EgoyMDI2MDMxOC4xIKXMDSoASAFQAw%3D%3D",True,False,0x3be7b1e9f1f6fa25:0x29b6bba80ce0c6f2,,,,,,,,,,
"33, Sherley Rajan Road, Near Rizvi College, Carter Road, Bandra West, Mumbai",https://www.zomato.com/mumbai/urban-yogurt-carter-road-bandra-west,872cbb48db041456ade11982f0f7e88033ce8866,Urban Yogurt,"
33 Sherley Rajan Road, Carter Road, opposite Solomon Apartment, Bandra West, Mumbai, Maharashtra 400050","https://www.google.com/maps/place/Urban+Yogurt/@19.0665725,72.822179,17z/data=!3m1!4b1!4m6!3m5!1s0x3be7c90c9de73851:0x884a906515cbb0f6!8m2!3d19.0665725!4d72.8247539!16s%2Fg%2F11lgql087v?entry=ttu&g_ep=EgoyMDI2MDMxOC4xIKXMDSoASAFQAw%3D%3D",True,False,0x3be7c90c9de73851:0x884a906515cbb0f6,,,,,,,,,,
"F 2, Mahavir Nagar, Opposite Sachin Tendulkar Ground, Kandivali West, Mumbai",https://www.zomato.com/mumbai/tea-20-cafe-kandivali-west,8b762357d18fc2dcd16e5aa416e7056c156479cd,Tea-20 Cafe,"
Shop No. F2, Nisarg Apts Shankar Lane opp. Sachin Tendulkar Gym Khana Pizza Hut lane, Mahavir Nagar, Kandivali West, Mumbai, Maharashtra 400067","https://www.google.com/maps/place/Tea-20+Cafe/@19.2143898,72.8384877,17z/data=!3m1!4b1!4m6!3m5!1s0x3be7b704158ccf69:0x9d435b45341519fb!8m2!3d19.2143898!4d72.8410626!16s%2Fg%2F11qmq_gbh3?entry=ttu&g_ep=EgoyMDI2MDMxOC4xIKXMDSoASAFQAw%3D%3D",False,False,0x3be7b704158ccf69:0x9d435b45341519fb,Tea 20 Cafe,https://www.zomato.com/mumbai/tea-20-cafe-kandivali-west,8b762357d18fc2dcd16e5aa416e7056c156479cd,"F 2, Mahavir Nagar, Opposite Sachin Tendulkar Ground, Kandivali West, Mumbai",19.2143898,72.8410626,,,False,"Tea 20 Cafe, F 2, Mahavir Nagar, Opposite Sachin Tendulkar Ground, Kandivali West, Mumbai"
"Shop 5, Platinum 53, Building 15, Durvankar CHD LTD, Ganesh Chowk, DN Nagar, Jayprakash Road, Near Azad Nagar, Mumbai",https://www.zomato.com/mumbai/xoxo-healthy-cafe-azad-nagar,00b43b086925e3bb6f82d90a846959f03ae12fbd,XOXO Healthy Cafe,"
Shop 5, platinum 53 west, D.N.Nagar, Andheri West, Mumbai, Maharashtra 400053","https://www.google.com/maps/place/XOXO+Healthy+Cafe/@19.1248881,72.8297081,17z/data=!3m2!4b1!5s0x3be7c9df160d5dd1:0x164a6a197ed4287!4m6!3m5!1s0x3be7c9897e591103:0x6367bf99a7685ae3!8m2!3d19.1248881!4d72.832283!16s%2Fg%2F11xgjyr935?entry=ttu&g_ep=EgoyMDI2MDMxOC4xIKXMDSoASAFQAw%3D%3D",True,False,0x3be7c9df160d5dd1:0x164a6a197ed4287,,,,,,,,,,
"Shop 3, Chemko House, Opposite Mukta Cinema, Fort, Mumbai",https://www.zomato.com/mumbai/chai-sutta-bar-2-fort,b4e1314782d5a12e47866bf295e218468548647e,Chai Sutta Bar - Fort,"
03 & 04, ground floor, Chemco House, DN road, sukhadwala marg, besides KMC & EKAA, near aditya birla international high school, Fort, Mumbai, Maharashtra 400001","https://www.google.com/maps/place/Chai+Sutta+Bar+-+Fort/@18.9376979,72.8315768,17z/data=!3m2!4b1!5s0x3be7d1d953017d53:0xbc3fee82e7977fe3!4m6!3m5!1s0x3be7d1b2e583a237:0x507260674e58ef5a!8m2!3d18.9376979!4d72.8341517!16s%2Fg%2F11khcdhjn1?entry=ttu&g_ep=EgoyMDI2MDMxOC4xIKXMDSoASAFQAw%3D%3D",True,False,0x3be7d1d953017d53:0xbc3fee82e7977fe3,,,,,,,,,,
"5, Shakti Arcade, Sector 19 D, Vashi, Navi Mumbai",https://www.zomato.com/mumbai/rang-de-basanti-1-vashi-navi-mumbai,f3a4acdd3b19966e6e1a144fadbc237a16b5edec,Satra Plaza,"
Unit 110, 1st Floor, 19D, Palm Beach Rd, Phase 2, Sector 14, Vashi, Navi Mumbai, Maharashtra 400703","https://www.google.com/maps/place/Satra+Plaza/@19.0824644,72.9877955,15z/data=!4m10!1m2!2m1!1sRang+De+Basanti+5,+Shakti+Arcade,+Sector+19+D,+Vashi,+Navi+Mumbai!3m6!1s0x3be7c13428f153c3:0xcedc32f30e4d80ed!8m2!3d19.0824644!4d73.0058199!15sCkFSYW5nIERlIEJhc2FudGkgNSwgU2hha3RpIEFyY2FkZSwgU2VjdG9yIDE5IEQsIFZhc2hpLCBOYXZpIE11bWJhaVo_Ij1yYW5nIGRlIGJhc2FudGkgNSBzaGFrdGkgYXJjYWRlIHNlY3RvciAxOSBkIHZhc2hpIG5hdmkgbXVtYmFpkgEPYnVzaW5lc3NfY2VudGVy4AEA!16s%2Fg%2F11bxkf6d2l?entry=ttu&g_ep=EgoyMDI2MDMxOC4xIKXMDSoASAFQAw%3D%3D",False,False,0x3be7c13428f153c3:0xcedc32f30e4d80ed,Rang De Basanti,https://www.zomato.com/mumbai/rang-de-basanti-1-vashi-navi-mumbai,f3a4acdd3b19966e6e1a144fadbc237a16b5edec,"5, Shakti Arcade, Sector 19 D, Vashi, Navi Mumbai",19.0824644,73.00581989999999,,,False,"Rang De Basanti, 5, Shakti Arcade, Sector 19 D, Vashi, Navi Mumbai"
"5, Shakti Arcade, Sector 19 D, Vashi, Navi Mumbai",https://www.zomato.com/mumbai/rang-de-basanti-1-vashi-navi-mumbai,f3a4acdd3b19966e6e1a144fadbc237a16b5edec,Satra Plaza,"
Unit 110, 1st Floor, 19D, Palm Beach Rd, Phase 2, Sector 14, Vashi, Navi Mumbai, Maharashtra 400703","https://www.google.com/maps/place/Satra+Plaza/@19.0824644,72.9877955,15z/data=!4m10!1m2!2m1!1sRang+De+Basanti+5,+Shakti+Arcade,+Sector+19+D,+Vashi,+Navi+Mumbai!3m6!1s0x3be7c13428f153c3:0xcedc32f30e4d80ed!8m2!3d19.0824644!4d73.0058199!15sCkFSYW5nIERlIEJhc2FudGkgNSwgU2hha3RpIEFyY2FkZSwgU2VjdG9yIDE5IEQsIFZhc2hpLCBOYXZpIE11bWJhaVo_Ij1yYW5nIGRlIGJhc2FudGkgNSBzaGFrdGkgYXJjYWRlIHNlY3RvciAxOSBkIHZhc2hpIG5hdmkgbXVtYmFpkgEPYnVzaW5lc3NfY2VudGVy4AEA!16s%2Fg%2F11bxkf6d2l?entry=ttu&g_ep=EgoyMDI2MDMxOC4xIKXMDSoASAFQAw%3D%3D",False,False,0x3be7c13428f153c3:0xcedc32f30e4d80ed,Vazhai Restaurant,https://www.zomato.com/mumbai/vazhai-restaurant-vashi-navi-mumbai,2cbb5ededdf8af7287b3f12a7e256fd2185dd1c4,"Shop 110, Plot 19 and 20, Palm Beach Road, Satra Plaza, Sector 19 D, Vashi, Navi Mumbai",,,,,False,"Vazhai Restaurant, Shop 110, Plot 19 and 20, Palm Beach Road, Satra Plaza, Sector 19 D, Vashi, Navi Mumbai"
"Shop 12, Benazir Welfare Association, Military Road, Marol Andheri East, Marol, Mumbai",https://www.zomato.com/mumbai/new-mumbai-darbar-marol,0a22b27be69e4a3d2b263b7628f32bdfdf7893e5,Marol Darbar,"
SevenHills Hospital, Near, Military Rd, Bhavani Nagar, Marol, Andheri East, Mumbai, Maharashtra 400059","https://www.google.com/maps/place/Marol+Darbar/@19.1170804,72.8623746,15z/data=!4m10!1m2!2m1!1sNew+Mumbai+Darbar+Shop+12,+Benazir+Welfare+Association,+Military+Road,+Marol+Andheri+East,+Marol,+Mumbai!3m6!1s0x3be7c817286e0835:0x37f52924ade8ad20!8m2!3d19.1170804!4d72.880399!15sCmhOZXcgTXVtYmFpIERhcmJhciBTaG9wIDEyLCBCZW5hemlyIFdlbGZhcmUgQXNzb2NpYXRpb24sIE1pbGl0YXJ5IFJvYWQsIE1hcm9sIEFuZGhlcmkgRWFzdCwgTWFyb2wsIE11bWJhaVplImNuZXcgbXVtYmFpIGRhcmJhciBzaG9wIDEyIGJlbmF6aXIgd2VsZmFyZSBhc3NvY2lhdGlvbiBtaWxpdGFyeSByb2FkIG1hcm9sIGFuZGhlcmkgZWFzdCBtYXJvbCBtdW1iYWmSARdub3J0aF9pbmRpYW5fcmVzdGF1cmFudOABAA!16s%2Fg%2F11xp6t_p0f?entry=ttu&g_ep=EgoyMDI2MDMxOC4xIKXMDSoASAFQAw%3D%3D",False,False,0x3be7c817286e0835:0x37f52924ade8ad20,,,,,,,,,,
"Shop 9, Lotus Apartment, Oswal Nagari, Zone A, Nalasopara, Mumbai",https://www.zomato.com/mumbai/chachas-cafe-nalasopara,59f7519af4f82f4ef70241e6a73763e37251c411,Chacha's Cafe,"
Shop no. 09, Lotus Apartment, Oswal Nagari, Nalasopara East, Mumbai, Vasai-Virar, Maharashtra 401209","https://www.google.com/maps/place/Chacha's+Cafe/@19.4286074,72.8156455,17z/data=!3m1!4b1!4m6!3m5!1s0x3be7a90038e44bd7:0xe5dab5dae38ba12f!8m2!3d19.4286074!4d72.8182204!16s%2Fg%2F11wqvjd4ts?entry=ttu&g_ep=EgoyMDI2MDMxOC4xIKXMDSoASAFQAw%3D%3D",True,False,0x3be7a90038e44bd7:0xe5dab5dae38ba12f,Chacha's Cafe,https://www.zomato.com/mumbai/chachas-cafe-nalasopara,59f7519af4f82f4ef70241e6a73763e37251c411,"Shop 9, Lotus Apartment, Oswal Nagari, Zone A, Nalasopara, Mumbai",19.4286074,72.8182204,,,False,"Chacha's Cafe, Shop 9, Lotus Apartment, Oswal Nagari, Zone A, Nalasopara, Mumbai"
"Citi Mall Compound, Link Road, Andheri Lokhandwala, Andheri West, Mumbai",https://www.zomato.com/mumbai/california-coffee-andheri-lokhandwala,c4dfe72c9e073a61123cc782583b645af06c031a,California Coffee,"
City Mall Compound, KL Walawalkar Marg, Phase D, Shastri Nagar, Andheri West, Mumbai, Maharashtra 400053","https://www.google.com/maps/place/California+Coffee/@19.1387823,72.8287736,17z/data=!3m1!4b1!4m6!3m5!1s0x3be7b63cdabeb31d:0xba13a67b6b9f3e71!8m2!3d19.1387823!4d72.8313485!16s%2Fg%2F1pp2twlms?entry=ttu&g_ep=EgoyMDI2MDMxOC4xIKXMDSoASAFQAw%3D%3D",True,False,0x3be7b63cdabeb31d:0xba13a67b6b9f3e71,California Coffee,https://www.zomato.com/mumbai/california-coffee-andheri-lokhandwala,c4dfe72c9e073a61123cc782583b645af06c031a,"Citi Mall Compound, Link Road, Andheri Lokhandwala, Andheri West, Mumbai",19.1387823,72.83134849999999,,,False,"California Coffee, Citi Mall Compound, Link Road, Andheri Lokhandwala, Andheri West, Mumbai"
"Shop 41, Building 53, Evershine Halley CHS Ltd., Thakur Village, Kandivali East, Mumbai",https://www.zomato.com/mumbai/redel-world-of-desserts-kandivali-east,b8bc3f0775e3639cdbeb38cf5164dced544da76a,Sweet County (Thakur Village),"
CHS. LTD, Halley Towers, Shop No.10, EMP 49, Ground Floor, Evershine, Thakur Village, Kandivali East, Mumbai, Maharashtra 400101","https://www.google.com/maps/place/Sweet+County+(Thakur+Village)/@19.1387639,72.7489454,12z/data=!3m1!5s0x3be7b737f363185f:0x87bf70693eccc78a!4m10!1m2!2m1!1sRedel-World+of+Desserts+Shop+41,+Building+53,+Evershine+Halley+CHS+Ltd.,+Thakur+Village,+Kandivali+East,+Mumbai!3m6!1s0x3be7b7246f680d93:0x33d3f0eec3f1cd58!8m2!3d19.2113865!4d72.8733079!15sCm9SZWRlbC1Xb3JsZCBvZiBEZXNzZXJ0cyBTaG9wIDQxLCBCdWlsZGluZyA1MywgRXZlcnNoaW5lIEhhbGxleSBDSFMgTHRkLiwgVGhha3VyIFZpbGxhZ2UsIEthbmRpdmFsaSBFYXN0LCBNdW1iYWlaayJpcmVkZWwgd29ybGQgb2YgZGVzc2VydHMgc2hvcCA0MSBidWlsZGluZyA1MyBldmVyc2hpbmUgaGFsbGV5IGNocyBsdGQgdGhha3VyIHZpbGxhZ2Uga2FuZGl2YWxpIGVhc3QgbXVtYmFpkgEGYmFrZXJ5mgFEQ2k5RFFVbFJRVU52WkVOb2RIbGpSamx2VDIwMWRsVjZiSFJqUms1RldWUkNZVTVIT1dwT2FsVTBWMGRTVkZwSVl4QULgAQD6AQQIABBB!16s%2Fg%2F11qb5nhhf2?entry=ttu&g_ep=EgoyMDI2MDMxOC4xIKXMDSoASAFQAw%3D%3D",False,False,0x3be7b737f363185f:0x87bf70693eccc78a,,,,,,,,,,
"Shop 29A, Plot 28, Bhoomi Tower, Sector 4, Kharghar, Navi Mumbai",https://www.zomato.com/mumbai/a-waffles-belgiam-waffles-and-more-kharghar-navi-mumbai,3f40db2c6b145ccc1815b61382faebdd389318c3,A waffles,"
Shop no. 29A, Bhoomi Tower, Sector 4, Kharghar, Panvel, Maharashtra 410210","https://www.google.com/maps/place/A+waffles/@19.0495533,73.0065908,13z/data=!4m10!1m2!2m1!1sA+Waffles+-+Belgiam+Waffles+And+More+Shop+29A,+Plot+28,+Bhoomi+Tower,+Sector+4,+Kharghar,+Navi+Mumbai!3m6!1s0x3be7c3d01c7581ef:0x99e8d92215a9f591!8m2!3d19.0336375!4d73.0636224!15sCmRBIFdhZmZsZSAtIEJlbGdpYW4gV2FmZmxlcyBBbmQgTW9yZSBTaG9wIDI5QSwgUGxvdCAyOCwgQmhvb21pIFRvd2VyLCBTZWN0b3IgNCwgS2hhcmdoYXIsIE5hdmkgTXVtYmFpWl8iXWEgd2FmZmxlIGJlbGdpYW4gd2FmZmxlcyBhbmQgbW9yZSBzaG9wIDI5YSBwbG90IDI4IGJob29taSB0b3dlciBzZWN0b3IgNCBraGFyZ2hhciBuYXZpIG11bWJhaZIBCnJlc3RhdXJhbnTgAQA!16s%2Fg%2F11s3y6l7jh?entry=ttu&g_ep=EgoyMDI2MDMxOC4xIKXMDSoASAFQAw%3D%3D",False,False,0x3be7c3d01c7581ef:0x99e8d92215a9f591,,,,,,,,,,
"Shop 7, Kiledar Building, Near MTNL, SV Road, Jogeshwari, Mumbai",https://www.zomato.com/mumbai/sweeven-the-original-belgian-waffle-jogeshwari,09c93e88c8f166114aa5f0559e783cb0d7328306,The Belgian Waffle Co.,"
Shop no 7, Majithia Apartments, Swami Vivekanand Rd, Navpada, Irla, Vile Parle West, Mumbai, Maharashtra 400056","https://www.google.com/maps/place/The+Belgian+Waffle+Co./@19.106664,72.7682042,13z/data=!3m1!5s0x3be7c9c79c8fa421:0x98de756c9c76de4d!4m10!1m2!2m1!1sSweeven+-+The+Original+Belgian+Waffle+Shop+7,+Kiledar+Building,+Near+MTNL,+SV+Road,+Jogeshwari,+Mumbai!3m6!1s0x3be7c9c877ed4853:0xa2264613bea2fcea!8m2!3d19.106664!4d72.840302!15sCmZTd2VldmVuIC0gVGhlIE9yaWdpbmFsIEJlbGdpYW4gV2FmZmxlIFNob3AgNywgS2lsZWRhciBCdWlsZGluZywgTmVhciBNVE5MLCBTViBSb2FkLCBKb2dlc2h3YXJpLCBNdW1iYWlaYSJfc3dlZXZlbiB0aGUgb3JpZ2luYWwgYmVsZ2lhbiB3YWZmbGUgc2hvcCA3IGtpbGVkYXIgYnVpbGRpbmcgbmVhciBtdG5sIHN2IHJvYWQgam9nZXNod2FyaSBtdW1iYWmSARJkZXNzZXJ0X3Jlc3RhdXJhbnTgAQA!16s%2Fg%2F11f3t_tb9l?entry=ttu&g_ep=EgoyMDI2MDMxOC4xIKXMDSoASAFQAw%3D%3D",False,False,0x3be7c9c79c8fa421:0x98de756c9c76de4d,,,,,,,,,,
"Shiv Shakti Chawl Comittee, Laxman Rinjad Compound, Khadak Pada, Malad East, Mumbai",https://www.zomato.com/mumbai/belgian-waffle-express-zone-malad-east,fa70f76dcdbfcf9581d304b10501602210366fd4,The Belgian Waffle Co.,"
SHOP NO12, DHRUV HEIGHT, UPPAR GOVIND NAGAR, OPP PANCHVATI GARDEN BLDG, Ward-R/N, Malad East, Greater Mumbai, Mumbai, Maharashtra 400097","https://www.google.com/maps/place/The+Belgian+Waffle+Co./@19.177281,72.8199417,14z/data=!4m10!1m2!2m1!1sBelgian+Waffle+Express+Zone+Shiv+Shakti+Chawl+Comittee,+Laxman+Rinjad+Compound,+Khadak+Pada,+Malad+East,+Mumbai!3m6!1s0x3be7b73162108e7b:0xaf6556c1ba566577!8m2!3d19.177281!4d72.8559906!15sCnBCZWxnaWFuIFdhZmZsZSBFeHByZXNzIFpvbmUgU2hpdiBTaGFrdGkgQ2hhd2wgQ29tbWl0dGVlLCBMYXhtYW4gUmluamFkIENvbXBvdW5kLCBLaGFkYWsgUGFkYSwgTWFsYWQgRWFzdCwgTXVtYmFpWm4ibGJlbGdpYW4gd2FmZmxlIGV4cHJlc3Mgem9uZSBzaGl2IHNoYWt0aSBjaGF3bCBjb21taXR0ZWUgbGF4bWFuIHJpbmphZCBjb21wb3VuZCBraGFkYWsgcGFkYSBtYWxhZCBlYXN0IG11bWJhaZIBEmRlc3NlcnRfcmVzdGF1cmFudOABAA!16s%2Fg%2F11m6phz8kq?entry=ttu&g_ep=EgoyMDI2MDMxOC4xIKXMDSoASAFQAw%3D%3D",False,False,0x3be7b73162108e7b:0xaf6556c1ba566577,,,,,,,,,,
"Shop 3, PHC-5, 1/1, Motilal Nagar 2, Linking Road, Opposite Bangur Nagar, Goregaon West, Mumbai",https://www.zomato.com/mumbai/the-picasso-goregaon-west,5007ee274ff927a1f9e7348a7f96fcda512ef50d,Picasso Family Restaurant & Bar,"
Picasso Family Restaurant And Banquets, New Link Rd, opp. D-Mart, Bangur nagar Junction, Motilal Nagar II, Goregaon West, Mumbai, Maharashtra 400104","https://www.google.com/maps/place/Picasso+Family+Restaurant+%26+Bar/@19.1639503,72.8325054,17z/data=!3m1!4b1!4m6!3m5!1s0x3be7b65b6e0870c3:0x136ad59e892aa39d!8m2!3d19.1639503!4d72.8350803!16s%2Fg%2F1260_bkw_?entry=ttu&g_ep=EgoyMDI2MDMxOC4xIKXMDSoASAFQAw%3D%3D",False,False,0x3be7b65b6e0870c3:0x136ad59e892aa39d,The Picasso,https://www.zomato.com/mumbai/the-picasso-goregaon-west,5007ee274ff927a1f9e7348a7f96fcda512ef50d,"Shop 3, PHC-5, 1/1, Motilal Nagar 2, Linking Road, Opposite Bangur Nagar, Goregaon West, Mumbai",19.1639503,72.8350803,,,False,"The Picasso, Shop 3, PHC-5, 1/1, Motilal Nagar 2, Linking Road, Opposite Bangur Nagar, Goregaon West, Mumbai"
"Shop 22, Opposite Poonam Estate Cluster 3, Mira Road, Mumbai",https://www.zomato.com/mumbai/crime-master-momo-mira-road,e6dd56a2a9ff0be1a478dc28371b66440c37c7ef,Crime Master Momo,"
Poonam Estate Cluster, Sector 1, Srishti Complex, Mira Road East, Mira Bhayandar, Maharashtra 401107","https://www.google.com/maps/place/Crime+Master+Momo/@19.2738501,72.8676839,17z/data=!3m1!4b1!4m6!3m5!1s0x3be7b10b397ca113:0xc786dd349f29c95e!8m2!3d19.2738501!4d72.8702588!16s%2Fg%2F11jt0cgws8?entry=ttu&g_ep=EgoyMDI2MDMxOC4xIKXMDSoASAFQAw%3D%3D",True,False,0x3be7b10b397ca113:0xc786dd349f29c95e,Crime Master Momo,https://www.zomato.com/mumbai/crime-master-momo-mira-road,e6dd56a2a9ff0be1a478dc28371b66440c37c7ef,"Shop 22, Opposite Poonam Estate Cluster 3, Mira Road, Mumbai",19.2738501,72.8702588,,,False,"Crime Master Momo, Shop 22, Opposite Poonam Estate Cluster 3, Mira Road, Mumbai"
"Gorav Woods Phase 1, Mira Road, Mumbai",https://www.zomato.com/mumbai/game-on-cafe-mira-road,6222f41a5e5bab7e0c215298ac25e3b541313ce7,Gamez Cafe,"
Shop No 10,11,12, Krishna Prestige, MIDC Rd, Royal Park Rd, opposite Jay ambe hospital, Gaurav Galaxy, Mira Road East, Mumbai, Mira Bhayandar, Maharashtra 401107","https://www.google.com/maps/place/Gamez+Cafe/@19.2711294,72.8389461,14z/data=!4m10!1m2!2m1!1sGame+On+Cafe+Gorav+Woods+Phase+1,+Mira+Road,+Mumbai!3m6!1s0x3be7b1089a809223:0x8d200810c839df6f!8m2!3d19.2711294!4d72.874995!15sCjRHYW1lIE9uIENhZmUgR2F1cmF2IFdvb2RzIFBoYXNlIDEsIE1pcmEgUm9hZCwgTXVtYmFpWjQiMmdhbWUgb24gY2FmZSBnYXVyYXYgd29vZHMgcGhhc2UgMSBtaXJhIHJvYWQgbXVtYmFpkgEKZ2FtZV9zdG9yZZoBRENpOURRVWxSUVVOdlpFTm9kSGxqUmpsdlQyNUthVlpxVlRSU01HUjZXbTFzU2xSWGNFeFBWRlV4VkRGa1JHSkdSUkFC4AEA-gEECAAQRg!16s%2Fg%2F11ww_l6klr?entry=ttu&g_ep=EgoyMDI2MDMxOC4xIKXMDSoASAFQAw%3D%3D",False,False,0x3be7b1089a809223:0x8d200810c839df6f,,,,,,,,,,
"Shop A 47, Vibhag Rahivashi Sang, Sector 3, Airoli, Navi Mumbai",https://www.zomato.com/mumbai/the-tea-avenue-airoli-navi-mumbai,c7581d48ec0bd998793f1363a15c8b35722625d1,THE TEA AVENUE,"
A 47, Sector 3 Airoli Rd, near by Datta Meghe college of engineering, Sector 3, Airoli, Navi Mumbai, Maharashtra 400708","https://www.google.com/maps/place/THE+TEA+AVENUE/@19.1603651,72.9941556,17z/data=!3m1!4b1!4m6!3m5!1s0x3be7bf28b58dcecb:0x2d3f65df48ddfa6b!8m2!3d19.1603651!4d72.9967305!16s%2Fg%2F11p0zth3tv?entry=ttu&g_ep=EgoyMDI2MDMxOC4xIKXMDSoASAFQAw%3D%3D",True,False,0x3be7bf28b58dcecb:0x2d3f65df48ddfa6b,The Tea Avenue,https://www.zomato.com/mumbai/the-tea-avenue-airoli-navi-mumbai,c7581d48ec0bd998793f1363a15c8b35722625d1,"Shop A 47, Vibhag Rahivashi Sang, Sector 3, Airoli, Navi Mumbai",19.1603651,72.9967305,,,False,"The Tea Avenue, Shop A 47, Vibhag Rahivashi Sang, Sector 3, Airoli, Navi Mumbai"
"Inside Airport, Level 3, Domestic Departure, CSI Airport, Sahar Road, Vile Parle East, Mumbai",https://www.zomato.com/mumbai/bottoms-up-vile-parle-east,5c09b734bf7e6f263d4022afe6729e94e37526c6,Chhatrapati Shivaji International Airport Terminal 2,,"https://www.google.com/maps/place/Chhatrapati+Shivaji+International+Airport+Terminal+2,+Domestic,+Departure,+Navpada,+Vile+Parle+East,+Andheri+(East,+Mumbai,+Maharashtra+400099/@19.0967877,72.8749323,17z/data=!3m2!4b1!5s0x3be7c85c55fe6a9f:0x252d3890d406e5b0!4m10!1m2!2m1!1sBottoms+Up+Inside+Airport,+Level+3,+Domestic+Departure,+CSI+Airport,+Sahar+Road,+Vile+Parle+East,+Mumbai!3m6!1s0x3be7c842a9116441:0x139b160431301e5!8m2!3d19.0967877!4d72.8749323!15sCmhCb3R0b21zIFVwIEluc2lkZSBBaXJwb3J0LCBMZXZlbCAzLCBEb21lc3RpYyBEZXBhcnR1cmUsIENTSSBBaXJwb3J0LCBTYWhhciBSb2FkLCBWaWxlIFBhcmxlIEVhc3QsIE11bWJhaZIBBHJvb23gAQA!16s%2Fg%2F11xg7g1gmm?entry=ttu&g_ep=EgoyMDI2MDMxOC4xIKXMDSoASAFQAw%3D%3D",False,False,0x3be7c85c55fe6a9f:0x252d3890d406e5b0,,,,,,,,,,
"T24 Residency, Church Road, Near Airport Metro Station, Andheri East, Marol, Mumbai",https://www.zomato.com/mumbai/tbd-bar-dining-marol,4b617a0f6c4f4cdc43807f9d0df934aa9c4e11e2,T24 Residency,"
Marol Church Rd, near Airport Road, Bori Colony, Metro Station, Andheri East, Mumbai, Maharashtra 400059","https://www.google.com/maps/place/T24+Residency/@19.1106587,72.8703711,17z/data=!4m13!1m2!2m1!1sTBD+-+Bar+%26+Dining+T24+Residency,+Church+Road,+Near+Airport+Metro+Station,+Andheri+East,+Marol,+Mumbai!3m9!1s0x3be7c83e2accedab:0x382c2c003a7aef4c!5m2!4m1!1i2!8m2!3d19.1106587!4d72.8748772!15sCmZUQkQgLSBCYXIgJiBEaW5pbmcgVDI0IFJlc2lkZW5jeSwgQ2h1cmNoIFJvYWQsIE5lYXIgQWlycG9ydCBNZXRybyBTdGF0aW9uLCBBbmRoZXJpIEVhc3QsIE1hcm9sLCBNdW1iYWlaYSJfdGJkIGJhciAmIGRpbmluZyB0MjQgcmVzaWRlbmN5IGNodXJjaCByb2FkIG5lYXIgYWlycG9ydCBtZXRybyBzdGF0aW9uIGFuZGhlcmkgZWFzdCBtYXJvbCBtdW1iYWmSAQVob3RlbJoBI0NoWkRTVWhOTUc5blMwVkpRMEZuU1VSWVozTlRaR05uRUFF4AEA-gEFCJcBEEA!16s%2Fg%2F11c5czdncn?entry=ttu&g_ep=EgoyMDI2MDMxOC4xIKXMDSoASAFQAw%3D%3D",False,False,0x3be7c83e2accedab:0x382c2c003a7aef4c,TBD - Bar & Dining,https://www.zomato.com/mumbai/tbd-bar-dining-marol,4b617a0f6c4f4cdc43807f9d0df934aa9c4e11e2,"T24 Residency, Church Road, Near Airport Metro Station, Andheri East, Marol, Mumbai",19.1106587,72.8748772,,,False,"TBD - Bar & Dining, T24 Residency, Church Road, Near Airport Metro Station, Andheri East, Marol, Mumbai"
"20, Nilkanth Heights, Sector 16, Kalamboli, Navi Mumbai",https://www.zomato.com/mumbai/sukh-sagar-pure-veg-1-kalamboli-navi-mumbai,491b7ca061ad35fd744ea72caea502a4083cdc35,Sukh Sagar Pure Veg,,"https://www.google.com/maps/place/Sukh+Sagar+Pure+Veg/@21.0680074,45.8384669,4z/data=!4m10!1m2!2m1!1sSukh+Sagar+Pure+Veg+20,+Nilkanth+Heights,+Sector+16,+Kalamboli,+Navi+Mumbai!3m6!1s0x3be7e9266c970d43:0xbc1c8e0920777181!8m2!3d21.0680074!4d82.7525294!15sCktTdWtoIFNhZ2FyIFB1cmUgVmVnIDIwLCBOaWxrYW50aCBIZWlnaHRzLCBTZWN0b3IgMTYsIEthbGFtYm9saSwgTmF2aSBNdW1iYWlaSSJHc3VraCBzYWdhciBwdXJlIHZlZyAyMCBuaWxrYW50aCBoZWlnaHRzIHNlY3RvciAxNiBrYWxhbWJvbGkgbmF2aSBtdW1iYWmSAQ1tZWFsX2RlbGl2ZXJ54AEA!16s%2Fg%2F11g4c6fpg4?entry=ttu&g_ep=EgoyMDI2MDMxOC4xIKXMDSoASAFQAw%3D%3D",True,False,0x3be7e9266c970d43:0xbc1c8e0920777181,Sukh Sagar Pure Veg,https://www.zomato.com/mumbai/sukh-sagar-pure-veg-1-kalamboli-navi-mumbai,491b7ca061ad35fd744ea72caea502a4083cdc35,"20, Nilkanth Heights, Sector 16, Kalamboli, Navi Mumbai",,,,,False,"Sukh Sagar Pure Veg, 20, Nilkanth Heights, Sector 16, Kalamboli, Navi Mumbai"
"Pali Naka, 16th Road, Pali Hill, Bandra West, Mumbai",https://www.zomato.com/mumbai/mex-it-al-pali-hill-bandra-west,e1508f7f8bb896767cad70879b47453404457ad6,Mezcalita Bandra,"
320, Madhu Milan Building Dr Ambedkar Road, Pali Hill Rd, Bandra West, Mumbai, Maharashtra 400051","https://www.google.com/maps/place/Mezcalita+Bandra/@19.065408,72.8209597,16z/data=!4m10!1m2!2m1!1sMex+It+Al+Pali+Naka,+16th+Road,+Pali+Hill,+Bandra+West,+Mumbai!3m6!1s0x3be7c96d811b9ffd:0x24c006a5127258eb!8m2!3d19.065408!4d72.8299719!15sCj5NZXggSXQgQWwgUGFsaSBOYWthLCAxNnRoIFJvYWQsIFBhbGkgSGlsbCwgQmFuZHJhIFdlc3QsIE11bWJhaVo8IjptZXggaXQgYWwgcGFsaSBuYWthIDE2dGggcm9hZCBwYWxpIGhpbGwgYmFuZHJhIHdlc3QgbXVtYmFpkgESbWV4aWNhbl9yZXN0YXVyYW504AEA!16s%2Fg%2F11zkf_j1sf?entry=ttu&g_ep=EgoyMDI2MDMxOC4xIKXMDSoASAFQAw%3D%3D",False,False,0x3be7c96d811b9ffd:0x24c006a5127258eb,Mex It Al,https://www.zomato.com/mumbai/mex-it-al-pali-hill-bandra-west,e1508f7f8bb896767cad70879b47453404457ad6,"Pali Naka, 16th Road, Pali Hill, Bandra West, Mumbai",19.065408,72.82997189999999,,,False,"Mex It Al, Pali Naka, 16th Road, Pali Hill, Bandra West, Mumbai"
"Pali Naka, 16th Road, Pali Hill, Bandra West, Mumbai",https://www.zomato.com/mumbai/mex-it-al-pali-hill-bandra-west,e1508f7f8bb896767cad70879b47453404457ad6,Mezcalita Bandra,"
320, Madhu Milan Building Dr Ambedkar Road, Pali Hill Rd, Bandra West, Mumbai, Maharashtra 400051","https://www.google.com/maps/place/Mezcalita+Bandra/@19.065408,72.8209597,16z/data=!4m10!1m2!2m1!1sMex+It+Al+Pali+Naka,+16th+Road,+Pali+Hill,+Bandra+West,+Mumbai!3m6!1s0x3be7c96d811b9ffd:0x24c006a5127258eb!8m2!3d19.065408!4d72.8299719!15sCj5NZXggSXQgQWwgUGFsaSBOYWthLCAxNnRoIFJvYWQsIFBhbGkgSGlsbCwgQmFuZHJhIFdlc3QsIE11bWJhaVo8IjptZXggaXQgYWwgcGFsaSBuYWthIDE2dGggcm9hZCBwYWxpIGhpbGwgYmFuZHJhIHdlc3QgbXVtYmFpkgESbWV4aWNhbl9yZXN0YXVyYW504AEA!16s%2Fg%2F11zkf_j1sf?entry=ttu&g_ep=EgoyMDI2MDMxOC4xIKXMDSoASAFQAw%3D%3D",False,False,0x3be7c96d811b9ffd:0x24c006a5127258eb,Mezcalita Cantina y Tequila Bar,https://www.zomato.com/SmokeHouseDeli-Pali,88704f201b71fbc06ad4a64ecd635122880e0434,"320, Madhu Milan, Dr. Ambedkar Road, Pali Hill, Bandra West, Mumbai",,,,,False,"Mezcalita Cantina y Tequila Bar, 320, Madhu Milan, Dr. Ambedkar Road, Pali Hill, Bandra West, Mumbai"
"Shop 3, Mahatma Enclave, New Golden Nest Road, Near Mira Bhayandar Sports Complex, Bhayandar, Mumbai",https://www.zomato.com/mumbai/unity-fresh-fruits-bhayandar,aef27c6bec110f02eaa43950ac69283ec6b7210a,Unity Fresh Fruits,"
3, Mahatma Enclave, New Golden Nest Rd, near Sports Complex, Bhayandar East, Maharashtra 401105","https://www.google.com/maps/place/Unity+Fresh+Fruits/@19.300382,72.8600424,17z/data=!3m1!4b1!4m6!3m5!1s0x3be7b1e6561844bb:0xff3e60be3115ed92!8m2!3d19.300382!4d72.8626173!16s%2Fg%2F11lscbpvm6?entry=ttu&g_ep=EgoyMDI2MDMxOC4xIKXMDSoASAFQAw%3D%3D",True,False,0x3be7b1e6561844bb:0xff3e60be3115ed92,Unity Fresh Fruits,https://www.zomato.com/mumbai/unity-fresh-fruits-bhayandar,aef27c6bec110f02eaa43950ac69283ec6b7210a,"Shop 3, Mahatma Enclave, New Golden Nest Road, Near Mira Bhayandar Sports Complex, Bhayandar, Mumbai",19.300382,72.8626173,,,False,"Unity Fresh Fruits, Shop 3, Mahatma Enclave, New Golden Nest Road, Near Mira Bhayandar Sports Complex, Bhayandar, Mumbai"
"Shop 14, Plot 17, Sector 20, Kharghar, Panvel, Kharghar, Navi Mumbai",https://www.zomato.com/mumbai/succo-juice-and-coffee-bar-kharghar-navi-mumbai,f6215f972ec93b02357fd2c3bca31f39f17ad7a4,SUCCO - Healthy Food Cafe,"
Plot 17, Shop no 14, Shramik Haware CHS, near Machhi market, Sector 20, Kharghar, Panvel, Maharashtra 410210","https://www.google.com/maps/place/SUCCO+-+Healthy+Food+Cafe/@19.0476541,73.0688967,17z/data=!3m2!4b1!5s0x3be7c21bc87f82cb:0x1d92cae6a28ea76e!4m6!3m5!1s0x3be7c3ff42b9ec83:0x5a20ae6e21cd0d35!8m2!3d19.0476541!4d73.0714716!16s%2Fg%2F11nl5xfsc2?entry=ttu&g_ep=EgoyMDI2MDMxOC4xIKXMDSoASAFQAw%3D%3D",False,False,0x3be7c21bc87f82cb:0x1d92cae6a28ea76e,,,,,,,,,,
"Matoshri Arts And Sports Trust, Jogeshwari Vikroli Link Road, Near Kamal Amrohi Studio, Mahakali, Mumbai",https://www.zomato.com/mumbai/masala-trail-by-north-west-mahakali,2d69bd05688f8fbfb2ba6c80385388046aab9430,Kamal Amrohi Studio,"
Jogeshwari - Vikhroli Link Rd, MMRDA Colony, Ganesh Nagar, Goregaon East, Mumbai, Maharashtra 400093","https://www.google.com/maps/place/Kamal+Amrohi+Studio/@19.1351057,72.8700186,17z/data=!4m10!1m2!2m1!1sMasala+Trail+by+North+West+Matoshri+Arts+And+Sports+Trust,+Jogeshwari+Vikroli+Link+Road,+Near+Kamal+Amrohi+Studio,+Mahakali,+Mumbai!3m6!1s0x3be7b7de3aa1f4f5:0x9256aeddaa86c01b!8m2!3d19.134578!4d72.874186!15sCoMBTWFzYWxhIFRyYWlsIGJ5IE5vcnRoIFdlc3QgTWF0b3NocmkgQXJ0cyBBbmQgU3BvcnRzIFRydXN0LCBKb2dlc2h3YXJpIFZpa3JvbGkgTGluayBSb2FkLCBOZWFyIEthbWFsIEFtcm9oaSBTdHVkaW8sIE1haGFrYWxpLCBNdW1iYWlagQEif21hc2FsYSB0cmFpbCBieSBub3J0aCB3ZXN0IG1hdG9zaHJpIGFydHMgYW5kIHNwb3J0cyB0cnVzdCBqb2dlc2h3YXJpIHZpa3JvbGkgbGluayByb2FkIG5lYXIga2FtYWwgYW1yb2hpIHN0dWRpbyBtYWhha2FsaSBtdW1iYWmSAQhidXNfc3RvcJoBJENoZERTVWhOTUc5blMwVkpRMEZuU1VNeE5VdDVkSGQzUlJBQuABAPoBBAgAEA4!16s%2Fg%2F1td79mc0?entry=ttu&g_ep=EgoyMDI2MDMxOC4xIKXMDSoASAFQAw%3D%3D",False,False,0x3be7b7de3aa1f4f5:0x9256aeddaa86c01b,Masala Trail by North West,https://www.zomato.com/mumbai/masala-trail-by-north-west-mahakali,2d69bd05688f8fbfb2ba6c80385388046aab9430,"Matoshri Arts And Sports Trust, Jogeshwari Vikroli Link Road, Near Kamal Amrohi Studio, Mahakali, Mumbai",,,,,False,"Masala Trail by North West, Matoshri Arts And Sports Trust, Jogeshwari Vikroli Link Road, Near Kamal Amrohi Studio, Mahakali, Mumbai"
"Shop 2, Moonlight Villa, Datta Nagar, Near Sadguru Hospital, Rabale, Ghansoli, Navi Mumbai",https://www.zomato.com/mumbai/the-legendary-milkshakes-bar-ghansoli-navi-mumbai,012cb4213d88710ab067c1711ad1623ecf01a63e,Ice Cream Factory & Shahi Durbar,"
Shop no 2, Sai Elegance, Mahakali Caves Rd, near Mc Donalds, Subhash Nagar, Andheri East, Mumbai, Maharashtra 400093","https://www.google.com/maps/place/Ice+Cream+Factory+%26+Shahi+Durbar/@19.1227478,72.5759012,11z/data=!4m16!1m8!2m7!1sThe+Legendary+Milkshakes+Bar+Shop+2,+Moonlight+Villa,+Datta+Nagar,+Near+Sadguru+Hospital,+Rabale,+Ghansoli,+Navi+Mumbai!3m5!2sMatoshri+Arts+And+Sports+Trust!3s0x3be7b7de65b728cf:0xb8470cf16eeb685d!4m2!1d72.8731711!2d19.1358785!3m6!1s0x3be7c998d908d29f:0xd6c881bcd87c57d3!8m2!3d19.1227478!4d72.8642923!15sCndUaGUgTGVnZW5kYXJ5IE1pbGtzaGFrZXMgQmFyIFNob3AgMiwgTW9vbmxpZ2h0IFZpbGxhLCBEYXR0YSBOYWdhciwgTmVhciBTYWRndXJ1IEhvc3BpdGFsLCBSYWJhbGUsIEdoYW5zb2xpLCBOYXZpIE11bWJhaVpzInF0aGUgbGVnZW5kYXJ5IG1pbGtzaGFrZXMgYmFyIHNob3AgMiBtb29ubGlnaHQgdmlsbGEgZGF0dGEgbmFnYXIgbmVhciBzYWRndXJ1IGhvc3BpdGFsIHJhYmFsZSBnaGFuc29saSBuYXZpIG11bWJhaZIBDmljZV9jcmVhbV9zaG9wmgFEQ2k5RFFVbFJRVU52WkVOb2RIbGpSamx2VDJ0YWMyUXlSbnBUTVd4dVQwaG9VV1ZxVW5KTlNGSm9aRlJDVEZWR1JSQULgAQD6AQQIABBL!16s%2Fg%2F11ggtgj9sr?entry=ttu&g_ep=EgoyMDI2MDMxOC4xIKXMDSoASAFQAw%3D%3D",False,False,0x3be7b7de65b728cf:0xb8470cf16eeb685d,,,,,,,,,,
"13th Floor, The Corporate Park, Sector 18, Vashi, Navi Mumbai",https://www.zomato.com/mumbai/sip-n-gossip-1-vashi-navi-mumbai,7176f965d1c5a615f088c37be2661237ada2a287,The Corporate Park,"
16th Floor, Plot No 14/15, opp. Pudari Press, next to Warna Dairy, Sector 18, Vashi, Navi Mumbai, Maharashtra 400703","https://www.google.com/maps/place/The+Corporate+Park/@19.0685704,72.7186117,11z/data=!4m16!1m8!2m7!1sSip+N+Gossip+13th+Floor,+The+Corporate+Park,+Sector+18,+Vashi,+Navi+Mumbai!3m5!2sMatoshri+Arts+And+Sports+Trust!3s0x3be7b7de65b728cf:0xb8470cf16eeb685d!4m2!1d72.8731711!2d19.1358785!3m6!1s0x3be7c10dd9ad7bbf:0x21d330534c94fb16!8m2!3d19.0685704!4d73.0070028!15sCkpTaXAgTiBHb3NzaXAgMTN0aCBGbG9vciwgVGhlIENvcnBvcmF0ZSBQYXJrLCBTZWN0b3IgMTgsIFZhc2hpLCBOYXZpIE11bWJhaVpIIkZzaXAgbiBnb3NzaXAgMTN0aCBmbG9vciB0aGUgY29ycG9yYXRlIHBhcmsgc2VjdG9yIDE4IHZhc2hpIG5hdmkgbXVtYmFpkgEQY29ycG9yYXRlX29mZmljZZoBJENoZERTVWhOTUc5blMwVkpRMEZuU1VOc2RreDVkRjkzUlJBQuABAPoBBAgAEDI!16s%2Fg%2F11gjj3vtww?entry=ttu&g_ep=EgoyMDI2MDMxOC4xIKXMDSoASAFQAw%3D%3D",False,False,0x3be7b7de65b728cf:0xb8470cf16eeb685d,,,,,,,,,,
"Shop 7, New Swastik Apartment, MB Estate, Near Kabutar Khana, Virar, Mumbai",https://www.zomato.com/mumbai/the-taste-mania-virar,ce2b625fbc567a313bc7462e4a9c22cbcddbaab3,TASTE OF INDIA,"
Shop No.1, Gokul Samarpan-1, Gokul Twp, Virar West, Virar, Vasai-Virar, Maharashtra 401303","https://www.google.com/maps/place/TASTE+OF+INDIA/@19.4503169,72.7601485,14z/data=!4m16!1m8!2m7!1sThe+Taste+Mania+Shop+7,+New+Swastik+Apartment,+MB+Estate,+Near+Kabutar+Khana,+Virar,+Mumbai!3m5!2sMatoshri+Arts+And+Sports+Trust!3s0x3be7b7de65b728cf:0xb8470cf16eeb685d!4m2!1d72.8731711!2d19.1358785!3m6!1s0x3be7ab35979a7b19:0x9e692f83db928692!8m2!3d19.4503169!4d72.7961974!15sCltUaGUgVGFzdGUgTWFuaWEgU2hvcCA3LCBOZXcgU3dhc3RpayBBcGFydG1lbnQsIE1CIEVzdGF0ZSwgTmVhciBLYWJ1dGFyIEtoYW5hLCBWaXJhciwgTXVtYmFpWlgiVnRoZSB0YXN0ZSBtYW5pYSBzaG9wIDcgbmV3IHN3YXN0aWsgYXBhcnRtZW50IG1iIGVzdGF0ZSBuZWFyIGthYnV0YXIga2hhbmEgdmlyYXIgbXVtYmFpkgEKcmVzdGF1cmFudOABAA!16s%2Fg%2F11jlystp8z?entry=ttu&g_ep=EgoyMDI2MDMxOC4xIKXMDSoASAFQAw%3D%3D",False,False,0x3be7b7de65b728cf:0xb8470cf16eeb685d,,,,,,,,,,
"T-2, P6, Arrival, Mumbai International Airport, Chakala, Mumbai",https://www.zomato.com/mumbai/sugardough-chakala,0c953b69333ec29708f1b212185845455e3053a2,Mumbai Domestic Airport Lounge - Adani Lounge,"
BOM Terminal 2, Chhatrapati Shivaji International Airport Area Bandra, Vile Parle East, Vile Parle, Mumbai, Maharashtra 400099","https://www.google.com/maps/place/Mumbai+Domestic+Airport+Lounge+-+Adani+Lounge/@19.095532,72.8441091,14z/data=!3m1!5s0x3be7c85c55fe6a9f:0x252d3890d406e5b0!4m14!1m7!3m6!1s0x3be7c85099bd2947:0x1ecc1a60c474a8ae!2sChhatrapati+Shivaji+Maharaj+International+Airport+Mumbai!8m2!3d19.0902177!4d72.862812!16zL20vMDFxNWsz!3m5!1s0x3be7c9c4958faf1b:0x5d176215cb3dbf6c!8m2!3d19.0967118!4d72.8752816!16s%2Fg%2F11rk4l2p56?entry=ttu&g_ep=EgoyMDI2MDMxOC4xIKXMDSoASAFQAw%3D%3D",False,False,0x3be7c85c55fe6a9f:0x252d3890d406e5b0,,,,,,,,,,
"Mith Chowki, New Link Road, Malad West, Mumbai",https://www.zomato.com/mumbai/pazza-pizza-malad-west,c2a4f96dfd46442eb5312953426eba252c344aec,Squares Pizza and cafe pizza more,"
old sonal industrial estate, K 17, New Link Rd, opp. bikaji food juction, Malad, Kanchpada, Malad West, Mumbai, Maharashtra 400064","https://www.google.com/maps/place/Squares+Pizza+and+cafe+pizza+more/@19.1878399,72.6918656,12z/data=!4m10!1m2!2m1!1sPazza+Pizza+Mith+Chowki,+New+Link+Road,+Malad+West,+Mumbai!3m6!1s0x3be7b6e9bb896d47:0x6347edcda9628710!8m2!3d19.1878399!4d72.8360612!15sCjpQYXp6YSBQaXp6YSBNaXRoIENob3draSwgTmV3IExpbmsgUm9hZCwgTWFsYWQgV2VzdCwgTXVtYmFpWjkiN3BhenphIHBpenphIG1pdGggY2hvd2tpIG5ldyBsaW5rIHJvYWQgbWFsYWQgd2VzdCBtdW1iYWmSARBwaXp6YV9yZXN0YXVyYW504AEA!16s%2Fg%2F11b_1krtcx?entry=ttu&g_ep=EgoyMDI2MDMxOC4xIKXMDSoASAFQAw%3D%3D",False,False,0x3be7b6e9bb896d47:0x6347edcda9628710,Pazza Pizza,https://www.zomato.com/mumbai/pazza-pizza-malad-west,c2a4f96dfd46442eb5312953426eba252c344aec,"Mith Chowki, New Link Road, Malad West, Mumbai",19.1878399,72.8360612,,,False,"Pazza Pizza, Mith Chowki, New Link Road, Malad West, Mumbai"
"Shop 2, Sai Krishna Kunj Building, DN Nagar, Ward K/W, Opposite Moongipa Arcade, Azad Nagar, Mumbai",https://www.zomato.com/mumbai/tealogy-cafe-azad-nagar,c1533a9863af986dcb593a1ed772056eb7d129e7,TEALOGY CAFE. J D INDUSTRIES,"
Shop Number 2, Sai Krishna Kunj Building, D.N.Nagar, Andheri West, Mumbai, Maharashtra 400058","https://www.google.com/maps/place/TEALOGY+CAFE.+J+D+INDUSTRIES/@19.1253693,72.8145266,15z/data=!4m10!1m2!2m1!1sTealogy+Cafe+Shop+2,+Sai+Krishna+Kunj+Building,+DN+Nagar,+Ward+K%2FW,+Opposite+Moongipa+Arcade,+Azad+Nagar,+Mumbai!3m6!1s0x3be7c9004965b2e3:0xb0cf54274bd34f6b!8m2!3d19.1253693!4d72.832551!15sCnBUZWFsb2d5IENhZmUgU2hvcCAyLCBTYWkgS3Jpc2huYSBLdW5qIEJ1aWxkaW5nLCBETiBOYWdhciwgV2FyZCBLL1csIE9wcG9zaXRlIE1vb25naXBhIEFyY2FkZSwgQXphZCBOYWdhciwgTXVtYmFpWmwianRlYWxvZ3kgY2FmZSBzaG9wIDIgc2FpIGtyaXNobmEga3VuaiBidWlsZGluZyBkbiBuYWdhciB3YXJkIGsgdyBvcHBvc2l0ZSBtb29uZ2lwYSBhcmNhZGUgYXphZCBuYWdhciBtdW1iYWmSAQpyZXN0YXVyYW504AEA!16s%2Fg%2F11xw07s9l8?entry=ttu&g_ep=EgoyMDI2MDMxOC4xIKXMDSoASAFQAw%3D%3D",True,False,0x3be7c9004965b2e3:0xb0cf54274bd34f6b,Tealogy Cafe,https://www.zomato.com/mumbai/tealogy-cafe-azad-nagar,c1533a9863af986dcb593a1ed772056eb7d129e7,"Shop 2, Sai Krishna Kunj Building, DN Nagar, Ward K/W, Opposite Moongipa Arcade, Azad Nagar, Mumbai",19.1253693,72.832551,,,False,"Tealogy Cafe, Shop 2, Sai Krishna Kunj Building, DN Nagar, Ward K/W, Opposite Moongipa Arcade, Azad Nagar, Mumbai"
"Ground Floor, 76/1, Tirandaz Village, Bhawani Industrial Estate, Near IIT Market, Powai, Mumbai",https://www.zomato.com/mumbai/classic-veg-non-veg-powai,8d3857f877054fea3335b0274bc44381f343c40c,Classic Veg & Nonveg,"
4WG9+396, Bhavani Service Centre IIT Main Gate Powai, Mumbai, Maharashtra 400076","https://www.google.com/maps/place/Classic+Veg+%26+Nonveg/@19.1251746,72.9158081,17z/data=!3m1!4b1!4m6!3m5!1s0x3be7c7f24c6467bb:0x952f64586609d366!8m2!3d19.1251746!4d72.918383!16s%2Fg%2F1thd08kb?entry=ttu&g_ep=EgoyMDI2MDMxOC4xIKXMDSoASAFQAw%3D%3D",False,False,0x3be7c7f24c6467bb:0x952f64586609d366,Classic Veg & Non Veg,https://www.zomato.com/mumbai/classic-veg-non-veg-powai,8d3857f877054fea3335b0274bc44381f343c40c,"Ground Floor, 76/1, Tirandaz Village, Bhawani Industrial Estate, Near IIT Market, Powai, Mumbai",19.1251746,72.91838299999999,,,False,"Classic Veg & Non Veg, Ground Floor, 76/1, Tirandaz Village, Bhawani Industrial Estate, Near IIT Market, Powai, Mumbai"
"Shop 1, Noori Baugh, Opposite Star Chemical, Andheri Kurla Road, Marol, Mumbai",https://www.zomato.com/mumbai/al-nizami-darbar-restaurant-marol,34a9bc1062df8660e0d8dc0d204f1c92f12b0df2,AL NIZAMI DARBAR,"
HOTEL, SHOP NO 1, NOORI BAUG, near NOVOTEL, Marol, Andheri East, Mumbai, Maharashtra 400059","https://www.google.com/maps/place/AL+NIZAMI+DARBAR/@19.1098262,72.8729238,17z/data=!3m2!4b1!5s0x3be7b886df6f97e5:0x36226500fbec3402!4m6!3m5!1s0x3be7c9f826d5e73d:0x4dc34a997590993a!8m2!3d19.1098262!4d72.8754987!16s%2Fg%2F11vplxt10r?entry=ttu&g_ep=EgoyMDI2MDMxOC4xIKXMDSoASAFQAw%3D%3D",False,False,0x3be7b886df6f97e5:0x36226500fbec3402,,,,,,,,,,
"Shop 67, Ground Floor, Jupiter Building, Kandivali East, Mumbai",https://www.zomato.com/mumbai/cafe-k2k-kandivali-east,1c1a69774c425e5e2597e0c00273012f9fbc3d0a,Cafe K2K,"
Shop 67, 6V6G+F99 Jupiter Building, 11, Kandivali, Phase 1, Thakur Village, Kandivali East, Mumbai, Maharashtra 400101","https://www.google.com/maps/place/Cafe+K2K/@19.2117638,72.8728097,17z/data=!3m1!4b1!4m6!3m5!1s0x3be7b794f874583d:0x41f19eb180049f7!8m2!3d19.2117638!4d72.8753846!16s%2Fg%2F11k3q7jcjq?entry=ttu&g_ep=EgoyMDI2MDMxOC4xIKXMDSoASAFQAw%3D%3D",True,False,0x3be7b794f874583d:0x41f19eb180049f7,,,,,,,,,,
"Ramada Powai, Saki Vihar Road, Powai, Mumbai",https://www.zomato.com/mumbai/bar-87-ramada-powai-hotel-and-convention-centre-powai,9af58a89548f9bded0bd763074558c9536cbeba8,,,"https://www.google.com/maps/search/Bar+87+-+Ramada+Powai+Hotel+And+Convention+Centre+Ramada+Powai,+Saki+Vihar+Road,+Powai,+Mumbai/@19.1237274,72.8828084,14z/data=!3m1!4b1?entry=ttu&g_ep=EgoyMDI2MDMxOC4xIKXMDSoASAFQAw%3D%3D",False,False,,,,,,,,,,,
"Shop 25, CO-OP HSG SOC, Raj Arcade, Mahavir Nagar, Kandivali West, Mumbai",https://www.zomato.com/mumbai/hungry-head-1-kandivali-west,a0878846ba5e61a72e93dd1b17661b8380e13677,HUNGRY HEAD,"
Ground Floor, WING-I, Boraspada Rd, Mahavir Nagar, Panchsheel Garden, Siddhivinayak Nagar, Kandivali West, Mumbai, Maharashtra 400067","https://www.google.com/maps/place/HUNGRY+HEAD/@19.2129616,72.8391597,17z/data=!3m1!4b1!4m6!3m5!1s0x3be7b70076e0712b:0x31a92cfa23e4a165!8m2!3d19.2129616!4d72.8417346!16s%2Fg%2F11wp6z1w58?entry=ttu&g_ep=EgoyMDI2MDMxOC4xIKXMDSoASAFQAw%3D%3D",True,False,0x3be7b70076e0712b:0x31a92cfa23e4a165,Hungry Head,https://www.zomato.com/mumbai/hungry-head-1-kandivali-west,a0878846ba5e61a72e93dd1b17661b8380e13677,"Shop 25, CO-OP HSG SOC, Raj Arcade, Mahavir Nagar, Kandivali West, Mumbai",19.2129616,72.8417346,,,False,"Hungry Head, Shop 25, CO-OP HSG SOC, Raj Arcade, Mahavir Nagar, Kandivali West, Mumbai"
"Gala 2, Ground Floor, Macchimar Madhyavarti Sahakari Sangh, Thane Jhila, Palghar, Mumbai",https://www.zomato.com/mumbai/food-food-corner-palghar,1017fe1399cba36cf9244d267a0264da80398667,Food & food restaurant,"
Food and food, 6, Mahim Rd, near gold theatre, Kuldeep Nagar, Vishnu Nagar, Palghar, Maharashtra 401404","https://www.google.com/maps/place/Food+%26+food+restaurant/@19.6953054,71.6150818,9z/data=!4m10!1m2!2m1!1sFood+%26+Food+Corner+Gala+2,+Ground+Floor,+Macchimar+Madhyavarti+Sahakari+Sangh,+Thane+Jhila,+Palghar,+Mumbai!3m6!1s0x3be71d35ff3185e1:0x22a029cb04c74629!8m2!3d19.6953054!4d72.7686463!15sCmtGb29kICYgRm9vZCBDb3JuZXIgR2FsYSAyLCBHcm91bmQgRmxvb3IsIE1hY2NoaW1hciBNYWRoeWF2YXJ0aSBTYWhha2FyaSBTYW5naCwgVGhhbmUgSmhpbGEsIFBhbGdoYXIsIE11bWJhaVpoImZmb29kICYgZm9vZCBjb3JuZXIgZ2FsYSAyIGdyb3VuZCBmbG9vciBtYWNjaGltYXIgbWFkaHlhdmFydGkgc2FoYWthcmkgc2FuZ2ggdGhhbmUgamhpbGEgcGFsZ2hhciBtdW1iYWmSARRmYXN0X2Zvb2RfcmVzdGF1cmFudOABAA!16s%2Fg%2F11mb_p_f1t?entry=ttu&g_ep=EgoyMDI2MDMxOC4xIKXMDSoASAFQAw%3D%3D",False,False,0x3be71d35ff3185e1:0x22a029cb04c74629,,,,,,,,,,
"Shop 26, Plot 78, 79, & 80, Sai Vihar CHS, Sector 15, CBD-Belapur, Navi Mumbai",https://www.zomato.com/mumbai/savora-cbd-belapur-navi-mumbai,65add902dfd48b4f712a7ba27dc6d78063e9788f,Savora,"
Shop no 26, Sector 15, CBD Belapur, Navi Mumbai, Maharashtra 400614","https://www.google.com/maps/place/Savora/@19.0086933,73.0346156,17z/data=!3m1!4b1!4m6!3m5!1s0x3be7c351a5391585:0x13afdee642110ec!8m2!3d19.0086933!4d73.0371905!16s%2Fg%2F11xw3qjrp4?entry=ttu&g_ep=EgoyMDI2MDMxOC4xIKXMDSoASAFQAw%3D%3D",True,False,0x3be7c351a5391585:0x13afdee642110ec,Savora,https://www.zomato.com/mumbai/savora-cbd-belapur-navi-mumbai,65add902dfd48b4f712a7ba27dc6d78063e9788f,"Shop 26, Plot 78, 79, & 80, Sai Vihar CHS, Sector 15, CBD-Belapur, Navi Mumbai",19.0086933,73.0371905,,,False,"Savora, Shop 26, Plot 78, 79, & 80, Sai Vihar CHS, Sector 15, CBD-Belapur, Navi Mumbai"
"Shop 3, Plot 51, Prem Aangan CHS LTD, Raigad, Sector 10, Kamothe, Navi Mumbai",https://www.zomato.com/mumbai/jars-cans-breads-jcb-kamothe-navi-mumbai,3516f01c2c1e53152df95bc482153581fc306333,Jars Cans Breads (JCB),"
Shop No 3, CHS LTD, Plot No. 51, Sector 10, Kamothe, Panvel, Maharashtra 410209","https://www.google.com/maps/place/Jars+Cans+Breads+(JCB)/@19.0173596,73.0927821,17z/data=!3m1!4b1!4m6!3m5!1s0x3be7e940f52be259:0x1779cae6c44f069d!8m2!3d19.0173596!4d73.095357!16s%2Fg%2F11x95d07ww?entry=ttu&g_ep=EgoyMDI2MDMxOC4xIKXMDSoASAFQAw%3D%3D",False,False,0x3be7e940f52be259:0x1779cae6c44f069d,Jars Cans Breads - JCB,https://www.zomato.com/mumbai/jars-cans-breads-jcb-kamothe-navi-mumbai,3516f01c2c1e53152df95bc482153581fc306333,"Shop 3, Plot 51, Prem Aangan CHS LTD, Raigad, Sector 10, Kamothe, Navi Mumbai",19.0173596,73.09535699999999,,,False,"Jars Cans Breads - JCB, Shop 3, Plot 51, Prem Aangan CHS LTD, Raigad, Sector 10, Kamothe, Navi Mumbai"
"2873/8, 2873/9, Swarup Darshan, Tarapur Road, Boisar, Mumbai",https://www.zomato.com/mumbai/the-olive-garden-boisar,78cd7eefea796ef51d779921c553034b2e88d4c8,THE OLIVE GARDEN RESTAURANT,"
Swarup Nagar, WEST, near SHIFA MEDICAL, Sainath Nagar, TARAPUR, Boisar, Maharashtra 401501","https://www.google.com/maps/place/THE+OLIVE+GARDEN+RESTAURANT/@19.8040339,72.7510612,17z/data=!3m1!4b1!4m6!3m5!1s0x3be71f1c63a8dc39:0x99cbe499e50cf101!8m2!3d19.8040339!4d72.7536361!16s%2Fg%2F11tntyg8fv?entry=ttu&g_ep=EgoyMDI2MDMxOC4xIKXMDSoASAFQAw%3D%3D",True,False,0x3be71f1c63a8dc39:0x99cbe499e50cf101,The Olive Garden,https://www.zomato.com/mumbai/the-olive-garden-boisar,78cd7eefea796ef51d779921c553034b2e88d4c8,"2873/8, 2873/9, Swarup Darshan, Tarapur Road, Boisar, Mumbai",19.8040339,72.7536361,,,False,"The Olive Garden, 2873/8, 2873/9, Swarup Darshan, Tarapur Road, Boisar, Mumbai"
"Shop 3, Shirsekar Ma, Opposite Shivsena Shakha, Bandra East, Mumbai",https://www.zomato.com/mumbai/tandav-tea-company-bandra-east,db4fa359c5653e7bf32ceea1dbfef2f5aa9a32a9,"Tandav tea company, Bandra east","
3R6X+JPF, Government Colony, Bandra East, Mumbai, Maharashtra 400051","https://www.google.com/maps/place/Tandav+tea+company,+Bandra+east/@19.0615685,72.8467248,17z/data=!3m1!4b1!4m6!3m5!1s0x3be7c948a75a4cd5:0xee548f133ee4348c!8m2!3d19.0615685!4d72.8492997!16s%2Fg%2F11q_32rn1f?entry=ttu&g_ep=EgoyMDI2MDMxOC4xIKXMDSoASAFQAw%3D%3D",True,False,0x3be7c948a75a4cd5:0xee548f133ee4348c,Tandav Tea Company,https://www.zomato.com/mumbai/tandav-tea-company-bandra-east,db4fa359c5653e7bf32ceea1dbfef2f5aa9a32a9,"Shop 3, Shirsekar Ma, Opposite Shivsena Shakha, Bandra East, Mumbai",19.0615685,72.8492997,,,False,"Tandav Tea Company, Shop 3, Shirsekar Ma, Opposite Shivsena Shakha, Bandra East, Mumbai"
"Shop 10, Plot 66, Hilton Center, CBD-Belapur, Navi Mumbai",https://www.zomato.com/mumbai/hilton-snacks-corner-1-cbd-belapur-navi-mumbai,9c7285f521fd9df5e475d11c6300b217b56aa2e4,Hilton Center,"
SCC Noti, Palm Beach Rd, Sector 11, CBD Belapur, Navi Mumbai, Maharashtra 400614","https://www.google.com/maps/place/Hilton+Center/@19.0141209,72.9661358,13z/data=!4m10!1m2!2m1!1sHilton+Snacks+Corner+Shop+10,+Plot+66,+Hilton+Center,+CBD-Belapur,+Navi+Mumbai!3m6!1s0x3be7c3ac82b8e09f:0x681bd68af7a0268b!8m2!3d19.0141209!4d73.0382336!15sCk5IaWx0b24gU25hY2tzIENvcm5lciBTaG9wIDEwLCBQbG90IDY2LCBIaWx0b24gQ2VudGVyLCBDQkQtQmVsYXB1ciwgTmF2aSBNdW1iYWkiA4gBAVpMIkpoaWx0b24gc25hY2tzIGNvcm5lciBzaG9wIDEwIHBsb3QgNjYgaGlsdG9uIGNlbnRlciBjYmQgYmVsYXB1ciBuYXZpIG11bWJhaZIBD2J1c2luZXNzX2NlbnRlcpoBJENoZERTVWhOTUc5blMwVktSRXA1YzFoblgzTk1lbkZCUlJBQuABAPoBBAgAECY!16s%2Fg%2F1ptyvlhgz?entry=ttu&g_ep=EgoyMDI2MDMxOC4xIKXMDSoASAFQAw%3D%3D",False,False,0x3be7c3ac82b8e09f:0x681bd68af7a0268b,,,,,,,,,,
"Shop 36, Realible Prestige, Chandnaka, Nalasopara, Mumbai",https://www.zomato.com/mumbai/pizza-garden-nalasopara,15a574b6e45c36faf352e4c884b752687b8fc89e,Pizza Garden -nx,"
Achole Rd, Sunshine City, Moregaon Talao, Oswal Nagari, Nalasopara East, Nala Sopara, Vasai-Virar, Maharashtra 401209","https://www.google.com/maps/place/Pizza+Garden+-nx/@19.4153114,72.8212456,17z/data=!3m2!4b1!5s0x3be7a94420800225:0xf7903f23974f5c69!4m6!3m5!1s0x3be7a95733675791:0xa31439fdc3fdb0ac!8m2!3d19.4153114!4d72.8238205!16s%2Fg%2F11ls1zsgkf?entry=ttu&g_ep=EgoyMDI2MDMxOC4xIKXMDSoASAFQAw%3D%3D",True,False,0x3be7a94420800225:0xf7903f23974f5c69,,,,,,,,,,
"Shop 4, Ground Floor, Kadamgiri Complex CHS LTD, Hanuman Road Vile Parle East, Mumbai",https://www.zomato.com/mumbai/dairy-cone-vile-parle-east,271811b423eddbfcfd577dcad44c1f59f28cc622,Dairy Cone Vile Parle East,"
Shop 4, Kadamgiri Complex, Ganesh chowk signal, Hanuman Rd, Vile Parle East, mandir, Mumbai, Maharashtra 400057","https://www.google.com/maps/place/Dairy+Cone+Vile+Parle+East/@19.103848,72.8492951,17z/data=!3m1!4b1!4m6!3m5!1s0x3be7c9976a592b63:0x27c7bbdfde1f6cab!8m2!3d19.103848!4d72.85187!16s%2Fg%2F11tgbkrm22?entry=ttu&g_ep=EgoyMDI2MDMxOC4xIKXMDSoASAFQAw%3D%3D",True,False,0x3be7c9976a592b63:0x27c7bbdfde1f6cab,Dairy Cone,https://www.zomato.com/mumbai/dairy-cone-vile-parle-east,271811b423eddbfcfd577dcad44c1f59f28cc622,"Shop 4, Ground Floor, Kadamgiri Complex CHS LTD, Hanuman Road Vile Parle East, Mumbai",19.103848,72.85186999999999,,,False,"Dairy Cone, Shop 4, Ground Floor, Kadamgiri Complex CHS LTD, Hanuman Road Vile Parle East, Mumbai"
"Shop 01, Building 08, Ostwal Orchid, Mira Road, Mumbai",https://www.zomato.com/mumbai/kuteeya-the-cafe-mira-road,49093c5a38be0b5600d886e310aeed8bc5a65eed,Bella ciao,"
Shop no 2, jangid Aster, JANGID ENCLAVE, Kanakia Rd, Unique Gardens, Gaurav City, Mira Road East, Mira Bhayandar, Maharashtra 401107","https://www.google.com/maps/place/Bella+ciao/@19.2948473,72.8389637,14z/data=!4m10!1m2!2m1!1sKuteeya+The+Cafe+Shop+01,+Building+08,+Ostwal+Orchid,+Mira+Road,+Mumbai!3m6!1s0x3be7b1eddd503ec5:0x51bb6909d7038e92!8m2!3d19.2948473!4d72.8750126!15sCkdLdXRlZXlhIFRoZSBDYWZlIFNob3AgMDEsIEJ1aWxkaW5nIDA4LCBPc3R3YWwgT3JjaGlkLCBNaXJhIFJvYWQsIE11bWJhaVpFIkNrdXRlZXlhIHRoZSBjYWZlIHNob3AgMDEgYnVpbGRpbmcgMDggb3N0d2FsIG9yY2hpZCBtaXJhIHJvYWQgbXVtYmFpkgEEY2FmZeABAA!16s%2Fg%2F11rwpjhbml?entry=ttu&g_ep=EgoyMDI2MDMxOC4xIKXMDSoASAFQAw%3D%3D",False,False,0x3be7b1eddd503ec5:0x51bb6909d7038e92,,,,,,,,,,
"Shop 18, Sripal Nagar Building, Satya Nagar, Opposite Malpani Ground, Borivali West, Mumbai",https://www.zomato.com/mumbai/shakeoty-milkshakes-ice-creams-borivali-west,1a330e944fb95c8513167f7f1ad49e8fd9a58aef,Shakeoty - Milkshakes & Ice Creams,"
Shop No.18, WING-B, opp. Malpani Ground, Kandivali, Satya Nagar, Borivali, W, Mumbai, Maharashtra 400092","https://www.google.com/maps/place/Shakeoty+-+Milkshakes+%26+Ice+Creams/@19.2179703,72.8398341,17z/data=!3m1!4b1!4m6!3m5!1s0x3be7b743d7558595:0x78be98640c349413!8m2!3d19.2179703!4d72.842409!16s%2Fg%2F11hsswp4j_?entry=ttu&g_ep=EgoyMDI2MDMxOC4xIKXMDSoASAFQAw%3D%3D",False,False,0x3be7b743d7558595:0x78be98640c349413,Shakeoty Milkshakes & Ice Creams,https://www.zomato.com/mumbai/shakeoty-milkshakes-ice-creams-borivali-west,1a330e944fb95c8513167f7f1ad49e8fd9a58aef,"Shop 18, Sripal Nagar Building, Satya Nagar, Opposite Malpani Ground, Borivali West, Mumbai",19.2179703,72.842409,,,False,"Shakeoty Milkshakes & Ice Creams, Shop 18, Sripal Nagar Building, Satya Nagar, Opposite Malpani Ground, Borivali West, Mumbai"
"RT 2, Neighbourhood Shopping Complex, Sector 4, Opposite SBI Bank, Nerul, Navi Mumbai",https://www.zomato.com/mumbai/rasoi-restaurant-bar-1-nerul-navi-mumbai,e63bcf90674a0238b73fec98515a82cf13aa30fb,Rasoi Restaurant & Bar,"
RT-2, Neighborhood Shopping Complex, Sector 4, behind SBI Bank, Nerul, Maharashtra 400706","https://www.google.com/maps/place/Rasoi+Restaurant+%26+Bar/@19.0442936,73.0093169,17z/data=!3m2!4b1!5s0x3be7c3e697bfa68b:0x2e98c2b50d677b92!4m6!3m5!1s0x3be7c3388aa38b6b:0x47a1cfd530bc62df!8m2!3d19.0442936!4d73.0118918!16s%2Fg%2F11fk1rb93s?entry=ttu&g_ep=EgoyMDI2MDMxOC4xIKXMDSoASAFQAw%3D%3D",True,False,0x3be7c3e697bfa68b:0x2e98c2b50d677b92,,,,,,,,,,
"Station Road, Santacruz West, Mumbai",https://www.zomato.com/mumbai/janta-juice-fast-food-santacruz-west,7f792e2229ce78ca5fc5499c1cb727710cdd5e07,Janata Juice Centre,"
Shop No.4, Modi Chawl, Santacruz Railway Station Rd, Bajaj Wadi, Railway Colony, Santacruz (West), Mumbai, Maharashtra 400054","https://www.google.com/maps/place/Janata+Juice+Centre/@19.0811709,72.8356591,17z/data=!3m1!4b1!4m6!3m5!1s0x3be7c908202930e9:0xede2b4e27ae10441!8m2!3d19.0811709!4d72.838234!16s%2Fg%2F11cjvkq2tt?entry=ttu&g_ep=EgoyMDI2MDMxOC4xIKXMDSoASAFQAw%3D%3D",False,False,0x3be7c908202930e9:0xede2b4e27ae10441,Janta Juice & Fast Food,https://www.zomato.com/mumbai/janta-juice-fast-food-santacruz-west,7f792e2229ce78ca5fc5499c1cb727710cdd5e07,"Station Road, Santacruz West, Mumbai",19.0811709,72.838234,,,False,"Janta Juice & Fast Food, Station Road, Santacruz West, Mumbai"
"Shop 8, Plot 17, Palm Beach Galeria, Sector 19D, Vashi, Navi Mumbai",https://www.zomato.com/mumbai/club-nasha-vashi-navi-mumbai,c4e799b31e859068ece5824c18ccd1514a53432e,Cult Lounge,"
Satra Plaza, Shop no 111, First Floor, Palm Beach Rd, Sector: 19D, Vashi, Navi Mumbai, Maharashtra 400703","https://www.google.com/maps/place/Cult+Lounge/@19.08307,72.9702246,14z/data=!4m10!1m2!2m1!1sClub+Nasha+Shop+8,+Plot+17,+Palm+Beach+Galeria,+Sector+19D,+Vashi,+Navi+Mumbai!3m6!1s0x3be7c13af645de13:0x174ad54f2674af2b!8m2!3d19.08307!4d73.0062735!15sCk5DbHViIE5hc2hhIFNob3AgOCwgUGxvdCAxNywgUGFsbSBCZWFjaCBHYWxlcmlhLCBTZWN0b3IgMTlELCBWYXNoaSwgTmF2aSBNdW1iYWlaSyJJY2x1YiBuYXNoYSBzaG9wIDggcGxvdCAxNyBwYWxtIGJlYWNoIGdhbGVyaWEgc2VjdG9yIDE5ZCB2YXNoaSBuYXZpIG11bWJhaZIBBmxvdW5nZZoBI0NoWkRTVWhOTUc5blMwVkpRMEZuU1VOb2NFc3RaRXhCRUFF4AEA-gEECAAQQw!16s%2Fg%2F11hckbfbmj?entry=ttu&g_ep=EgoyMDI2MDMxOC4xIKXMDSoASAFQAw%3D%3D",False,False,0x3be7c13af645de13:0x174ad54f2674af2b,Club Nasha,https://www.zomato.com/mumbai/club-nasha-vashi-navi-mumbai,c4e799b31e859068ece5824c18ccd1514a53432e,"Shop 8, Plot 17, Palm Beach Galeria, Sector 19D, Vashi, Navi Mumbai",19.08307,73.00627349999999,,,False,"Club Nasha, Shop 8, Plot 17, Palm Beach Galeria, Sector 19D, Vashi, Navi Mumbai"
"Shop 8, Building 3, Avirahi Homes, IC Colony, Link Road, Dahisar West, Mumbai",https://www.zomato.com/mumbai/cafe-raaya-dahisar-west,214e99830ea6d1cafe7c13fba5383f90569c057e,Cafe Raaya,"
Shop No 8, Avirahi Homes Building, No3, New Link Rd, B Wing, I C Colony, Borivali West, Mumbai, Maharashtra 400103","https://www.google.com/maps/place/Cafe+Raaya/@19.2507047,72.843817,17z/data=!3m1!4b1!4m6!3m5!1s0x3be7b1adb25eec67:0xaef14cc2c94a0fa6!8m2!3d19.2507047!4d72.8463919!16s%2Fg%2F11vs81x324?entry=ttu&g_ep=EgoyMDI2MDMxOC4xIKXMDSoASAFQAw%3D%3D",True,False,0x3be7b1adb25eec67:0xaef14cc2c94a0fa6,CAFE RAAYA,https://www.zomato.com/mumbai/cafe-raaya-dahisar-west,214e99830ea6d1cafe7c13fba5383f90569c057e,"Shop 8, Building 3, Avirahi Homes, IC Colony, Link Road, Dahisar West, Mumbai",19.2507047,72.8463919,,,False,"CAFE RAAYA, Shop 8, Building 3, Avirahi Homes, IC Colony, Link Road, Dahisar West, Mumbai"
"Mumbai Ahmedabad Highway, Naigaon East, Sasunavghar, Vasai, Mumbai",https://www.zomato.com/mumbai/royal-garden-family-restaurant-bar-vasai,00f7627210cd66ad644364154bd5314ed9e20930,Royal Garden Family Restaurant & Bar,"
Royal Garden Resort, C/O, near Ahmedabad - Mumbai Highway, Naigaon East, Sasunavghar, Vasai-Virar, Maharashtra 401208","https://www.google.com/maps/place/Royal+Garden+Family+Restaurant+%26+Bar/@19.3182453,72.8950954,17z/data=!3m1!4b1!4m6!3m5!1s0x3be7afffeb8274a5:0x3599a0042578f187!8m2!3d19.3182453!4d72.8976703!16s%2Fg%2F11xrlcv85c?entry=ttu&g_ep=EgoyMDI2MDMxOC4xIKXMDSoASAFQAw%3D%3D",True,False,0x3be7afffeb8274a5:0x3599a0042578f187,,,,,,,,,,
"Shop 3, Viva Gokul Complex, Gokul Township Road, Virar, Mumbai",https://www.zomato.com/mumbai/teamax-cafe-virar,16ec54c34dc7a40848bf2934410fbf272dd0f630,"TeaMax Cafe Vasai Virar, MH","
Vasai, Gokul Twp, Virar West, Virar, Vasai-Virar, Maharashtra 401303","https://www.google.com/maps/place/TeaMax+Cafe+Vasai+Virar,+MH/@19.4476149,72.798077,17z/data=!3m1!4b1!4m6!3m5!1s0x3be7ab328e730d07:0xc2a46f947e3748c0!8m2!3d19.4476149!4d72.8006519!16s%2Fg%2F11krpstmz0?entry=ttu&g_ep=EgoyMDI2MDMxOC4xIKXMDSoASAFQAw%3D%3D",True,False,0x3be7ab328e730d07:0xc2a46f947e3748c0,TeaMax Cafe,https://www.zomato.com/mumbai/teamax-cafe-virar,16ec54c34dc7a40848bf2934410fbf272dd0f630,"Shop 3, Viva Gokul Complex, Gokul Township Road, Virar, Mumbai",19.4476149,72.80065189999999,,,False,"TeaMax Cafe, Shop 3, Viva Gokul Complex, Gokul Township Road, Virar, Mumbai"
"3, RD Street, Borabazar Precinct, Ballard Estate Fort, Fort, Mumbai",https://www.zomato.com/mumbai/mustafa-juice-center-fort,86faf1b5d515021c6e64a5e51016ed32a6fe38e7,Mustafa Juice Center,"
Shop No 3, Raughunath Dadaji St, Borabazar Precinct, Ballard Estate, Fort, Mumbai, Maharashtra 400001","https://www.google.com/maps/place/Mustafa+Juice+Center/@18.9358046,72.8295653,17z/data=!4m10!1m2!2m1!1sMustafa+Juice+Center+3,+RD+Street,+Borabazar+Precinct,+Ballard+Estate+Fort,+Fort,+Mumbai!3m6!1s0x3be7d1db8b3c65c7:0xc608cfa657c83717!8m2!3d18.9358046!4d72.8340714!15sClhNdXN0YWZhIEp1aWNlIENlbnRlciAzLCBSRCBTdHJlZXQsIEJvcmFiYXphciBQcmVjaW5jdCwgQmFsbGFyZCBFc3RhdGUgRm9ydCwgRm9ydCwgTXVtYmFpWlUiU211c3RhZmEganVpY2UgY2VudGVyIDMgcmQgc3RyZWV0IGJvcmFiYXphciBwcmVjaW5jdCBiYWxsYXJkIGVzdGF0ZSBmb3J0IGZvcnQgbXVtYmFpkgEKanVpY2Vfc2hvcOABAA!16s%2Fg%2F1ptyn60md?entry=ttu&g_ep=EgoyMDI2MDMxOC4xIKXMDSoASAFQAw%3D%3D",True,False,0x3be7d1db8b3c65c7:0xc608cfa657c83717,,,,,,,,,,
"Shop 3, Opposite Stella Petrol Pump, Vasai, Mumbai",https://www.zomato.com/mumbai/bubble-bee-waffles-tea-vasai,949ca6f30163f7773f03f33f904421ebe0fc0512,Bubble Bee Waffles & tea,"
Manickpur, Vasai West, Vasai-Virar, Maharashtra 401202","https://www.google.com/maps/place/Bubble+Bee+Waffles+%26+tea/@19.3726919,72.8196382,17z/data=!3m1!4b1!4m6!3m5!1s0x3be7afffdf043f7d:0x2efef55daa3aa2fb!8m2!3d19.3726919!4d72.8222131!16s%2Fg%2F11ghwnz14d?entry=ttu&g_ep=EgoyMDI2MDMxOC4xIKXMDSoASAFQAw%3D%3D",True,False,0x3be7afffdf043f7d:0x2efef55daa3aa2fb,Bubble Bee Waffles & Tea,https://www.zomato.com/mumbai/bubble-bee-waffles-tea-vasai,949ca6f30163f7773f03f33f904421ebe0fc0512,"Shop 3, Opposite Stella Petrol Pump, Vasai, Mumbai",,,,,False,"Bubble Bee Waffles & Tea, Shop 3, Opposite Stella Petrol Pump, Vasai, Mumbai"
"Kondaji Chawl, Jerbai Wadia Road, Opposite Tata Memorial Hospital, Parel, Mumbai",https://www.zomato.com/mumbai/hotel-ranjana-pure-veg-parel,d36caf16cc23a72b9a061fa4932b11d4ddf068eb,Ranjana Hotel,"
Kondaji Chawl, Boiwada Naka, Jeribai Wadia Road, Dhabholkar Wadi, Parel, Mumbai, Maharashtra 400012","https://www.google.com/maps/place/Ranjana+Hotel/@19.0053639,72.84514,17z/data=!3m1!4b1!4m6!3m5!1s0x3be7cefa55555555:0xc243b3584dc95d4d!8m2!3d19.0053639!4d72.8477149!16s%2Fg%2F1td75163?entry=ttu&g_ep=EgoyMDI2MDMxOC4xIKXMDSoASAFQAw%3D%3D",False,False,0x3be7cefa55555555:0xc243b3584dc95d4d,,,,,,,,,,
"Pushpanjali Building, SVS Road, Chandrakant Dhuru Wadi, Dadar Shivaji Park, Mumbai",https://www.zomato.com/mumbai/the-chimney-factory-1-dadar-shivaji-park,e35fc0c6e00aa89648d9b6500f2fd2e3872a799f,The Chimney Factory,"
ground floor, 6, S.H.P MARG, opp. VED HOSPITAL, near CATERING COLLEGE, Dadar West, Shivaji Park, Mumbai, Maharashtra 400028","https://www.google.com/maps/place/The+Chimney+Factory/@19.0242691,72.832505,17z/data=!3m1!4b1!4m6!3m5!1s0x3be7cf206c76ec5b:0xe9fec9875da8fd2a!8m2!3d19.0242691!4d72.8350799!16s%2Fg%2F11fj31xx_s?entry=ttu&g_ep=EgoyMDI2MDMxOC4xIKXMDSoASAFQAw%3D%3D",True,False,0x3be7cf206c76ec5b:0xe9fec9875da8fd2a,The Chimney Factory,https://www.zomato.com/mumbai/the-chimney-factory-1-dadar-shivaji-park,e35fc0c6e00aa89648d9b6500f2fd2e3872a799f,"Pushpanjali Building, SVS Road, Chandrakant Dhuru Wadi, Dadar Shivaji Park, Mumbai",19.0242691,72.8350799,,,False,"The Chimney Factory, Pushpanjali Building, SVS Road, Chandrakant Dhuru Wadi, Dadar Shivaji Park, Mumbai"
"Shop 7A, Saidham CHS, Parel Village, N.L.Paralkar Road, Parel, Mumbai",https://www.zomato.com/mumbai/s-t-f-u-snacks-that-fulfill-u-parel,104947bac79de8f3d82acfb383b3dda6cd96564d,STFU (Snacks that fulfill u),"
Shop No 7 A, Saidham Chs Nanabhai, Bhagwantrao Paralkar Marg, Parel Village, Mumbai, Maharashtra 400012","https://www.google.com/maps/place/STFU+(Snacks+that+fulfill+u)/@18.9999916,72.8411005,17z/data=!3m1!4b1!4m6!3m5!1s0x3be7cfb79e5c1eab:0xde7e3f7ef5fb5504!8m2!3d18.9999916!4d72.8436754!16s%2Fg%2F11rkj9l_nh?entry=ttu&g_ep=EgoyMDI2MDMxOC4xIKXMDSoASAFQAw%3D%3D",False,False,0x3be7cfb79e5c1eab:0xde7e3f7ef5fb5504,S.T.F.U : Snacks That Fulfill U,https://www.zomato.com/mumbai/s-t-f-u-snacks-that-fulfill-u-parel,104947bac79de8f3d82acfb383b3dda6cd96564d,"Shop 7A, Saidham CHS, Parel Village, N.L.Paralkar Road, Parel, Mumbai",18.9999916,72.8436754,,,False,"S.T.F.U : Snacks That Fulfill U, Shop 7A, Saidham CHS, Parel Village, N.L.Paralkar Road, Parel, Mumbai"
"beverly park, Maharashtra, Mira Road, Mumbai",https://www.zomato.com/mumbai/chowman-mira-road,71119da4a6b9881cb08777e0b663e3168485fe49,Chowman (Mira Road),"
Municipal Corporation (Thane, SHOP NO.4/5/31/58, NEW CINE PRIME MALL,BEVERLY PARK,MIRA ROAD EAST, Zone 1, Zone-7, Mira Bhayandar, Mumbai, Maharashtra 401105","https://www.google.com/maps/place/Chowman+(Mira+Road)/@19.2925815,72.8692346,17z/data=!3m1!4b1!4m6!3m5!1s0x3be7b1f71eed6461:0xbf6b98b5d9382491!8m2!3d19.2925815!4d72.8718095!16s%2Fg%2F11xm5vx00l?entry=ttu&g_ep=EgoyMDI2MDMxOC4xIKXMDSoASAFQAw%3D%3D",True,False,0x3be7b1f71eed6461:0xbf6b98b5d9382491,Chowman,https://www.zomato.com/mumbai/chowman-mira-road,71119da4a6b9881cb08777e0b663e3168485fe49,"beverly park, Maharashtra, Mira Road, Mumbai",19.2925815,72.8718095,,,False,"Chowman, beverly park, Maharashtra, Mira Road, Mumbai"
"2, Ground Floor, Sumit Garden Grove, Padma Nagar, Chikuwadi, Borivali West, Mumbai",https://www.zomato.com/mumbai/the-green-kitchen-1-borivali-west,d0d194320e1ff191682d04a5e8df5191bdcb301a,The Green Kitchen,"
Ground floor, Sumit Garden Groove, diagonally, opp. to Phoenix Hospital, Chikoowadi, Borivali West, Mumbai, Maharashtra 400092","https://www.google.com/maps/place/The+Green+Kitchen/@19.2199178,72.8347977,17z/data=!3m1!4b1!4m6!3m5!1s0x3be7b11419cb5261:0x8fac62439bc4f56a!8m2!3d19.2199178!4d72.8373726!16s%2Fg%2F11rtz6lpmq?entry=ttu&g_ep=EgoyMDI2MDMxOC4xIKXMDSoASAFQAw%3D%3D",True,False,0x3be7b11419cb5261:0x8fac62439bc4f56a,The Green Kitchen,https://www.zomato.com/mumbai/the-green-kitchen-borivali-west,632593ed9db819d8b981c9c2b43a429c97054403,"Sumit Garden, Grove Padma Nagar, Chikuwadi, Borivali West, Mumbai",19.2199178,72.8373726,,,False,"The Green Kitchen, Sumit Garden, Grove Padma Nagar, Chikuwadi, Borivali West, Mumbai"
"2, Ground Floor, Sumit Garden Grove, Padma Nagar, Chikuwadi, Borivali West, Mumbai",https://www.zomato.com/mumbai/the-green-kitchen-1-borivali-west,d0d194320e1ff191682d04a5e8df5191bdcb301a,The Green Kitchen,"
Ground floor, Sumit Garden Groove, diagonally, opp. to Phoenix Hospital, Chikoowadi, Borivali West, Mumbai, Maharashtra 400092","https://www.google.com/maps/place/The+Green+Kitchen/@19.2199178,72.8347977,17z/data=!3m1!4b1!4m6!3m5!1s0x3be7b11419cb5261:0x8fac62439bc4f56a!8m2!3d19.2199178!4d72.8373726!16s%2Fg%2F11rtz6lpmq?entry=ttu&g_ep=EgoyMDI2MDMxOC4xIKXMDSoASAFQAw%3D%3D",True,False,0x3be7b11419cb5261:0x8fac62439bc4f56a,The Green Kitchen,https://www.zomato.com/mumbai/the-green-kitchen-1-borivali-west,d0d194320e1ff191682d04a5e8df5191bdcb301a,"2, Ground Floor, Sumit Garden Grove, Padma Nagar, Chikuwadi, Borivali West, Mumbai",,,,,False,"The Green Kitchen, 2, Ground Floor, Sumit Garden Grove, Padma Nagar, Chikuwadi, Borivali West, Mumbai"
"Barister Kaka Bapista Marg, Mira Bhayander, Bhayandar, Mumbai",https://www.zomato.com/mumbai/bhuk-lagi-hai-1-bhayandar,f0b273aa97f671830a2c64fec433fa06eddfdeb8,Bhuk Lagi Hai - Veg Tasty Restaurant,"
Shop no. 12, Morning Glory, HubTown Gardenia, Phase 1 Shantivan, Opp, GCC Club Rd, Gaurav Sankalp, Mira Road East, Mira Bhayandar, Maharashtra 401107","https://www.google.com/maps/place/Bhuk+Lagi+Hai+-+Veg+Tasty+Restaurant/@19.2861616,72.8684835,16z/data=!4m10!1m2!2m1!1sBhuk+Lagi+Hai+Barister+Kaka+Bapista+Marg,+Mira+Bhayander,+Bhayandar,+Mumbai!3m6!1s0x3be7b154e5a30ab3:0x4cf1da264778d169!8m2!3d19.2849384!4d72.8761932!15sCk1CaHVrIExhZ2kgSGFpIEJhcnJpc3RlciBLYWthIEJhcHRpc3RhIE1hcmcsIE1pcmEgQmhheWFuZGVyLCBCaGF5YW5kYXIsIE11bWJhaZIBCnJlc3RhdXJhbnTgAQA!16s%2Fg%2F11fjwpxqmp?entry=ttu&g_ep=EgoyMDI2MDMxOC4xIKXMDSoASAFQAw%3D%3D",True,False,0x3be7b154e5a30ab3:0x4cf1da264778d169,,,,,,,,,,
"Ashapura Park, Sector 19, Airoli, Navi Mumbai",https://www.zomato.com/mumbai/pizza-da-dhaba-airoli-navi-mumbai,65a42d067419f713bd62f140bd80c5da67c0a8d7,Square Pizza,"
Shop No. 23, PLOT NO.- 88, Riddhi Siddhi Heritage, 56/57, Sector-19, Airoli, Thane, Maharashtra 400708","https://www.google.com/maps/place/Square+Pizza/@19.1580234,72.9565025,14z/data=!4m10!1m2!2m1!1sPizza+Da+Dhaba+Ashapura+Park,+Sector+19,+Airoli,+Navi+Mumbai!3m6!1s0x3be7b8b348289aa5:0x44eb0a30afdc0b46!8m2!3d19.1580234!4d72.9925514!15sCjxQaXp6YSBEYSBEaGFiYSBBc2hhcHVyYSBQYXJrLCBTZWN0b3IgMTksIEFpcm9saSwgTmF2aSBNdW1iYWlaOyI5cGl6emEgZGEgZGhhYmEgYXNoYXB1cmEgcGFyayBzZWN0b3IgMTkgYWlyb2xpIG5hdmkgbXVtYmFpkgEQcGl6emFfcmVzdGF1cmFudOABAA!16s%2Fg%2F11hcc6x3d7?entry=ttu&g_ep=EgoyMDI2MDMxOC4xIKXMDSoASAFQAw%3D%3D",False,False,0x3be7b8b348289aa5:0x44eb0a30afdc0b46,Pizza Da Dhaba,https://www.zomato.com/mumbai/pizza-da-dhaba-airoli-navi-mumbai,65a42d067419f713bd62f140bd80c5da67c0a8d7,"Ashapura Park, Sector 19, Airoli, Navi Mumbai",19.1589599,72.9913294,,,False,"Pizza Da Dhaba, Ashapura Park, Sector 19, Airoli, Navi Mumbai"
"Shop -1, Viki Heights, Vallabhbag Lane, Tilak Road, Ghatkopar East, Mumbai",https://www.zomato.com/mumbai/sai-swad-dosa-2-ghatkopar-east,06c8a6a7ce1e84f47caad98058d11ce2f6975737,Sai Swad Dosa by Trivedi Paan,"
Pant Nagar, Ghatkopar East, Mumbai, Maharashtra 400077","https://www.google.com/maps/place/Sai+Swad+Dosa+by+Trivedi+Paan/@19.0799219,72.9036792,17z/data=!3m1!4b1!4m6!3m5!1s0x3be7c700222aa589:0x6225c15558bfb1b4!8m2!3d19.0799219!4d72.9062541!16s%2Fg%2F11n429blkw?entry=ttu&g_ep=EgoyMDI2MDMxOC4xIKXMDSoASAFQAw%3D%3D",True,False,0x3be7c700222aa589:0x6225c15558bfb1b4,,,,,,,,,,
"60 Feet Corner, Fatak Road, Bhayandar West, District Thane, Bhayandar, Mumbai",https://www.zomato.com/mumbai/shree-radha-krishna-bhayandar,53183806c96dd28e76bd817d237cf098b1159f1f,Shree Radha Krishna Mandir,"
2-A,, Bhayandar East, Mira Bhayandar, Maharashtra 401105","https://www.google.com/maps/place/Shree+Radha+Krishna+Mandir/@19.3075935,72.8360983,15z/data=!4m10!1m2!2m1!1sShree+Radha+Krishna+60+Feet+Corner,+Fatak+Road,+Bhayandar+West,+District+Thane,+Bhayandar,+Mumbai!3m6!1s0x3be7b02b7ac4a269:0x1e2be6e21254bd92!8m2!3d19.3075935!4d72.8541227!15sCmFTaHJlZSBSYWRoYSBLcmlzaG5hIDYwIEZlZXQgQ29ybmVyLCBGYXRhayBSb2FkLCBCaGF5YW5kYXIgV2VzdCwgRGlzdHJpY3QgVGhhbmUsIEJoYXlhbmRhciwgTXVtYmFpkgEMaGluZHVfdGVtcGxl4AEA!16s%2Fg%2F11c0rtngs6?entry=ttu&g_ep=EgoyMDI2MDMxOC4xIKXMDSoASAFQAw%3D%3D",True,False,0x3be7b02b7ac4a269:0x1e2be6e21254bd92,,,,,,,,,,
"Shop 19, Eden Rose Shopping Centre, Beverly Park, Kanakia Road, Mira Road, Mumbai",https://www.zomato.com/mumbai/food-vibes-mira-road,a27f289cb8358e6878ddb818f1f4e555eaf3ddeb,Food vibes,"
Shop No 19, Shopping Centre, Eden Rose Building, Kanakia Rd, Vagad Nagar, Beverly Park, Mira Road East, Thane, Mira Bhayandar, Maharashtra 401105","https://www.google.com/maps/place/Food+vibes/@19.2931619,72.8696654,17z/data=!3m1!4b1!4m6!3m5!1s0x3be7b1930a45f8c3:0x83aea40eb833068d!8m2!3d19.2931619!4d72.8722403!16s%2Fg%2F11shdyrbdg?entry=ttu&g_ep=EgoyMDI2MDMxOC4xIKXMDSoASAFQAw%3D%3D",True,False,0x3be7b1930a45f8c3:0x83aea40eb833068d,Food Vibes,https://www.zomato.com/mumbai/food-vibes-mira-road,a27f289cb8358e6878ddb818f1f4e555eaf3ddeb,"Shop 19, Eden Rose Shopping Centre, Beverly Park, Kanakia Road, Mira Road, Mumbai",19.2931619,72.8722403,,,False,"Food Vibes, Shop 19, Eden Rose Shopping Centre, Beverly Park, Kanakia Road, Mira Road, Mumbai"
"C 13, Powai Link Road, Vikhroli, Mumbai",https://www.zomato.com/mumbai/timbuctoo-vikhroli,c3050b55a40c992ccaef74ea8bdbf6596c35742f,Pop Tates Vikhroli,"
C13, Hiranadani Link Rd, opp. Mayfair Sonata, Varsha Nagar, Vikhroli West, Mumbai, Maharashtra 400079","https://www.google.com/maps/place/Pop+Tates+Vikhroli/@19.1063635,72.7726188,12z/data=!4m10!1m2!2m1!1sTimbuctoo+C+13,+Powai+Link+Road,+Vikhroli,+Mumbai!3m6!1s0x3be7c7c15312e4a5:0x186f41bb6b09dc7!8m2!3d19.1063635!4d72.9168144!15sCjFUaW1idWN0b28gQyAxMywgUG93YWkgTGluayBSb2FkLCBWaWtocm9saSwgTXVtYmFpWjAiLnRpbWJ1Y3RvbyBjIDEzIHBvd2FpIGxpbmsgcm9hZCB2aWtocm9saSBtdW1iYWmSARJpdGFsaWFuX3Jlc3RhdXJhbnTgAQA!16s%2Fg%2F1tf_rbgc?entry=ttu&g_ep=EgoyMDI2MDMxOC4xIKXMDSoASAFQAw%3D%3D",False,False,0x3be7c7c15312e4a5:0x186f41bb6b09dc7,,,,,,,,,,
"223, Shivnath, Ranade Road, Dadar Shivaji Park, Mumbai",https://www.zomato.com/mumbai/green-restaurant-bar-dadar-shivaji-park,b0e17e7ba2997ba7c68a5358f1d32b12c38dec23,Green Restaurant And Bar,"
Dadar West, Dadar, Mumbai, Maharashtra 400028","https://www.google.com/maps/place/Green+Restaurant+And+Bar/@19.0255907,72.8328486,17z/data=!3m1!4b1!4m6!3m5!1s0x3be7c631abcabef3:0x88b1bfef358ebeae!8m2!3d19.0255907!4d72.8354235!16s%2Fg%2F1td36q6l?entry=ttu&g_ep=EgoyMDI2MDMxOC4xIKXMDSoASAFQAw%3D%3D",False,False,0x3be7c631abcabef3:0x88b1bfef358ebeae,Green Restaurant & Bar,https://www.zomato.com/mumbai/green-restaurant-bar-dadar-shivaji-park,b0e17e7ba2997ba7c68a5358f1d32b12c38dec23,"223, Shivnath, Ranade Road, Dadar Shivaji Park, Mumbai",19.0255907,72.83542349999999,,,False,"Green Restaurant & Bar, 223, Shivnath, Ranade Road, Dadar Shivaji Park, Mumbai"
"12A, Ground Floor, Akansha Height, Dainik Shivneri Marg, Kasturba Gandhi Nagar, Worli, Mumbai",https://www.zomato.com/mumbai/which-sandwich-lower-parel,411914a9c567860d671371e75032d4e03d33e667,Sandy Sandwich,"
Chandrakant S Rane Marg, B Wing, BDD Chawls Worli, Worli, Mumbai, Maharashtra 400018","https://www.google.com/maps/place/Sandy+Sandwich/@19.0005921,72.7807135,14z/data=!4m10!1m2!2m1!1sWhich+Sandwich+12A,+Ground+Floor,+Akansha+Height,+Dainik+Shivneri+Marg,+Kasturba+Gandhi+Nagar,+Worli,+Mumbai!3m6!1s0x3be7ce9072301c19:0x69157295183e4732!8m2!3d19.0005921!4d72.8167624!15sCmxXaGljaCBTYW5kd2ljaCAxMkEsIEdyb3VuZCBGbG9vciwgQWthbnNoYSBIZWlnaHQsIERhaW5payBTaGl2bmVyaSBNYXJnLCBLYXN0dXJiYSBHYW5kaGkgTmFnYXIsIFdvcmxpLCBNdW1iYWlaaCJmd2hpY2ggc2FuZHdpY2ggMTJhIGdyb3VuZCBmbG9vciBha2Fuc2hhIGhlaWdodCBkYWluaWsgc2hpdm5lcmkgbWFyZyBrYXN0dXJiYSBnYW5kaGkgbmFnYXIgd29ybGkgbXVtYmFpkgENc2FuZHdpY2hfc2hvcOABAA!16s%2Fg%2F11t7r4ty9t?entry=ttu&g_ep=EgoyMDI2MDMxOC4xIKXMDSoASAFQAw%3D%3D",False,False,0x3be7ce9072301c19:0x69157295183e4732,,,,,,,,,,
"Shop 1, Sector 6, Vashi, Navi Mumbai",https://www.zomato.com/mumbai/anna-vada-and-dosa-vashi-navi-mumbai,48bc8197acb1b5a18d106c5d2abe7c354435ab25,ANNA IDLI WALE,"
Shop No.13C, Railway Complex, near Vashi, Sector 30A, Vashi, Navi Mumbai, Maharashtra 400703","https://www.google.com/maps/place/ANNA+IDLI+WALE/@19.000299,72.4716316,10z/data=!4m10!1m2!2m1!1sAnna+Vada+And+Dosa+Shop+1,+Sector+6,+Vashi,+Navi+Mumbai!3m6!1s0x3be7c103cc579f79:0xc4364f7a4b424b89!8m2!3d19.0653594!4d72.9974874!15sCjdBbm5hIFZhZGEgQW5kIERvc2EgU2hvcCAxLCBTZWN0b3IgNiwgVmFzaGksIE5hdmkgTXVtYmFpWjYiNGFubmEgdmFkYSBhbmQgZG9zYSBzaG9wIDEgc2VjdG9yIDYgdmFzaGkgbmF2aSBtdW1iYWmSARRmYXN0X2Zvb2RfcmVzdGF1cmFudOABAA!16s%2Fg%2F11h3wtqnj8?entry=ttu&g_ep=EgoyMDI2MDMxOC4xIKXMDSoASAFQAw%3D%3D",False,False,0x3be7c103cc579f79:0xc4364f7a4b424b89,Anna Vada And Dosa,https://www.zomato.com/mumbai/anna-vada-and-dosa-vashi-navi-mumbai,48bc8197acb1b5a18d106c5d2abe7c354435ab25,"Shop 1, Sector 6, Vashi, Navi Mumbai",19.0653594,72.9974874,,,False,"Anna Vada And Dosa, Shop 1, Sector 6, Vashi, Navi Mumbai"
"Shop 3, Bhoomi Park, Phase 2, Jankalyan Nagar, Off Marge Road, Malad West, Mumbai",https://www.zomato.com/mumbai/chaiology-malad-west,015b6560cd2d16a163be9e334693eab3f0e79db5,Bhoomi Park Phase 3 A Wing,"
3, Bhoomi Park Phase 2 Rd, Malad, Jankalyan Nagar, Malad West, Mumbai, Maharashtra 400095","https://www.google.com/maps/place/Bhoomi+Park+Phase+3+A+Wing/@19.2013162,72.81802,17z/data=!3m1!4b1!4m6!3m5!1s0x3be7b6bb8da40a1d:0xc9522614db9c6eca!8m2!3d19.2013162!4d72.8205949!16s%2Fg%2F11ddwxmkhs?entry=ttu&g_ep=EgoyMDI2MDMxOC4xIKXMDSoASAFQAw%3D%3D",False,False,0x3be7b6bb8da40a1d:0xc9522614db9c6eca,Chaiology,https://www.zomato.com/mumbai/chaiology-malad-west,015b6560cd2d16a163be9e334693eab3f0e79db5,"Shop 3, Bhoomi Park, Phase 2, Jankalyan Nagar, Off Marge Road, Malad West, Mumbai",19.2004822,72.826448,,,False,"Chaiology, Shop 3, Bhoomi Park, Phase 2, Jankalyan Nagar, Off Marge Road, Malad West, Mumbai"
"Shop 3/4, Sector 13, Amey Chs, Panvel, Raigad, Near Chourang Height, Kharghar, Navi Mumbai",https://www.zomato.com/mumbai/cheese-pizza-story-3-kharghar-navi-mumbai,e9b8e09f66d87468fcc0ff5eedffc71cd8ae861b,Cheelizza India Ka Pizza,"
Shop No. A/1, Haware Tiara Shopping Complex, Raghunath Rd, near Daily Bazaar, Block G, Sector 13, Kharghar, Panvel, Maharashtra 410210","https://www.google.com/maps/place/Cheelizza+India+Ka+Pizza/@19.0461712,73.0366221,14z/data=!4m10!1m2!2m1!1sCheese+Pizza+Story+Shop+3%2F4,+Sector+13,+Amey+Chs,+Panvel,+Raigad,+Near+Chourang+Height,+Kharghar,+Navi+Mumbai!3m6!1s0x3be7c21a7f456fab:0xbcc9d398b10cc424!8m2!3d19.0461712!4d73.072671!15sCm5DaGVlc2UgUGl6emEgU3RvcnkgU2hvcCAzLzQsIFNlY3RvciAxMywgQW1leSBDaHMsIFBhbnZlbCwgUmFpZ2FkLCBOZWFyIENoYXVyYW5nIEhlaWdodHMsIEtoYXJnaGFyLCBOYXZpIE11bWJhaVppImdjaGVlc2UgcGl6emEgc3Rvcnkgc2hvcCAzIDQgc2VjdG9yIDEzIGFtZXkgY2hzIHBhbnZlbCByYWlnYWQgbmVhciBjaGF1cmFuZyBoZWlnaHRzIGtoYXJnaGFyIG5hdmkgbXVtYmFpkgEQcGl6emFfcmVzdGF1cmFudOABAA!16s%2Fg%2F11b61pvszz?entry=ttu&g_ep=EgoyMDI2MDMxOC4xIKXMDSoASAFQAw%3D%3D",False,False,0x3be7c21a7f456fab:0xbcc9d398b10cc424,,,,,,,,,,
"Panchkutir, Guru Govind Singh Nagar, Near Panchkutir Bus Stop IIT, Powai, Mumbai",https://www.zomato.com/mumbai/turban-tales-powai,95e084a80e799997cce48b85f6578df705b1a7ec,Turban Tales,"
20, Jogeshwari - Vikhroli Link Rd, Panchkutir Ganesh Nagar, Powai, Mumbai, Maharashtra 400076","https://www.google.com/maps/place/Turban+Tales/@19.1236742,72.9070599,17z/data=!3m1!4b1!4m6!3m5!1s0x3be7c7fabc86723d:0x97505a9c84241b91!8m2!3d19.1236742!4d72.9096348!16s%2Fg%2F11g6yw0ft2?entry=ttu&g_ep=EgoyMDI2MDMxOC4xIKXMDSoASAFQAw%3D%3D",True,False,0x3be7c7fabc86723d:0x97505a9c84241b91,,,,,,,,,,
"Shivar Garden, Mira Road, Mumbai",https://www.zomato.com/mumbai/lake-view-veg-restaurant-2-mira-road,fb0c46997ae215b50253b602a994eb3f0ffb2ed3,Lake View Veg Restaurants,"
Gate No.5, Mira Bhayandar Rd, near Kali Mata Mandir, Shivar Garden, Mira Road East, Thane, Mira Bhayandar, Maharashtra 401107","https://www.google.com/maps/place/Lake+View+Veg+Restaurants/@19.2884745,72.8632004,17z/data=!3m1!4b1!4m6!3m5!1s0x3be7b11c24ffa909:0xedf1b83e949a8214!8m2!3d19.2884745!4d72.8657753!16s%2Fg%2F11s_xyvh5c?entry=ttu&g_ep=EgoyMDI2MDMxOC4xIKXMDSoASAFQAw%3D%3D",True,False,0x3be7b11c24ffa909:0xedf1b83e949a8214,Lake View Veg Restaurant,https://www.zomato.com/mumbai/lake-view-veg-restaurant-2-mira-road,fb0c46997ae215b50253b602a994eb3f0ffb2ed3,"Shivar Garden, Mira Road, Mumbai",19.2884745,72.8657753,,,False,"Lake View Veg Restaurant, Shivar Garden, Mira Road, Mumbai"
"Thakur Complex, Western Express Highway, Kandivali East, Mumbai",https://www.zomato.com/mumbai/the-avenue-kandivali-east,cc273c95d5e430ffca6b30524641bad7547447d6,Shree Gokul Garden,,"https://www.google.com/maps/place/Shree+Gokul+Garden,+GOKUL+GARDEN-1,+Kandivali,+Gokul+Garden+VWX,+Kandivali+East,+Mumbai,+Maharashtra+400101/@19.2108711,72.8599939,17z/data=!3m1!4b1!4m6!3m5!1s0x3be7b72ffa825cf9:0x1718bd70e4ceef3!8m2!3d19.2108711!4d72.8625688!16s%2Fg%2F12hpj900f?entry=ttu&g_ep=EgoyMDI2MDMxOC4xIKXMDSoASAFQAw%3D%3D",False,False,0x3be7b72ffa825cf9:0x1718bd70e4ceef3,The Avenue,https://www.zomato.com/mumbai/the-avenue-kandivali-east,cc273c95d5e430ffca6b30524641bad7547447d6,"Thakur Complex, Western Express Highway, Kandivali East, Mumbai",19.2108711,72.86256879999999,,,False,"The Avenue, Thakur Complex, Western Express Highway, Kandivali East, Mumbai"
"Shop D-21, Poonam Estate Cluster 1, Shanti Garden, Mira Road, Mumbai",https://www.zomato.com/mumbai/90ml-the-cafe-mira-road,37da4ccb01bf2d6e6948d30758423530199cca3e,5PM Cafè,"
7VQ8+H69, Sardar Vallabhai Patel Vidyalaya Rd, Shivar Garden, Mira Road East, Mira Bhayandar, Maharashtra 401105","https://www.google.com/maps/place/5PM+Caf%C3%A8/@19.2889158,72.8475787,15z/data=!4m10!1m2!2m1!1s90ML+The+Cafe+Shop+D-21,+Poonam+Estate+Cluster+1,+Shanti+Garden,+Mira+Road,+Mumbai!3m6!1s0x3be7b12736400657:0xb479e6bb7534c198!8m2!3d19.2889158!4d72.8656031!15sClI5ME1MIFRoZSBDYWZlIFNob3AgRC0yMSwgUG9vbmFtIEVzdGF0ZSBDbHVzdGVyIDEsIFNoYW50aSBHYXJkZW4sIE1pcmEgUm9hZCwgTXVtYmFpWlAiTjkwbWwgdGhlIGNhZmUgc2hvcCBkIDIxIHBvb25hbSBlc3RhdGUgY2x1c3RlciAxIHNoYW50aSBnYXJkZW4gbWlyYSByb2FkIG11bWJhaZIBC2NvZmZlZV9zaG9w4AEA!16s%2Fg%2F11khxz6n3j?entry=ttu&g_ep=EgoyMDI2MDMxOC4xIKXMDSoASAFQAw%3D%3D",False,False,0x3be7b12736400657:0xb479e6bb7534c198,,,,,,,,,,
"Kalyan Shilphata Road, Near Lodha Palava, Dombivali East, Thane",https://www.zomato.com/mumbai/hotel-kokan-king-dombivali-east,dda04f3aeb06e742400a76665c9a588a79b4d50f,Hotel Kokan Ratna,"
5335+275, Padlegaon, Kalyan Shill Road, Near Toyota Showroom, Taluka & Dist, Thane, Maharashtra 421204","https://www.google.com/maps/place/Hotel+Kokan+Ratna/@19.2886198,72.528197,10z/data=!4m10!1m2!2m1!1sHotel+Kokan+King+Kalyan+Shilphata+Road,+Near+Lodha+Palava,+Dombivali+East,+Thane!3m6!1s0x3be7bf8960971a95:0xf4ba01f918ea1384!8m2!3d19.1525107!4d73.058242!15sClBIb3RlbCBLb2thbiBLaW5nIEthbHlhbiBTaGlscGhhdGEgUm9hZCwgTmVhciBMb2RoYSBQYWxhdmEsIERvbWJpdmFsaSBFYXN0LCBUaGFuZSIDiAEBWk8iTWhvdGVsIGtva2FuIGtpbmcga2FseWFuIHNoaWxwaGF0YSByb2FkIG5lYXIgbG9kaGEgcGFsYXZhIGRvbWJpdmFsaSBlYXN0IHRoYW5lkgESa29ua2FuaV9yZXN0YXVyYW504AEA!16s%2Fg%2F11cmy3dcfq?entry=ttu&g_ep=EgoyMDI2MDMxOC4xIKXMDSoASAFQAw%3D%3D",False,False,0x3be7bf8960971a95:0xf4ba01f918ea1384,,,,,,,,,,
"Dhiraj Annex Building, Sarojini Naidu Road, Near Railway Station, Mulund West, Mumbai",https://www.zomato.com/mumbai/sitara-mulund-west,d0267a064217f45c8c412fab0d365553b89548e5,Dhiraj,"
5XF5+M54, JSD, Siddharth Nagar, Mulund West, Mumbai, Maharashtra 400080","https://www.google.com/maps/place/Dhiraj/@19.1741378,72.9218978,14z/data=!4m16!1m8!2m7!1sSitara+Dhiraj+Annex+Building,+Sarojini+Naidu+Road,+Near+Railway+Station,+Mulund+West,+Mumbai!3m5!2sKokan+King+Poolside+Restaurant-+Bar!3s0x3be7945c112eab5f:0xb0922b11a4b66d54!4m2!1d73.059125!2d19.1525297!3m6!1s0x3be7b8e54b4763e7:0xb30489af61451d7b!8m2!3d19.1741378!4d72.9579467!15sClxTaXRhcmEgRGhpcmFqIEFubmV4IEJ1aWxkaW5nLCBTYXJvamluaSBOYWlkdSBSb2FkLCBOZWFyIFJhaWx3YXkgU3RhdGlvbiwgTXVsdW5kIFdlc3QsIE11bWJhaZIBCHBoYXJtYWN54AEA!16s%2Fg%2F1v3hyftp?entry=ttu&g_ep=EgoyMDI2MDMxOC4xIKXMDSoASAFQAw%3D%3D",False,False,0x3be7945c112eab5f:0xb0922b11a4b66d54,,,,,,,,,,
"United Mansion, Sahar Road, Vile Parle East, Mumbai",https://www.zomato.com/mumbai/surya-family-restaurant-bar-vile-parle-east,36480ad2151e941dd561d3260bc8289693ba06b3,Surya Resto Bar & Kitchen,"
United Mansion, Sahar Rd, Navpada, Parsiwada, Andheri East, Mumbai, Maharashtra 400099","https://www.google.com/maps/place/Surya+Resto+Bar+%26+Kitchen/@19.1089236,72.8515974,17z/data=!3m1!4b1!4m6!3m5!1s0x3be7c834f95fffcd:0xf1fe542081ae685a!8m2!3d19.1089236!4d72.8541723!16s%2Fg%2F1tdq90xw?entry=ttu&g_ep=EgoyMDI2MDMxOC4xIKXMDSoASAFQAw%3D%3D",False,False,0x3be7c834f95fffcd:0xf1fe542081ae685a,Surya Family Restaurant & Bar,https://www.zomato.com/mumbai/surya-family-restaurant-bar-vile-parle-east,36480ad2151e941dd561d3260bc8289693ba06b3,"United Mansion, Sahar Road, Vile Parle East, Mumbai",19.1089236,72.8541723,,,False,"Surya Family Restaurant & Bar, United Mansion, Sahar Road, Vile Parle East, Mumbai"
"Near Hiranandaini Garden, Powai, Mumbai",https://www.zomato.com/mumbai/you-me-chinese-powai,059993aab172b5f57b1f06e034f868aeb2c2b5c0,You Me & Chinese,"
Hakone game zone, near Powai Plaza, opp. hiranandani garden, Hiranandani Gardens, Sainath Nagar, Powai, Mumbai, Maharashtra 400076","https://www.google.com/maps/place/You+Me+%26+Chinese/@19.1233931,72.9105371,17z/data=!3m1!4b1!4m6!3m5!1s0x3be7c7ad6bdf434f:0x52aea87a151ed016!8m2!3d19.1233931!4d72.913112!16s%2Fg%2F11y5s736zh?entry=ttu&g_ep=EgoyMDI2MDMxOC4xIKXMDSoASAFQAw%3D%3D",True,False,0x3be7c7ad6bdf434f:0x52aea87a151ed016,You Me & Chinese,https://www.zomato.com/mumbai/you-me-chinese-powai,059993aab172b5f57b1f06e034f868aeb2c2b5c0,"Near Hiranandaini Garden, Powai, Mumbai",19.1233931,72.913112,,,False,"You Me & Chinese, Near Hiranandaini Garden, Powai, Mumbai"
"Bhel Plaza, Chowpatty Beach, Near Birla Kreda Kendriya, Chowpatty, Mumbai",https://www.zomato.com/mumbai/jai-jawan-stall-gola-kulfi-and-falooda-centre-chowpatty,dae64321b15e3e3123eed2d977fde5c351e0db5d,Jai Jawan,"
Next to Birla Kreda Kendra, Bhel Plaza,, Chowpatty, Girgaon, Mumbai, Maharashtra 400007","https://www.google.com/maps/place/Jai+Jawan/@18.9539619,72.8117599,17z/data=!3m1!4b1!4m6!3m5!1s0x3be7ce0f947b9e93:0x42828fdae19e8b33!8m2!3d18.9539619!4d72.8143348!16s%2Fg%2F11clhqx857?entry=ttu&g_ep=EgoyMDI2MDMxOC4xIKXMDSoASAFQAw%3D%3D",False,False,0x3be7ce0f947b9e93:0x42828fdae19e8b33,Jai Jawan Stall Gola Kulfi And Falooda Centre,https://www.zomato.com/mumbai/jai-jawan-stall-gola-kulfi-and-falooda-centre-chowpatty,dae64321b15e3e3123eed2d977fde5c351e0db5d,"Bhel Plaza, Chowpatty Beach, Near Birla Kreda Kendriya, Chowpatty, Mumbai",18.9539619,72.8143348,,,False,"Jai Jawan Stall Gola Kulfi And Falooda Centre, Bhel Plaza, Chowpatty Beach, Near Birla Kreda Kendriya, Chowpatty, Mumbai"
"Shop 14, Sat Krupa Federation, Prem Nagar, Udyan Marg, Borivali West, Mumbai",https://www.zomato.com/mumbai/the-secret-dessert-borivali-west,5c168ab47415bd4ef1c1b2b833241910a44a332c,Dessert 99,"
Shop No.18, BLDG B.S, E.S, opposite to Maxus Cinema, Gorai 3, Borivali West, Mumbai, Maharashtra 400091","https://www.google.com/maps/place/Dessert+99/@19.2326066,72.5402567,11z/data=!4m10!1m2!2m1!1sThe+Secret+Dessert+Shop+14,+Sat+Krupa+Federation,+Prem+Nagar,+Udyan+Marg,+Borivali+West,+Mumbai!3m6!1s0x3be7b130db149149:0x4d2f9d87f4e9433f!8m2!3d19.2326066!4d72.8286478!15sCl9UaGUgU2VjcmV0IERlc3NlcnQgU2hvcCAxNCwgU2F0IEtydXBhIEZlZGVyYXRpb24sIFByZW0gTmFnYXIsIFVkeWFuIE1hcmcsIEJvcml2YWxpIFdlc3QsIE11bWJhaVpcIlp0aGUgc2VjcmV0IGRlc3NlcnQgc2hvcCAxNCBzYXQga3J1cGEgZmVkZXJhdGlvbiBwcmVtIG5hZ2FyIHVkeWFuIG1hcmcgYm9yaXZhbGkgd2VzdCBtdW1iYWmSAQRjYWZl4AEA!16s%2Fg%2F11ty6n3x99?entry=ttu&g_ep=EgoyMDI2MDMxOC4xIKXMDSoASAFQAw%3D%3D",False,False,0x3be7b130db149149:0x4d2f9d87f4e9433f,The Secret Dessert,https://www.zomato.com/mumbai/the-secret-dessert-borivali-west,5c168ab47415bd4ef1c1b2b833241910a44a332c,"Shop 14, Sat Krupa Federation, Prem Nagar, Udyan Marg, Borivali West, Mumbai",19.2338145,72.8538209,,,False,"The Secret Dessert, Shop 14, Sat Krupa Federation, Prem Nagar, Udyan Marg, Borivali West, Mumbai"
"Shop 20, Rashesh Apartment, Bhayandar, Mumbai",https://www.zomato.com/mumbai/cafe-table-talks-bhayandar,dceeabdd02262da318aaac6c23b84b5328c1bb78,Cafe Table Talks,"
Shop No 20, Rashesh Apartments, near, Maxus Mall Rd, opp. Maxus Banquet Hall, Bhayandar, Padmavati Nagar, Bhayandar West, Mumbai, Mira Bhayandar, Maharashtra 401101","https://www.google.com/maps/place/Cafe+Table+Talks/@19.2958087,72.8454918,17z/data=!3m1!4b1!4m6!3m5!1s0x3be7b10f294a160d:0xd359452e430bf405!8m2!3d19.2958087!4d72.8480667!16s%2Fg%2F11sfj3g03m?entry=ttu&g_ep=EgoyMDI2MDMxOC4xIKXMDSoASAFQAw%3D%3D",True,False,0x3be7b10f294a160d:0xd359452e430bf405,Cafe Table Talks,https://www.zomato.com/mumbai/cafe-table-talks-bhayandar,dceeabdd02262da318aaac6c23b84b5328c1bb78,"Shop 20, Rashesh Apartment, Bhayandar, Mumbai",19.2958087,72.84806669999999,,,False,"Cafe Table Talks, Shop 20, Rashesh Apartment, Bhayandar, Mumbai"
"Shop-23, Ground Floor, Rakhee Building, Vasant Utsav Chs Ltd, Thakur Village, Kandivali East, Mumbai",https://www.zomato.com/mumbai/food-hub-kandivali-east,574ca1b21628f3bb4d7dd20cea95f98ca3789518,44 The Food Hub - Vegetarian Fast Food,"
Shop no 11,12 Ground floor, Swapnapurti SRA CHSL, Kandivali, Chikhal Wadi, Thakur Village, Kandivali East, Mumbai, Maharashtra 400101","https://www.google.com/maps/place/44+The+Food+Hub+-+Vegetarian+Fast+Food/@19.2144766,72.8622176,16z/data=!4m10!1m2!2m1!1sFood+Hub+Shop-23,+Ground+Floor,+Rakhee+Building,+Vasant+Utsav+Chs+Ltd,+Thakur+Village,+Kandivali+East,+Mumbai!3m6!1s0x3be7b7bbfdb7f0fb:0x64d578c241c8bed1!8m2!3d19.2144766!4d72.8712298!15sCm1Gb29kIEh1YiBTaG9wLTIzLCBHcm91bmQgRmxvb3IsIFJha2hlZSBCdWlsZGluZywgVmFzYW50IFV0c2F2IENocyBMdGQsIFRoYWt1ciBWaWxsYWdlLCBLYW5kaXZhbGkgRWFzdCwgTXVtYmFpWmkiZ2Zvb2QgaHViIHNob3AgMjMgZ3JvdW5kIGZsb29yIHJha2hlZSBidWlsZGluZyB2YXNhbnQgdXRzYXYgY2hzIGx0ZCB0aGFrdXIgdmlsbGFnZSBrYW5kaXZhbGkgZWFzdCBtdW1iYWmSAQpyZXN0YXVyYW504AEA!16s%2Fg%2F11y3qvr724?entry=ttu&g_ep=EgoyMDI2MDMxOC4xIKXMDSoASAFQAw%3D%3D",True,False,0x3be7b7bbfdb7f0fb:0x64d578c241c8bed1,Food Hub,https://www.zomato.com/mumbai/food-hub-kandivali-east,574ca1b21628f3bb4d7dd20cea95f98ca3789518,"Shop-23, Ground Floor, Rakhee Building, Vasant Utsav Chs Ltd, Thakur Village, Kandivali East, Mumbai",,,,,False,"Food Hub, Shop-23, Ground Floor, Rakhee Building, Vasant Utsav Chs Ltd, Thakur Village, Kandivali East, Mumbai"
"Shop 16, Earth Naidu Colony, Pant Nagar, Lokhandwala kandivali, Mumbai",https://www.zomato.com/mumbai/traders-tryst-cafe-lokhandwala-kandivali,e22f0d1875d8b217ff9837512f57f53da96d7061,TRADERS TRYST CAFE,"
Naidu Colony, Railway Police Colony, Mankur, Mumbai, Maharashtra 400075","https://www.google.com/maps/place/TRADERS+TRYST+CAFE/@19.0830856,72.6273319,11z/data=!4m10!1m2!2m1!1sTrader's+Tryst+Cafe+Shop+16,+Earth+Naidu+Colony,+Pant+Nagar,+Lokhandwala+kandivali,+Mumbai!3m6!1s0x3be7c70006022b05:0xced81791650098cc!8m2!3d19.0830856!4d72.915723!15sClpUcmFkZXIncyBUcnlzdCBDYWZlIFNob3AgMTYsIEVhcnRoIE5haWR1IENvbG9ueSwgUGFudCBOYWdhciwgTG9raGFuZHdhbGEga2FuZGl2YWxpLCBNdW1iYWlaWCJWdHJhZGVyJ3MgdHJ5c3QgY2FmZSBzaG9wIDE2IGVhcnRoIG5haWR1IGNvbG9ueSBwYW50IG5hZ2FyIGxva2hhbmR3YWxhIGthbmRpdmFsaSBtdW1iYWmSARpmb29kX2FuZF9iZXZlcmFnZV9leHBvcnRlcpoBI0NoWkRTVWhOTUc5blMwVkpRMEZuU1VNM2FVcDVhR1ozRUFF4AEA-gEECAAQTA!16s%2Fg%2F11vxjgfjdn?entry=ttu&g_ep=EgoyMDI2MDMxOC4xIKXMDSoASAFQAw%3D%3D",False,False,0x3be7c70006022b05:0xced81791650098cc,Trader's Tryst Cafe,https://www.zomato.com/mumbai/traders-tryst-cafe-lokhandwala-kandivali,e22f0d1875d8b217ff9837512f57f53da96d7061,"Shop 16, Earth Naidu Colony, Pant Nagar, Lokhandwala kandivali, Mumbai",,,,,False,"Trader's Tryst Cafe, Shop 16, Earth Naidu Colony, Pant Nagar, Lokhandwala kandivali, Mumbai"
"3, Sky Enclave Building, Kirol Village, Tilak Road, Ghatkopar East, Mumbai",https://www.zomato.com/mumbai/hari-om-juice-milk-shake-centre-ghatkopar-east,8ce0413332248e1e2e73b5cc40d228e170d724ac,Hari Om Juice & Milk Shake Centre,"
Bajaj Rd, near Lucky Sandwich stall, Navpada, Kamala Nagar, Vile Parle, Mumbai, Maharashtra 400056","https://www.google.com/maps/place/Hari+Om+Juice+%26+Milk+Shake+Centre/@19.1003664,72.5541722,11z/data=!4m10!1m2!2m1!1sHari+Om+Juice+%26+Milk+Shake+Centre+3,+Sky+Enclave+Building,+Kirol+Village,+Tilak+Road,+Ghatkopar+East,+Mumbai!3m6!1s0x3be7c9b7202e47b9:0xe016ca8998304463!8m2!3d19.1003664!4d72.8425633!15sCmxIYXJpIE9tIEp1aWNlICYgTWlsayBTaGFrZSBDZW50cmUgMywgU2t5IEVuY2xhdmUgQnVpbGRpbmcsIEtpcm9sIFZpbGxhZ2UsIFRpbGFrIFJvYWQsIEdoYXRrb3BhciBFYXN0LCBNdW1iYWlaZyJlaGFyaSBvbSBqdWljZSAmIG1pbGsgc2hha2UgY2VudHJlIHNreSBlbmNsYXZlIGJ1aWxkaW5nIGtpcm9sIHZpbGxhZ2UgdGlsYWsgcm9hZCBnaGF0a29wYXIgZWFzdCBtdW1iYWmSAQpqdWljZV9zaG9w4AEA!16s%2Fg%2F11g724qg4c?entry=ttu&g_ep=EgoyMDI2MDMxOC4xIKXMDSoASAFQAw%3D%3D",True,False,0x3be7c9b7202e47b9:0xe016ca8998304463,Fruco Juices & Shakes,https://www.zomato.com/mumbai/fruco-juices-shakes-vile-parle-west,2972ae12ed530e3aa1917de0076c848fd9bfff7f,"87, Irla Signal, SV Road, Opposite Irla Petrol Pump, Vile Parle West, Mumbai",19.1003664,72.8425633,,,False,"Fruco Juices & Shakes, 87, Irla Signal, SV Road, Opposite Irla Petrol Pump, Vile Parle West, Mumbai"
"3, Sky Enclave Building, Kirol Village, Tilak Road, Ghatkopar East, Mumbai",https://www.zomato.com/mumbai/hari-om-juice-milk-shake-centre-ghatkopar-east,8ce0413332248e1e2e73b5cc40d228e170d724ac,Hari Om Juice & Milk Shake Centre,"
Bajaj Rd, near Lucky Sandwich stall, Navpada, Kamala Nagar, Vile Parle, Mumbai, Maharashtra 400056","https://www.google.com/maps/place/Hari+Om+Juice+%26+Milk+Shake+Centre/@19.1003664,72.5541722,11z/data=!4m10!1m2!2m1!1sHari+Om+Juice+%26+Milk+Shake+Centre+3,+Sky+Enclave+Building,+Kirol+Village,+Tilak+Road,+Ghatkopar+East,+Mumbai!3m6!1s0x3be7c9b7202e47b9:0xe016ca8998304463!8m2!3d19.1003664!4d72.8425633!15sCmxIYXJpIE9tIEp1aWNlICYgTWlsayBTaGFrZSBDZW50cmUgMywgU2t5IEVuY2xhdmUgQnVpbGRpbmcsIEtpcm9sIFZpbGxhZ2UsIFRpbGFrIFJvYWQsIEdoYXRrb3BhciBFYXN0LCBNdW1iYWlaZyJlaGFyaSBvbSBqdWljZSAmIG1pbGsgc2hha2UgY2VudHJlIHNreSBlbmNsYXZlIGJ1aWxkaW5nIGtpcm9sIHZpbGxhZ2UgdGlsYWsgcm9hZCBnaGF0a29wYXIgZWFzdCBtdW1iYWmSAQpqdWljZV9zaG9w4AEA!16s%2Fg%2F11g724qg4c?entry=ttu&g_ep=EgoyMDI2MDMxOC4xIKXMDSoASAFQAw%3D%3D",True,False,0x3be7c9b7202e47b9:0xe016ca8998304463,Hari Om Juice & Milk Shake Centre,https://www.zomato.com/mumbai/hari-om-juice-milk-shake-centre-ghatkopar-east,8ce0413332248e1e2e73b5cc40d228e170d724ac,"3, Sky Enclave Building, Kirol Village, Tilak Road, Ghatkopar East, Mumbai",,,,,False,"Hari Om Juice & Milk Shake Centre, 3, Sky Enclave Building, Kirol Village, Tilak Road, Ghatkopar East, Mumbai"
"Ground Floor, Sector 12, Near Prime Mall, Kharghar, Navi Mumbai",https://www.zomato.com/mumbai/yumbee-fit-guilt-free-food-kharghar-navi-mumbai,97583ef55c4b6d597d7509c618f0b636acb8a8fa,FitBox - Healthy & High Protein Meals,"
Shop No. 1, Shree Heights, Block G, Sector 13, Kharghar, Panvel, Maharashtra 410210","https://www.google.com/maps/place/FitBox+-+Healthy+%26+High+Protein+Meals/@19.0444616,73.0539005,15z/data=!4m10!1m2!2m1!1sYumbee+Fit+-+Guilt+Free+Food+Ground+Floor,+Sector+12,+Near+Prime+Mall,+Kharghar,+Navi+Mumbai!3m6!1s0x3be7c3549fb98907:0x9a683f2765c1ef2a!8m2!3d19.0444616!4d73.0719249!15sClxZdW1iZWUgRml0IC0gR3VpbHQgRnJlZSBGb29kIEdyb3VuZCBGbG9vciwgU2VjdG9yIDEyLCBOZWFyIFByaW1lIE1hbGwsIEtoYXJnaGFyLCBOYXZpIE11bWJhaVpYIlZ5dW1iZWUgZml0IGd1aWx0IGZyZWUgZm9vZCBncm91bmQgZmxvb3Igc2VjdG9yIDEyIG5lYXIgcHJpbWUgbWFsbCBraGFyZ2hhciBuYXZpIG11bWJhaZIBEmJveF9sdW5jaF9zdXBwbGllcuABAA!16s%2Fg%2F11vq2k84zs?entry=ttu&g_ep=EgoyMDI2MDMxOC4xIKXMDSoASAFQAw%3D%3D",False,False,0x3be7c3549fb98907:0x9a683f2765c1ef2a,Keto Diet Meals K4E,https://www.zomato.com/mumbai/keto-diet-meals-k4e-kharghar-navi-mumbai,440278b2ffe6ec4c9d91f624df0921deabc4cfd0,"Shop 7, Plot 146, Dhanashree CHS, Kharghar, Navi Mumbai",19.0444616,73.0719249,,,False,"Keto Diet Meals K4E, Shop 7, Plot 146, Dhanashree CHS, Kharghar, Navi Mumbai"
"Ground Floor, Sector 12, Near Prime Mall, Kharghar, Navi Mumbai",https://www.zomato.com/mumbai/yumbee-fit-guilt-free-food-kharghar-navi-mumbai,97583ef55c4b6d597d7509c618f0b636acb8a8fa,FitBox - Healthy & High Protein Meals,"
Shop No. 1, Shree Heights, Block G, Sector 13, Kharghar, Panvel, Maharashtra 410210","https://www.google.com/maps/place/FitBox+-+Healthy+%26+High+Protein+Meals/@19.0444616,73.0539005,15z/data=!4m10!1m2!2m1!1sYumbee+Fit+-+Guilt+Free+Food+Ground+Floor,+Sector+12,+Near+Prime+Mall,+Kharghar,+Navi+Mumbai!3m6!1s0x3be7c3549fb98907:0x9a683f2765c1ef2a!8m2!3d19.0444616!4d73.0719249!15sClxZdW1iZWUgRml0IC0gR3VpbHQgRnJlZSBGb29kIEdyb3VuZCBGbG9vciwgU2VjdG9yIDEyLCBOZWFyIFByaW1lIE1hbGwsIEtoYXJnaGFyLCBOYXZpIE11bWJhaVpYIlZ5dW1iZWUgZml0IGd1aWx0IGZyZWUgZm9vZCBncm91bmQgZmxvb3Igc2VjdG9yIDEyIG5lYXIgcHJpbWUgbWFsbCBraGFyZ2hhciBuYXZpIG11bWJhaZIBEmJveF9sdW5jaF9zdXBwbGllcuABAA!16s%2Fg%2F11vq2k84zs?entry=ttu&g_ep=EgoyMDI2MDMxOC4xIKXMDSoASAFQAw%3D%3D",False,False,0x3be7c3549fb98907:0x9a683f2765c1ef2a,Yumbee Fit - Guilt Free Food,https://www.zomato.com/mumbai/yumbee-fit-guilt-free-food-kharghar-navi-mumbai,97583ef55c4b6d597d7509c618f0b636acb8a8fa,"Ground Floor, Sector 12, Near Prime Mall, Kharghar, Navi Mumbai",19.0462468,73.0703267,,,False,"Yumbee Fit - Guilt Free Food, Ground Floor, Sector 12, Near Prime Mall, Kharghar, Navi Mumbai"
"Shop 2, Bhimji Bhanji Wadi, MG Road, Opposite Ramji Ashar School, Ghatkopar East, Mumbai",https://www.zomato.com/mumbai/hotel-new-manoranjan-ghatkopar-east,c7ea10f16234e4a651a812c919563fafccb6f146,Manoranjan hotel,"
101, Mahatma Gandhi Rd, Pant Nagar, Ghatkopar East, Mumbai, Maharashtra 400077","https://www.google.com/maps/place/Manoranjan+hotel/@19.081552,72.9019455,17z/data=!3m1!4b1!4m6!3m5!1s0x3be7c62951f218b5:0xb1d54e930713263b!8m2!3d19.081552!4d72.9045204!16s%2Fg%2F1tlvm_h_?entry=ttu&g_ep=EgoyMDI2MDMxOC4xIKXMDSoASAFQAw%3D%3D",False,False,0x3be7c62951f218b5:0xb1d54e930713263b,Hotel New Manoranjan,https://www.zomato.com/mumbai/hotel-new-manoranjan-ghatkopar-east,c7ea10f16234e4a651a812c919563fafccb6f146,"Shop 2, Bhimji Bhanji Wadi, MG Road, Opposite Ramji Ashar School, Ghatkopar East, Mumbai",19.081552,72.9045204,,,False,"Hotel New Manoranjan, Shop 2, Bhimji Bhanji Wadi, MG Road, Opposite Ramji Ashar School, Ghatkopar East, Mumbai"
"Shop 6, 7, 8, Tanishka Commercial Premises, Akurli Road, Kandivali East, Mumbai",https://www.zomato.com/mumbai/one8-cafe-kandivali-east,1a7a50a0355c6b7e92b864890c1c174b36655868,One8 Cafe & Lounge,"
Shop no 6,7,8, Tanishka Mall Nears Growels 101 Mall, Western Urban Rd, Mumbai, Maharashtra 400101","https://www.google.com/maps/place/One8+Cafe+%26+Lounge/@19.2006076,72.8591189,17z/data=!3m1!4b1!4m6!3m5!1s0x3be7b70d9cc887dd:0xa5c3347aeaabfe6f!8m2!3d19.2006076!4d72.8616938!16s%2Fg%2F11rq636905?entry=ttu&g_ep=EgoyMDI2MDMxOC4xIKXMDSoASAFQAw%3D%3D",True,False,0x3be7b70d9cc887dd:0xa5c3347aeaabfe6f,One8 Cafe,https://www.zomato.com/mumbai/one8-cafe-kandivali-east,1a7a50a0355c6b7e92b864890c1c174b36655868,"Shop 6, 7, 8, Tanishka Commercial Premises, Akurli Road, Kandivali East, Mumbai",19.2006076,72.8616938,,,False,"One8 Cafe, Shop 6, 7, 8, Tanishka Commercial Premises, Akurli Road, Kandivali East, Mumbai"
"Shop 12, Rassaz Greens Society, Ramdev Park Road, Near Seven Square Academy, Mira Road, Mumbai",https://www.zomato.com/mumbai/tea-max-cafe-mira-road,6bae2dbf949532a8015d7e28863ffe0ae88c7765,Seven Square Academy (CBSE School in Mira Road),"
Grand Manor Ideal Park - C and D, Deepak Hospital Rd, opp. Seven Eleven Hospital, Medetiya Nagar, Queens Park, Mira Road East, Mira Bhayandar, Maharashtra 401105","https://www.google.com/maps/place/Seven+Square+Academy+(CBSE+School+in+Mira+Road)/@19.295721,72.7928272,13z/data=!4m10!1m2!2m1!1sTea+Max+Cafe+Shop+12,+Rassaz+Greens+Society,+Ramdev+Park+Road,+Near+Seven+Square+Academy,+Mira+Road,+Mumbai!3m6!1s0x3be7b03994dfb36f:0xa00d12384ea39c9!8m2!3d19.295721!4d72.864925!15sCmtUZWEgTWF4IENhZmUgU2hvcCAxMiwgUmFzc2F6IEdyZWVucyBTb2NpZXR5LCBSYW1kZXYgUGFyayBSb2FkLCBOZWFyIFNldmVuIFNxdWFyZSBBY2FkZW15LCBNaXJhIFJvYWQsIE11bWJhaZIBC2Nic2Vfc2Nob29s4AEA!16s%2Fg%2F1hm5rld5z?entry=ttu&g_ep=EgoyMDI2MDMxOC4xIKXMDSoASAFQAw%3D%3D",False,False,0x3be7b03994dfb36f:0xa00d12384ea39c9,Tea Max Cafe,https://www.zomato.com/mumbai/tea-max-cafe-mira-road,6bae2dbf949532a8015d7e28863ffe0ae88c7765,"Shop 12, Rassaz Greens Society, Ramdev Park Road, Near Seven Square Academy, Mira Road, Mumbai",16.841862799999998,74.6511443,,,False,"Tea Max Cafe, Shop 12, Rassaz Greens Society, Ramdev Park Road, Near Seven Square Academy, Mira Road, Mumbai"
"Opposite Laji Pada Police Chowky, New Link Road, Gandhi Nagar, Kandivali West, Mumbai",https://www.zomato.com/mumbai/lazeez-family-restaurant-3-kandivali-west,869325430e11b7864dd3e547bd9df58cce666ee4,Lazeez Family Restaurant,"
Shop Number 1, New Link Rd, opposite Lalji Pada Police Chowky, Kandivali, Bhut Nagar, Kandivali West, Mumbai, Maharashtra 400067","https://www.google.com/maps/place/Lazeez+Family+Restaurant/@19.202536,72.8312964,17z/data=!3m1!4b1!4m6!3m5!1s0x3be7b7313ad6e75f:0xd6e59785ffb75257!8m2!3d19.202536!4d72.8338713!16s%2Fg%2F11g1_gvcj9?entry=ttu&g_ep=EgoyMDI2MDMxOC4xIKXMDSoASAFQAw%3D%3D",True,False,0x3be7b7313ad6e75f:0xd6e59785ffb75257,Lazeez Family Restaurant,https://www.zomato.com/mumbai/lazeez-family-restaurant-3-kandivali-west,869325430e11b7864dd3e547bd9df58cce666ee4,"Opposite Laji Pada Police Chowky, New Link Road, Gandhi Nagar, Kandivali West, Mumbai",,,,,False,"Lazeez Family Restaurant, Opposite Laji Pada Police Chowky, New Link Road, Gandhi Nagar, Kandivali West, Mumbai"
"3124, 9/3A, Shop-1, Chandrama Sadan, Singh Estate X Road-3, Samta Nagar Kandivali East, Mumbai",https://www.zomato.com/mumbai/pizza-by-slice-4-kandivali-east,bee4e4bd0976c2dea4f2b339e052fc04fbdeaec6,Pizza By Slice,"
3, Samta Nagar Rd, Kandivali, Samata Nagar, Singh Agri Estate, Kandivali East, Mumbai, Maharashtra 400101","https://www.google.com/maps/place/Pizza+By+Slice/@19.2061102,72.8585802,16z/data=!4m10!1m2!2m1!1sPizza+By+Slice+3124,+9%2F3A,+Shop-1,+Chandrama+Sadan,+Singh+Estate+X+Road-3,+Samta+Nagar+Kandivali+East,+Mumbai!3m6!1s0x3be7b7398ed19161:0xc5128abd13a09eb9!8m2!3d19.2061102!4d72.8675924!15sCm1QaXp6YSBCeSBTbGljZSAzMTI0LCA5LzNBLCBTaG9wLTEsIENoYW5kcmFtYSBTYWRhbiwgU2luZ2ggRXN0YXRlIFggUm9hZC0zLCBTYW10YSBOYWdhciBLYW5kaXZhbGkgRWFzdCwgTXVtYmFpkgEKcmVzdGF1cmFudOABAA!16s%2Fg%2F11y1q_t3cf?entry=ttu&g_ep=EgoyMDI2MDMxOC4xIKXMDSoASAFQAw%3D%3D",True,False,0x3be7b7398ed19161:0xc5128abd13a09eb9,Pizza By Slice,https://www.zomato.com/mumbai/pizza-by-slice-4-kandivali-east,bee4e4bd0976c2dea4f2b339e052fc04fbdeaec6,"3124, 9/3A, Shop-1, Chandrama Sadan, Singh Estate X Road-3, Samta Nagar Kandivali East, Mumbai",19.2061102,72.86759239999999,,,False,"Pizza By Slice, 3124, 9/3A, Shop-1, Chandrama Sadan, Singh Estate X Road-3, Samta Nagar Kandivali East, Mumbai"
"Shop 4, Balda Bhawan, Phatak Road, 90 Feet Corner, Bhayandar, Mumbai",https://www.zomato.com/mumbai/shetty-brothers-bhayandar,2243f322ca47ffac68292120551b8ff90106c594,Shetty brothers,"
60feet 90feet corners, Balda Bhavan, Phatak Rd, near Maharaj sweet, Bhayandar, Geeta Nagar, Bhayandar West, Mira Bhayandar, Maharashtra 401101","https://www.google.com/maps/place/Shetty+brothers/@19.2989592,72.8494857,17z/data=!3m1!4b1!4m6!3m5!1s0x3be7b1cc68884343:0x92e8d98e14c563d0!8m2!3d19.2989592!4d72.8520606!16s%2Fg%2F11s5pcmqs2?entry=ttu&g_ep=EgoyMDI2MDMxOC4xIKXMDSoASAFQAw%3D%3D",True,False,0x3be7b1cc68884343:0x92e8d98e14c563d0,Shetty Brothers,https://www.zomato.com/mumbai/shetty-brothers-bhayandar,2243f322ca47ffac68292120551b8ff90106c594,"Shop 4, Balda Bhawan, Phatak Road, 90 Feet Corner, Bhayandar, Mumbai",19.2989592,72.8520606,,,False,"Shetty Brothers, Shop 4, Balda Bhawan, Phatak Road, 90 Feet Corner, Bhayandar, Mumbai"
"Plot 37, Shop 1, Mayuresh Cosmos, Sector 11, CBD-Belapur, Navi Mumbai",https://www.zomato.com/mumbai/aces-pizza-1-cbd-belapur-navi-mumbai,8344ee0f264c4f3cdfbe8aff57337e5a5300ce8e,Aces pizza,"
Shop no 01 plot no 37 mayuresh cosmos premises chs Ltd, Sector 11, CBD Belapur, Navi Mumbai, Maharashtra 400614","https://www.google.com/maps/place/Aces+pizza/@19.0164506,73.0387985,17z/data=!3m1!4b1!4m6!3m5!1s0x3be7c3ea60a9dcb3:0xd9b78ae874b7bd2f!8m2!3d19.0164506!4d73.0413734!16s%2Fg%2F11j8tn75b4?entry=ttu&g_ep=EgoyMDI2MDMxOC4xIKXMDSoASAFQAw%3D%3D",True,False,0x3be7c3ea60a9dcb3:0xd9b78ae874b7bd2f,,,,,,,,,,
"Floor 2, Food Court, Maxus Mall, Near Flyover, Bhayandar, Mumbai",https://www.zomato.com/mumbai/pizzass-bhayandar,569cadd2d53a34d77fee5e600db34c71b39230b5,Maxus Food Court,"
7RWX+9CC, Bhayandar, Padmavati Nagar, Bhayandar West, Mira Bhayandar, Maharashtra 401101","https://www.google.com/maps/place/Maxus+Food+Court/@19.2959346,72.7764328,13z/data=!4m10!1m2!2m1!1sPizzass+Floor+2,+Food+Court,+Maxus+Mall,+Near+Flyover,+Bhayandar,+Mumbai!3m6!1s0x3be7b1cc62646d2f:0x284732424bdfad57!8m2!3d19.2959346!4d72.8485306!15sCkhQaXp6YXNzIEZsb29yIDIsIEZvb2QgQ291cnQsIE1heHVzIE1hbGwsIE5lYXIgRmx5b3ZlciwgQmhheWFuZGFyLCBNdW1iYWlaRSJDcGl6emFzcyBmbG9vciAyIGZvb2QgY291cnQgbWF4dXMgbWFsbCBuZWFyIGZseW92ZXIgYmhheWFuZGFyIG11bWJhaZIBCmZvb2RfY291cnSaAURDaTlEUVVsUlFVTnZaRU5vZEhsalJqbHZUMnhhV21OdE1IcFhSR3haVWpCT2JGSXdiSFpqUjBrelpWaEZORmxyUlJBQuABAPoBBAgAEDU!16s%2Fg%2F11g9k2jbt4?entry=ttu&g_ep=EgoyMDI2MDMxOC4xIKXMDSoASAFQAw%3D%3D",False,False,0x3be7b1cc62646d2f:0x284732424bdfad57,Pizzass,https://www.zomato.com/mumbai/pizzass-bhayandar,569cadd2d53a34d77fee5e600db34c71b39230b5,"Floor 2, Food Court, Maxus Mall, Near Flyover, Bhayandar, Mumbai",19.2950804,72.8498559,,,False,"Pizzass, Floor 2, Food Court, Maxus Mall, Near Flyover, Bhayandar, Mumbai"
"Shop 13, Gokul Park Society, Manav Mandir, Lane 2, 60 feet Road, Next to Bharat Chana Bhandar, Vasai, Mumbai",https://www.zomato.com/mumbai/bhukkad-mafia-vasai,019708bcccae05177bd558d543a3ebc9407941c5,Bhukkad_Mafia,"
60 Feet Rd, Samta Nagar, Hari Om Nagar, Navghar, Vasai West, Vasai-Virar, Maharashtra 401202","https://www.google.com/maps/place/Bhukkad_Mafia/@19.3828595,72.8220113,17z/data=!3m1!4b1!4m6!3m5!1s0x3be7af1e8e5936c5:0xcf7a3e52514f6ad2!8m2!3d19.3828595!4d72.8245862!16s%2Fg%2F11lkgs3pzz?entry=ttu&g_ep=EgoyMDI2MDMxOC4xIKXMDSoASAFQAw%3D%3D",False,False,0x3be7af1e8e5936c5:0xcf7a3e52514f6ad2,Bhukkad Mafia,https://www.zomato.com/mumbai/bhukkad-mafia-vasai,019708bcccae05177bd558d543a3ebc9407941c5,"Shop 13, Gokul Park Society, Manav Mandir, Lane 2, 60 feet Road, Next to Bharat Chana Bhandar, Vasai, Mumbai",19.3828595,72.8245862,,,False,"Bhukkad Mafia, Shop 13, Gokul Park Society, Manav Mandir, Lane 2, 60 feet Road, Next to Bharat Chana Bhandar, Vasai, Mumbai"
"Shop 1, Sugee Sadan CHS, Gokhle Road, Dadar West, Mumbai",https://www.zomato.com/mumbai/the-urban-platter-store-dadar-west,b7cd801daab50dd13501c9318bb5f494de75d172,The Urban Platter Store | Gourmet Grocery Store | Supermarket in Dadar,"
Shop no 1, Sugee Sadan CHS, South, Baburao Parulekar Marg, off Gokhale Road, Dadar West, Dadar, Mumbai, Maharashtra 400028","https://www.google.com/maps/place/The+Urban+Platter+Store+%7C+Gourmet+Grocery+Store+%7C+Supermarket+in+Dadar/@19.0164939,72.830865,17z/data=!4m10!1m2!2m1!1sThe+Urban+Platter+Store+Shop+1,+Sugee+Sadan+CHS,+Gokhle+Road,+Dadar+West,+Mumbai!3m6!1s0x3be7cfc7e5ca44cf:0x1aec51919777d811!8m2!3d19.0164939!4d72.8353711!15sClFUaGUgVXJiYW4gUGxhdHRlciBTdG9yZSBTaG9wIDEsIFN1Z2VlIFNhZGFuIENIUywgR29raGFsZSBSb2FkLCBEYWRhciBXZXN0LCBNdW1iYWlaTyJNdGhlIHVyYmFuIHBsYXR0ZXIgc3RvcmUgc2hvcCAxIHN1Z2VlIHNhZGFuIGNocyBnb2toYWxlIHJvYWQgZGFkYXIgd2VzdCBtdW1iYWmSARVnb3VybWV0X2dyb2Nlcnlfc3RvcmXgAQA!16s%2Fg%2F11t507xy01?entry=ttu&g_ep=EgoyMDI2MDMxOC4xIKXMDSoASAFQAw%3D%3D",True,False,0x3be7cfc7e5ca44cf:0x1aec51919777d811,,,,,,,,,,
"Shop-24, Plot 78, 80, Sai Vihar CHS, Sector-15, Near Amity international School, CBD-Belapur, Navi Mumbai",https://www.zomato.com/mumbai/aurum-krave-cbd-belapur-navi-mumbai,6848e1c4c39dbb91ce02244ad06deb4f0624886d,AurumKrave,"
Shop no.24, Sai Vihar CHS, Plot No. 78-80, Sector 15, CBD Belapur, Navi Mumbai, Maharashtra 400614","https://www.google.com/maps/place/AurumKrave/@19.0085209,73.0346825,17z/data=!3m1!4b1!4m6!3m5!1s0x3be7c3e9876e1f5f:0x6cd8d9eac8126785!8m2!3d19.0085209!4d73.0372574!16s%2Fg%2F11yqs43ltx?entry=ttu&g_ep=EgoyMDI2MDMxOC4xIKXMDSoASAFQAw%3D%3D",False,False,0x3be7c3e9876e1f5f:0x6cd8d9eac8126785,,,,,,,,,,
"Martin Commercial Complex, Link Arcade, Achole Road, Nalasopara, Mumbai",https://www.zomato.com/mumbai/hotel-lake-side-1-nalasopara,abb8e315a128debf8f47a0f1d6b3a19a3f93d9a0,Bikaner Sweets and Namkeen,"
Shop Number 7B Tania Regency, Nalasopara - Vasai Link Rd, opposite Matin Complex, Nalasopara East, Maharashtra 401209","https://www.google.com/maps/place/Bikaner+Sweets+and+Namkeen/@19.4099746,72.8238694,17z/data=!4m14!1m7!3m6!1s0x3be7a949cfc7ffeb:0x3092fd29b90545cb!2sLakeside!8m2!3d19.4099746!4d72.8264443!16s%2Fg%2F1hhxj8kj3!3m5!1s0x3be7a90bf510b1a7:0x32077704d5277c71!8m2!3d19.410139!4d72.8261067!16s%2Fg%2F11szcnbzyf?entry=ttu&g_ep=EgoyMDI2MDMxOC4xIKXMDSoASAFQAw%3D%3D",False,False,0x3be7a949cfc7ffeb:0x3092fd29b90545cb,Hotel Lake Side,https://www.zomato.com/mumbai/hotel-lake-side-1-nalasopara,abb8e315a128debf8f47a0f1d6b3a19a3f93d9a0,"Martin Commercial Complex, Link Arcade, Achole Road, Nalasopara, Mumbai",19.4099746,72.82644429999999,,,False,"Hotel Lake Side, Martin Commercial Complex, Link Arcade, Achole Road, Nalasopara, Mumbai"
"B-2, Plot 826-A, 2nd Floor, Orbit Eternia, N.M. Joshi Marg, Opposite Deepak Cinema, Lower Parel, Mumbai",https://www.zomato.com/mumbai/popular-lower-parel,d67c57c7b4af1c2a582d7e2252cd659844595aab,Popular Sandwiches & More,"
Shop No. 2, Orbit Eternia, NM Joshi Marg, opp. Deepak Cinema, Lower Parel West, Lower Parel, Mumbai, Maharashtra 400013","https://www.google.com/maps/place/Popular+Sandwiches+%26+More/@19.0056474,72.7589016,13z/data=!4m10!1m2!2m1!1sPopular+B-2,+Plot+826-A,+2nd+Floor,+Orbit+Eternia,+N.M.+Joshi+Marg,+Opposite+Deepak+Cinema,+Lower+Parel,+Mumbai!3m6!1s0x3be7ceec8098a243:0x964efa57f7c65995!8m2!3d19.0056474!4d72.8309994!15sCm9Qb3B1bGFyIEItMiwgUGxvdCA4MjYtQSwgMm5kIEZsb29yLCBPcmJpdCBFdGVybmlhLCBOLk0uIEpvc2hpIE1hcmcsIE9wcG9zaXRlIERlZXBhayBDaW5lbWEsIExvd2VyIFBhcmVsLCBNdW1iYWlaaCJmcG9wdWxhciBiIDIgcGxvdCA4MjYgYSAybmQgZmxvb3Igb3JiaXQgZXRlcm5pYSBubSBqb3NoaSBtYXJnIG9wcG9zaXRlIGRlZXBhayBjaW5lbWEgbG93ZXIgcGFyZWwgbXVtYmFpkgEUZmFzdF9mb29kX3Jlc3RhdXJhbnTgAQA!16s%2Fg%2F124ynnwb7?entry=ttu&g_ep=EgoyMDI2MDMxOC4xIKXMDSoASAFQAw%3D%3D",True,False,0x3be7ceec8098a243:0x964efa57f7c65995,,,,,,,,,,
"House 786, Ground Floor, Gate 313/A/3 & 14/A/2, Shirdon Village, Near Sangurli Bus Stop, Old Panvel, Navi Mumbai",https://www.zomato.com/mumbai/the-village-1-old-panvel-navi-mumbai,1f970e8d2d198760f31b24290f606f38fc9d0a57,Shirdhon,,"https://www.google.com/maps/place/Shirdhon,+Maharashtra/@18.9214291,73.131365,13z/data=!3m1!4b1!4m10!1m2!2m1!1sThe+Village+House+786,+Ground+Floor,+Gate+313%2FA%2F3+%26+14%2FA%2F2,+Shirdon+Village,+Near+Sangurli+Bus+Stop,+Old+Panvel,+Navi+Mumbai!3m6!1s0x3be7e6531e5c525f:0xf382cd41483b83ab!8m2!3d18.9342011!4d73.1379109!15sCnxUaGUgVmlsbGFnZSBIb3VzZSA3ODYsIEdyb3VuZCBGbG9vciwgR2F0ZSAzMTMvQS8zICYgMTQvQS8yLCBTaGlyZG9uIFZpbGxhZ2UsIE5lYXIgU2FuZ3VybGkgQnVzIFN0b3AsIE9sZCBQYW52ZWwsIE5hdmkgTXVtYmFpkgEIbG9jYWxpdHngAQA!16s%2Fg%2F11b81xk74k?entry=ttu&g_ep=EgoyMDI2MDMxOC4xIKXMDSoASAFQAw%3D%3D",False,False,0x3be7e6531e5c525f:0xf382cd41483b83ab,The Village,https://www.zomato.com/mumbai/the-village-1-old-panvel-navi-mumbai,1f970e8d2d198760f31b24290f606f38fc9d0a57,"House 786, Ground Floor, Gate 313/A/3 & 14/A/2, Shirdon Village, Near Sangurli Bus Stop, Old Panvel, Navi Mumbai",18.9342011,73.1379109,,,False,"The Village, House 786, Ground Floor, Gate 313/A/3 & 14/A/2, Shirdon Village, Near Sangurli Bus Stop, Old Panvel, Navi Mumbai"
"Kapurbawdi Naka, Majiwada, Thane West, Thane",https://www.zomato.com/mumbai/mahadev-kripa-majiwada-thane-west,9df740514bbee616a81c409c307055438ed68eb5,Hotel Mahadev Kripa & Banquet Hall,"
Pinak Galaxy Big Bazaar, Cinemax Wonder Mall, opp. Lake City Mall, near Cine, Manoramanagar, Kapur wadi, Thane West, Mumbai, Thane, Maharashtra 400607","https://www.google.com/maps/place/Hotel+Mahadev+Kripa+%26+Banquet+Hall/@19.2191502,72.974292,17z/data=!4m10!1m2!2m1!1sMahadev+Kripa+Kapurbawdi+Naka,+Majiwada,+Thane+West,+Thane!3m6!1s0x3be7b945aef82dcd:0x66f0f8c0338bc95!8m2!3d19.2178356!4d72.9787916!15sCjpNYWhhZGV2IEtyaXBhIEthcHVyYmF3ZGkgTmFrYSwgTWFqaXdhZGEsIFRoYW5lIFdlc3QsIFRoYW5lWjkiN21haGFkZXYga3JpcGEga2FwdXJiYXdkaSBuYWthIG1haml3YWRhIHRoYW5lIHdlc3QgdGhhbmWSARdzb3V0aF9pbmRpYW5fcmVzdGF1cmFudOABAA!16s%2Fg%2F1hfg8ygm4?entry=ttu&g_ep=EgoyMDI2MDMxOC4xIKXMDSoASAFQAw%3D%3D",True,False,0x3be7b945aef82dcd:0x66f0f8c0338bc95,Mahadev Kripa,https://www.zomato.com/mumbai/mahadev-kripa-majiwada-thane-west,9df740514bbee616a81c409c307055438ed68eb5,"Kapurbawdi Naka, Majiwada, Thane West, Thane",19.2178356,72.9787916,,,False,"Mahadev Kripa, Kapurbawdi Naka, Majiwada, Thane West, Thane"
"Near Om BVM Multiplex, Chendre, Mumbai Beach, Mumbai, Mumbai, Alibag Beach, Alibag",https://www.zomato.com/mumbai/rasraj-alibag-beach,34ab01130840349bdd4fedfb4090f83af6aa0063,Hotel rasraj,"
Prabhakar Patil Nagar, PNP Nagar, Chendhare, Maharashtra 402201","https://www.google.com/maps/place/Hotel+rasraj/@18.6506961,72.8715564,17z/data=!3m1!4b1!4m6!3m5!1s0x3be87a3fce78ce5b:0x607af5a799ffc!8m2!3d18.6506961!4d72.8741313!16s%2Fg%2F11c57yjmvc?entry=ttu&g_ep=EgoyMDI2MDMxOC4xIKXMDSoASAFQAw%3D%3D",True,False,0x3be87a3fce78ce5b:0x607af5a799ffc,Rasraj,https://www.zomato.com/mumbai/rasraj-alibag-beach,34ab01130840349bdd4fedfb4090f83af6aa0063,"Near Om BVM Multiplex, Chendre, Mumbai Beach, Mumbai, Mumbai, Alibag Beach, Alibag",18.6506961,72.8741313,,,False,"Rasraj, Near Om BVM Multiplex, Chendre, Mumbai Beach, Mumbai, Mumbai, Alibag Beach, Alibag"
"H993, Bori Wadi Cross, Near G.G.C Collage, Vasai, Mumbai",https://www.zomato.com/mumbai/uptown-food-shack-vasai,34404d6132aecb45531dec70ba3535c1db012aab,Uptown food Shack,"
Nanthi-Malungi-Inodi Rd, Vasai West, Vasai-Virar, Mulgaon, Maharashtra 401201","https://www.google.com/maps/place/Uptown+food+Shack/@19.341836,72.8078221,17z/data=!3m1!4b1!4m6!3m5!1s0x3be7ae76ea47b04d:0x1e77f0cfe92ff923!8m2!3d19.341836!4d72.810397!16s%2Fg%2F11bxc6lb6z?entry=ttu&g_ep=EgoyMDI2MDMxOC4xIKXMDSoASAFQAw%3D%3D",True,False,0x3be7ae76ea47b04d:0x1e77f0cfe92ff923,Uptown Food Shack,https://www.zomato.com/mumbai/uptown-food-shack-vasai,34404d6132aecb45531dec70ba3535c1db012aab,"H993, Bori Wadi Cross, Near G.G.C Collage, Vasai, Mumbai",,,,,False,"Uptown Food Shack, H993, Bori Wadi Cross, Near G.G.C Collage, Vasai, Mumbai"
"3, 320, Ground Floor, Irani Chawl, Ward G/S, Ganpatrao Kadam Marg, Delisle Road, Lower Parel, Mumbai",https://www.zomato.com/mumbai/zorko-brand-of-food-lovers-lower-parel,f291f6efed4aa6cde3b10aafe56d6c7bd09c8c85,ZORKO Brand of Food Lovers,"
SHOP NO. - FLOOR-GRD,320-(3-3A), IRANI CHAWL, GANPATRAO KADAM MARG, DELISLE ROAD, MUMBAl, Lower Parel, Mumbai, Maharashtra 400031","https://www.google.com/maps/place/ZORKO+Brand+of+Food+Lovers/@18.998491,72.8052846,15z/data=!4m10!1m2!2m1!1sZorko+-+Brand+Of+Food+Lovers+3,+320,+Ground+Floor,+Irani+Chawl,+Ward+G%2FS,+Ganpatrao+Kadam+Marg,+Delisle+Road,+Lower+Parel,+Mumbai!3m6!1s0x3be7cf4b94749473:0x8f9bc48698978018!8m2!3d18.998491!4d72.823309!15sCoEBWm9ya28gLSBCcmFuZCBPZiBGb29kIExvdmVycyAzLCAzMjAsIEdyb3VuZCBGbG9vciwgSXJhbmkgQ2hhd2wsIFdhcmQgRy9TLCBHYW5wYXRyYW8gS2FkYW0gTWFyZywgRGVsaXNsZSBSb2FkLCBMb3dlciBQYXJlbCwgTXVtYmFpWnkid3pvcmtvIGJyYW5kIG9mIGZvb2QgbG92ZXJzIDMgMzIwIGdyb3VuZCBmbG9vciBpcmFuaSBjaGF3bCB3YXJkIGcgcyBnYW5wYXRyYW8ga2FkYW0gbWFyZyBkZWxpc2xlIHJvYWQgbG93ZXIgcGFyZWwgbXVtYmFpkgEEY2FmZeABAA!16s%2Fg%2F11yffrw71l?entry=ttu&g_ep=EgoyMDI2MDMxOC4xIKXMDSoASAFQAw%3D%3D",False,False,0x3be7cf4b94749473:0x8f9bc48698978018,Zorko - Brand Of Food Lovers,https://www.zomato.com/mumbai/zorko-brand-of-food-lovers-lower-parel,f291f6efed4aa6cde3b10aafe56d6c7bd09c8c85,"3, 320, Ground Floor, Irani Chawl, Ward G/S, Ganpatrao Kadam Marg, Delisle Road, Lower Parel, Mumbai",18.998491,72.823309,,,False,"Zorko - Brand Of Food Lovers, 3, 320, Ground Floor, Irani Chawl, Ward G/S, Ganpatrao Kadam Marg, Delisle Road, Lower Parel, Mumbai"
"Shop 10, Himaanshu Residency, MCF Udyan Marg, Ward R/C, Borivali West, Mumbai",https://www.zomato.com/mumbai/yoko-sizzlers-1-borivali-west,7bb8f4deeb522b02212a5d555c663b87876b6186,YOKO SIZZLERS PURE VEG,"
Shop no. 10, Himanshu Apartment, Sodawala Ln, Himmat Nagar, Borivali West, Mumbai, Maharashtra 400092","https://www.google.com/maps/place/YOKO+SIZZLERS+PURE+VEG/@19.2344947,72.8508423,17z/data=!3m1!4b1!4m6!3m5!1s0x3be7b1002daba145:0x61511000aa3d5e5!8m2!3d19.2344947!4d72.8534172!16s%2Fg%2F11xtxl67lq?entry=ttu&g_ep=EgoyMDI2MDMxOC4xIKXMDSoASAFQAw%3D%3D",True,False,0x3be7b1002daba145:0x61511000aa3d5e5,Yoko Sizzlers,https://www.zomato.com/mumbai/yoko-sizzlers-1-borivali-west,7bb8f4deeb522b02212a5d555c663b87876b6186,"Shop 10, Himaanshu Residency, MCF Udyan Marg, Ward R/C, Borivali West, Mumbai",19.2344947,72.8534172,,,False,"Yoko Sizzlers, Shop 10, Himaanshu Residency, MCF Udyan Marg, Ward R/C, Borivali West, Mumbai"
"78A, Pali Naka, Dr Ambedkar Road, Pali Hill, Bandra West, Mumbai",https://www.zomato.com/mumbai/janata-lunch-home-pali-hill-bandra-west,d5347d0830febf0dda3905b8d128b50b952ac4f4,Marvie Ann Beck Academy of Makeup | Best Makeup Academy in Mumbai for Professional Training,"
Ground Floor, Marvie Ann Beck Academy of Makeup/ hair /bridal studio, Priyadarshini Co-op Society, No.10, 12th Rd, next to URECO, Khar, Khar West, Mumbai, Maharashtra 400052","https://www.google.com/maps/place/Marvie+Ann+Beck+Academy+of+Makeup+%7C+Best+Makeup+Academy+in+Mumbai+for+Professional+Training/@19.0690562,72.8317825,17z/data=!4m14!1m7!3m6!1s0x3be7c9149f41a6bb:0x74665fccd70273bc!2sJanata+Bar+And+Restaurant!8m2!3d19.0631483!4d72.8295448!16s%2Fg%2F1tg_dj11!3m5!1s0x3be7c9169758c313:0xf22f885b8fb6836c!8m2!3d19.0690562!4d72.8343574!16s%2Fg%2F11g__hz_m?entry=ttu&g_ep=EgoyMDI2MDMxOC4xIKXMDSoASAFQAw%3D%3D",False,False,0x3be7c9149f41a6bb:0x74665fccd70273bc,,,,,,,,,,
"2, 3, Plot 6/7, Sai Pooja Apartment, Near Airoli Mulund Bridge, Sector 9, Airoli, Navi Mumbai",https://www.zomato.com/mumbai/vijaya-restaurant-bar-1-airoli-navi-mumbai,ddf2e90160a3f79378f3b16c1b31af5d9a4ed2ad,Vijaya Fine Dine & Bar,"
Shop No: 1,2,3, Sai Pooja Apartment, opp. Dr Ambedkar bhavan, Apt, Sector 9, Airoli, Navi Mumbai, Maharashtra 400708","https://www.google.com/maps/place/Vijaya+Fine+Dine+%26+Bar/@19.1487599,72.9879305,17z/data=!3m2!4b1!5s0x3be7b8ac8c75ed7f:0x4e865be15bb6a0c9!4m6!3m5!1s0x3be7b8ac921ad97b:0xb61760e598c816c2!8m2!3d19.1487599!4d72.9905054!16s%2Fg%2F11c6qhp2st?entry=ttu&g_ep=EgoyMDI2MDMxOC4xIKXMDSoASAFQAw%3D%3D",False,False,0x3be7b8ac8c75ed7f:0x4e865be15bb6a0c9,,,,,,,,,,
"A3, Sundeep Apartments, Vakola, Ward H/E, Yashwant Nagar Road, Santacruz East, Mumbai",https://www.zomato.com/mumbai/kokanraj-2-santacruz-east,dc5776e617fc77bc0bbdfb5ea88c2fea5a54a8b3,Nav Swapna CHS,"
1, Santacruz – Chembur Link Rd, Kolivery Village, Yashwant Nagar, Vakola, Santacruz East, Mumbai, Maharashtra 400098","https://www.google.com/maps/place/Nav+Swapna+CHS/@19.0750576,72.8413092,15z/data=!4m10!1m2!2m1!1sKokanraj+A3,+Sundeep+Apartments,+Vakola,+Ward+H%2FE,+Yashwant+Nagar+Road,+Santacruz+East,+Mumbai!3m6!1s0x3be7c8fb171ddfa9:0x3e2fae80f4f361e8!8m2!3d19.0750576!4d72.8593336!15sCl5Lb2thbnJhaiBBMywgU3VuZGVlcCBBcGFydG1lbnRzLCBWYWtvbGEsIFdhcmQgSC9FLCBZYXNod2FudCBOYWdhciBSb2FkLCBTYW50YWNydXogRWFzdCwgTXVtYmFpkgESYXBhcnRtZW50X2J1aWxkaW5n4AEA!16s%2Fg%2F1thp_5gg?entry=ttu&g_ep=EgoyMDI2MDMxOC4xIKXMDSoASAFQAw%3D%3D",False,False,0x3be7c8fb171ddfa9:0x3e2fae80f4f361e8,Kokanraj,https://www.zomato.com/mumbai/kokanraj-2-santacruz-east,dc5776e617fc77bc0bbdfb5ea88c2fea5a54a8b3,"A3, Sundeep Apartments, Vakola, Ward H/E, Yashwant Nagar Road, Santacruz East, Mumbai",19.0750576,72.8593336,,,False,"Kokanraj, A3, Sundeep Apartments, Vakola, Ward H/E, Yashwant Nagar Road, Santacruz East, Mumbai"
"Shop 2, Plot 194, Ground Floor, Narendra Bhavan, Station Road, Wadala, Mumbai",https://www.zomato.com/mumbai/harbour-31-cafe-and-bistro-wadala,a4c07371f20d514070ae81b35e3592750c1bcafa,Harbour 31 Cafe and Bistro,"
Shop no 2 / 194, Narendra Bhavan building, David S Barretto Rd, Wadala West, Wadala, Mumbai, Maharashtra 400031","https://www.google.com/maps/place/Harbour+31+Cafe+and+Bistro/@19.0179791,72.8546032,17z/data=!3m1!4b1!4m6!3m5!1s0x3be7cfc472a7ac13:0xf3e6c6136eeed290!8m2!3d19.0179791!4d72.8571781!16s%2Fg%2F11yf34j4tl?entry=ttu&g_ep=EgoyMDI2MDMxOC4xIKXMDSoASAFQAw%3D%3D",True,False,0x3be7cfc472a7ac13:0xf3e6c6136eeed290,Harbour 31 Cafe And Bistro,https://www.zomato.com/mumbai/harbour-31-cafe-and-bistro-wadala,a4c07371f20d514070ae81b35e3592750c1bcafa,"Shop 2, Plot 194, Ground Floor, Narendra Bhavan, Station Road, Wadala, Mumbai",19.0179791,72.8571781,,,False,"Harbour 31 Cafe And Bistro, Shop 2, Plot 194, Ground Floor, Narendra Bhavan, Station Road, Wadala, Mumbai"
"Shop 9, Plot 3, Mangalmurti Tower, Khanda Colony, Sector 11, New Panvel, Navi Mumbai",https://www.zomato.com/mumbai/rajeshahi-the-rich-food-new-panvel-navi-mumbai,2bf87703c638b01427611920471e282d3f4fcc1a,Rajeshahi Restaurant,"
Sector 11, Khanda Colony, Panvel, Maharashtra 410206","https://www.google.com/maps/place/Rajeshahi+Restaurant/@19.0016599,73.1092749,17z/data=!3m1!4b1!4m6!3m5!1s0x3be7e8478f1baf23:0x57b30726c75b83b1!8m2!3d19.0016599!4d73.1118498!16s%2Fg%2F11gdsf25rq?entry=ttu&g_ep=EgoyMDI2MDMxOC4xIKXMDSoASAFQAw%3D%3D",False,False,0x3be7e8478f1baf23:0x57b30726c75b83b1,Rajeshahi - The Rich Food,https://www.zomato.com/mumbai/rajeshahi-the-rich-food-new-panvel-navi-mumbai,2bf87703c638b01427611920471e282d3f4fcc1a,"Shop 9, Plot 3, Mangalmurti Tower, Khanda Colony, Sector 11, New Panvel, Navi Mumbai",19.0016599,73.1118498,,,False,"Rajeshahi - The Rich Food, Shop 9, Plot 3, Mangalmurti Tower, Khanda Colony, Sector 11, New Panvel, Navi Mumbai"
"4, 1 Floor, East Wing, Ashok Steel Chain Building, Amar Breass Compound, Kalina, Santacruz East, Mumbai",https://www.zomato.com/mumbai/mahesh-fine-dining-santacruz-east,c5a931817c6a3ddce72d3758f1bd1d9b5e341aec,Hotel Mahesh Annexe,"
Ashok Steel Bldg, Amar Industrial Estate, 1st Floor, East Wing, CST Road, above ICICI bank, opp. Hare Krishna Restaurant, Kalina, Santacruz East, Mumbai, Maharashtra 400098","https://www.google.com/maps/place/Hotel+Mahesh+Annexe/@19.0718975,72.8478697,15z/data=!3m1!5s0x3be7c8efd186da15:0x4a3cf1a2339615d0!4m10!1m2!2m1!1sMahesh+Fine+Dining+4,+1+Floor,+East+Wing,+Ashok+Steel+Chain+Building,+Amar+Breass+Compound,+Kalina,+Santacruz+East,+Mumbai!3m6!1s0x3be7c9554ed33dcd:0x59e9a4e62a59e694!8m2!3d19.0718975!4d72.8658941!15sCnlNYWhlc2ggRmluZSBEaW5pbmcgNCwgMSBGbG9vciwgRWFzdCBXaW5nLCBBc2hvayBTdGVlbCBDaGFpbiBCdWlsZGluZywgQW1hciBCcmFzcyBDb21wb3VuZCwgS2FsaW5hLCBTYW50YWNydXogRWFzdCwgTXVtYmFpWnQicm1haGVzaCBmaW5lIGRpbmluZyA0IDEgZmxvb3IgZWFzdCB3aW5nIGFzaG9rIHN0ZWVsIGNoYWluIGJ1aWxkaW5nIGFtYXIgYnJhc3MgY29tcG91bmQga2FsaW5hIHNhbnRhY3J1eiBlYXN0IG11bWJhaZIBCnJlc3RhdXJhbnTgAQA!16s%2Fg%2F11k9nbw7mq?entry=ttu&g_ep=EgoyMDI2MDMxOC4xIKXMDSoASAFQAw%3D%3D",False,False,0x3be7c8efd186da15:0x4a3cf1a2339615d0,,,,,,,,,,
"4, Meera CHS, Opposite Windsor Grande Residences, Oshiwara, Andheri West, Mumbai",https://www.zomato.com/mumbai/icekraft-oshiwara,847c439a2794bb35763833468f9dfd1a9dd3577a,Windsor Grande Residences,"
Andheri Link Road, next to Mega Mall, Extension, Andheri (West, Mumbai, Maharashtra 400102","https://www.google.com/maps/place/Windsor+Grande+Residences/@19.1522614,72.6884999,12z/data=!4m10!1m2!2m1!1sIcekraft+4,+Meera+CHS,+Opposite+Windsor+Grande+Residences,+Oshiwara,+Andheri+West,+Mumbai!3m6!1s0x3be7b640c578621b:0xc190a52eb0793086!8m2!3d19.1522614!4d72.8326955!15sCllJY2VrcmFmdCA0LCBNZWVyYSBDSFMsIE9wcG9zaXRlIFdpbmRzb3IgR3JhbmRlIFJlc2lkZW5jZXMsIE9zaGl3YXJhLCBBbmRoZXJpIFdlc3QsIE11bWJhaSIDiAEBkgETY29uZG9taW5pdW1fY29tcGxleOABAA!16s%2Fg%2F11f3rg67j4?entry=ttu&g_ep=EgoyMDI2MDMxOC4xIKXMDSoASAFQAw%3D%3D",False,False,0x3be7b640c578621b:0xc190a52eb0793086,,,,,,,,,,
"03, Plot 1/377, Amar Kunj Swatantra Veer, Savarkar Marg, Dadar Shivaji Park, Mumbai",https://www.zomato.com/mumbai/dessert-cloud-dadar-shivaji-park,b3cad6ed83576a7c7a48e3c63aaac4373c198214,Dessert Cloud (Dadar),"
Shop Number 3, Amar Kunj, Old Cadel Rd, Dadar West, Dadar, Mumbai, Maharashtra 400028","https://www.google.com/maps/place/Dessert+Cloud+(Dadar)/@19.0258437,72.8332103,17z/data=!3m1!4b1!4m6!3m5!1s0x3be7cf6f2b0ded9b:0xbf9f9da82f9b45b1!8m2!3d19.0258437!4d72.8357852!16s%2Fg%2F11vzq073mc?entry=ttu&g_ep=EgoyMDI2MDMxOC4xIKXMDSoASAFQAw%3D%3D",True,False,0x3be7cf6f2b0ded9b:0xbf9f9da82f9b45b1,,,,,,,,,,
"195, A, B. Agarwal Estates, Kalina Kurla Road, Santacruz East, Mumbai",https://www.zomato.com/mumbai/lan-lan-restaurant-santacruz-east,9b8876e2ede5e3c4e9378fd6899d97eee8640001,lanlan restaurent,"
agarwal estates, 195 A -8, Kalina Kurla Rd, Jamlipada, Kunchi Kurve Nagar, Kalina, Santacruz East, Mumbai, Maharashtra 400029","https://www.google.com/maps/place/lanlan+restaurent/@19.078037,72.8637593,17z/data=!3m1!4b1!4m6!3m5!1s0x3be7c9cfbcc8a6ef:0xbcf4cf66bed5e309!8m2!3d19.078037!4d72.8663342!16s%2Fg%2F11rylktl10?entry=ttu&g_ep=EgoyMDI2MDMxOC4xIKXMDSoASAFQAw%3D%3D",False,False,0x3be7c9cfbcc8a6ef:0xbcf4cf66bed5e309,Lan Lan Restaurant,https://www.zomato.com/mumbai/lan-lan-restaurant-santacruz-east,9b8876e2ede5e3c4e9378fd6899d97eee8640001,"195, A, B. Agarwal Estates, Kalina Kurla Road, Santacruz East, Mumbai",19.078037,72.8663342,,,False,"Lan Lan Restaurant, 195, A, B. Agarwal Estates, Kalina Kurla Road, Santacruz East, Mumbai"
"Ground Floor, Lorven House, Opposite Magnet Mall, LBS Marg, Bhandup, Mumbai",https://www.zomato.com/mumbai/royal-symphony-bhandup,334275049d29fffe0a9d2f03f5f18a7423765171,Royal Symphony,"
Lal Bahadur Shastri Marg, opp. Magnet Mall, GKW Colony, Bhandup West, Mumbai, Maharashtra 400078","https://www.google.com/maps/place/Royal+Symphony/@19.1423095,72.9304244,17z/data=!3m1!4b1!4m6!3m5!1s0x3be7b97ee2152893:0xabb484522a247e6c!8m2!3d19.1423095!4d72.9329993!16s%2Fg%2F11rfbg5fb0?entry=ttu&g_ep=EgoyMDI2MDMxOC4xIKXMDSoASAFQAw%3D%3D",True,False,0x3be7b97ee2152893:0xabb484522a247e6c,Royal Symphony,https://www.zomato.com/mumbai/royal-symphony-bhandup,334275049d29fffe0a9d2f03f5f18a7423765171,"Ground Floor, Lorven House, Opposite Magnet Mall, LBS Marg, Bhandup, Mumbai",19.1423095,72.93299929999999,,,False,"Royal Symphony, Ground Floor, Lorven House, Opposite Magnet Mall, LBS Marg, Bhandup, Mumbai"
"Shop G/5/6/7, Plot 18, Sai Aaradhya, Sector 35F, Kharghar, Navi Mumbai",https://www.zomato.com/mumbai/udupi-xpress-2-kharghar-navi-mumbai,69e4b60586868c50629b151781a4dc73b09c0054,Udupi Xpress,"
Shop No 5,6,7, Sai Aaradhya, Sector 35F, Sector 35I, Kharghar, Panvel, Maharashtra 410210","https://www.google.com/maps/place/Udupi+Xpress/@19.0696133,73.0708116,17z/data=!3m1!4b1!4m6!3m5!1s0x3be7c164d25a3f73:0xb50a205e9a69d91e!8m2!3d19.0696133!4d73.0733865!16s%2Fg%2F11xl61wghf?entry=ttu&g_ep=EgoyMDI2MDMxOC4xIKXMDSoASAFQAw%3D%3D",True,False,0x3be7c164d25a3f73:0xb50a205e9a69d91e,Udupi Xpress,https://www.zomato.com/mumbai/udupi-xpress-2-kharghar-navi-mumbai,69e4b60586868c50629b151781a4dc73b09c0054,"Shop G/5/6/7, Plot 18, Sai Aaradhya, Sector 35F, Kharghar, Navi Mumbai",19.0696133,73.0733865,,,False,"Udupi Xpress, Shop G/5/6/7, Plot 18, Sai Aaradhya, Sector 35F, Kharghar, Navi Mumbai"
"Unit T 13, 14 & 15, 3rd Floor, Phoenix Mill Compound, Block 13 /14B, Palladium, Senapati Bapat Marg, Lower Parel, Mumbai",https://www.zomato.com/mumbai/the-good-food-cafe-by-natures-basket-lower-parel,e601d9033e2af7e55b84ca5d0b4b6cc55b4ae984,Food Square,"
Ground floor, Trade View Utopia City, 03, Pandurang Budhkar Marg, Worli, Mumbai, Maharashtra 400013","https://www.google.com/maps/place/Food+Square/@19.005885,72.8222259,17z/data=!4m9!1m2!2m1!1sThe+Good+Food+Cafe+By+Nature's+Basket+Unit+T+13,+14+%26+15,+3rd+Floor,+Phoenix+Mill+Compound,+Block+13+%2F14B,+Palladium,+Senapati+Bapat+Marg,+Lower+Parel,+Mumbai!3m5!1s0x3be7cf16310723c7:0xd1fc695f26d178e0!8m2!3d19.0058848!4d72.8267321!16s%2Fg%2F11w36sdsdc?entry=ttu&g_ep=EgoyMDI2MDMxOC4xIKXMDSoASAFQAw%3D%3D",False,False,0x3be7cf16310723c7:0xd1fc695f26d178e0,,,,,,,,,,
"Shop 1, Plot D-46, 47, 48, Belle Vistas Cooperative Housing Society, Sector 15, CBD-Belapur, Navi Mumbai",https://www.zomato.com/mumbai/magic-bites-cbd-belapur-navi-mumbai,38d8f6782febb6c0a291558067b5de0a1c1b4fdf,Magic Bites,"
Shop No. 1, Bella Vistas CHS Ltd, Plot 48, near Natural Icecream, Sector 15, CBD Belapur, Navi Mumbai, Maharashtra 400614","https://www.google.com/maps/place/Magic+Bites/@19.0067702,73.0308521,17z/data=!3m1!4b1!4m6!3m5!1s0x3be7c3e70c799b95:0xfe99669c330d1687!8m2!3d19.0067702!4d73.033427!16s%2Fg%2F11zj2pgmnx?entry=ttu&g_ep=EgoyMDI2MDMxOC4xIKXMDSoASAFQAw%3D%3D",True,False,0x3be7c3e70c799b95:0xfe99669c330d1687,Magic Bites,https://www.zomato.com/mumbai/magic-bites-cbd-belapur-navi-mumbai,38d8f6782febb6c0a291558067b5de0a1c1b4fdf,"Shop 1, Plot D-46, 47, 48, Belle Vistas Cooperative Housing Society, Sector 15, CBD-Belapur, Navi Mumbai",19.0067702,73.033427,,,False,"Magic Bites, Shop 1, Plot D-46, 47, 48, Belle Vistas Cooperative Housing Society, Sector 15, CBD-Belapur, Navi Mumbai"
"T1, Terminal 1C, Vile Parle East, Mumbai",https://www.zomato.com/mumbai/coco-cafe-by-cococart-vile-parle-east,a24d0cd1ecffab96883cca33e9c7f763d053dfca,Cococart & Cafe T1C Departure,"
Chhatrapati Shivaji Maharaj International Airport Mumbai, T1, Navpada, Area, Vile Parle, Mumbai, Maharashtra 400099","https://www.google.com/maps/place/Cococart+%26+Cafe+T1C+Departure/@19.0931403,72.838729,15z/data=!3m1!5s0x3be7c85a70ac2c77:0x43eed47986ad129a!4m10!1m2!2m1!1sCoco+Cafe+By+Cococart+T1,+Terminal+1C,+Vile+Parle+East,+Mumbai!3m6!1s0x3be7c9d68e066913:0x4578e384c6b1f60c!8m2!3d19.0931403!4d72.8567534!15sCj5Db2NvIENhZmUgQnkgQ29jb2NhcnQgVDEsIFRlcm1pbmFsIDFDLCBWaWxlIFBhcmxlIEVhc3QsIE11bWJhaVo9Ijtjb2NvIGNhZmUgYnkgY29jb2NhcnQgdDEgdGVybWluYWwgMWMgdmlsZSBwYXJsZSBlYXN0IG11bWJhaZIBDmNob2NvbGF0ZV9jYWZl4AEA!16s%2Fg%2F11tfz52d8t?entry=ttu&g_ep=EgoyMDI2MDMxOC4xIKXMDSoASAFQAw%3D%3D",False,False,0x3be7c85a70ac2c77:0x43eed47986ad129a,,,,,,,,,,
"New Bake House, Kala Ghoda, Fort, Mumbai",https://www.zomato.com/mumbai/kizbara-fort,9839ac46fe77a0a4ec5164b1028ce8e775b3e407,Kizbara,"
New Bake House, 55, B Bharucha Rd, Kala Ghoda, Fort, Mumbai, Maharashtra 400001","https://www.google.com/maps/place/Kizbara/@18.9279598,72.830404,17z/data=!3m1!4b1!4m6!3m5!1s0x3be7d1cb0b744e63:0xd541fc6cbd8c16fc!8m2!3d18.9279598!4d72.8329789!16s%2Fg%2F11kpybr7ns?entry=ttu&g_ep=EgoyMDI2MDMxOC4xIKXMDSoASAFQAw%3D%3D",True,False,0x3be7d1cb0b744e63:0xd541fc6cbd8c16fc,Kizbara,https://www.zomato.com/mumbai/kizbara-fort,9839ac46fe77a0a4ec5164b1028ce8e775b3e407,"New Bake House, Kala Ghoda, Fort, Mumbai",18.9279598,72.8329789,,,False,"Kizbara, New Bake House, Kala Ghoda, Fort, Mumbai"
"Shop 27, Link Way Estate, Link Road, Opposite Chincholi Wines, Malad West, Mumbai",https://www.zomato.com/mumbai/fuel-up-1-malad-west,7f5ad5a946fb9ee523051dfaf994e8301b69fe06,Fuel Up,"
29, New Link Rd, Malad, Reserve Bank of India Staff Quarters, Raheja Twp, Malad East, Mumbai, Maharashtra 400064","https://www.google.com/maps/place/Fuel+Up/@19.1769315,72.8339907,17z/data=!3m1!4b1!4m6!3m5!1s0x3be7b6ce80c8ce7b:0xbf0a09661377dcd5!8m2!3d19.1769315!4d72.8365656!16s%2Fg%2F11fnw17hcc?entry=ttu&g_ep=EgoyMDI2MDMxOC4xIKXMDSoASAFQAw%3D%3D",True,False,0x3be7b6ce80c8ce7b:0xbf0a09661377dcd5,,,,,,,,,,
"Shop 6, Maneklal Mansion, Hindu Colony, Ward F/S, Dr. Balasaheb Ambedkar Road, Matunga East, Mumbai",https://www.zomato.com/mumbai/raju-ki-chai-matunga-east,efef2bff8e538f7e93d08ef149846d7fef060f7f,Raju Ki Chai (Dadar),"
CHS Plot, Mangalyam, Shop No. 12, 93, Padmabai Thakkar Rd, Mumbai, Maharashtra 400016","https://www.google.com/maps/place/Raju+Ki+Chai+(Dadar)/@19.026114,72.8248189,15z/data=!4m10!1m2!2m1!1sRaju+Ki+Chai+Shop+6,+Maneklal+Mansion,+Hindu+Colony,+Ward+F%2FS,+Dr.+Balasaheb+Ambedkar+Road,+Matunga+East,+Mumbai!3m6!1s0x3be7cf2ba8a18aa9:0xbdf0e773008da652!8m2!3d19.026114!4d72.8428433!15sCnBSYWp1IEtpIENoYWkgU2hvcCA2LCBNYW5la2xhbCBNYW5zaW9uLCBIaW5kdSBDb2xvbnksIFdhcmQgRi9TLCBEci4gQmFsYXNhaGViIEFtYmVka2FyIFJvYWQsIE1hdHVuZ2EgRWFzdCwgTXVtYmFpWmsiaXJhanUga2kgY2hhaSBzaG9wIDYgbWFuZWtsYWwgbWFuc2lvbiBoaW5kdSBjb2xvbnkgd2FyZCBmIHMgZHIgYmFsYXNhaGViIGFtYmVka2FyIHJvYWQgbWF0dW5nYSBlYXN0IG11bWJhaZIBCXRlYV9ob3VzZeABAA!16s%2Fg%2F11x02fbdgw?entry=ttu&g_ep=EgoyMDI2MDMxOC4xIKXMDSoASAFQAw%3D%3D",True,False,0x3be7cf2ba8a18aa9:0xbdf0e773008da652,,,,,,,,,,
"F/1, Nisarg Heaven CHSL, Ward R/S, Mahavir Nagar, Kandivali West, Mumbai",https://www.zomato.com/mumbai/decaffe-1-kandivali-west,e898d548d7792c4081c9a78eae4e04e5fbf74f99,DeCaffe,"
F1, Nisarg Heaven CHS, Kandivali, Mahavir Nagar, Kandivali West, Mumbai, Maharashtra 400067","https://www.google.com/maps/place/DeCaffe/@19.2143772,72.8366903,17z/data=!4m10!1m2!2m1!1sDeCaffe+F%2F1,+Nisarg+Heaven+CHSL,+Ward+R%2FS,+Mahavir+Nagar,+Kandivali+West,+Mumbai!3m6!1s0x3be7b71d1306270d:0xa07b9462583b3f0c!8m2!3d19.2143772!4d72.8411964!15sCkxEZUNhZiBGMSwgTmlzYXJnIEhlYXZlbiBDSFMsIFdhcmQgUi9TLCBNYWhhdmlyIE5hZ2FyLCBLYW5kaXZhbGkgV2VzdCwgTXVtYmFpWkkiR2RlY2FmIGYxIG5pc2FyZyBoZWF2ZW4gY2hzIHdhcmQgciBzIG1haGF2aXIgbmFnYXIga2FuZGl2YWxpIHdlc3QgbXVtYmFpkgEEY2FmZeABAA!16s%2Fg%2F11y0gmxcpd?entry=ttu&g_ep=EgoyMDI2MDMxOC4xIKXMDSoASAFQAw%3D%3D",True,False,0x3be7b71d1306270d:0xa07b9462583b3f0c,,,,,,,,,,
"Shop 5, Ground Floor, Old Shanti CHS, Matunga West, Mumbai",https://www.zomato.com/mumbai/house-of-appetite-matunga-west,b2d4f2dad5740a7d7764ca7e96a7c97f2df93ad1,HOUSE OF APPETITE,"
Shop number 5, ground floor, Old shanti CHS, Mogul Ln, Matunga (W, VSNL Colony, Mahim, Mumbai, Maharashtra 400016","https://www.google.com/maps/place/HOUSE+OF+APPETITE/@19.0319703,72.8432122,17z/data=!3m1!4b1!4m6!3m5!1s0x3be7cfed909a988d:0x9561468cd7abaf36!8m2!3d19.0319703!4d72.8457871!16s%2Fg%2F11zk7_0zvf?entry=ttu&g_ep=EgoyMDI2MDMxOC4xIKXMDSoASAFQAw%3D%3D",True,False,0x3be7cfed909a988d:0x9561468cd7abaf36,House Of Appetite,https://www.zomato.com/mumbai/house-of-appetite-matunga-west,b2d4f2dad5740a7d7764ca7e96a7c97f2df93ad1,"Shop 5, Ground Floor, Old Shanti CHS, Matunga West, Mumbai",19.0319703,72.8457871,,,False,"House Of Appetite, Shop 5, Ground Floor, Old Shanti CHS, Matunga West, Mumbai"
"Shop 02, Makhija Royale, SV Road, Khar, Mumbai",https://www.zomato.com/mumbai/crunch-cartel-khar,8d50307b61313ef46a79be677796d24291bcd46d,Eats by Chef Varun,"
Makhija Royale, 2, Swami Vivekanand Rd, next to Rajastan Hotel, Govind Dham, Khar West, Mumbai, Maharashtra 400052","https://www.google.com/maps/place/Eats+by+Chef+Varun/@19.0676085,72.834897,17z/data=!3m1!4b1!4m6!3m5!1s0x3be7c9c4cc691a83:0xe6f88261cd100165!8m2!3d19.0676085!4d72.8374719!16s%2Fg%2F11xkvlz3h7?entry=ttu&g_ep=EgoyMDI2MDMxOC4xIKXMDSoASAFQAw%3D%3D",False,False,0x3be7c9c4cc691a83:0xe6f88261cd100165,Crunch Cartel,https://www.zomato.com/mumbai/crunch-cartel-khar,8d50307b61313ef46a79be677796d24291bcd46d,"Shop 02, Makhija Royale, SV Road, Khar, Mumbai",19.0676085,72.8374719,,,False,"Crunch Cartel, Shop 02, Makhija Royale, SV Road, Khar, Mumbai"
"Trident Nariman Point, Mumbai",https://www.zomato.com/mumbai/the-verandah-nariman-point,246a0928795a0dbb7149d16c2a14b09154034306,"Verandah, Mumbai","
Verandah lounge ,Lobby Level, Trident Nariman Point, Near Air India, Building,, Mumbai, Maharashtra 400021","https://www.google.com/maps/place/Verandah,+Mumbai/@18.9276746,72.8183711,17z/data=!3m2!4b1!5s0x3be7d1ea272a88bb:0xd5c239833b011e4a!4m6!3m5!1s0x3be7d118b577b087:0x6eb0ce856a23e3f2!8m2!3d18.9276746!4d72.820946!16s%2Fg%2F11fl0ssqzr?entry=ttu&g_ep=EgoyMDI2MDMxOC4xIKXMDSoASAFQAw%3D%3D",False,False,0x3be7d1ea272a88bb:0xd5c239833b011e4a,,,,,,,,,,
"Near Fame Adlabs, Royal Classic, New Link Road, Andheri Lokhandwala, Andheri West, Mumbai",https://www.zomato.com/mumbai/alfredos-andheri-lokhandwala,6fb616e0deeb4bae1e0fc1c387b66e1bda55a66d,Alfredo's All Day Dining,"
Royal Classic, A/5, New Link Rd, next to Citi Mall, Phase D, Shastri Nagar, Andheri West, Mumbai, Maharashtra 400053","https://www.google.com/maps/place/Alfredo's+All+Day+Dining/@19.1394631,72.828806,17z/data=!3m2!4b1!5s0x3be7b63d2188359f:0xa0ecb2d517a46623!4m6!3m5!1s0x3be7b63cdd5b0123:0xbd8d8d739597853b!8m2!3d19.1394631!4d72.8313809!16s%2Fg%2F124svmd38?entry=ttu&g_ep=EgoyMDI2MDMxOC4xIKXMDSoASAFQAw%3D%3D",True,False,0x3be7b63d2188359f:0xa0ecb2d517a46623,,,,,,,,,,
"Shop 6, Dunhill Apartment, Waroda Road, Near Hill Road, Bandra West, Mumbai",https://www.zomato.com/mumbai/howra-burger-hill-road-bandra-west,9640b14db1f9c02b102c11836811b20f4a4fe234,Howra Burgers,"
Dunhill Apartments, Waroda Rd, Ranwar, Bandra West, Mumbai, Maharashtra 400050","https://www.google.com/maps/place/Howra+Burgers/@19.0542398,72.8258918,17z/data=!3m1!4b1!4m6!3m5!1s0x3be7c96abf14250b:0xcd4ffa0f265ad09d!8m2!3d19.0542398!4d72.8284667!16s%2Fg%2F11cs399x60?entry=ttu&g_ep=EgoyMDI2MDMxOC4xIKXMDSoASAFQAw%3D%3D",True,False,0x3be7c96abf14250b:0xcd4ffa0f265ad09d,Howra Burger,https://www.zomato.com/mumbai/howra-burger-hill-road-bandra-west,9640b14db1f9c02b102c11836811b20f4a4fe234,"Shop 6, Dunhill Apartment, Waroda Road, Near Hill Road, Bandra West, Mumbai",19.0542398,72.82846669999999,,,False,"Howra Burger, Shop 6, Dunhill Apartment, Waroda Road, Near Hill Road, Bandra West, Mumbai"
"Shop 5, Carlton Court, Near Chayyos Cafe Turner Road, Pali Hill, Bandra West, Mumbai",https://www.zomato.com/mumbai/bloom-cafea-pali-hill-bandra-west,5bfb37d4e5f5e3c937dc840595bb2de852f54760,Bloom Cafe - Bandra,"
Shop no. 5, Carlton Court Building, Opposite Kotak Mahindra Bank Turner Road, Perry Road, Junction, Bandra West, Mumbai, Maharashtra 400050","https://www.google.com/maps/place/Bloom+Cafe+-+Bandra/@19.0593579,72.8267804,17z/data=!3m1!4b1!4m6!3m5!1s0x3be7c90702e39b37:0x49b272f8c9dfefe!8m2!3d19.0593579!4d72.8293553!16s%2Fg%2F11tmv52cbl?entry=ttu&g_ep=EgoyMDI2MDMxOC4xIKXMDSoASAFQAw%3D%3D",False,False,0x3be7c90702e39b37:0x49b272f8c9dfefe,Bloom  Cafea,https://www.zomato.com/mumbai/bloom-cafea-pali-hill-bandra-west,5bfb37d4e5f5e3c937dc840595bb2de852f54760,"Shop 5, Carlton Court, Near Chayyos Cafe Turner Road, Pali Hill, Bandra West, Mumbai",19.0593579,72.8293553,,,False,"Bloom  Cafea, Shop 5, Carlton Court, Near Chayyos Cafe Turner Road, Pali Hill, Bandra West, Mumbai"
"Tower-1, Lobby Atrium, One IndiaBulls Centre, Senapati Bapat Marg, Elphinstone, Lower Parel, Mumbai",https://www.zomato.com/mumbai/the-coffee-bean-tea-leaf-lower-parel,6f64549b3084b022f54c0d793d288b3b3e83d17b,The Coffee Bean & Tea Leaf,"
XRQH+5FH, Shastri Nagar, Adarsh Nagar, Lower Parel, Mumbai, Maharashtra 400011","https://www.google.com/maps/place/The+Coffee+Bean+%26+Tea+Leaf/@18.9879306,72.8107033,15z/data=!4m10!1m2!2m1!1sThe+Coffee+Bean+%26+Tea+Leaf+Tower-1,+Lobby+Atrium,+One+IndiaBulls+Centre,+Senapati+Bapat+Marg,+Elphinstone,+Lower+Parel,+Mumbai!3m6!1s0x3be7ce5ff19f0da3:0x3aaa2fd37142dcfa!8m2!3d18.9879306!4d72.8287277!15sCn5UaGUgQ29mZmVlIEJlYW4gJiBUZWEgTGVhZiBUb3dlci0xLCBMb2JieSBBdHJpdW0sIE9uZSBJbmRpYUJ1bGxzIENlbnRyZSwgU2VuYXBhdGkgQmFwYXQgTWFyZywgRWxwaGluc3RvbmUsIExvd2VyIFBhcmVsLCBNdW1iYWkiA4gBAVp6Inh0aGUgY29mZmVlIGJlYW4gJiB0ZWEgbGVhZiB0b3dlciAxIGxvYmJ5IGF0cml1bSBvbmUgaW5kaWFidWxscyBjZW50cmUgc2VuYXBhdGkgYmFwYXQgbWFyZyBlbHBoaW5zdG9uZSBsb3dlciBwYXJlbCBtdW1iYWmSAQtjb2ZmZWVfc2hvcOABAA!16s%2Fg%2F11c1xfzkgh?entry=ttu&g_ep=EgoyMDI2MDMxOC4xIKXMDSoASAFQAw%3D%3D",True,False,0x3be7ce5ff19f0da3:0x3aaa2fd37142dcfa,The Coffee Bean & Tea Leaf,https://www.zomato.com/mumbai/the-coffee-bean-tea-leaf-lower-parel,6f64549b3084b022f54c0d793d288b3b3e83d17b,"Tower-1, Lobby Atrium, One IndiaBulls Centre, Senapati Bapat Marg, Elphinstone, Lower Parel, Mumbai",19.0068188,72.83320619999999,,,False,"The Coffee Bean & Tea Leaf, Tower-1, Lobby Atrium, One IndiaBulls Centre, Senapati Bapat Marg, Elphinstone, Lower Parel, Mumbai"
"16/B Samhita International Complex Behind MTNL Telephone Exchange, Sakinaka, Mumbai",https://www.zomato.com/mumbai/bisou-fairfield-by-marriott-sakinaka,f24f4b7bd2684bb8d3024200fd5ea18673c5255e,Fairfield by Marriott Mumbai International Airport,"
Samitha Industrial Estate, Plot No. 16-B, Andheri - Kurla Rd, Saki Naka, Mumbai, Maharashtra 400072","https://www.google.com/maps/place/Fairfield+by+Marriott+Mumbai+International+Airport/@19.0997359,72.8776341,17z/data=!4m9!3m8!1s0x3be7c92e284e0213:0xc45647030d66404f!5m2!4m1!1i2!8m2!3d19.0997359!4d72.880209!16s%2Fg%2F11s35n396r?entry=ttu&g_ep=EgoyMDI2MDMxOC4xIKXMDSoASAFQAw%3D%3D",False,False,0x3be7c92e284e0213:0xc45647030d66404f,Bisou - Fairfield By Marriott,https://www.zomato.com/mumbai/bisou-fairfield-by-marriott-sakinaka,f24f4b7bd2684bb8d3024200fd5ea18673c5255e,"16/B Samhita International Complex Behind MTNL Telephone Exchange, Sakinaka, Mumbai",19.0997359,72.880209,,,False,"Bisou - Fairfield By Marriott, 16/B Samhita International Complex Behind MTNL Telephone Exchange, Sakinaka, Mumbai"
"Lucky Nagar, J M Road, Bhandup, Mumbai",https://www.zomato.com/mumbai/kokan-coast-bhandup,3982e74b66fff12afc1600125b0aad81df8fd138,Kokan Nagar,,"https://www.google.com/maps/place/Kokan+Nagar,+Bhandup+West,+Mumbai,+Maharashtra+400078/@19.146576,72.927321,18z/data=!3m1!4b1!4m10!1m2!2m1!1sKokan+Coast+Lucky+Nagar,+J+M+Road,+Bhandup,+Mumbai!3m6!1s0x3be7b87211e01d55:0x4956580b488633b6!8m2!3d19.1462082!4d72.9272317!15sCjJLb2thbiBDb2FzdCBMdWNreSBOYWdhciwgSiBNIFJvYWQsIEJoYW5kdXAsIE11bWJhaZIBDHN1YmxvY2FsaXR5MuABAA!16s%2Fg%2F12hlbn444?entry=ttu&g_ep=EgoyMDI2MDMxOC4xIKXMDSoASAFQAw%3D%3D",False,False,0x3be7b87211e01d55:0x4956580b488633b6,,,,,,,,,,
"Shop 6 & 7, Mayfair CHS, Oberoi Raviraj Complex, New Link Road, Andheri Lokhandwala, Andheri West, Mumbai",https://www.zomato.com/mumbai/t-a-b-take-a-break-andheri-lokhandwala,b0f9a188606aa784c8dc6eb176ff5858d1b88f43,TAB CAFE (Take A Break),"
Shop no 6 & 7, Mayfair Apartments, Sab T V - Kalinga Ln, Shastri Nagar, Andheri West, Mumbai, Maharashtra 400053","https://www.google.com/maps/place/TAB+CAFE+(Take+A+Break)/@19.1368096,72.8267479,17z/data=!3m1!4b1!4m6!3m5!1s0x3be7c9c3c6236451:0x839b7939291ebd1b!8m2!3d19.1368096!4d72.8293228!16s%2Fg%2F11qq253xgy?entry=ttu&g_ep=EgoyMDI2MDMxOC4xIKXMDSoASAFQAw%3D%3D",False,False,0x3be7c9c3c6236451:0x839b7939291ebd1b,T.A.B - Take A Break,https://www.zomato.com/mumbai/t-a-b-take-a-break-andheri-lokhandwala,b0f9a188606aa784c8dc6eb176ff5858d1b88f43,"Shop 6 & 7, Mayfair CHS, Oberoi Raviraj Complex, New Link Road, Andheri Lokhandwala, Andheri West, Mumbai",19.1368096,72.8293228,,,False,"T.A.B - Take A Break, Shop 6 & 7, Mayfair CHS, Oberoi Raviraj Complex, New Link Road, Andheri Lokhandwala, Andheri West, Mumbai"
"7th Floor, Parth Business Plaza, Mith Chowki, Link Road, Malad West, Mumbai",https://www.zomato.com/mumbai/timbuctoo-malad-west,585d071b5f86dd29bb72bd35256f056acf08e4ed,Pop Tate's Malad,"
7th Floor, Parth Business Plaza, New Link Rd, Malad, Mithchowki, W, Mumbai, Maharashtra 400064","https://www.google.com/maps/place/Pop+Tate's+Malad/@19.1951496,72.8295092,17z/data=!4m10!1m2!2m1!1sTimbuctoo+7th+Floor,+Parth+Business+Plaza,+Mith+Chowki,+Link+Road,+Malad+West,+Mumbai!3m6!1s0x3be7b6e9f0cfda8f:0x788a077c1fac0e9!8m2!3d19.1951496!4d72.8340153!15sClVUaW1idWN0b28gN3RoIEZsb29yLCBQYXJ0aCBCdXNpbmVzcyBQbGF6YSwgTWl0aCBDaG93a2ksIExpbmsgUm9hZCwgTWFsYWQgV2VzdCwgTXVtYmFpWlIiUHRpbWJ1Y3RvbyA3dGggZmxvb3IgcGFydGggYnVzaW5lc3MgcGxhemEgbWl0aCBjaG93a2kgbGluayByb2FkIG1hbGFkIHdlc3QgbXVtYmFpkgESaXRhbGlhbl9yZXN0YXVyYW504AEA!16s%2Fg%2F11bx2lpmwd?entry=ttu&g_ep=EgoyMDI2MDMxOC4xIKXMDSoASAFQAw%3D%3D",False,False,0x3be7b6e9f0cfda8f:0x788a077c1fac0e9,,,,,,,,,,
"10, Plot 38 A, Ground Floor, Sarvodya Bhavan, Gokhale Road, Dadar West, Mumbai",https://www.zomato.com/mumbai/potoba-dadar-west,20d034e9207616a804c899d8f5d7bc190834651b,Trupt Potoba Veg Restaurant,"
Sarvoday Bhuvan, A10, Gokhale Rd, Dadar West, Dadar, Mumbai, Maharashtra 400028","https://www.google.com/maps/place/Trupt+Potoba+Veg+Restaurant/@19.0218142,72.8333064,17z/data=!3m1!5s0x3be7c90eea65994f:0x43c51ccf3ab84027!4m10!1m2!2m1!1sPotoba+10,+Plot+38+A,+Ground+Floor,+Sarvodya+Bhavan,+Gokhale+Road,+Dadar+West,+Mumbai!3m6!1s0x3be7ced27a1e32a5:0x65c435aa8ef4f2ba!8m2!3d19.0218142!4d72.8378125!15sClVQb3RvYmEgMTAsIFBsb3QgMzhBLCBHcm91bmQgRmxvb3IsIFNhcnZvZGF5YSBCaGF2YW4sIEdva2hhbGUgUm9hZCwgRGFkYXIgV2VzdCwgTXVtYmFpWlEiT3BvdG9iYSAxMCBwbG90IDM4YSBncm91bmQgZmxvb3Igc2Fydm9kYXlhIGJoYXZhbiBnb2toYWxlIHJvYWQgZGFkYXIgd2VzdCBtdW1iYWmSARJtYXJhdGhpX3Jlc3RhdXJhbnTgAQA!16s%2Fg%2F1260x89bt?entry=ttu&g_ep=EgoyMDI2MDMxOC4xIKXMDSoASAFQAw%3D%3D",True,False,0x3be7c90eea65994f:0x43c51ccf3ab84027,,,,,,,,,,
"Shop 6, Vijay Bhavan, Aarey Road, Goregaon West, Mumbai",https://www.zomato.com/mumbai/the-pizzaverse-goregaon-west,a5432e7924a69b8c047c824cd0e8480004b2bb48,Sapre & Sons,"
Shop Number 6 Ground Floor, 7, Aarey Rd, Piramal Nagar, Goregaon West, Mumbai, Maharashtra 400104","https://www.google.com/maps/place/Sapre+%26+Sons/@19.166723,72.8114272,14z/data=!4m10!1m2!2m1!1sThe+Pizzaverse+Shop+6,+Vijay+Bhavan,+Aarey+Road,+Goregaon+West,+Mumbai!3m6!1s0x3be7b653bc40bf4b:0xfafdf160d137d43b!8m2!3d19.166723!4d72.8474761!15sCkZUaGUgUGl6emF2ZXJzZSBTaG9wIDYsIFZpamF5IEJoYXZhbiwgQWFyZXkgUm9hZCwgR29yZWdhb24gV2VzdCwgTXVtYmFpWkQiQnRoZSBwaXp6YXZlcnNlIHNob3AgNiB2aWpheSBiaGF2YW4gYWFyZXkgcm9hZCBnb3JlZ2FvbiB3ZXN0IG11bWJhaZIBEm1hcmF0aGlfcmVzdGF1cmFudOABAA!16s%2Fg%2F1tvq2l8r?entry=ttu&g_ep=EgoyMDI2MDMxOC4xIKXMDSoASAFQAw%3D%3D",False,False,0x3be7b653bc40bf4b:0xfafdf160d137d43b,,,,,,,,,,
"Shop 3- 4, Deep Jyoti CHS Limited, Ambadi Road, Vasai, Mumbai",https://www.zomato.com/mumbai/farmhouse-global-cuisine-restaurant-vasai,8b9e8a582d46bd59a605b8d5e2b6ded96adc08a1,Maruti Suzuki Genuine Parts Distributor (Sai Service Spares And Accessories Pvt. Ltd.) Vasai West,"
Shop No. 1, Ganga CHS, Ambadi Rd, Diwanman, Vishwakarma Estate, Vasai West, Navghar-Manikpur, Vasai-Virar, Maharashtra 401202","https://www.google.com/maps/place/Maruti+Suzuki+Genuine+Parts+Distributor+(Sai+Service+Spares+And+Accessories+Pvt.+Ltd.)+Vasai+West/@19.38758,72.8238391,17z/data=!4m14!1m7!3m6!1s0x3be7aeb8f4d608fb:0x7b49cd278f39e7a7!2sFarmhouse+Global+Cuisine+Restaurant!8m2!3d19.38758!4d72.826414!16s%2Fg%2F11f2gs1k74!3m5!1s0x3be7af0c2d42b2e9:0x8613bc2b080f3b27!8m2!3d19.3874237!4d72.826328!16s%2Fg%2F11ks6k16hz?entry=ttu&g_ep=EgoyMDI2MDMxOC4xIKXMDSoASAFQAw%3D%3D",False,False,0x3be7aeb8f4d608fb:0x7b49cd278f39e7a7,Veg House,https://www.zomato.com/mumbai/veg-house-vasai,85f02413266ef993c2dc71369e5d292d8543a489,"1-5, Brij Bhavan Appartment, Opposite Farm House, Ambadi Road, Vasai, Mumbai",19.38758,72.826414,,,False,"Veg House, 1-5, Brij Bhavan Appartment, Opposite Farm House, Ambadi Road, Vasai, Mumbai"
"Shop 3- 4, Deep Jyoti CHS Limited, Ambadi Road, Vasai, Mumbai",https://www.zomato.com/mumbai/farmhouse-global-cuisine-restaurant-vasai,8b9e8a582d46bd59a605b8d5e2b6ded96adc08a1,Maruti Suzuki Genuine Parts Distributor (Sai Service Spares And Accessories Pvt. Ltd.) Vasai West,"
Shop No. 1, Ganga CHS, Ambadi Rd, Diwanman, Vishwakarma Estate, Vasai West, Navghar-Manikpur, Vasai-Virar, Maharashtra 401202","https://www.google.com/maps/place/Maruti+Suzuki+Genuine+Parts+Distributor+(Sai+Service+Spares+And+Accessories+Pvt.+Ltd.)+Vasai+West/@19.38758,72.8238391,17z/data=!4m14!1m7!3m6!1s0x3be7aeb8f4d608fb:0x7b49cd278f39e7a7!2sFarmhouse+Global+Cuisine+Restaurant!8m2!3d19.38758!4d72.826414!16s%2Fg%2F11f2gs1k74!3m5!1s0x3be7af0c2d42b2e9:0x8613bc2b080f3b27!8m2!3d19.3874237!4d72.826328!16s%2Fg%2F11ks6k16hz?entry=ttu&g_ep=EgoyMDI2MDMxOC4xIKXMDSoASAFQAw%3D%3D",False,False,0x3be7aeb8f4d608fb:0x7b49cd278f39e7a7,Farmhouse Global Cuisine Restaurant,https://www.zomato.com/mumbai/farmhouse-global-cuisine-restaurant-vasai,8b9e8a582d46bd59a605b8d5e2b6ded96adc08a1,"Shop 3- 4, Deep Jyoti CHS Limited, Ambadi Road, Vasai, Mumbai",,,,,False,"Farmhouse Global Cuisine Restaurant, Shop 3- 4, Deep Jyoti CHS Limited, Ambadi Road, Vasai, Mumbai"
"Shop 4, 6, Leo Apartment, Sundar Lane, Orlem Marve Road, Malad West, Mumbai",https://www.zomato.com/mumbai/california-coffee-cafe-malad-west,1206e0ea59894db843334cd1135b56e6a4250a2e,The Burrow Cafe,"
Shop 10, 11, 12, Springfield 1, Sunder Ln, Malad, Orlem, Malad West, Mumbai, Maharashtra 400064","https://www.google.com/maps/place/The+Burrow+Cafe/@19.1939738,72.7658663,13z/data=!4m10!1m2!2m1!1sCalifornia+Coffee+Cafe+Shop+4,+6,+Leo+Apartment,+Sundar+Lane,+Orlem+Marve+Road,+Malad+West,+Mumbai!3m6!1s0x3be7b6e85c9656c3:0x68033d6fd1f50999!8m2!3d19.1939738!4d72.8379641!15sCmNDYWxpZm9ybmlhIENvZmZlZSBDYWZlIFNob3AgNCwgNiwgTGVvIEFwYXJ0bWVudHMsIFN1bmRlciBMYW5lLCBPcmxlbSBNYXJ2ZSBSb2FkLCBNYWxhZCBXZXN0LCBNdW1iYWlaXyJdY2FsaWZvcm5pYSBjb2ZmZWUgY2FmZSBzaG9wIDQgNiBsZW8gYXBhcnRtZW50cyBzdW5kZXIgbGFuZSBvcmxlbSBtYXJ2ZSByb2FkIG1hbGFkIHdlc3QgbXVtYmFpkgEEY2FmZeABAA!16s%2Fg%2F11gdm6sbhs?entry=ttu&g_ep=EgoyMDI2MDMxOC4xIKXMDSoASAFQAw%3D%3D",False,False,0x3be7b6e85c9656c3:0x68033d6fd1f50999,,,,,,,,,,
"Second Floor, The Hub Mall, Cama Industrial Estate, Western Express Highway, Goregaon East, Mumbai",https://www.zomato.com/mumbai/china-ming-goregaon-east,a10239fc192f2b7dd0575b19aa2b5a774dafad27,"China Ming - Chinese, Thai, Sushi, Dimsum","
Second Floor, Western Express Hwy, Cama Industrial Estate, Goregaon East, Mumbai, Maharashtra 400063","https://www.google.com/maps/place/China+Ming+-+Chinese,+Thai,+Sushi,+Dimsum/@19.1547995,72.8536809,17z/data=!3m2!4b1!5s0x3be054c77912e475:0xe24b42d49d672f26!4m6!3m5!1s0x3be7b7b5cb963cab:0xd82a105771b6a95b!8m2!3d19.1547995!4d72.8562558!16s%2Fg%2F124t5jxw1?entry=ttu&g_ep=EgoyMDI2MDMxOC4xIKXMDSoASAFQAw%3D%3D",True,False,0x3be054c77912e475:0xe24b42d49d672f26,,,,,,,,,,
"Shop 1, Plot 25, Ground Floor, Ravechi Height, Sector 7, Kharghar, Navi Mumbai",https://www.zomato.com/mumbai/the-little-sweet-cafe-kharghar-navi-mumbai,4c31492fcbd7bed22b54b1d91ce578eeb5ffb02d,The little sweet cafe - Bubble Tea,"
shop no 32, Belapur Sun City, Chs, Sector 15, CBD Belapur, Navi Mumbai, Maharashtra 400614","https://www.google.com/maps/place/The+little+sweet+cafe+-+Bubble+Tea/@19.0080161,73.0325892,17z/data=!3m2!4b1!5s0x3be7c3aa077df2ef:0x10b7ba7836d7bc9d!4m6!3m5!1s0x3be7c3d52bd03713:0x4f78a59cc7b449e6!8m2!3d19.0080161!4d73.0351641!16s%2Fg%2F11sycrtmhx?entry=ttu&g_ep=EgoyMDI2MDMxOC4xIKXMDSoASAFQAw%3D%3D",True,False,0x3be7c3aa077df2ef:0x10b7ba7836d7bc9d,,,,,,,,,,
"G4, Ground Floor, Block G, Plot 70, Capital Building, MMRDA BKC, Bandra Kurla Complex, Mumbai",https://www.zomato.com/mumbai/blah-bandra-kurla-complex,41b72f221ceb99a0f298eb29a52c9bd85f4bc092,Mumbai Metropolitan Region Development Authority,"
E-Block, C-14 & 15, City Park Rd, E Block BKC, Bandra Kurla Complex, Bandra East, Mumbai, Maharashtra 400051","https://www.google.com/maps/place/Mumbai+Metropolitan+Region+Development+Authority/@19.0538009,72.8341415,15z/data=!4m10!1m2!2m1!1sBlah*21+G4,+Ground+Floor,+Block+G,+Plot+70,+Capital+Building,+MMRDA+BKC,+Bandra+Kurla+Complex,+Mumbai!3m6!1s0x3be7c8eee2eb5367:0xbc15f0882e791d69!8m2!3d19.0538009!4d72.8521659!15sCmNCbGFoISBHNCwgR3JvdW5kIEZsb29yLCBCbG9jayBHLCBQbG90IDcwLCBDYXBpdGFsIEJ1aWxkaW5nLCBNTVJEQSBCS0MsIEJhbmRyYSBLdXJsYSBDb21wbGV4LCBNdW1iYWmSARtnb3Zlcm5tZW50X2Vjb25vbWljX3Byb2dyYW3gAQA!16s%2Fg%2F1td8xl9j?entry=ttu&g_ep=EgoyMDI2MDMxOC4xIKXMDSoASAFQAw%3D%3D",False,False,0x3be7c8eee2eb5367:0xbc15f0882e791d69,,,,,,,,,,
"Shop 12, Ground Floor, Ravi Raj Oberoi Complex, Shastri Nagar, Andheri Lokhandwala, Andheri West, Mumbai",https://www.zomato.com/mumbai/global-tea-cafe-1-andheri-lokhandwala,4624f149cbb07bc8b5d05ce4339d7a31903e8c2d,Global Tea Cafe Mumbai,"
Shop No- 12, Ravi Raj Oberoi Complex, G.F, Shastri Nagar, Andheri West, Mumbai, Andheri, Maharashtra 400053","https://www.google.com/maps/place/Global+Tea+Cafe+Mumbai/@19.1365491,72.8265906,17z/data=!3m2!4b1!5s0x3be7b622a2eec3cb:0xcb27c89d9f8bb276!4m6!3m5!1s0x3be7b765c228b939:0x99e60e3f3aa93c41!8m2!3d19.1365491!4d72.8291655!16s%2Fg%2F11xvm64sj6?entry=ttu&g_ep=EgoyMDI2MDMxOC4xIKXMDSoASAFQAw%3D%3D",True,False,0x3be7b622a2eec3cb:0xcb27c89d9f8bb276,,,,,,,,,,
"59, AA Wing, Ground Floor, Kailas Industrial Complex, Park Site, Veer Savarkar Marg, Vikhroli, Mumbai",https://www.zomato.com/mumbai/chi-italy-vikhroli,486d58c07b6cdbc2ebc6fa35cef6b8ea165fcb4c,Chi-Italy Restaurant,"
Building No. 1, Kailash Industrial Complex, AA/59, Park Site Rd, HMPL Surya Nagar, Vikhroli West, Mumbai, Maharashtra 400079","https://www.google.com/maps/place/Chi-Italy+Restaurant/@19.1156594,72.9156586,17z/data=!3m1!4b1!4m6!3m5!1s0x3be7c7b5282d4d55:0x3dc8d8c08a6481fb!8m2!3d19.1156594!4d72.9182335!16s%2Fg%2F11kk42mr_x?entry=ttu&g_ep=EgoyMDI2MDMxOC4xIKXMDSoASAFQAw%3D%3D",False,False,0x3be7c7b5282d4d55:0x3dc8d8c08a6481fb,Chi - Italy,https://www.zomato.com/mumbai/chi-italy-vikhroli,486d58c07b6cdbc2ebc6fa35cef6b8ea165fcb4c,"59, AA Wing, Ground Floor, Kailas Industrial Complex, Park Site, Veer Savarkar Marg, Vikhroli, Mumbai",19.1156594,72.9182335,,,False,"Chi - Italy, 59, AA Wing, Ground Floor, Kailas Industrial Complex, Park Site, Veer Savarkar Marg, Vikhroli, Mumbai"
"10, Rope Walk Street, Kala Ghoda, Fort, Mumbai",https://www.zomato.com/mumbai/kala-ghoda-cafe-fort,0c36571969be1491164d108734b55e2378159a93,Kala Ghoda Cafe,"
10, Rope Walk Ln, Kala Ghoda, Fort, Mumbai, Maharashtra 400001","https://www.google.com/maps/place/Kala+Ghoda+Cafe/@18.9284954,72.8296318,17z/data=!3m1!4b1!4m6!3m5!1s0x3be7d1c30a9927b9:0x93f817f1a8e74b23!8m2!3d18.9284954!4d72.8322067!16s%2Fg%2F1td7516y?entry=ttu&g_ep=EgoyMDI2MDMxOC4xIKXMDSoASAFQAw%3D%3D",True,False,0x3be7d1c30a9927b9:0x93f817f1a8e74b23,Kala Ghoda Cafe,https://www.zomato.com/mumbai/kala-ghoda-cafe-fort,0c36571969be1491164d108734b55e2378159a93,"10, Rope Walk Street, Kala Ghoda, Fort, Mumbai",18.9284954,72.8322067,,,False,"Kala Ghoda Cafe, 10, Rope Walk Street, Kala Ghoda, Fort, Mumbai"
"Shop 23 And 24, Plot 5, Ground Floor, Sector 02, Kharghar, Navi Mumbai",https://www.zomato.com/mumbai/brooklyn-food-factory-kharghar-navi-mumbai,27883a0b32d4d224469463336387d47f0b8ed51b,BFF - Brooklyn Food Factory Kharghar,"
Shop 23 & 24, Grow More Tower, GROWMORE TOWER, Sector 2, Kharghar, Panvel, Maharashtra 410210","https://www.google.com/maps/place/BFF+-+Brooklyn+Food+Factory+Kharghar/@19.0296629,73.0607429,17z/data=!3m1!4b1!4m6!3m5!1s0x3be7c3003df6ebe9:0x6cb2005415010e5a!8m2!3d19.0296629!4d73.0633178!16s%2Fg%2F11zj8jjbl8?entry=ttu&g_ep=EgoyMDI2MDMxOC4xIKXMDSoASAFQAw%3D%3D",True,False,0x3be7c3003df6ebe9:0x6cb2005415010e5a,Brooklyn Food Factory,https://www.zomato.com/mumbai/brooklyn-food-factory-kharghar-navi-mumbai,27883a0b32d4d224469463336387d47f0b8ed51b,"Shop 23 And 24, Plot 5, Ground Floor, Sector 02, Kharghar, Navi Mumbai",19.0296629,73.0633178,,,False,"Brooklyn Food Factory, Shop 23 And 24, Plot 5, Ground Floor, Sector 02, Kharghar, Navi Mumbai"
"Shop 9/10/11/12, Ground Floor, Disha Apartment, Chikoowadi, Ward-R/C, Opposite Joggers Park, Borivali West, Mumbai",https://www.zomato.com/mumbai/the-veg-treat-udupi-1-borivali-west,a257f1195d39c7c7883416814a360aef9dadcebf,The Veg Treat Udupi,"
Chikoowadi, Borivali West, Mumbai, Maharashtra 400092","https://www.google.com/maps/place/The+Veg+Treat+Udupi/@19.2224375,72.8300503,16z/data=!4m10!1m2!2m1!1sThe+Veg+Treat+Udupi+Shop+9%2F10%2F11%2F12,+Ground+Floor,+Disha+Apartment,+Chikoowadi,+Ward-R%2FC,+Opposite+Joggers+Park,+Borivali+West,+Mumbai!3m6!1s0x3be7b10078c288c5:0xe6627687741bc995!8m2!3d19.2224375!4d72.8390625!15sCoYBVGhlIFZlZyBUcmVhdCBVZHVwaSBTaG9wIDkvMTAvMTEvMTIsIEdyb3VuZCBGbG9vciwgRGlzaGEgQXBhcnRtZW50LCBDaGlrb293YWRpLCBXYXJkLVIvQywgT3Bwb3NpdGUgSm9nZ2VycyBQYXJrLCBCb3JpdmFsaSBXZXN0LCBNdW1iYWlagQEif3RoZSB2ZWcgdHJlYXQgdWR1cGkgc2hvcCA5IDEwIDExIDEyIGdyb3VuZCBmbG9vciBkaXNoYSBhcGFydG1lbnQgY2hpa29vd2FkaSB3YXJkIHIgYyBvcHBvc2l0ZSBqb2dnZXJzIHBhcmsgYm9yaXZhbGkgd2VzdCBtdW1iYWmSARFpbmRpYW5fcmVzdGF1cmFudOABAA!16s%2Fg%2F11x77rr3n9?entry=ttu&g_ep=EgoyMDI2MDMxOC4xIKXMDSoASAFQAw%3D%3D",True,False,0x3be7b10078c288c5:0xe6627687741bc995,The Veg Treat Udupi,https://www.zomato.com/mumbai/the-veg-treat-udupi-1-borivali-west,a257f1195d39c7c7883416814a360aef9dadcebf,"Shop 9/10/11/12, Ground Floor, Disha Apartment, Chikoowadi, Ward-R/C, Opposite Joggers Park, Borivali West, Mumbai",,,,,False,"The Veg Treat Udupi, Shop 9/10/11/12, Ground Floor, Disha Apartment, Chikoowadi, Ward-R/C, Opposite Joggers Park, Borivali West, Mumbai"
"Shop 19, Kabra Metro One Building, JP Road, 7 Bungalows, Andheri West, Mumbai",https://www.zomato.com/mumbai/lygon-st-7-bungalows,9c1a225462cb1a713764705455e3ae40e762169b,Lygon St,"
Kabra Metro one building, Shop 19, Lygon St, JP Rd, Versova, Andheri West, Mumbai, Maharashtra 400053","https://www.google.com/maps/place/Lygon+St/@19.1300813,72.8182722,17z/data=!4m10!1m2!2m1!1sLygon+St.+Shop+19,+Kabra+Metro+One+Building,+JP+Road,+7+Bungalows,+Andheri+West,+Mumbai!3m6!1s0x3be7b727e18dabab:0x83a1179d49d7c1a2!8m2!3d19.1300813!4d72.8227783!15sCldMeWdvbiBTdC4gU2hvcCAxOSwgS2FicmEgTWV0cm8gT25lIEJ1aWxkaW5nLCBKUCBSb2FkLCA3IEJ1bmdhbG93cywgQW5kaGVyaSBXZXN0LCBNdW1iYWlaUyJRbHlnb24gc3Qgc2hvcCAxOSBrYWJyYSBtZXRybyBvbmUgYnVpbGRpbmcganAgcm9hZCA3IGJ1bmdhbG93cyBhbmRoZXJpIHdlc3QgbXVtYmFpkgEKcmVzdGF1cmFudOABAA!16s%2Fg%2F11yxbql3sg?entry=ttu&g_ep=EgoyMDI2MDMxOC4xIKXMDSoASAFQAw%3D%3D",False,False,0x3be7b727e18dabab:0x83a1179d49d7c1a2,,,,,,,,,,
"101, 1st Floor, Vasant Vihar Commercial Complex, Dr. C.G Road, Near Cubic Mall, Chembur, Mumbai",https://www.zomato.com/mumbai/reloaded-bar-and-kitchen-chembur,b427ec6aba5de987e44f050e0df7033103a5d3b8,Rreloaded Club - Hookah Parlour,"
101, 1st Floor, Basant Vihar Commercial Complex, CG Rd, near Cubic Mall, Gulab Park Colony, Vasant Vihar Complex, Chembur, Mumbai, Maharashtra 400074","https://www.google.com/maps/place/Rreloaded+Club+-+Hookah+Parlour/@19.0455226,72.9009514,17z/data=!3m2!4b1!5s0x3be7c6013b7f7179:0x2513380912d17d5c!4m6!3m5!1s0x3be7c605ee2fa4c7:0x877478770a9004f3!8m2!3d19.0455226!4d72.9035263!16s%2Fg%2F11dxlbmc97?entry=ttu&g_ep=EgoyMDI2MDMxOC4xIKXMDSoASAFQAw%3D%3D",False,False,0x3be7c6013b7f7179:0x2513380912d17d5c,,,,,,,,,,
"The Oberoi, Nariman Point, Mumbai",https://www.zomato.com/mumbai/ziya-the-oberoi-mumbai-nariman-point,66800ea33f09510c73a6bcd48a29f73665123306,Ziya Restaurant,"
The Oberoi, Mumbai, Nariman Point, Mumbai, Maharashtra 400021","https://www.google.com/maps/place/Ziya+Restaurant/@18.9267987,72.8177712,17z/data=!3m2!4b1!5s0x3be7c9252102c0b3:0x896e7e4613530b96!4m6!3m5!1s0x3be7d1ef274902ed:0x9bd046edc1058823!8m2!3d18.9267987!4d72.8203461!16s%2Fg%2F124sxncs9?entry=ttu&g_ep=EgoyMDI2MDMxOC4xIKXMDSoASAFQAw%3D%3D",False,False,0x3be7c9252102c0b3:0x896e7e4613530b96,,,,,,,,,,
"Sai Sagar Building, Sector 15, CBD-Belapur, Navi Mumbai",https://www.zomato.com/mumbai/ayame-1-cbd-belapur-navi-mumbai,aef70045684127380c00c472ad4d64d3cd980279,Ayame,"
shop no-7,1st floor, Sai Sagar Complex, plot no-69, Sector 15, CBD Belapur, Navi Mumbai, Maharashtra 400614","https://www.google.com/maps/place/Ayame/@19.0112071,73.0324207,17z/data=!3m2!4b1!5s0x3be7c3adb0afc5b1:0xb65984f1d6abf6e3!4m6!3m5!1s0x3be7c3626d0f5afb:0x3f568d2c0b6e6353!8m2!3d19.0112071!4d73.0349956!16s%2Fg%2F11x6vpkczr?entry=ttu&g_ep=EgoyMDI2MDMxOC4xIKXMDSoASAFQAw%3D%3D",True,False,0x3be7c3adb0afc5b1:0xb65984f1d6abf6e3,,,,,,,,,,
"Shop 1, Simran Plaza, Road 3, Ram Krishna Nagar, Khar, Mumbai",https://www.zomato.com/mumbai/khobake-co-the-bake-room-khar,afbfa33664182bf3757caa55b55cf6bb2e41c8b8,Ayame,"
Shop No. 1, Rd No. 3, Khar, Ram Krishna Nagar, Khar West, Mumbai, Maharashtra 400052","https://www.google.com/maps/place/Khobake+%26+Co.+The+Bake+Room/@19.0716732,72.8368512,17z/data=!3m1!4b1!4m6!3m5!1s0x3be7c971077fdefd:0xa08e32d5d2831001!8m2!3d19.0716732!4d72.8394261!16s%2Fg%2F11xsp4yjs8?entry=ttu&g_ep=EgoyMDI2MDMxOC4xIKXMDSoASAFQAw%3D%3D",False,False,0x3be7c971077fdefd:0xa08e32d5d2831001,Khobake & Co. The Bake Room,https://www.zomato.com/mumbai/khobake-co-the-bake-room-khar,afbfa33664182bf3757caa55b55cf6bb2e41c8b8,"Shop 1, Simran Plaza, Road 3, Ram Krishna Nagar, Khar, Mumbai",19.0716732,72.8394261,,,False,"Khobake & Co. The Bake Room, Shop 1, Simran Plaza, Road 3, Ram Krishna Nagar, Khar, Mumbai"
"Jio World Drive Mall, Bandra Kurla Complex, Mumbai",https://www.zomato.com/mumbai/kofuku-bandra-kurla-complex,ed4e06441fd2428641ff78ebf719b5f32eff4a35,Foo Jio World Drive,"
Jio World Drive, MAKER MAXITY, 1st floor, Bandra Kurla Complex, Mumbai, Maharashtra 400051","https://www.google.com/maps/place/Foo+Jio+World+Drive/@19.05339,72.8459341,17z/data=!3m1!5s0x3be7c920ba779dc1:0xbc4ff6d59a11862d!4m10!1m2!2m1!1sKofuku+Jio+World+Drive+Mall,+Bandra+Kurla+Complex,+Mumbai!3m6!1s0x3be7c95a96b73a07:0xf4d4919f042ba798!8m2!3d19.05339!4d72.8504402!15sCjlLb2Z1a3UgSmlvIFdvcmxkIERyaXZlIE1hbGwsIEJhbmRyYSBLdXJsYSBDb21wbGV4LCBNdW1iYWlaOSI3a29mdWt1IGppbyB3b3JsZCBkcml2ZSBtYWxsIGJhbmRyYSBrdXJsYSBjb21wbGV4IG11bWJhaZIBEGFzaWFuX3Jlc3RhdXJhbnTgAQA!16s%2Fg%2F11j43f_bdz?entry=ttu&g_ep=EgoyMDI2MDMxOC4xIKXMDSoASAFQAw%3D%3D",False,False,0x3be7c920ba779dc1:0xbc4ff6d59a11862d,,,,,,,,,,
"Solitaire Corporate Park, Pathway Building 3 & 4, Andheri Kurla Road, Chakala, Mumbai",https://www.zomato.com/mumbai/one-self-chakala,a8cf93478ab8df65b3ff6254e5859bbdf0a85176,Solitaire Corporate Park,"
Guru Hargovindji Rd, Chakala, Andheri East, Mumbai, Maharashtra 400093","https://www.google.com/maps/place/Solitaire+Corporate+Park/@19.1117627,72.8517054,16z/data=!3m1!5s0x3be7c830d506ae37:0x35c9102b9fef39ca!4m10!1m2!2m1!1sOne+Self+Solitaire+Corporate+Park,+Pathway+Building+3+%26+4,+Andheri+Kurla+Road,+Chakala,+Mumbai!3m6!1s0x3be7c8372bf0a0dd:0xb74305ab55e66a1!8m2!3d19.1117627!4d72.8607176!15sCl5PbmUgU2VsZiBTb2xpdGFpcmUgQ29ycG9yYXRlIFBhcmssIFBhdGh3YXkgQnVpbGRpbmcgMyAmIDQsIEFuZGhlcmkgS3VybGEgUm9hZCwgQ2hha2FsYSwgTXVtYmFpkgEQY29ycG9yYXRlX2NhbXB1c-ABAA!16s%2Fg%2F1vl9pz9c?entry=ttu&g_ep=EgoyMDI2MDMxOC4xIKXMDSoASAFQAw%3D%3D",False,False,0x3be7c830d506ae37:0x35c9102b9fef39ca,,,,,,,,,,
"Opposite Holy Cross Road, IC Colony, Borivali West, Mumbai",https://www.zomato.com/mumbai/banjara-dhaba-borivali-west,77c4d8f58a973bd0d18f77edd9706c3ef673b764,Borivali Banjara Family Restaurant and Party Hall,"
CTS no. 552/B, Holy Cross Rd, opp. PHILIPS TOWER, I C Colony, Borivali West, Mumbai, Maharashtra 400103","https://www.google.com/maps/place/Borivali+Banjara+Family+Restaurant+and+Party+Hall/@19.2529623,72.8465388,17z/data=!3m1!4b1!4m6!3m5!1s0x3be7b1c33afe88c5:0x3e8c3afc19b8d7b3!8m2!3d19.2529623!4d72.8491137!16s%2Fg%2F11jx2vf1mm?entry=ttu&g_ep=EgoyMDI2MDMxOC4xIKXMDSoASAFQAw%3D%3D",False,False,0x3be7b1c33afe88c5:0x3e8c3afc19b8d7b3,Banjara Dhaba,https://www.zomato.com/mumbai/banjara-dhaba-borivali-west,77c4d8f58a973bd0d18f77edd9706c3ef673b764,"Opposite Holy Cross Road, IC Colony, Borivali West, Mumbai",19.2529623,72.8491137,,,False,"Banjara Dhaba, Opposite Holy Cross Road, IC Colony, Borivali West, Mumbai"
"Ground Floor, Dreams Square, Daliya Estate, Off Link Road, Veera Desai Area, Mumbai",https://www.zomato.com/mumbai/b-desi-veera-desai-area,1150925770f14f1a0127fc724b636baa3434fe34,Desi Addicts,"
74-D/5, SV Patel Nagar, Old, Mhada Rd, Four Bungalows, Andheri West, Mumbai, Maharashtra 400053","https://www.google.com/maps/place/Desi+Addicts/@19.1385832,72.7486567,13z/data=!4m10!1m2!2m1!1sB+Desi+Ground+Floor,+Dreams+Square,+Daliya+Estate,+Off+Link+Road,+Veera+Desai+Area,+Mumbai!3m6!1s0x3be7b7591c114cb5:0x7a6f80003b7612be!8m2!3d19.1385832!4d72.8207545!15sClpCIERlc2kgR3JvdW5kIEZsb29yLCBEcmVhbXMgU3F1YXJlLCBEYWxpeWEgRXN0YXRlLCBPZmYgTGluayBSb2FkLCBWZWVyYSBEZXNhaSBBcmVhLCBNdW1iYWlaVyJVYiBkZXNpIGdyb3VuZCBmbG9vciBkcmVhbXMgc3F1YXJlIGRhbGl5YSBlc3RhdGUgb2ZmIGxpbmsgcm9hZCB2ZWVyYSBkZXNhaSBhcmVhIG11bWJhaZIBDW1lYWxfdGFrZWF3YXngAQA!16s%2Fg%2F11rcnz0b1w?entry=ttu&g_ep=EgoyMDI2MDMxOC4xIKXMDSoASAFQAw%3D%3D",False,False,0x3be7b7591c114cb5:0x7a6f80003b7612be,,,,,,,,,,
"Shop 7/8, Classic Corner CHSL, St Andrews Road, Hill Road, Bandra West, Mumbai",https://www.zomato.com/mumbai/kaspers-hill-road-bandra-west,7e8ce82a1da42f9162c4888552ba10a0d660611d,Kaspers,"
Classic Corner, 7/8, St Andrews Rd, Bandra West, Mumbai, Maharashtra 400050","https://www.google.com/maps/place/Kaspers/@19.0550871,72.8241318,17z/data=!3m2!4b1!5s0x3be7c94067cab373:0xd2ee3853f48627d8!4m6!3m5!1s0x3be7c90af8bef80f:0x927e90b3e9e599c6!8m2!3d19.0550871!4d72.8267067!16s%2Fg%2F11yh1h2mcq?entry=ttu&g_ep=EgoyMDI2MDMxOC4xIKXMDSoASAFQAw%3D%3D",True,False,0x3be7c94067cab373:0xd2ee3853f48627d8,,,,,,,,,,
"1/136, Dr Elijah Moses Rd, Gandhi Nagar, Upper Worli, Worli, Mumbai",https://www.zomato.com/mumbai/gimlet-garden-worli,43d10e92c5dbcf825365c572cefdcea2831e1de5,AER,"
34th Floor, 1/136, Dr Elijah Moses Rd, Gandhi Nagar, Upper Worli, Worli, Mumbai, Maharashtra 400018","https://www.google.com/maps/place/AER/@18.9937424,72.8176993,17z/data=!3m1!4b1!4m6!3m5!1s0x3be7ce8fb09e4355:0x37c7f4de8506d6dd!8m2!3d18.9937424!4d72.8202742!16s%2Fg%2F1tv22mnr?entry=ttu&g_ep=EgoyMDI2MDMxOC4xIKXMDSoASAFQAw%3D%3D",False,True,0x3be7ce8fb09e4355:0x37c7f4de8506d6dd,Gimlet Garden,https://www.zomato.com/mumbai/gimlet-garden-worli,43d10e92c5dbcf825365c572cefdcea2831e1de5,"1/136, Dr Elijah Moses Rd, Gandhi Nagar, Upper Worli, Worli, Mumbai",18.993915,72.8200655,,,False,"Gimlet Garden, 1/136, Dr Elijah Moses Rd, Gandhi Nagar, Upper Worli, Worli, Mumbai"
"First Floor, Lotus Trade Center, New Link Road, Near BMW Showroom, Azad Nagar, Mumbai",https://www.zomato.com/mumbai/pastovilla-azad-nagar,8522b2cb48b83164b43117112efd0881411a5dcd,Lotus Trade Center,"
lotus trade center, New Link Rd, next to AUDI Showroom, opp. Star Bazar, Sahakar Nagar, Azad Nagar, Andheri West, Mumbai, Maharashtra 400053","https://www.google.com/maps/place/Lotus+Trade+Center/@19.1298757,72.827302,17z/data=!4m10!1m2!2m1!1sPastovilla+First+Floor,+Lotus+Trade+Center,+New+Link+Road,+Near+BMW+Showroom,+Azad+Nagar,+Mumbai!3m6!1s0x3be7b7bba1c3c63d:0xf64b439ea61b63c1!8m2!3d19.1298757!4d72.8318081!15sCmBQYXN0b3ZpbGxhIEZpcnN0IEZsb29yLCBMb3R1cyBUcmFkZSBDZW50ZXIsIE5ldyBMaW5rIFJvYWQsIE5lYXIgQk1XIFNob3dyb29tLCBBemFkIE5hZ2FyLCBNdW1iYWlaXSJbcGFzdG92aWxsYSBmaXJzdCBmbG9vciBsb3R1cyB0cmFkZSBjZW50ZXIgbmV3IGxpbmsgcm9hZCBuZWFyIGJtdyBzaG93cm9vbSBhemFkIG5hZ2FyIG11bWJhaZIBEGNvcnBvcmF0ZV9vZmZpY2WaASNDaFpEU1VoTk1HOW5TMFZKUTBGblNVUmxiVmxQT1VkUkVBReABAPoBBAgAED4!16s%2Fg%2F11gh_n6vcr?entry=ttu&g_ep=EgoyMDI2MDMxOC4xIKXMDSoASAFQAw%3D%3D",False,False,0x3be7b7bba1c3c63d:0xf64b439ea61b63c1,,,,,,,,,,
"1st Floor, Sunrise Cooperative Society, Linking Road, Bandra West, Mumbai",https://www.zomato.com/mumbai/idoru-linking-road-bandra-west,b673135a35035440b8640de2a6251c6d1ee989a8,Idoru,"
1st Floor, Sunrise Cooperative Society, Rd Number 24, Khar West, Mumbai, Maharashtra 400052","https://www.google.com/maps/place/Idoru/@19.0642846,72.8302944,17z/data=!3m1!4b1!4m6!3m5!1s0x3be7c9e650dbae8f:0x92a505026a4eb633!8m2!3d19.0642846!4d72.8328693!16s%2Fg%2F11yrnbb8tr?entry=ttu&g_ep=EgoyMDI2MDMxOC4xIKXMDSoASAFQAw%3D%3D",True,False,0x3be7c9e650dbae8f:0x92a505026a4eb633,,,,,,,,,,
"4/1, Sekseria Chawl, Sunder Nagar, Liberty Garden, Malad West, Mumbai",https://www.zomato.com/mumbai/mamas-by-banjara-dhaba-malad-west,4ea365d7657e4778becc0f3ea6c564d29b189732,Mama's Family Restaurant,"
Swami Vivekanand Rd, Rani Sati Nagar, Pawan Baug, Sunder Nagar, Malad West, Mumbai, Maharashtra 400064","https://www.google.com/maps/place/Mama's+Family+Restaurant/@19.1764513,72.8433129,17z/data=!3m1!4b1!4m6!3m5!1s0x3be7b777a036527f:0x11c6ea878c315d6c!8m2!3d19.1764513!4d72.8458878!16s%2Fg%2F11t2b5wqhk?entry=ttu&g_ep=EgoyMDI2MDMxOC4xIKXMDSoASAFQAw%3D%3D",False,False,0x3be7b777a036527f:0x11c6ea878c315d6c,,,,,,,,,,
"Near Chakala Metro Station, J B Nagar, Andheri Kurla Road, Chakala, Mumbai",https://www.zomato.com/mumbai/the-solitaire-by-kohinoor-continental-chakala,b45a459b21637b7d4b6e5c4e494ef263895ba2b9,Solitaire,"
1st Floor, Hotel Kohinoor Continental, Andheri - Kurla Rd, J B Nagar, Andheri East, Mumbai, Maharashtra 400059","https://www.google.com/maps/place/Solitaire/@19.1105887,72.8519744,15z/data=!3m1!5s0x3be7c8395ccecf1d:0xcdd6a3f85a182045!4m10!1m2!2m1!1sThe+Solitaire+by+Kohinoor+Continental+Near+Chakala+Metro+Station,+J+B+Nagar,+Andheri+Kurla+Road,+Chakala,+Mumbai!3m6!1s0x3be7c8397b13ee17:0x3639f8ae20d77d1c!8m2!3d19.1123034!4d72.8679627!15sCnBUaGUgU29saXRhaXJlIGJ5IEtvaGlub29yIENvbnRpbmVudGFsIE5lYXIgQ2hha2FsYSBNZXRybyBTdGF0aW9uLCBKIEIgTmFnYXIsIEFuZGhlcmkgS3VybGEgUm9hZCwgQ2hha2FsYSwgTXVtYmFpWm0ia3RoZSBzb2xpdGFpcmUgYnkga29oaW5vb3IgY29udGluZW50YWwgbmVhciBjaGFrYWxhIG1ldHJvIHN0YXRpb24gamIgbmFnYXIgYW5kaGVyaSBrdXJsYSByb2FkIGNoYWthbGEgbXVtYmFpkgEKcmVzdGF1cmFudOABAA!16s%2Fg%2F1tfgbp_t?entry=ttu&g_ep=EgoyMDI2MDMxOC4xIKXMDSoASAFQAw%3D%3D",False,False,0x3be7c8395ccecf1d:0xcdd6a3f85a182045,,,,,,,,,,
"Shop 8, Plot 17, Sai Prasad Shopping Complex, Sector 8, Nerul, Navi Mumbai",https://www.zomato.com/mumbai/western-tadka-multicuisine-family-restaurant-nerul-navi-mumbai,0518818211a365e26bb371a5cff4f8a6bf4ac50a,Northern Tadka,"
2nd floor, Unit no.54/56 ,Plot no R-1, Nexus Seawoods, Sec40, Navi Mumbai, Maharashtra 400706","https://www.google.com/maps/place/Northern+Tadka/@19.1105151,72.6974565,11z/data=!3m1!5s0x3be7c3bd97add197:0x7d7b49ce361d9f15!4m16!1m8!2m7!1sWestern+Tadka+Multicuisine+Family+Restaurant+Shop+8,+Plot+17,+Sai+Prasad+Shopping+Complex,+Sector+8,+Nerul,+Navi+Mumbai!3m5!2sChakala!3s0x3be7c83966044071:0xdf3c0601bbc89ec!4m2!1d72.8676571!2d19.1120538!3m6!1s0x3be7c3be97405c39:0xdf46dcb7dde0ddbf!8m2!3d19.0209706!4d73.0183121!15sCndXZXN0ZXJuIFRhZGthIE11bHRpY3Vpc2luZSBGYW1pbHkgUmVzdGF1cmFudCBTaG9wIDgsIFBsb3QgMTcsIFNhaSBQcmFzYWQgU2hvcHBpbmcgQ29tcGxleCwgU2VjdG9yIDgsIE5lcnVsLCBOYXZpIE11bWJhaVp0InJ3ZXN0ZXJuIHRhZGthIG11bHRpY3Vpc2luZSBmYW1pbHkgcmVzdGF1cmFudCBzaG9wIDggcGxvdCAxNyBzYWkgcHJhc2FkIHNob3BwaW5nIGNvbXBsZXggc2VjdG9yIDggbmVydWwgbmF2aSBtdW1iYWmSARdub3J0aF9pbmRpYW5fcmVzdGF1cmFudOABAA!16s%2Fg%2F11f54n074v?entry=ttu&g_ep=EgoyMDI2MDMxOC4xIKXMDSoASAFQAw%3D%3D",False,False,0x3be7c3bd97add197:0x7d7b49ce361d9f15,,,,,,,,,,
"Opposite JB Nagar, Andheri Kurla Road, Andheri East, Chakala, Mumbai",https://www.zomato.com/mumbai/the-beryl-club-kohinoor-continental-chakala,ce807e0a55023e9f97c84a726555688f710152db,Beryl Club,"
Lobby B-Wing, Hotel Kohinoor Continental, Andheri - Kurla Rd, J B Nagar, Andheri East, Mumbai, Maharashtra 400059","https://www.google.com/maps/place/Beryl+Club/@19.1122607,72.8653649,17z/data=!3m1!4b1!4m6!3m5!1s0x3be7c83ec508ead5:0x98a9b1236bd32557!8m2!3d19.1122607!4d72.8679398!16s%2Fg%2F1tx_4v0s?entry=ttu&g_ep=EgoyMDI2MDMxOC4xIKXMDSoASAFQAw%3D%3D",False,False,0x3be7c83ec508ead5:0x98a9b1236bd32557,,,,,,,,,,
"2, Ground Floor, A Block, Dhanraj Mahal, Apollo Bandar, Chatrapati Shivaji Maharaj Road, Colaba, Mumbai",https://www.zomato.com/mumbai/bombay-brasserie-colaba,6586f1130adf3352706d17e319e6d1e175f82639,Bombay Brasserie Colaba,"
Dhanraj Mahal, Chhatrapati Shivaji Maharaj Marg, Apollo Bandar, Colaba, Mumbai, Maharashtra 400001","https://www.google.com/maps/place/Bombay+Brasserie+Colaba/@18.9240664,72.8309865,17z/data=!3m1!4b1!4m6!3m5!1s0x3be7d1f39276d4ff:0x8cdc128f474443d4!8m2!3d18.9240664!4d72.8335614!16s%2Fg%2F11k4qgvx_j?entry=ttu&g_ep=EgoyMDI2MDMxOC4xIKXMDSoASAFQAw%3D%3D",True,False,0x3be7d1f39276d4ff:0x8cdc128f474443d4,Bombay Brasserie,https://www.zomato.com/mumbai/bombay-brasserie-colaba,6586f1130adf3352706d17e319e6d1e175f82639,"2, Ground Floor, A Block, Dhanraj Mahal, Apollo Bandar, Chatrapati Shivaji Maharaj Road, Colaba, Mumbai",18.9240664,72.8335614,,,False,"Bombay Brasserie, 2, Ground Floor, A Block, Dhanraj Mahal, Apollo Bandar, Chatrapati Shivaji Maharaj Road, Colaba, Mumbai"
"Survey 21/1, Near Lake Dhokawade, Zirad, Alibag",https://www.zomato.com/mumbai/paisley-experience-zirad,381c9689323d3d4243832ed75bb24bed1b0af7ce,Paisley Experience,"
Jiji's Resort, Lake Dhokawade, Alibag, Maharashtra 402208","https://www.google.com/maps/place/Paisley+Experience/@18.7840705,72.8808368,17z/data=!3m1!4b1!4m6!3m5!1s0x3be7d7b753ad6357:0xe594078ce3538a54!8m2!3d18.7840705!4d72.8834117!16s%2Fg%2F11fjmmvf_z?entry=ttu&g_ep=EgoyMDI2MDMxOC4xIKXMDSoASAFQAw%3D%3D",True,False,0x3be7d7b753ad6357:0xe594078ce3538a54,,,,,,,,,,
"Shop 03, Shram Safalya Nivas, Nalasopara, Mumbai",https://www.zomato.com/mumbai/aks-cafe-nalasopara,1f05caeddd519eb8e55faaa03b79174d633521a1,Ak's cafe,"
2, Golibar Rd, Indira Nagar, Ghatkopar West, Mumbai, Maharashtra 400086","https://www.google.com/maps/place/Ak's+cafe/@19.094437,72.6209717,11z/data=!4m10!1m2!2m1!1sAK's+Cafe+Shop+03,+Shram+Safalya+Nivas,+Nalasopara,+Mumbai!3m6!1s0x3be7c7bd458b2de1:0x53be4228e18ceee3!8m2!3d19.094437!4d72.9093628!15sCjpBSydzIENhZmUgU2hvcCAwMywgU2hyYW0gU2FmYWx5YSBOaXZhcywgTmFsYXNvcGFyYSwgTXVtYmFpkgEEY2FmZeABAA!16s%2Fg%2F11wvlcymg_?entry=ttu&g_ep=EgoyMDI2MDMxOC4xIKXMDSoASAFQAw%3D%3D",True,False,0x3be7c7bd458b2de1:0x53be4228e18ceee3,,,,,,,,,,
"266, Next to Shopper's Stop, Linking Road, Bandra West, Mumbai",https://www.zomato.com/mumbai/the-great-punjab-linking-road-bandra-west,16d6be49bf5820b0b52a9961a144a46c7248b3d2,The Great Punjab Restaurant,"
266, Linking Rd, Bandra West, Mumbai, Maharashtra 400050","https://www.google.com/maps/place/The+Great+Punjab+Restaurant/@19.0608648,72.833872,17z/data=!3m1!4b1!4m6!3m5!1s0x3be7c91654e17023:0x63768c79bff3e1f1!8m2!3d19.0608648!4d72.8364469!16s%2Fg%2F11g8ykxh_m?entry=ttu&g_ep=EgoyMDI2MDMxOC4xIKXMDSoASAFQAw%3D%3D",True,False,0x3be7c91654e17023:0x63768c79bff3e1f1,The Great Punjab,https://www.zomato.com/mumbai/the-great-punjab-linking-road-bandra-west,16d6be49bf5820b0b52a9961a144a46c7248b3d2,"266, Next to Shopper's Stop, Linking Road, Bandra West, Mumbai",19.0653947,72.83110429999999,,,False,"The Great Punjab, 266, Next to Shopper's Stop, Linking Road, Bandra West, Mumbai"
"Unit F, 41, Kamani, Ashok Nagar, Lal Bahadur Shastri Marg, Phoenix Marketcity Shopping Mall, Kurla, Mumbai",https://www.zomato.com/mumbai/jamie-olivers-pizzeria-kurla,732905b6f7e4627a1bc6a49898f16589b8bbd489,Jamie Oliver’s Pizzeria,"
3VPQ+FV8, Sunder Baug Ln, Kurla West, Kurla, Mumbai, Maharashtra 400070","https://www.google.com/maps/place/Jamie+Oliver%E2%80%99s+Pizzeria/@19.0861617,72.8871145,17z/data=!3m1!4b1!4m6!3m5!1s0x3be7c9002abcfde7:0xbfb953ddfd39938e!8m2!3d19.0861617!4d72.8896894!16s%2Fg%2F11y_xtfhsx?entry=ttu&g_ep=EgoyMDI2MDMxOC4xIKXMDSoASAFQAw%3D%3D",False,False,0x3be7c9002abcfde7:0xbfb953ddfd39938e,Jamie Oliver's Pizzeria,https://www.zomato.com/mumbai/jamie-olivers-pizzeria-kurla,732905b6f7e4627a1bc6a49898f16589b8bbd489,"Unit F, 41, Kamani, Ashok Nagar, Lal Bahadur Shastri Marg, Phoenix Marketcity Shopping Mall, Kurla, Mumbai",19.0861617,72.8896894,,,False,"Jamie Oliver's Pizzeria, Unit F, 41, Kamani, Ashok Nagar, Lal Bahadur Shastri Marg, Phoenix Marketcity Shopping Mall, Kurla, Mumbai"
"4/277, IB Patel Road, Goregaon East, Mumbai",https://www.zomato.com/mumbai/cafe-fleur-goregaon-east,d9edbbbfedf7cda7685ce35890dc2675c4008794,Fleur Restaurant - The Fern Hotel Goregaon,"
4/277, IB Patel Rd, Behind H.P Petrol, Jay Prakash Nagar, Goregaon East, Mumbai, Maharashtra 400063","https://www.google.com/maps/place/Fleur+Restaurant+-+The+Fern+Hotel+Goregaon/@19.1621974,72.8544402,17z/data=!3m1!4b1!4m6!3m5!1s0x3be7b7b218b4a51f:0x7de9f37ae1f7f4d0!8m2!3d19.1621974!4d72.8570151!16s%2Fg%2F11css7mqdb?entry=ttu&g_ep=EgoyMDI2MDMxOC4xIKXMDSoASAFQAw%3D%3D",False,False,0x3be7b7b218b4a51f:0x7de9f37ae1f7f4d0,Cafe Fleur,https://www.zomato.com/mumbai/cafe-fleur-goregaon-east,d9edbbbfedf7cda7685ce35890dc2675c4008794,"4/277, IB Patel Road, Goregaon East, Mumbai",19.1621974,72.8570151,,,False,"Cafe Fleur, 4/277, IB Patel Road, Goregaon East, Mumbai"
"9, Plot 311, Ground Floor, Mehta Bhavan, Charni Road, Mumbai",https://www.zomato.com/mumbai/mish-cafe-charni-road,4d7eb98e89fba9c8e088ade1256f6d62d55db997,Mish Cafe,"
shop no 9, Hinduja College, Mehta bhavan, lane, Raja Ram Mohan Roy Rd, Mumbai, Maharashtra 400004","https://www.google.com/maps/place/Mish+Cafe/@18.953211,72.8134772,17z/data=!3m1!5s0x3be7ce10741f3d9d:0x6d0fd0a5524102a6!4m10!1m2!2m1!1sMish+Cafe+9,+Plot+311,+Ground+Floor,+Mehta+Bhavan,+Charni+Road,+Mumbai!3m6!1s0x3be7cf4d0d53a237:0x7e8d29e1e272813f!8m2!3d18.953211!4d72.8179833!15sCkZNaXNoIENhZmUgOSwgUGxvdCAzMTEsIEdyb3VuZCBGbG9vciwgTWVodGEgQmhhdmFuLCBDaGFybmkgUm9hZCwgTXVtYmFpWkMiQW1pc2ggY2FmZSA5IHBsb3QgMzExIGdyb3VuZCBmbG9vciBtZWh0YSBiaGF2YW4gY2hhcm5pIHJvYWQgbXVtYmFpkgEEY2FmZeABAA!16s%2Fg%2F11shn7hjm4?entry=ttu&g_ep=EgoyMDI2MDMxOC4xIKXMDSoASAFQAw%3D%3D",True,False,0x3be7ce10741f3d9d:0x6d0fd0a5524102a6,,,,,,,,,,
"IA Project Road, Near Chhatrapati Shivaji International Airport, Chakala, Mumbai",https://www.zomato.com/mumbai/jw-café-jw-marriott-mumbai-sahar-chakala,f9d6bb5097f35d46307d1facdb7131ec94661c8a,JW Marriott Mumbai Sahar,"
Chhatrapati Shivaji International Airport, IA Project Rd, Navpada, Vile Parle East, Vile Parle, Andheri, Mumbai, Maharashtra 400099","https://www.google.com/maps/place/JW+Marriott+Mumbai+Sahar/@19.1032225,72.873303,17z/data=!4m13!1m2!2m1!1sJW+Caf%C3%A9+-+JW+Marriott+Mumbai+Sahar+IA+Project+Road,+Near+Chhatrapati+Shivaji+International+Airport,+Chakala,+Mumbai!3m9!1s0x3be7c85bfc54069b:0xadd0d13590dc633!5m2!4m1!1i2!8m2!3d19.1032225!4d72.8778091!15sCnRKVyBDYWbDqSAtIEpXIE1hcnJpb3R0IE11bWJhaSBTYWhhciBJQSBQcm9qZWN0IFJvYWQsIE5lYXIgQ2hoYXRyYXBhdGkgU2hpdmFqaSBJbnRlcm5hdGlvbmFsIEFpcnBvcnQsIENoYWthbGEsIE11bWJhaVpxIm9qdyBjYWbDqSBqdyBtYXJyaW90dCBtdW1iYWkgc2FoYXIgaWEgcHJvamVjdCByb2FkIG5lYXIgY2hoYXRyYXBhdGkgc2hpdmFqaSBpbnRlcm5hdGlvbmFsIGFpcnBvcnQgY2hha2FsYSBtdW1iYWmSAQVob3RlbOABAA!16s%2Fg%2F11b6mln889?entry=ttu&g_ep=EgoyMDI2MDMxOC4xIKXMDSoASAFQAw%3D%3D",False,False,0x3be7c85bfc54069b:0xadd0d13590dc633,Romano's - JW Marriott Mumbai Sahar,https://www.zomato.com/mumbai/romanos-jw-marriott-mumbai-sahar-chakala,acd319c3dc35c8a32c71a9143f9ddeb3d88bfb33,"JW Marriott Mumbai Sahar, IA Project Road, Chhatrapati Shivaji International Airport, Chakala, Mumbai",,,,,False,"Romano's - JW Marriott Mumbai Sahar, JW Marriott Mumbai Sahar, IA Project Road, Chhatrapati Shivaji International Airport, Chakala, Mumbai"
"IA Project Road, Near Chhatrapati Shivaji International Airport, Chakala, Mumbai",https://www.zomato.com/mumbai/jw-café-jw-marriott-mumbai-sahar-chakala,f9d6bb5097f35d46307d1facdb7131ec94661c8a,JW Marriott Mumbai Sahar,"
Chhatrapati Shivaji International Airport, IA Project Rd, Navpada, Vile Parle East, Vile Parle, Andheri, Mumbai, Maharashtra 400099","https://www.google.com/maps/place/JW+Marriott+Mumbai+Sahar/@19.1032225,72.873303,17z/data=!4m13!1m2!2m1!1sJW+Caf%C3%A9+-+JW+Marriott+Mumbai+Sahar+IA+Project+Road,+Near+Chhatrapati+Shivaji+International+Airport,+Chakala,+Mumbai!3m9!1s0x3be7c85bfc54069b:0xadd0d13590dc633!5m2!4m1!1i2!8m2!3d19.1032225!4d72.8778091!15sCnRKVyBDYWbDqSAtIEpXIE1hcnJpb3R0IE11bWJhaSBTYWhhciBJQSBQcm9qZWN0IFJvYWQsIE5lYXIgQ2hoYXRyYXBhdGkgU2hpdmFqaSBJbnRlcm5hdGlvbmFsIEFpcnBvcnQsIENoYWthbGEsIE11bWJhaVpxIm9qdyBjYWbDqSBqdyBtYXJyaW90dCBtdW1iYWkgc2FoYXIgaWEgcHJvamVjdCByb2FkIG5lYXIgY2hoYXRyYXBhdGkgc2hpdmFqaSBpbnRlcm5hdGlvbmFsIGFpcnBvcnQgY2hha2FsYSBtdW1iYWmSAQVob3RlbOABAA!16s%2Fg%2F11b6mln889?entry=ttu&g_ep=EgoyMDI2MDMxOC4xIKXMDSoASAFQAw%3D%3D",False,False,0x3be7c85bfc54069b:0xadd0d13590dc633,BarQat - JW Marriott Mumbai Sahar,https://www.zomato.com/mumbai/barqat-jw-marriott-mumbai-sahar-chakala,8b998b97f971c625a8df0b8412f345ca740b362f,"IA Project Road, Chhatrapati Shivaji International Airport, Chakala, Mumbai",,,,,False,"BarQat - JW Marriott Mumbai Sahar, IA Project Road, Chhatrapati Shivaji International Airport, Chakala, Mumbai"
"Trident Hotel, Opposite Air India Building, Nariman Point, Mumbai",https://www.zomato.com/mumbai/ness-trident-nariman-point-nariman-point,562801e9ec77af27ee5184cec2094791eefdadc4,Frangipani,"
Lower Lobby Level, Trident, near Air India Building, Nariman Point, Mumbai, Maharashtra 400021","https://www.google.com/maps/place/Frangipani/@18.9278282,72.8184433,17z/data=!3m1!5s0x3be7c93017f5e11d:0x3c19a3f6933b3033!4m10!3m9!1s0x3be7d123e6bce655:0x48eb0a1559e3cc92!5m3!1s2026-03-23!4m1!1i2!8m2!3d18.9277235!4d72.821034!16s%2Fg%2F1tyzxg65?entry=ttu&g_ep=EgoyMDI2MDMxOC4xIKXMDSoASAFQAw%3D%3D",False,False,0x3be7c93017f5e11d:0x3c19a3f6933b3033,,,,,,,,,,
"FR-06 and FR-06A Phoenix Mills Compound, 462 Senapati Bapat Marg, Lower Parel, Maharashtra, Lower Parel, Mumbai",https://www.zomato.com/mumbai/andreas-brasserie-lower-parel,0c6c40bedb86944a2eabb929e17592799e686011,Andrea’s Brasserie,"
No.4th Floor, Unit No.6, Floor, Located in- Phoenix Palladium, 462, Senapati Bapat Marg, Lower, Parel, Mumbai, Maharashtra 400013","https://www.google.com/maps/place/Andrea%E2%80%99s+Brasserie/@18.9945652,72.8224506,17z/data=!3m1!4b1!4m6!3m5!1s0x3be7cf465179a319:0x7a07d179ff13724d!8m2!3d18.9945652!4d72.8250255!16s%2Fg%2F11xlsfh9_0?entry=ttu&g_ep=EgoyMDI2MDMxOC4xIKXMDSoASAFQAw%3D%3D",False,False,0x3be7cf465179a319:0x7a07d179ff13724d,Andreas Brasserie,https://www.zomato.com/mumbai/andreas-brasserie-lower-parel,0c6c40bedb86944a2eabb929e17592799e686011,"FR-06 and FR-06A Phoenix Mills Compound, 462 Senapati Bapat Marg, Lower Parel, Maharashtra, Lower Parel, Mumbai",18.9945652,72.8250255,,,False,"Andreas Brasserie, FR-06 and FR-06A Phoenix Mills Compound, 462 Senapati Bapat Marg, Lower Parel, Maharashtra, Lower Parel, Mumbai"
"51/B, Ground And 1st Floor, Sculpture Park, Village Vikhroli, Ward N, Vikhroli, Mumbai",https://www.zomato.com/mumbai/kmc-bar-bistro-pirojshanagar-vikhroli,a215cc22afa4eb894eeddfe2ff6d7c8a0899b900,"KMC Bar & Bistro, Pirojshanagar","
KMC Bar and Bistro, 1, Sculpture Park, The Trees Rd, Pirojshanagar, Vikhroli East, Mumbai, Maharashtra 400079","https://www.google.com/maps/place/KMC+Bar+%26+Bistro,+Pirojshanagar/@19.0932406,72.918271,17z/data=!3m1!4b1!4m6!3m5!1s0x3be7c7dd6147424f:0x5814bb61a15c620a!8m2!3d19.0932406!4d72.9208459!16s%2Fg%2F11yd1vtm7_?entry=ttu&g_ep=EgoyMDI2MDMxOC4xIKXMDSoASAFQAw%3D%3D",True,False,0x3be7c7dd6147424f:0x5814bb61a15c620a,"KMC Bar & Bistro, Pirojshanagar",https://www.zomato.com/mumbai/kmc-bar-bistro-pirojshanagar-vikhroli,a215cc22afa4eb894eeddfe2ff6d7c8a0899b900,"51/B, Ground And 1st Floor, Sculpture Park, Village Vikhroli, Ward N, Vikhroli, Mumbai",19.0932406,72.9208459,,,False,"KMC Bar & Bistro, Pirojshanagar, 51/B, Ground And 1st Floor, Sculpture Park, Village Vikhroli, Ward N, Vikhroli, Mumbai"
"2nd Floor, Tenth Central Mall, Mahavir Nagar, Near Kotak Mahindra, Kandivali West, Mumbai",https://www.zomato.com/mumbai/rizz-kandivali-west,6e466aa8a8ee4c3f3d9a0070477b919296e32491,Kotak Mahindra Bank,"
Xth Central Mall, Mahavir Nagar, Kandivali(W, Mumbai, Maharashtra 400067","https://www.google.com/maps/place/Kotak+Mahindra+Bank/@19.2135268,72.8228059,15z/data=!3m1!5s0x3be7b6d0540244d7:0x942c3db98334b085!4m10!1m2!2m1!1sRizz+2nd+Floor,+Tenth+Central+Mall,+Mahavir+Nagar,+Near+Kotak+Mahindra,+Kandivali+West,+Mumbai!3m6!1s0x3be7b6d1f5b89afd:0xf54a198897cb6d70!8m2!3d19.2135268!4d72.8408303!15sCl5SaXp6IDJuZCBGbG9vciwgVGVudGggQ2VudHJhbCBNYWxsLCBNYWhhdmlyIE5hZ2FyLCBOZWFyIEtvdGFrIE1haGluZHJhLCBLYW5kaXZhbGkgV2VzdCwgTXVtYmFpWlsiWXJpenogMm5kIGZsb29yIHRlbnRoIGNlbnRyYWwgbWFsbCBtYWhhdmlyIG5hZ2FyIG5lYXIga290YWsgbWFoaW5kcmEga2FuZGl2YWxpIHdlc3QgbXVtYmFpkgEEYmFua-ABAA!16s%2Fg%2F11b7c37g3t?entry=ttu&g_ep=EgoyMDI2MDMxOC4xIKXMDSoASAFQAw%3D%3D",False,False,0x3be7b6d0540244d7:0x942c3db98334b085,,,,,,,,,,
"Shop 2, Third Floor, Oberoi Mall, Near Western Express Highway, Goregaon East, Mumbai",https://www.zomato.com/mumbai/farzi-cafe-goregaon-east,629ef4954fff3ba5f9350f6d0f5f1187eacca62a,Farzi Cafe,"
Third Floor, Oberoi Mall, Unit no- 2, off Western Urban Road, Yashodham, Goregaon East, Mumbai, Maharashtra 400063","https://www.google.com/maps/place/Farzi+Cafe/@19.1737259,72.8581331,17z/data=!3m2!4b1!5s0x3be7b7a9b549eb6b:0x766aee4d2da985c4!4m6!3m5!1s0x3be7b7a84bc7bb29:0xd7df535480570426!8m2!3d19.1737259!4d72.860708!16s%2Fg%2F11fy2gnv75?entry=ttu&g_ep=EgoyMDI2MDMxOC4xIKXMDSoASAFQAw%3D%3D",True,False,0x3be7b7a9b549eb6b:0x766aee4d2da985c4,,,,,,,,,,
"Hotel Sahara Star, Western Express Hwy, Service Rd, opposite Terminal 1, Vile Parle East, Mumbai",https://www.zomato.com/mumbai/the-earth-plate-sahara-star-vile-parle-east,0391194ca3184dcbc6f40b67e329f298b22243dd,The Earth Plate,"
Hotel Sahara Star, Western Express Hwy, Service Rd, opposite Terminal 1, Vile Parle East, Vile Parle, Mumbai, Maharashtra 400099","https://www.google.com/maps/place/The+Earth+Plate/@19.095616,72.8514481,17z/data=!3m1!4b1!4m6!3m5!1s0x3be7c852830023b1:0x8e730e970d732319!8m2!3d19.095616!4d72.854023!16s%2Fg%2F1tfjp50c?entry=ttu&g_ep=EgoyMDI2MDMxOC4xIKXMDSoASAFQAw%3D%3D",False,False,0x3be7c852830023b1:0x8e730e970d732319,The Earth Plate - Sahara Star,https://www.zomato.com/mumbai/the-earth-plate-sahara-star-vile-parle-east,0391194ca3184dcbc6f40b67e329f298b22243dd,"Hotel Sahara Star, Western Express Hwy, Service Rd, opposite Terminal 1, Vile Parle East, Mumbai",,,,,False,"The Earth Plate - Sahara Star, Hotel Sahara Star, Western Express Hwy, Service Rd, opposite Terminal 1, Vile Parle East, Mumbai"
"Shop 11, 12 & 13, Plot 35A, Ground Floor and First Floor, Lords CHS Building, Sector 15, CBD-Belapur, Navi Mumbai",https://www.zomato.com/mumbai/aphrodite-cafe-lounge-restaurant-cbd-belapur-navi-mumbai,a92c116a2c4c95af329f2fe2f16ab91d60cbe915,Aphrodite Bar & Cafe,"
Shop No. 13, Lord CHS, Plot no 35 & 35A, Sector 15, CBD Belapur, Navi Mumbai, Maharashtra 400614","https://www.google.com/maps/place/Aphrodite+Bar+%26+Cafe/@19.0097455,73.0280269,17z/data=!3m1!4b1!4m6!3m5!1s0x3be7c37ec47b5dd1:0xbf38927cdf862d0e!8m2!3d19.0097455!4d73.0306018!16s%2Fg%2F11y0s5jck_?entry=ttu&g_ep=EgoyMDI2MDMxOC4xIKXMDSoASAFQAw%3D%3D",False,False,0x3be7c37ec47b5dd1:0xbf38927cdf862d0e,,,,,,,,,,
"Shop 9/10/11/12, Plot 51, Near Canara Bank, Airoli, Navi Mumbai",https://www.zomato.com/mumbai/masala-madness-multi-cuisine-family-resto-bar-airoli-navi-mumbai,ec50cd0061ae84aeced48b56a6949a65aa42ac5e,Masala Madness - Multi Cuisine Family Resto Bar,"
Sec:-19, Ashapura Park, Shop no :- 9,10,11 & 12, Plot No:-51, near Canara Bank, Airoli, Navi Mumbai, Maharashtra 400708","https://www.google.com/maps/place/Masala+Madness+-+Multi+Cuisine+Family+Resto+Bar/@19.1589861,72.9732077,15z/data=!4m10!1m2!2m1!1sMasala+Madness+Multi+Cuisine+Family+Resto+Bar+Shop+9%2F10%2F11%2F12,+Plot+51,+Near+Canara+Bank,+Airoli,+Navi+Mumbai!3m6!1s0x3be7b9c6a12be635:0x3bdd4ee877a672fc!8m2!3d19.1589861!4d72.9912321!15sCm1NYXNhbGEgTWFkbmVzcyBNdWx0aSBDdWlzaW5lIEZhbWlseSBSZXN0byBCYXIgU2hvcCA5LzEwLzExLzEyLCBQbG90IDUxLCBOZWFyIENhbmFyYSBCYW5rLCBBaXJvbGksIE5hdmkgTXVtYmFpWmsiaW1hc2FsYSBtYWRuZXNzIG11bHRpIGN1aXNpbmUgZmFtaWx5IHJlc3RvIGJhciBzaG9wIDkgMTAgMTEgMTIgcGxvdCA1MSBuZWFyIGNhbmFyYSBiYW5rIGFpcm9saSBuYXZpIG11bWJhaZIBCnJlc3RhdXJhbnTgAQA!16s%2Fg%2F11x5szrrjc?entry=ttu&g_ep=EgoyMDI2MDMxOC4xIKXMDSoASAFQAw%3D%3D",False,False,0x3be7b9c6a12be635:0x3bdd4ee877a672fc,Masala Madness Multi Cuisine Family Resto Bar,https://www.zomato.com/mumbai/masala-madness-multi-cuisine-family-resto-bar-airoli-navi-mumbai,ec50cd0061ae84aeced48b56a6949a65aa42ac5e,"Shop 9/10/11/12, Plot 51, Near Canara Bank, Airoli, Navi Mumbai",19.1589861,72.99123209999999,,,False,"Masala Madness Multi Cuisine Family Resto Bar, Shop 9/10/11/12, Plot 51, Near Canara Bank, Airoli, Navi Mumbai"
"B-43, New Link Road, Veera Desai Area, Mumbai",https://www.zomato.com/mumbai/pana-all-day-dining-veera-desai-area,d9addac902e332f77793819dd563f7f3cd99b885,"Pana - All Day Dining, Andheri Lokhandwala","
13 Floor, B-43, New Link Rd, Veera Desai Industrial Estate, Andheri West, Mumbai, Maharashtra 400053","https://www.google.com/maps/place/Pana+-+All+Day+Dining,+Andheri+Lokhandwala/@19.1389507,72.8294763,17z/data=!3m1!4b1!4m6!3m5!1s0x3be7b70026d342c5:0xae4041370085396e!8m2!3d19.1389507!4d72.8320512!16s%2Fg%2F11yl88465z?entry=ttu&g_ep=EgoyMDI2MDMxOC4xIKXMDSoASAFQAw%3D%3D",True,False,0x3be7b70026d342c5:0xae4041370085396e,Pana - All Day Dining,https://www.zomato.com/mumbai/pana-all-day-dining-veera-desai-area,d9addac902e332f77793819dd563f7f3cd99b885,"B-43, New Link Road, Veera Desai Area, Mumbai",19.1389507,72.8320512,,,False,"Pana - All Day Dining, B-43, New Link Road, Veera Desai Area, Mumbai"
"Shop 1, Ground Floor, Samartha Vaibhav, Andheri Lokhandwala, Andheri West, Mumbai",https://www.zomato.com/mumbai/bay-lehaaz-all-day-dining-bar-andheri-lokhandwala,af8f358ac7b35ee1ccf944ba858cdfa24e719a4b,Bay Lehaaz,"
Samarth Vaibhav, Society, Lokhandwala Rd, near IDBI Bank, Tarapore Gardens, Oshiwara, Andheri West, Mumbai, Maharashtra 400102","https://www.google.com/maps/place/Bay+Lehaaz/@19.1467179,72.8267351,17z/data=!3m1!4b1!4m6!3m5!1s0x3be7b76a61e82e7d:0xc51f045af0df5b8f!8m2!3d19.1467179!4d72.82931!16s%2Fg%2F11xcy3w09j?entry=ttu&g_ep=EgoyMDI2MDMxOC4xIKXMDSoASAFQAw%3D%3D",False,False,0x3be7b76a61e82e7d:0xc51f045af0df5b8f,Bay Lehaaz - All Day Dining & Bar,https://www.zomato.com/mumbai/bay-lehaaz-all-day-dining-bar-andheri-lokhandwala,af8f358ac7b35ee1ccf944ba858cdfa24e719a4b,"Shop 1, Ground Floor, Samartha Vaibhav, Andheri Lokhandwala, Andheri West, Mumbai",19.1467179,72.82930999999999,,,False,"Bay Lehaaz - All Day Dining & Bar, Shop 1, Ground Floor, Samartha Vaibhav, Andheri Lokhandwala, Andheri West, Mumbai"
"77, Nepean Sea Road, Malabar Hill, Mumbai",https://www.zomato.com/mumbai/the-beetroot-cafe-malabar-hill,28adbda5da9c052a1f3a751da78be4958182647d,The Beet Root Cafe,"
1st Floor, Plot, 77 Laxmibai, Nepean Sea Rd, next to Kenorita Supermarket, Vasant Vihar, Malabar Hill, Mumbai, Maharashtra 400006","https://www.google.com/maps/place/The+Beet+Root+Cafe/@18.9536524,72.7952861,17z/data=!3m1!4b1!4m6!3m5!1s0x3be7cde532eb8bb5:0xd545ca577fd8ba19!8m2!3d18.9536524!4d72.797861!16s%2Fg%2F11ydmxhf6z?entry=ttu&g_ep=EgoyMDI2MDMxOC4xIKXMDSoASAFQAw%3D%3D",False,False,0x3be7cde532eb8bb5:0xd545ca577fd8ba19,The Beetroot Cafe,https://www.zomato.com/mumbai/the-beetroot-cafe-malabar-hill,28adbda5da9c052a1f3a751da78be4958182647d,"77, Nepean Sea Road, Malabar Hill, Mumbai",18.9536524,72.797861,,,False,"The Beetroot Cafe, 77, Nepean Sea Road, Malabar Hill, Mumbai"
"1st Floor, Annex Mall, Near Western Express Highway, Siddhart Nagar, Borivali East, Mumbai",https://www.zomato.com/mumbai/devangere-benne-borivali-east,e3c9cc538dcd58558c0ce0e07152daeff5f97a7c,Devangere Benne,"
1st Floor, Annex Mall, Western Express Hwy, near Prithvi Enclave, Siddharth Nagar, Borivali East, Mumbai, Maharashtra 400066","https://www.google.com/maps/place/Devangere+Benne/@19.2155148,72.8651572,17z/data=!3m1!4b1!4m6!3m5!1s0x3be7b7c332eb3609:0xf2a406a2de79c324!8m2!3d19.2155148!4d72.8677321!16s%2Fg%2F11y13v4xhs?entry=ttu&g_ep=EgoyMDI2MDMxOC4xIKXMDSoASAFQAw%3D%3D",True,False,0x3be7b7c332eb3609:0xf2a406a2de79c324,,,,,,,,,,
"Shop 01/02, New Malinee Co.H.Society, Caves Road, Mahakali, Mumbai",https://www.zomato.com/mumbai/mokabbi-cafe-bistro-2-mahakali,d75f092d87be652ff5c9456e4c443cc7445f8917,Mokabbi Cafe & Bistro - Andheri (E),"
Shop no.1 & 2, New Malinee Chs, Mahakali Caves Rd, opposite Cannosa School, Subhash Nagar, Andheri East, Mumbai, Maharashtra 400093","https://www.google.com/maps/place/Mokabbi+Cafe+%26+Bistro+-+Andheri+(E)/@19.124738,72.8622532,17z/data=!3m1!4b1!4m6!3m5!1s0x3be7c931b5beb9a9:0x96de3b994505f311!8m2!3d19.124738!4d72.8648281!16s%2Fg%2F11xlg30ltk?entry=ttu&g_ep=EgoyMDI2MDMxOC4xIKXMDSoASAFQAw%3D%3D",True,False,0x3be7c931b5beb9a9:0x96de3b994505f311,Mokabbi Cafe & Bistro,https://www.zomato.com/mumbai/mokabbi-cafe-bistro-2-mahakali,d75f092d87be652ff5c9456e4c443cc7445f8917,"Shop 01/02, New Malinee Co.H.Society, Caves Road, Mahakali, Mumbai",19.124738,72.8648281,,,False,"Mokabbi Cafe & Bistro, Shop 01/02, New Malinee Co.H.Society, Caves Road, Mahakali, Mumbai"
"Unit 1B, Plot C 68, G Block BKC, Bandra East, Mumbai",https://www.zomato.com/mumbai/cantina-bandra-east,c02208ecc78aabb31dd832aaa1e06ed888ad097a,Cantina,"
Unit 1-B, Godrej Bkc, Plot No C-68, G Block BKC, Bandra Kurla Complex, Bandra East, Mumbai, Maharashtra 400051","https://www.google.com/maps/place/Cantina/@19.0593913,72.8621362,17z/data=!3m1!4b1!4m6!3m5!1s0x3be7c947e70daf91:0x40402a0014e54989!8m2!3d19.0593913!4d72.8647111!16s%2Fg%2F11mrnym6qz?entry=ttu&g_ep=EgoyMDI2MDMxOC4xIKXMDSoASAFQAw%3D%3D",True,False,0x3be7c947e70daf91:0x40402a0014e54989,Cantina,https://www.zomato.com/mumbai/cantina-bandra-east,c02208ecc78aabb31dd832aaa1e06ed888ad097a,"Unit 1B, Plot C 68, G Block BKC, Bandra East, Mumbai",19.0593913,72.8647111,,,False,"Cantina, Unit 1B, Plot C 68, G Block BKC, Bandra East, Mumbai"
"Plot 100, Gyan Vikas Road, Kopar Khairane, Navi Mumbai",https://www.zomato.com/mumbai/ambalchi-tadka-by-the-altruist-hotels-kopar-khairane-navi-mumbai,0f1a0148d971eb93e5dabecf8a8d11f0805583c9,Cantina,"
Plot no. 100, Gyan Vikas Road, Sector 4, Kopar Khairane, Navi Mumbai, Maharashtra 400709","https://www.google.com/maps/place/Ambalchi+Tadka+by+The+Altruist/@19.1062359,73.0060462,17z/data=!3m1!4b1!4m6!3m5!1s0x3be7c11aab755823:0x2b35023d745c2e3d!8m2!3d19.1062359!4d73.0086211!16s%2Fg%2F11yf57y582?entry=ttu&g_ep=EgoyMDI2MDMxOC4xIKXMDSoASAFQAw%3D%3D",False,False,0x3be7c11aab755823:0x2b35023d745c2e3d,Ambalchi Tadka by The Altruist Hotels,https://www.zomato.com/mumbai/ambalchi-tadka-by-the-altruist-hotels-kopar-khairane-navi-mumbai,0f1a0148d971eb93e5dabecf8a8d11f0805583c9,"Plot 100, Gyan Vikas Road, Kopar Khairane, Navi Mumbai",19.1062359,73.0086211,,,False,"Ambalchi Tadka by The Altruist Hotels, Plot 100, Gyan Vikas Road, Kopar Khairane, Navi Mumbai"
"Plot C/59, Ground Floor, Platina G Block, Bandra Kurla Complex, Mumbai",https://www.zomato.com/mumbai/lyla-bandra-kurla-complex,202baa02c985b6af771b9468e43add11119739df,,"
Platina Building, G Block BKC, Bandra Kurla Complex, Bandra East, Mumbai, Maharashtra 400098","https://www.google.com/maps/place/Lyla+Bombay/@19.0685929,72.8657011,17z/data=!3m1!4b1!4m6!3m5!1s0x3be7c98f447f1617:0x890493ff7deeb904!8m2!3d19.0685929!4d72.868276!16s%2Fg%2F11ldm1573z?entry=ttu&g_ep=EgoyMDI2MDMxOC4xIKXMDSoASAFQAw%3D%3D",False,False,0x3be7c98f447f1617:0x890493ff7deeb904,Lyla,https://www.zomato.com/mumbai/lyla-bandra-kurla-complex,202baa02c985b6af771b9468e43add11119739df,"Plot C/59, Ground Floor, Platina G Block, Bandra Kurla Complex, Mumbai",19.0685929,72.868276,,,False,"Lyla, Plot C/59, Ground Floor, Platina G Block, Bandra Kurla Complex, Mumbai"
"Shop 4, Ground Floor, Percy Apartment, Main Road, Borivali West, Mumbai",https://www.zomato.com/mumbai/cafe-meter-on-1-borivali-west,82f3a493896fdd21d882d2a8f5e77ca5b6e1c417,,"
Shop No 3, Percy Apartments, Holy Cross Rd, I C Colony, Borivali West, Mumbai, Maharashtra 400103","https://www.google.com/maps/place/CAFE+METER+ON/@19.2480753,72.846755,17z/data=!3m1!4b1!4m6!3m5!1s0x3be7b11dce21fff1:0x97f70db1c57d17f4!8m2!3d19.2480753!4d72.8493299!16s%2Fg%2F11hcw419m_?entry=ttu&g_ep=EgoyMDI2MDMxOC4xIKXMDSoASAFQAw%3D%3D",False,False,0x3be7b11dce21fff1:0x97f70db1c57d17f4,Cafe Meter On,https://www.zomato.com/mumbai/cafe-meter-on-1-borivali-west,82f3a493896fdd21d882d2a8f5e77ca5b6e1c417,"Shop 4, Ground Floor, Percy Apartment, Main Road, Borivali West, Mumbai",19.2480753,72.8493299,,,False,"Cafe Meter On, Shop 4, Ground Floor, Percy Apartment, Main Road, Borivali West, Mumbai"
"Plot 55B, Sector 2A, Kopar Khairane, Navi Mumbai",https://www.zomato.com/mumbai/chirag-next-kopar-khairane-navi-mumbai,c4c06367b45c07d00c9215d1ce9980e8b6db2047,CAFE METER ON,"
Retro Avenue, Vashi Kopar Khairane Rd, Sector 2A, Kopar Khairane, Navi Mumbai, Maharashtra 400709","https://www.google.com/maps/place/Chirag+Next+Koparkhairne/@19.1099483,72.9992738,17z/data=!3m1!4b1!4m6!3m5!1s0x3be7c10038cec7a9:0x31efdc63eb05dcee!8m2!3d19.1099483!4d73.0018487!16s%2Fg%2F11lmdt1smq?entry=ttu&g_ep=EgoyMDI2MDMxOC4xIKXMDSoASAFQAw%3D%3D",False,False,0x3be7c10038cec7a9:0x31efdc63eb05dcee,,,,,,,,,,
"1 Anand Laxmi Building Prarthna Samaj Road, Vile Parle East, Mumbai",https://www.zomato.com/mumbai/green-house-vile-parle-east,4dc5eea5b70b2e363b76db82a752c8266a99d8a9,Chirag Next Koparkhairne,"
Green House Restaurant & Bar ,Anand Laxmi Building , Prarthna Samaj Road, 1, Hanuman Cross Rd, Vile Parle East, Mumbai, Maharashtra 400057","https://www.google.com/maps/place/Green+House+Restaurant+%26+Bar/@19.1020832,72.8473806,17z/data=!3m1!4b1!4m6!3m5!1s0x3be7c9d3241b7f09:0x932685075c4a30a0!8m2!3d19.1020832!4d72.8499555!16s%2Fg%2F11kqr0f_yd?entry=ttu&g_ep=EgoyMDI2MDMxOC4xIKXMDSoASAFQAw%3D%3D",False,False,0x3be7c9d3241b7f09:0x932685075c4a30a0,,,,,,,,,,
"Plot 55/B, Sector 2A, Kopar Khairane, Navi Mumbai",https://www.zomato.com/mumbai/the-high-kopar-khairane-navi-mumbai,9ff7b033b35ff48070a0410806026c0ebef045a4,Green House Restaurant & Bar,"
Plot no- 88, 55B, Sector 2A, Kopar Khairane, Navi Mumbai, Maharashtra 400709","https://www.google.com/maps/place/The+High+Rooftop/@19.1099311,72.9995437,17z/data=!3m1!4b1!4m6!3m5!1s0x3be7c13ec6feb211:0xe5b5fe3adf0cb44!8m2!3d19.1099311!4d73.0021186!16s%2Fg%2F11y5lzpdqv?entry=ttu&g_ep=EgoyMDI2MDMxOC4xIKXMDSoASAFQAw%3D%3D",False,False,0x3be7c13ec6feb211:0xe5b5fe3adf0cb44,,,,,,,,,,
"1, Richmond Town, Suyog Nagar, Opposite SBI Bank, Stella Road, Vasai, Mumbai",https://www.zomato.com/mumbai/house-of-slices-cafe-and-pizzeria-vasai,13bc9b2e7ea60114ccbab0cfb42706d4a12fd21d,Beans&Bites,"
Richmond town 1, Stella Rd, opposite SBI BANK, Suyog Nagar, Vasai West, Mumbai, Vasai-Virar, Maharashtra 401202","https://www.google.com/maps/place/Beans%26Bites/@19.3678728,72.5289938,11z/data=!4m10!1m2!2m1!1sHouse+Of+Slices+Cafe+And+Pizzeria+1,+Richmond+Town,+Suyog+Nagar,+Opposite+SBI+Bank,+Stella+Road,+Vasai,+Mumbai!3m6!1s0x3be7af84e0b7097f:0x2dd53e23a5c75ef0!8m2!3d19.3678728!4d72.8173849!15sCm5Ib3VzZSBPZiBTbGljZXMgQ2FmZSBBbmQgUGl6emVyaWEgMSwgUmljaG1vbmQgVG93biwgU3V5b2cgTmFnYXIsIE9wcG9zaXRlIFNCSSBCYW5rLCBTdGVsbGEgUm9hZCwgVmFzYWksIE11bWJhaVpqImhob3VzZSBvZiBzbGljZXMgY2FmZSBhbmQgcGl6emVyaWEgMSByaWNobW9uZCB0b3duIHN1eW9nIG5hZ2FyIG9wcG9zaXRlIHNiaSBiYW5rIHN0ZWxsYSByb2FkIHZhc2FpIG11bWJhaZIBBGNhZmXgAQA!16s%2Fg%2F11y1r9q8mh?entry=ttu&g_ep=EgoyMDI2MDMxOC4xIKXMDSoASAFQAw%3D%3D",False,False,0x3be7af84e0b7097f:0x2dd53e23a5c75ef0,,,,,,,,,,
"Shop 08, Axiom Milan, Dahanukarwadi Milan, Gokhale Road, Near Datta Mandir, Kandivali West, Mumbai",https://www.zomato.com/mumbai/gobblers-rolls-and-bowls-kandivali-west,3a58073ebc60acb8f4516f2961da692e94dea3ce,Gobblers - Rolls & Bowls,"
Shop No 8, Axiom Milan, Datta Mandir Rd, Kandivali, Dahanukar Wadi, Kandivali West, Mumbai, Maharashtra 400067","https://www.google.com/maps/place/Gobblers+-+Rolls+%26+Bowls/@19.2102262,72.8352749,17z/data=!3m1!4b1!4m6!3m5!1s0x3be7b700262d8431:0x7545f04fdce94191!8m2!3d19.2102262!4d72.8378498!16s%2Fg%2F11ln4bx89q?entry=ttu&g_ep=EgoyMDI2MDMxOC4xIKXMDSoASAFQAw%3D%3D",False,False,0x3be7b700262d8431:0x7545f04fdce94191,Gobblers Rolls And Bowls,https://www.zomato.com/mumbai/gobblers-rolls-and-bowls-kandivali-west,3a58073ebc60acb8f4516f2961da692e94dea3ce,"Shop 08, Axiom Milan, Dahanukarwadi Milan, Gokhale Road, Near Datta Mandir, Kandivali West, Mumbai",19.2102262,72.8378498,,,False,"Gobblers Rolls And Bowls, Shop 08, Axiom Milan, Dahanukarwadi Milan, Gokhale Road, Near Datta Mandir, Kandivali West, Mumbai"
"Shop 5, Satara Plaza, Phase 2, Sector 19D, Palm Beach Road, Vashi, Navi Mumbai",https://www.zomato.com/mumbai/kingsman-experience-vashi-navi-mumbai,af74a9b36e7a131702275edf4ac3cc144c262384,Kingsman Experience,"
shop No.05, Satra Plaza, Palm Beach Rd, Sec 19D, Vashi, Navi Mumbai, Maharashtra 400703","https://www.google.com/maps/place/Kingsman+Experience/@19.08349,73.0038298,17z/data=!3m1!4b1!4m6!3m5!1s0x3be7c3de315dc037:0xd2800d3190fc6eb4!8m2!3d19.08349!4d73.0064047!16s%2Fg%2F11rcpqkd_d?entry=ttu&g_ep=EgoyMDI2MDMxOC4xIKXMDSoASAFQAw%3D%3D",True,False,0x3be7c3de315dc037:0xd2800d3190fc6eb4,Kingsman Experience,https://www.zomato.com/mumbai/kingsman-experience-vashi-navi-mumbai,af74a9b36e7a131702275edf4ac3cc144c262384,"Shop 5, Satara Plaza, Phase 2, Sector 19D, Palm Beach Road, Vashi, Navi Mumbai",,,,,False,"Kingsman Experience, Shop 5, Satara Plaza, Phase 2, Sector 19D, Palm Beach Road, Vashi, Navi Mumbai"
"Shop 5, Satara Plaza, Phase 2, Sector 19D, Palm Beach Road, Vashi, Navi Mumbai",https://www.zomato.com/mumbai/kingsman-experience-vashi-navi-mumbai,af74a9b36e7a131702275edf4ac3cc144c262384,Kingsman Experience,"
shop No.05, Satra Plaza, Palm Beach Rd, Sec 19D, Vashi, Navi Mumbai, Maharashtra 400703","https://www.google.com/maps/place/Kingsman+Experience/@19.08349,73.0038298,17z/data=!3m1!4b1!4m6!3m5!1s0x3be7c3de315dc037:0xd2800d3190fc6eb4!8m2!3d19.08349!4d73.0064047!16s%2Fg%2F11rcpqkd_d?entry=ttu&g_ep=EgoyMDI2MDMxOC4xIKXMDSoASAFQAw%3D%3D",True,False,0x3be7c3de315dc037:0xd2800d3190fc6eb4,Kingsman Luxury Dine,https://www.zomato.com/mumbai/kingsman-luxury-dine-vashi-navi-mumbai,0981b6e7112068d1cfef930472d8c47d622ac1ac,"Shop No 05, Satra Plaza, Sector 19D, Palm Beach Road, Vashi, Navi Mumbai",,,,,False,"Kingsman Luxury Dine, Shop No 05, Satra Plaza, Sector 19D, Palm Beach Road, Vashi, Navi Mumbai"
"Ground Floor, Plot 126, Mathuradas Mill Compound, Senapati Bapat Pawar Marg, opposite Zane's Cafe, Lower Parel, Mumbai",https://www.zomato.com/mumbai/kerala-quarters-lower-parel,f6572f91cf59f0583bc592cc394992b2c351d1f0,Kerala Quarters,"
Mathuradas Mill Compound, Plot 126, Senapati Bapat Pawar Marg, Lower Parel, Mumbai, Maharashtra 400013","https://www.google.com/maps/place/Kerala+Quarters/@19.0009172,72.827103,17z/data=!3m1!4b1!4m6!3m5!1s0x3be7cf00299b6f07:0x72a60bc3875c8024!8m2!3d19.0009172!4d72.8296779!16s%2Fg%2F11wqj3bdvr?entry=ttu&g_ep=EgoyMDI2MDMxOC4xIKXMDSoASAFQAw%3D%3D",True,False,0x3be7cf00299b6f07:0x72a60bc3875c8024,,,,,,,,,,
"Shree Durga Complex Co Operative Housing Society, Sector 3, Ghansoli, Navi Mumbai",https://www.zomato.com/mumbai/relish-dining-bar-ghansoli-navi-mumbai,e90cc30196655312b57eb24d15665c899e41ac31,Relish Kitchen & Bar,"
Shop No 1 To 6, near Railway Station, Sector 3, Ghansoli, Navi Mumbai, Maharashtra 400701","https://www.google.com/maps/place/Relish+Kitchen+%26+Bar/@19.1163715,73.0026373,17z/data=!3m1!4b1!4m6!3m5!1s0x3be7c1c75c672239:0x4ed488905e51a7bf!8m2!3d19.1163715!4d73.0052122!16s%2Fg%2F11y3s2ch05?entry=ttu&g_ep=EgoyMDI2MDMxOC4xIKXMDSoASAFQAw%3D%3D",False,False,0x3be7c1c75c672239:0x4ed488905e51a7bf,Relish Dining Bar,https://www.zomato.com/mumbai/relish-dining-bar-ghansoli-navi-mumbai,e90cc30196655312b57eb24d15665c899e41ac31,"Shree Durga Complex Co Operative Housing Society, Sector 3, Ghansoli, Navi Mumbai",,,,,False,"Relish Dining Bar, Shree Durga Complex Co Operative Housing Society, Sector 3, Ghansoli, Navi Mumbai"
"Bungalow 49, Aram Nagar Part 1, Popco Colony Road, 7 Bungalows, Andheri West, Mumbai",https://www.zomato.com/mumbai/rose-joe-7-bungalows,0109c0b023196afd1ff3e2a1bc9763fb05fdb551,Rose & Joe Cafe,"
Bungalow. 49, Aram Nagar Part 1, Popco Colony Rd, near Maharashtra Cooperative Bank, Versova, Mumbai, Maharashtra 400061","https://www.google.com/maps/place/Rose+%26+Joe+Cafe/@19.1304632,72.8145424,17z/data=!3m1!4b1!4m6!3m5!1s0x3be7b75e400af9a7:0x1242c2d4f7ff9b97!8m2!3d19.1304632!4d72.8171173!16s%2Fg%2F11q4d0yhsp?entry=ttu&g_ep=EgoyMDI2MDMxOC4xIKXMDSoASAFQAw%3D%3D",True,False,0x3be7b75e400af9a7:0x1242c2d4f7ff9b97,,,,,,,,,,
"Shop 13A, Ground Floor, Satya Nagar, Borivali West, Mumbai",https://www.zomato.com/mumbai/teamax-cafe-borivali-west,21ccafe736b9638722ef1b24ea0f09ddec31fc43,TeaMax Cafe Borivali West Mumbai,"
Shop no.13 A, Shreepal Building, SHRIPAL BUILDING, opp. Malpani ground, Kandivali, Satya Nagar, Borivali West, Mumbai, Maharashtra 400092","https://www.google.com/maps/place/TeaMax+Cafe+Borivali+West+Mumbai/@19.2179658,72.8396825,17z/data=!3m1!4b1!4m6!3m5!1s0x3be7b75f42f0f075:0xe1147c1c30b20e67!8m2!3d19.2179658!4d72.8422574!16s%2Fg%2F11whl8mz6m?entry=ttu&g_ep=EgoyMDI2MDMxOC4xIKXMDSoASAFQAw%3D%3D",True,False,0x3be7b75f42f0f075:0xe1147c1c30b20e67,TeaMax Cafe,https://www.zomato.com/mumbai/teamax-cafe-borivali-west,21ccafe736b9638722ef1b24ea0f09ddec31fc43,"Shop 13A, Ground Floor, Satya Nagar, Borivali West, Mumbai",19.2179658,72.8422574,,,False,"TeaMax Cafe, Shop 13A, Ground Floor, Satya Nagar, Borivali West, Mumbai"
"Shop No 05, Satra Plaza, Sector 19D, Palm Beach Road, Vashi, Navi Mumbai",https://www.zomato.com/mumbai/kingsman-luxury-dine-vashi-navi-mumbai,0981b6e7112068d1cfef930472d8c47d622ac1ac,,"
shop No.05, Satra Plaza, Palm Beach Rd, Sec 19D, Vashi, Navi Mumbai, Maharashtra 400703","https://www.google.com/maps/place/Kingsman+Experience/@19.08349,73.0038298,17z/data=!3m1!4b1!4m6!3m5!1s0x3be7c3de315dc037:0xd2800d3190fc6eb4!8m2!3d19.08349!4d73.0064047!16s%2Fg%2F11rcpqkd_d?entry=ttu&g_ep=EgoyMDI2MDMxOC4xIKXMDSoASAFQAw%3D%3D",False,False,0x3be7c3de315dc037:0xd2800d3190fc6eb4,Kingsman Experience,https://www.zomato.com/mumbai/kingsman-experience-vashi-navi-mumbai,af74a9b36e7a131702275edf4ac3cc144c262384,"Shop 5, Satara Plaza, Phase 2, Sector 19D, Palm Beach Road, Vashi, Navi Mumbai",,,,,False,"Kingsman Experience, Shop 5, Satara Plaza, Phase 2, Sector 19D, Palm Beach Road, Vashi, Navi Mumbai"
"Shop No 05, Satra Plaza, Sector 19D, Palm Beach Road, Vashi, Navi Mumbai",https://www.zomato.com/mumbai/kingsman-luxury-dine-vashi-navi-mumbai,0981b6e7112068d1cfef930472d8c47d622ac1ac,,"
shop No.05, Satra Plaza, Palm Beach Rd, Sec 19D, Vashi, Navi Mumbai, Maharashtra 400703","https://www.google.com/maps/place/Kingsman+Experience/@19.08349,73.0038298,17z/data=!3m1!4b1!4m6!3m5!1s0x3be7c3de315dc037:0xd2800d3190fc6eb4!8m2!3d19.08349!4d73.0064047!16s%2Fg%2F11rcpqkd_d?entry=ttu&g_ep=EgoyMDI2MDMxOC4xIKXMDSoASAFQAw%3D%3D",False,False,0x3be7c3de315dc037:0xd2800d3190fc6eb4,Kingsman Luxury Dine,https://www.zomato.com/mumbai/kingsman-luxury-dine-vashi-navi-mumbai,0981b6e7112068d1cfef930472d8c47d622ac1ac,"Shop No 05, Satra Plaza, Sector 19D, Palm Beach Road, Vashi, Navi Mumbai",,,,,False,"Kingsman Luxury Dine, Shop No 05, Satra Plaza, Sector 19D, Palm Beach Road, Vashi, Navi Mumbai"
"Plot-B, Ground Floor, First Floor And Second Floor, Building 3, Near Shyam Complex, Mira Road, Mumbai",https://www.zomato.com/mumbai/adda-heist-rooftop-mira-road,c8df3a04d182eb73575ab154622e72c33dd7c989,,"
near Don Bosco High School, Pleasant Park, Mira Road East, Mira Bhayandar, Maharashtra 401107","https://www.google.com/maps/place/Adda+Heist/@19.2743822,72.8768345,17z/data=!3m1!4b1!4m6!3m5!1s0x3be7b1cf27e216a3:0xbe3807ba689ca46!8m2!3d19.2743822!4d72.8794094!16s%2Fg%2F11sy_skvp4?entry=ttu&g_ep=EgoyMDI2MDMxOC4xIKXMDSoASAFQAw%3D%3D",False,False,0x3be7b1cf27e216a3:0xbe3807ba689ca46,Adda Heist Rooftop,https://www.zomato.com/mumbai/adda-heist-rooftop-mira-road,c8df3a04d182eb73575ab154622e72c33dd7c989,"Plot-B, Ground Floor, First Floor And Second Floor, Building 3, Near Shyam Complex, Mira Road, Mumbai",,,,,False,"Adda Heist Rooftop, Plot-B, Ground Floor, First Floor And Second Floor, Building 3, Near Shyam Complex, Mira Road, Mumbai"
"Shop 9, Plot 8, Adhiraj Complex, Raigad, Sector 8, Kharghar, Navi Mumbai",https://www.zomato.com/mumbai/heaven-herbs-3-kharghar-navi-mumbai,8b41c6aa2fafde2403a3999485abfc3933256363,Adda Heist,"
Shop No. 9, ADHIRAJ COMPLEX, Plot No. 8, Wing F, Sector 8, Kharghar, Panvel, Maharashtra 410210","https://www.google.com/maps/place/Heaven+%26+Herbs/@19.0322264,73.0650935,17z/data=!3m1!4b1!4m6!3m5!1s0x3be7c3df278927e1:0xf24ca1bbe4e78e40!8m2!3d19.0322264!4d73.0676684!16s%2Fg%2F11w245k2db?entry=ttu&g_ep=EgoyMDI2MDMxOC4xIKXMDSoASAFQAw%3D%3D",False,False,0x3be7c3df278927e1:0xf24ca1bbe4e78e40,Heaven & Herbs,https://www.zomato.com/mumbai/heaven-herbs-3-kharghar-navi-mumbai,8b41c6aa2fafde2403a3999485abfc3933256363,"Shop 9, Plot 8, Adhiraj Complex, Raigad, Sector 8, Kharghar, Navi Mumbai",19.0322264,73.0676684,,,False,"Heaven & Herbs, Shop 9, Plot 8, Adhiraj Complex, Raigad, Sector 8, Kharghar, Navi Mumbai"
"Ground, G1, 108, Morya Classic, Andheri Lokhandwala, Andheri West, Mumbai",https://www.zomato.com/mumbai/whats-your-bahana-1-andheri-lokhandwala,320e2cc0757001fc37e3995c89d0b6440daed2d1,,"
Ground Floor, Morya Classic, G1, 108, Veera Desai Industrial Estate, Andheri West, Mumbai, Maharashtra 400053","https://www.google.com/maps/place/What's+Your+Bahana+-+All+Day+Eatery+%26+Cocktail+Bar/@19.1415985,72.8312684,17z/data=!3m1!4b1!4m6!3m5!1s0x3be7b75483bb3ced:0xe8232e89c73e3d3c!8m2!3d19.1415985!4d72.8338433!16s%2Fg%2F11yf8mf3zb?entry=ttu&g_ep=EgoyMDI2MDMxOC4xIKXMDSoASAFQAw%3D%3D",False,False,0x3be7b75483bb3ced:0xe8232e89c73e3d3c,What's Your Bahana,https://www.zomato.com/mumbai/whats-your-bahana-1-andheri-lokhandwala,320e2cc0757001fc37e3995c89d0b6440daed2d1,"Ground, G1, 108, Morya Classic, Andheri Lokhandwala, Andheri West, Mumbai",19.1415985,72.8338433,,,False,"What's Your Bahana, Ground, G1, 108, Morya Classic, Andheri Lokhandwala, Andheri West, Mumbai"
"Shop F 40, First Floor, Prathmesh Galaxy, AS Marg, Near Vijay Vihar Complex, Powai, Mumbai",https://www.zomato.com/mumbai/tgc-the-gargis-café-powai,4bca3d29161ce07a53e4270ac41faf60fc5f162c,TGC : The Gargi's Café,"
Shop no. F40, 1st Floor, Prathamesh Galaxy, Society, Powai Vihar Rd, opp. VIJAY VIHAR, MHADA Colony 19, Powai, Mumbai, Maharashtra 400076","https://www.google.com/maps/place/TGC+:+The+Gargi's+Caf%C3%A9/@19.118027,72.9010373,17z/data=!3m1!4b1!4m6!3m5!1s0x3be7c70e670f9c8d:0x1e31735c8f0c5fe2!8m2!3d19.118027!4d72.9036122!16s%2Fg%2F11n7bgw52h?entry=ttu&g_ep=EgoyMDI2MDMxOC4xIKXMDSoASAFQAw%3D%3D",True,False,0x3be7c70e670f9c8d:0x1e31735c8f0c5fe2,TGC : The Gargi's Café,https://www.zomato.com/mumbai/tgc-the-gargis-café-powai,4bca3d29161ce07a53e4270ac41faf60fc5f162c,"Shop F 40, First Floor, Prathmesh Galaxy, AS Marg, Near Vijay Vihar Complex, Powai, Mumbai",19.118027,72.9036122,,,False,"TGC : The Gargi's Café, Shop F 40, First Floor, Prathmesh Galaxy, AS Marg, Near Vijay Vihar Complex, Powai, Mumbai"
"General Arun Kumar Vaidya Marg, Opposite Sarita Building, Hill Road, Bandra West, Mumbai",https://www.zomato.com/mumbai/pizza-sabroso-hill-road-bandra-west,0f44da3a917836ca67c52d7e97ab5fae5af63ad0,Sbarro - New York Pizza (Bandra),"
Linking Rd, opposite Amarsons, Bandra West, Mumbai, Maharashtra 400050","https://www.google.com/maps/place/Sbarro+-+New+York+Pizza+(Bandra)/@19.0614214,72.8268057,16z/data=!3m1!5s0x3be7c916f1aa3b9d:0xf247477d0060859f!4m10!1m2!2m1!1sPizza+Sabroso+General+Arun+Kumar+Vaidya+Marg,+Opposite+Sarita+Building,+Hill+Road,+Bandra+West,+Mumbai!3m6!1s0x3be7c97ab691ffcd:0x636683c0f08cef3!8m2!3d19.0614214!4d72.8358179!15sCmZQaXp6YSBTYWJyb3NvIEdlbmVyYWwgQXJ1biBLdW1hciBWYWlkeWEgTWFyZywgT3Bwb3NpdGUgU2FyaXRhIEJ1aWxkaW5nLCBIaWxsIFJvYWQsIEJhbmRyYSBXZXN0LCBNdW1iYWlaZCJicGl6emEgc2Ficm9zbyBnZW5lcmFsIGFydW4ga3VtYXIgdmFpZHlhIG1hcmcgb3Bwb3NpdGUgc2FyaXRhIGJ1aWxkaW5nIGhpbGwgcm9hZCBiYW5kcmEgd2VzdCBtdW1iYWmSARBwaXp6YV9yZXN0YXVyYW504AEA!16s%2Fg%2F11h0mjj91z?entry=ttu&g_ep=EgoyMDI2MDMxOC4xIKXMDSoASAFQAw%3D%3D",False,False,0x3be7c916f1aa3b9d:0xf247477d0060859f,,,,,,,,,,
"B20, Om Shreepal Nagar Building, Shreepal Nagar, Borivali West, Mumbai",https://www.zomato.com/mumbai/atrangi-1-borivali-west,3f316e7c1ec74aaf7fed1ceebd2f1f74f1ec57e2,Albela Chinese Home,"
Shop No B/20, Om Shreepal Nagar, 2, opp. Andewala Kandivali, Kandivali, Satya Nagar, Borivali West, Mumbai, Maharashtra 400092","https://www.google.com/maps/place/Albela+Chinese+Home/@19.2177074,72.8399263,17z/data=!4m14!1m7!3m6!1s0x3be7b700273c76df:0x35a31d8a731b6fc4!2sShreepal+nagar+building!8m2!3d19.2177074!4d72.8425012!16s%2Fg%2F11lcgzfcw1!3m5!1s0x3be7b6d3bd6e7f0b:0x412d968c9c976f3c!8m2!3d19.2181613!4d72.8424561!16s%2Fg%2F11c609635s?entry=ttu&g_ep=EgoyMDI2MDMxOC4xIKXMDSoASAFQAw%3D%3D",False,False,0x3be7b700273c76df:0x35a31d8a731b6fc4,Atrangi,https://www.zomato.com/mumbai/atrangi-1-borivali-west,3f316e7c1ec74aaf7fed1ceebd2f1f74f1ec57e2,"B20, Om Shreepal Nagar Building, Shreepal Nagar, Borivali West, Mumbai",19.2177074,72.8425012,,,False,"Atrangi, B20, Om Shreepal Nagar Building, Shreepal Nagar, Borivali West, Mumbai"
"Shop 27, Plot 211, Anmol Plane, Sector 10, Kharghar, Navi Mumbai",https://www.zomato.com/mumbai/the-66-dine-inn-multicuisine-restaurant-kharghar-navi-mumbai,6977cc19955d0c94d0a3f535c270067d9047c697,The 66 Dine Inn,"
Sector 10, Kharghar, Panvel, Maharashtra 410210","https://www.google.com/maps/place/The+66+Dine+Inn/@19.0329219,73.0707926,17z/data=!3m1!4b1!4m6!3m5!1s0x3be7c3550586653f:0xb21cb6e6cebe43b9!8m2!3d19.0329219!4d73.0733675!16s%2Fg%2F11s0k80mkw?entry=ttu&g_ep=EgoyMDI2MDMxOC4xIKXMDSoASAFQAw%3D%3D",False,False,0x3be7c3550586653f:0xb21cb6e6cebe43b9,,,,,,,,,,
"824/3, 4th Floor, Crystal Point, New Andheri Link Road, 4 Bungalows, Mumbai",https://www.zomato.com/mumbai/salleys-by-shott-1-4-bungalows,2197dd84e9470a179ab403a0b024ee551ffe3c54,SHOTT Mumbai,"
4th floor, Crystal Point Mall, New Link Rd, Sahayog Nagar, Bhudargarh Colony, Andheri West, Mumbai, Maharashtra 400053","https://www.google.com/maps/place/SHOTT+Mumbai/@19.1309003,72.7948132,14z/data=!3m1!5s0x3be7b62108196e0d:0xfd86cf4f07fdd5bd!4m10!1m2!2m1!1sSalley's+By+-+Shott+824%2F3,+4th+Floor,+Crystal+Point,+New+Andheri+Link+Road,+4+Bungalows,+Mumbai!3m6!1s0x3be7b7b43922b253:0xb7543c30983623ed!8m2!3d19.1309003!4d72.8308621!15sCl9TYWxsZXkncyBCeSAtIFNob3R0IDgyNC8zLCA0dGggRmxvb3IsIENyeXN0YWwgUG9pbnQsIE5ldyBBbmRoZXJpIExpbmsgUm9hZCwgNCBCdW5nYWxvd3MsIE11bWJhaVpaIlhzYWxsZXkncyBieSBzaG90dCA4MjQgMyA0dGggZmxvb3IgY3J5c3RhbCBwb2ludCBuZXcgYW5kaGVyaSBsaW5rIHJvYWQgNCBidW5nYWxvd3MgbXVtYmFpkgENYm93bGluZ19hbGxleeABAA!16s%2Fg%2F11sgkxvz8j?entry=ttu&g_ep=EgoyMDI2MDMxOC4xIKXMDSoASAFQAw%3D%3D",False,False,0x3be7b62108196e0d:0xfd86cf4f07fdd5bd,,,,,,,,,,
"Shop 23, Ground Floor, Vikrant Building, Jhulelal Chowk, Ghatkopar East, Mumbai",https://www.zomato.com/mumbai/uk14-icecream-1-ghatkopar-east,d159ff6554291bf2c08340c2d63884dda39b6c84,UK 14 icecream,"
Shop No 23 Ground floor, Vikrant building, Jhulelal Chowk, Sindhu Wadi, Ghatkopar East, Mumbai, Maharashtra 400077","https://www.google.com/maps/place/UK+14+icecream/@19.075024,72.9021671,17z/data=!3m1!4b1!4m6!3m5!1s0x3be7c7aabce64a2f:0x145714f98470d6ff!8m2!3d19.075024!4d72.904742!16s%2Fg%2F11pysc5dhq?entry=ttu&g_ep=EgoyMDI2MDMxOC4xIKXMDSoASAFQAw%3D%3D",False,False,0x3be7c7aabce64a2f:0x145714f98470d6ff,UK14 Icecream,https://www.zomato.com/mumbai/uk14-icecream-1-ghatkopar-east,d159ff6554291bf2c08340c2d63884dda39b6c84,"Shop 23, Ground Floor, Vikrant Building, Jhulelal Chowk, Ghatkopar East, Mumbai",19.075024,72.904742,,,False,"UK14 Icecream, Shop 23, Ground Floor, Vikrant Building, Jhulelal Chowk, Ghatkopar East, Mumbai"
"Belapur Jetty, Sector 15, Belapur Road, CBD-Belapur, Navi Mumbai",https://www.zomato.com/mumbai/cafe-relish-by-flodine-cruise-cbd-belapur-navi-mumbai,95c6435fcfa3f6829a3173c5c67fa7a25259fd49,FloDine Restaurant,"
Jetty, Belapur Rd, Sector 15, CBD Belapur, Navi Mumbai, Maharashtra 400614","https://www.google.com/maps/place/FloDine+Restaurant/@19.0153456,73.0247643,15z/data=!4m10!1m2!2m1!1sCafe+Relish+by+Flodine+Cruise+Belapur+Jetty,+Sector+15,+Belapur+Road,+CBD-Belapur,+Navi+Mumbai!3m6!1s0x3be7c370a1f56089:0xdf1caf6ef1c95322!8m2!3d19.0153456!4d73.0427887!15sCl5DYWZlIFJlbGlzaCBieSBGbG9kaW5lIENydWlzZSBCZWxhcHVyIEpldHR5LCBTZWN0b3IgMTUsIEJlbGFwdXIgUm9hZCwgQ0JELUJlbGFwdXIsIE5hdmkgTXVtYmFpWlwiWmNhZmUgcmVsaXNoIGJ5IGZsb2RpbmUgY3J1aXNlIGJlbGFwdXIgamV0dHkgc2VjdG9yIDE1IGJlbGFwdXIgcm9hZCBjYmQgYmVsYXB1ciBuYXZpIG11bWJhaZIBCnJlc3RhdXJhbnTgAQA!16s%2Fg%2F11vc5_wc2w?entry=ttu&g_ep=EgoyMDI2MDMxOC4xIKXMDSoASAFQAw%3D%3D",False,False,0x3be7c370a1f56089:0xdf1caf6ef1c95322,Cafe Relish by Flodine Cruise,https://www.zomato.com/mumbai/cafe-relish-by-flodine-cruise-cbd-belapur-navi-mumbai,95c6435fcfa3f6829a3173c5c67fa7a25259fd49,"Belapur Jetty, Sector 15, Belapur Road, CBD-Belapur, Navi Mumbai",19.0058289,73.0336579,,,False,"Cafe Relish by Flodine Cruise, Belapur Jetty, Sector 15, Belapur Road, CBD-Belapur, Navi Mumbai"
"34/35, Shraddha CHS, Ganesh Nagar Lane, Ambewadi, Kalachowki, Parel, Mumbai",https://www.zomato.com/mumbai/pooja-veg-diet-parel,fa0e21215f0a097ac3a43d246f7c9159d3d20b6e,Vrindavan,"
Shop no. 34, Shraddha CHS, 33, Ganesh Nagar Ln, Ambewadi, Kalachowki, Abhyudaya Nagar, Parel, Mumbai, Maharashtra 400013","https://www.google.com/maps/place/Vrindavan/@18.9896514,72.8320848,16z/data=!4m16!1m8!2m7!1sPooja+Veg+Diet+34%2F35,+Shraddha+CHS,+Ganesh+Nagar+Lane,+Ambewadi,+Kalachowki,+Parel,+Mumbai!3m5!2s19.0058289,73.0336579!3s0x3be7c3c839ffa90f:0xaef02880bb448c95!4m2!1d73.0336579!2d19.0058289!3m6!1s0x3be7cf0070a2a437:0x6eb892829f3e5d6!8m2!3d18.9896514!4d72.841097!15sClpQb29qYSBWZWcgRGlldCAzNC8zNSwgU2hyYWRkaGEgQ0hTLCBHYW5lc2ggTmFnYXIgTGFuZSwgQW1iZXdhZGksIEthbGFjaG93a2ksIFBhcmVsLCBNdW1iYWlaViJUcG9vamEgdmVnIGRpZXQgMzQgMzUgc2hyYWRkaGEgY2hzIGdhbmVzaCBuYWdhciBsYW5lIGFtYmV3YWRpIGthbGFjaG93a2kgcGFyZWwgbXVtYmFpkgEKcmVzdGF1cmFudOABAA!16s%2Fg%2F11w4qpyt4_?entry=ttu&g_ep=EgoyMDI2MDMxOC4xIKXMDSoASAFQAw%3D%3D",False,False,0x3be7c3c839ffa90f:0xaef02880bb448c95,,,,,,,,,,
"Shop 5, 6, Ground Floor, Maruti Tower, Off Western Express Highway, Kandivali East, Mumbai",https://www.zomato.com/mumbai/baithack-taste-of-kulhad-2-kandivali-east,f54aa38e7cd66d8cc12c94bd3b792e8ce2e08627,"Baithack - Taste of Kulhad, Borivali West","
Shop No. 4, Om Satyam Building, Shimpoli Rd, next to Golden Delicacy, Haridas Nagar, Borivali West, Mumbai, Maharashtra 400092","https://www.google.com/maps/place/Baithack+-+Taste+of+Kulhad,+Borivali+West/@19.2225746,72.8136446,14z/data=!4m16!1m8!2m7!1sBaithack+-+Taste+Of+Kulhad+Shop+5,+6,+Ground+Floor,+Maruti+Tower,+Off+Western+Express+Highway,+Kandivali+East,+Mumbai!3m5!2s19.0058289,73.0336579!3s0x3be7c3c839ffa90f:0xaef02880bb448c95!4m2!1d73.0336579!2d19.0058289!3m6!1s0x3be7b13ec1824ddf:0x7c5c3fd7bb255bb6!8m2!3d19.2225746!4d72.8496935!15sCnVCYWl0aGFjayAtIFRhc3RlIE9mIEt1bGhhZCBTaG9wIDUsIDYsIEdyb3VuZCBGbG9vciwgTWFydXRpIFRvd2VyLCBPZmYgV2VzdGVybiBFeHByZXNzIEhpZ2h3YXksIEthbmRpdmFsaSBFYXN0LCBNdW1iYWlabyJtYmFpdGhhY2sgdGFzdGUgb2Yga3VsaGFkIHNob3AgNSA2IGdyb3VuZCBmbG9vciBtYXJ1dGkgdG93ZXIgb2ZmIHdlc3Rlcm4gZXhwcmVzcyBoaWdod2F5IGthbmRpdmFsaSBlYXN0IG11bWJhaZIBBGNhZmXgAQA!16s%2Fg%2F11myl7nz_p?entry=ttu&g_ep=EgoyMDI2MDMxOC4xIKXMDSoASAFQAw%3D%3D",True,False,0x3be7c3c839ffa90f:0xaef02880bb448c95,,,,,,,,,,
"501, Pelhar, NH 8, Vasai, Mumbai",https://www.zomato.com/mumbai/hotel-jay-bajrangbali-vasai,2c68951f96a9fceab7fd7ec6c7e4331e35eb585d,Bajrangbali hotel,"
Vasai-Virar, Maharashtra 401202","https://www.google.com/maps/place/Bajrangbali+hotel/@19.4223301,72.8073916,13z/data=!4m16!1m8!2m7!1sHotel+Jay+Bajrangbali+501,+Pelhar,+NH+8,+Vasai,+Mumbai!3m5!2s19.0058289,73.0336579!3s0x3be7c3c839ffa90f:0xaef02880bb448c95!4m2!1d73.0336579!2d19.0058289!3m6!1s0x3be7a9ec84bb96f5:0xe838f66b6e091ca6!8m2!3d19.4299469!4d72.8724384!15sCjZIb3RlbCBKYXkgQmFqcmFuZ2JhbGkgNTAxLCBQZWxoYXIsIE5IIDgsIFZhc2FpLCBNdW1iYWlaNCIyaG90ZWwgamF5IGJhanJhbmdiYWxpIDUwMSBwZWxoYXIgbmggOCB2YXNhaSBtdW1iYWmSARJjaGluZXNlX3Jlc3RhdXJhbnTgAQA!16s%2Fg%2F11h07wvvmd?entry=ttu&g_ep=EgoyMDI2MDMxOC4xIKXMDSoASAFQAw%3D%3D",False,False,0x3be7c3c839ffa90f:0xaef02880bb448c95,,,,,,,,,,
"Shop 11-12, Mandreker Sadan, Adhrash Nagar, Century Bazar, Prabhadevi, Mumbai",https://www.zomato.com/mumbai/mahendra-bhuvan-1-prabhadevi,150f0bb0e43f0d444f222c40c435d06a7316433a,Mahendra Bhuvan,"
2R7F+65W, Nariman Road, Adarsh Nagar, Worli, Mumbai, Maharashtra 400030","https://www.google.com/maps/place/Mahendra+Bhuvan/@19.0131127,72.8139501,16z/data=!4m16!1m8!2m7!1sMahendra+Bhuvan+Shop+11-12,+Mandreker+Sadan,+Adhrash+Nagar,+Century+Bazar,+Prabhadevi,+Mumbai!3m5!2s19.0058289,73.0336579!3s0x3be7c3c839ffa90f:0xaef02880bb448c95!4m2!1d73.0336579!2d19.0058289!3m6!1s0x3be7cebe70051449:0xa7bd32662de2e2ea!8m2!3d19.0131127!4d72.8229623!15sCl1NYWhlbmRyYSBCaHV2YW4gU2hvcCAxMS0xMiwgTWFuZHJla2FyIFNhZGFuLCBBZGFyc2ggTmFnYXIsIENlbnR1cnkgQmF6YWFyLCBQcmFiaGFkZXZpLCBNdW1iYWlaWiJYbWFoZW5kcmEgYmh1dmFuIHNob3AgMTEgMTIgbWFuZHJla2FyIHNhZGFuIGFkYXJzaCBuYWdhciBjZW50dXJ5IGJhemFhciBwcmFiaGFkZXZpIG11bWJhaZIBFXZlZ2V0YXJpYW5fcmVzdGF1cmFudJoBI0NoWkRTVWhOTUc5blMwVkpRMEZuU1VSQ2FTMUxXVkZSRUFF4AEA-gEECAAQFQ!16s%2Fg%2F1yfprs15y?entry=ttu&g_ep=EgoyMDI2MDMxOC4xIKXMDSoASAFQAw%3D%3D",True,False,0x3be7c3c839ffa90f:0xaef02880bb448c95,,,,,,,,,,
"Unit F-08, 462, First Floor, Phoenix Mall, Block 02, Senapati Bapat Marg, Lalbaug, Mumbai",https://www.zomato.com/mumbai/chaayos-chai-snacks-relax-lalbaug,a9ff241bc63c14cc2f23f9a9a54a8f742ea243cd,Chaayos Cafe at Phoenix Palladium Mall,"
Parking Services, High Street Phoenix, Valet, Extension of Entry Rd to Phoenix, Lower Parel, Mumbai, Maharashtra 400013","https://www.google.com/maps/place/Chaayos+Cafe+at+Phoenix+Palladium+Mall/@18.9949684,72.8164508,16z/data=!3m1!5s0x3be7ce8c621dca7f:0x3fd13807ce5c4420!4m16!1m8!2m7!1sChaayos+Chai%2BSnacks%3DRelax+Unit+F-08,+462,+First+Floor,+Phoenix+Mall,+Block+02,+Senapati+Bapat+Marg,+Lalbaug,+Mumbai!3m5!2s19.0058289,73.0336579!3s0x3be7c3c839ffa90f:0xaef02880bb448c95!4m2!1d73.0336579!2d19.0058289!3m6!1s0x3be7cf494d7c25cd:0xdb37c8727370d5f8!8m2!3d18.9949684!4d72.825463!15sCnNDaGFheW9zIENoYWkrU25hY2tzPVJlbGF4IFVuaXQgRi0wOCwgNDYyLCBGaXJzdCBGbG9vciwgUGhvZW5peCBNYWxsLCBCbG9jayAwMiwgU2VuYXBhdGkgQmFwYXQgTWFyZywgTGFsYmF1ZywgTXVtYmFpWm4ibGNoYWF5b3MgY2hhaSBzbmFja3MgcmVsYXggdW5pdCBmIDA4IDQ2MiBmaXJzdCBmbG9vciBwaG9lbml4IG1hbGwgYmxvY2sgMDIgc2VuYXBhdGkgYmFwYXQgbWFyZyBsYWxiYXVnIG11bWJhaZIBBGNhZmWaASNDaFpEU1VoTk1HOW5TMFZKUTBGblNVTndkQzEyYjBwQkVBReABAPoBBAgAECA!16s%2Fg%2F11rkm_bdf0?entry=ttu&g_ep=EgoyMDI2MDMxOC4xIKXMDSoASAFQAw%3D%3D",False,False,0x3be7ce8c621dca7f:0x3fd13807ce5c4420,,,,,,,,,,
"Shop 7, IC Colony, Sortee Somnath CHS Ltd, Kandarpada, Link Road, Dahisar West, Mumbai",https://www.zomato.com/mumbai/on-the-way-falooda-dahisar-west,77c78955d1eefdb4cd950c9b9b671814c5fd36ad,On The Way Falooda,"
Shop no.7, Sortee Somnath CHSL, Laxman Mhatre Road, New Link Rd, next to Naturals ice cream, Kandarpada, Dahisar West, Mumbai, Maharashtra 400068","https://www.google.com/maps/place/On+The+Way+Falooda/@19.2579774,72.8510982,17z/data=!3m1!4b1!4m6!3m5!1s0x3be7b1388fdef337:0x9868e32c529a587d!8m2!3d19.2579774!4d72.8536731!16s%2Fg%2F12qf_w1jh?entry=ttu&g_ep=EgoyMDI2MDMxOC4xIKXMDSoASAFQAw%3D%3D",True,False,0x3be7b1388fdef337:0x9868e32c529a587d,,,,,,,,,,
"D'Monte Park, Perry Cross, Pali Hill, Bandra West, Mumbai",https://www.zomato.com/mumbai/caprice-restaurant-pali-hill-bandra-west,db97f537b713928232b25ee4527f0c231dd34d02,D’monte Park,"
186, St John Rd, Bandra West, Mumbai, Maharashtra 400050","https://www.google.com/maps/place/D%E2%80%99monte+Park/@19.0606858,72.8074322,15z/data=!4m10!1m2!2m1!1sCaprice+Restaurant+D'Monte+Park,+Perry+Cross,+Pali+Hill,+Bandra+West,+Mumbai!3m6!1s0x3be7c9000970ecd1:0xcf127fd1d658b6d1!8m2!3d19.0606858!4d72.8254566!15sCkxDYXByaWNlIFJlc3RhdXJhbnQgRCdNb250ZSBQYXJrLCBQZXJyeSBDcm9zcywgUGFsaSBIaWxsLCBCYW5kcmEgV2VzdCwgTXVtYmFpWkoiSGNhcHJpY2UgcmVzdGF1cmFudCBkIG1vbnRlIHBhcmsgcGVycnkgY3Jvc3MgcGFsaSBoaWxsIGJhbmRyYSB3ZXN0IG11bWJhaZIBBHBhcmuaAURDaTlEUVVsUlFVTnZaRU5vZEhsalJqbHZUMjVDZVU1dGFEUlZSWFJVVkVaU2RFNVhSWHBrYTFad1kxVnNNRmt4UlJBQuABAPoBBAgAEEs!16s%2Fg%2F11vxhb02tf?entry=ttu&g_ep=EgoyMDI2MDMxOC4xIKXMDSoASAFQAw%3D%3D",False,False,0x3be7c9000970ecd1:0xcf127fd1d658b6d1,Caprice Restaurant,https://www.zomato.com/mumbai/caprice-restaurant-pali-hill-bandra-west,db97f537b713928232b25ee4527f0c231dd34d02,"D'Monte Park, Perry Cross, Pali Hill, Bandra West, Mumbai",19.0550871,72.8267067,,,False,"Caprice Restaurant, D'Monte Park, Perry Cross, Pali Hill, Bandra West, Mumbai"
"Shop 5, Emerard Building 8, Near Imax Theater, Cawl Bhakti Park, Wadala, Mumbai",https://www.zomato.com/mumbai/health-fresh-juice-snacks-wadala,1c52656ed683750d7bbef7cfecca8139d97936ef,Health Fresh Juice & Snacks,"
Shop number 5 Emerald building Bhakti park, near IMAX theatre, Wadala East, Maharashtra 400015","https://www.google.com/maps/place/Health+Fresh+Juice+%26+Snacks/@19.0068689,72.8559479,17z/data=!3m1!4b1!4m6!3m5!1s0x3be7cfee24792149:0xe47f3703a1687ee2!8m2!3d19.0068689!4d72.8585228!16s%2Fg%2F11j2df_rkm?entry=ttu&g_ep=EgoyMDI2MDMxOC4xIKXMDSoASAFQAw%3D%3D",True,False,0x3be7cfee24792149:0xe47f3703a1687ee2,,,,,,,,,,
"Shop 2, Nirdhar Society, Kastur Park, Borivali West, Mumbai",https://www.zomato.com/mumbai/v-bistro-borivali-west,9355044bf467558fccb135bf5699619bc8811d05,"Pav Bhaji Klub - Fast Food Restaurant, पाव भाजी क्लब - फास्ट फूड रेस्टॉरंट","
Shop No. 1 & 2, 2, Swami Vivekanand Rd, opp. Kalyan Jewellers, Dattani Nagar, Borivali West, Mumbai, Maharashtra 400092","https://www.google.com/maps/place/Pav+Bhaji+Klub+-+Fast+Food+Restaurant,+%E0%A4%AA%E0%A4%BE%E0%A4%B5+%E0%A4%AD%E0%A4%BE%E0%A4%9C%E0%A5%80+%E0%A4%95%E0%A5%8D%E0%A4%B2%E0%A4%AC+-+%E0%A4%AB%E0%A4%BE%E0%A4%B8%E0%A5%8D%E0%A4%9F+%E0%A4%AB%E0%A5%82%E0%A4%A1+%E0%A4%B0%E0%A5%87%E0%A4%B8%E0%A5%8D%E0%A4%9F%E0%A5%89%E0%A4%B0%E0%A4%82%E0%A4%9F/@19.2193665,72.8162998,14z/data=!4m10!1m2!2m1!1sV+Bistro+Shop+2,+Nirdhar+Society,+Kastur+Park,+Borivali+West,+Mumbai!3m6!1s0x3be7b7a2a3e9c465:0x2d6bc41f0a3a94e!8m2!3d19.2193665!4d72.8523487!15sCkRWIEJpc3RybyBTaG9wIDIsIE5pcmRoYXIgU29jaWV0eSwgS2FzdHVyIFBhcmssIEJvcml2YWxpIFdlc3QsIE11bWJhaVpCIkB2IGJpc3RybyBzaG9wIDIgbmlyZGhhciBzb2NpZXR5IGthc3R1ciBwYXJrIGJvcml2YWxpIHdlc3QgbXVtYmFpkgEKcmVzdGF1cmFudOABAA!16s%2Fg%2F11q9m9g24g?entry=ttu&g_ep=EgoyMDI2MDMxOC4xIKXMDSoASAFQAw%3D%3D",False,False,0x3be7b7a2a3e9c465:0x2d6bc41f0a3a94e,V Bistro,https://www.zomato.com/mumbai/v-bistro-borivali-west,9355044bf467558fccb135bf5699619bc8811d05,"Shop 2, Nirdhar Society, Kastur Park, Borivali West, Mumbai",19.2193665,72.8523487,,,False,"V Bistro, Shop 2, Nirdhar Society, Kastur Park, Borivali West, Mumbai"
"Shop 2, Nirdhar Society, Kastur Park, Borivali West, Mumbai",https://www.zomato.com/mumbai/v-bistro-borivali-west,9355044bf467558fccb135bf5699619bc8811d05,"Pav Bhaji Klub - Fast Food Restaurant, पाव भाजी क्लब - फास्ट फूड रेस्टॉरंट","
Shop No. 1 & 2, 2, Swami Vivekanand Rd, opp. Kalyan Jewellers, Dattani Nagar, Borivali West, Mumbai, Maharashtra 400092","https://www.google.com/maps/place/Pav+Bhaji+Klub+-+Fast+Food+Restaurant,+%E0%A4%AA%E0%A4%BE%E0%A4%B5+%E0%A4%AD%E0%A4%BE%E0%A4%9C%E0%A5%80+%E0%A4%95%E0%A5%8D%E0%A4%B2%E0%A4%AC+-+%E0%A4%AB%E0%A4%BE%E0%A4%B8%E0%A5%8D%E0%A4%9F+%E0%A4%AB%E0%A5%82%E0%A4%A1+%E0%A4%B0%E0%A5%87%E0%A4%B8%E0%A5%8D%E0%A4%9F%E0%A5%89%E0%A4%B0%E0%A4%82%E0%A4%9F/@19.2193665,72.8162998,14z/data=!4m10!1m2!2m1!1sV+Bistro+Shop+2,+Nirdhar+Society,+Kastur+Park,+Borivali+West,+Mumbai!3m6!1s0x3be7b7a2a3e9c465:0x2d6bc41f0a3a94e!8m2!3d19.2193665!4d72.8523487!15sCkRWIEJpc3RybyBTaG9wIDIsIE5pcmRoYXIgU29jaWV0eSwgS2FzdHVyIFBhcmssIEJvcml2YWxpIFdlc3QsIE11bWJhaVpCIkB2IGJpc3RybyBzaG9wIDIgbmlyZGhhciBzb2NpZXR5IGthc3R1ciBwYXJrIGJvcml2YWxpIHdlc3QgbXVtYmFpkgEKcmVzdGF1cmFudOABAA!16s%2Fg%2F11q9m9g24g?entry=ttu&g_ep=EgoyMDI2MDMxOC4xIKXMDSoASAFQAw%3D%3D",False,False,0x3be7b7a2a3e9c465:0x2d6bc41f0a3a94e,Pav Bhaji Klub,https://www.zomato.com/mumbai/pav-bhaji-klub-borivali-west,61d0beb753cd389a7d6c0afff703351a0c80219c,"Shop 1/1A, Ground Floor, Cooperative Housing Society Limited, Dattani Nagar 2, S. V. Road, Borivali West, Mumbai",,,,,False,"Pav Bhaji Klub, Shop 1/1A, Ground Floor, Cooperative Housing Society Limited, Dattani Nagar 2, S. V. Road, Borivali West, Mumbai"
"4, Monarch Chambers, Marol Maroshi Road, Marol, Mumbai",https://www.zomato.com/mumbai/minks-the-nagpur-saoji-treat-marol,92888e117dbca7d7e75a1f7fbfcdfa492b820a5d,Minks,"
Shop No. 4, Marol Maroshi Rd, Near Marol Fire Brigade, Gamdevi, Marol, Andheri East, Mumbai, Maharashtra 400059","https://www.google.com/maps/place/Minks/@19.1112987,72.8764382,17z/data=!3m1!4b1!4m6!3m5!1s0x3be7c81459c3acb3:0x11b163bfa133f54c!8m2!3d19.1112987!4d72.8790131!16s%2Fg%2F1ptw2rjfd?entry=ttu&g_ep=EgoyMDI2MDMxOC4xIKXMDSoASAFQAw%3D%3D",False,False,0x3be7c81459c3acb3:0x11b163bfa133f54c,Minks - The Nagpur Saoji Treat,https://www.zomato.com/mumbai/minks-the-nagpur-saoji-treat-marol,92888e117dbca7d7e75a1f7fbfcdfa492b820a5d,"4, Monarch Chambers, Marol Maroshi Road, Marol, Mumbai",19.1112987,72.8790131,,,False,"Minks - The Nagpur Saoji Treat, 4, Monarch Chambers, Marol Maroshi Road, Marol, Mumbai"
"Shop 5 & 6, Ganesh Siddhi Apartment, Ram Mandir Road, Borivali West, Mumbai",https://www.zomato.com/mumbai/mexicos-pizza-cafe-borivali-west,9b2b5acd132261aca0c2d20c7b18b845880b32c0,Mexicos Pizza Cafe,"
Shop No 5 & 6, Ganesh Siddhi Apartment, Ram Mandir Rd, near Anandrao Pawar School, Vazira, Borivali West, Mumbai, Maharashtra 400091","https://www.google.com/maps/place/Mexicos+Pizza+Cafe/@19.226199,72.8422621,17z/data=!3m1!4b1!4m6!3m5!1s0x3be7b151d92543e7:0xc0cacf3242f4b3e6!8m2!3d19.226199!4d72.844837!16s%2Fg%2F11ssdqv5x7?entry=ttu&g_ep=EgoyMDI2MDMxOC4xIKXMDSoASAFQAw%3D%3D",False,False,0x3be7b151d92543e7:0xc0cacf3242f4b3e6,Mexico's Pizza Cafe,https://www.zomato.com/mumbai/mexicos-pizza-cafe-borivali-west,9b2b5acd132261aca0c2d20c7b18b845880b32c0,"Shop 5 & 6, Ganesh Siddhi Apartment, Ram Mandir Road, Borivali West, Mumbai",19.226199,72.844837,,,False,"Mexico's Pizza Cafe, Shop 5 & 6, Ganesh Siddhi Apartment, Ram Mandir Road, Borivali West, Mumbai"
"312, R J Ahir Sajid, Tower B, Amboli Naka, S.V. Road, Andheri Market, Azad Nagar, Mumbai",https://www.zomato.com/mumbai/pp-paratha-azad-nagar,af1c1baa9152f22ea43c5473d4725ac2df577f76,SHREE K1 PARATHA,"
Shop no 1, Balaji Centre, Ram Milan CHSL, Navpada, Vile Parle East, Vile Parle, Mumbai, Maharashtra 400057","https://www.google.com/maps/place/SHREE+K1+PARATHA/@19.1078342,72.7080097,12z/data=!3m1!5s0x3be7c8352f95265f:0x42978e9e340736e4!4m10!1m2!2m1!1sP'P+Paratha+312,+R+J+Ahir+Sajid,+Tower+B,+Amboli+Naka,+S.V.+Road,+Andheri+Market,+Azad+Nagar,+Mumbai!3m6!1s0x3be7b7e4e1fd8791:0x9eb6e38943fd9748!8m2!3d19.1078342!4d72.8522053!15sCmRQJ1AgUGFyYXRoYSAzMTIsIFIgSiBBaGlyIFNhamlkLCBUb3dlciBCLCBBbWJvbGkgTmFrYSwgUy5WLiBSb2FkLCBBbmRoZXJpIE1hcmtldCwgQXphZCBOYWdhciwgTXVtYmFpWlwiWnAgcCBwYXJhdGhhIDMxMiByaiBhaGlyIHNhamlkIHRvd2VyIGIgYW1ib2xpIG5ha2Egc3Ygcm9hZCBhbmRoZXJpIG1hcmtldCBhemFkIG5hZ2FyIG11bWJhaZIBFGZhc3RfZm9vZF9yZXN0YXVyYW504AEA!16s%2Fg%2F11sq3df40w?entry=ttu&g_ep=EgoyMDI2MDMxOC4xIKXMDSoASAFQAw%3D%3D",False,False,0x3be7c8352f95265f:0x42978e9e340736e4,,,,,,,,,,
"Shop 6, Amita Apartment, Road 5, Borivali East, Mumbai",https://www.zomato.com/mumbai/torque-cafe-borivali-east,636a0f75c65a0f4477f740a2e8bb3ecc0ff4e4b4,Torque Cafe,"
Shop No. 6, Amita Apartment, Kasturba, Rd Number 5, Chinchpada, Borivali East, Mumbai, Maharashtra 400066","https://www.google.com/maps/place/Torque+Cafe/@19.2298965,72.8595092,17z/data=!3m1!4b1!4m6!3m5!1s0x3be7b10058671619:0x301cd7677adece7e!8m2!3d19.2298965!4d72.8620841!16s%2Fg%2F11y3n7946t?entry=ttu&g_ep=EgoyMDI2MDMxOC4xIKXMDSoASAFQAw%3D%3D",True,False,0x3be7b10058671619:0x301cd7677adece7e,TORQUE CAFE,https://www.zomato.com/mumbai/torque-cafe-borivali-east,636a0f75c65a0f4477f740a2e8bb3ecc0ff4e4b4,"Shop 6, Amita Apartment, Road 5, Borivali East, Mumbai",19.2298965,72.86208409999999,,,False,"TORQUE CAFE, Shop 6, Amita Apartment, Road 5, Borivali East, Mumbai"
"Shop 13, Plot 111-E/1 And 111-F, Krishna Kamal CHS, Sector- 21, Nerul, Navi Mumbai",https://www.zomato.com/mumbai/aagri-durg-restaurant-nerul-navi-mumbai,b8715c5ed2412f79664e6a286506c7e94cbe2fc1,Aagri Durg Restaurant,"
shop no.13, Krishna Kamal Chs 400706, near IDFC bank, Nerul East, Sector 21, Nerul, Navi Mumbai, Maharashtra 400706","https://www.google.com/maps/place/Aagri+Durg+Restaurant/@19.0305123,73.0160766,17z/data=!3m1!4b1!4m6!3m5!1s0x3be7c3eecd5e3b87:0x998c41c076a7e459!8m2!3d19.0305123!4d73.0186515!16s%2Fg%2F11y4n6l_4n?entry=ttu&g_ep=EgoyMDI2MDMxOC4xIKXMDSoASAFQAw%3D%3D",True,False,0x3be7c3eecd5e3b87:0x998c41c076a7e459,Aagri Durg Restaurant,https://www.zomato.com/mumbai/aagri-durg-restaurant-nerul-navi-mumbai,b8715c5ed2412f79664e6a286506c7e94cbe2fc1,"Shop 13, Plot 111-E/1 And 111-F, Krishna Kamal CHS, Sector- 21, Nerul, Navi Mumbai",19.0305123,73.01865149999999,,,False,"Aagri Durg Restaurant, Shop 13, Plot 111-E/1 And 111-F, Krishna Kamal CHS, Sector- 21, Nerul, Navi Mumbai"
"Damodar Park, Oppposite Ashok Mill, LBS Marg, Ghatkopar West, Mumbai",https://www.zomato.com/mumbai/krishna-kunj-ghatkopar-west,9b67cdcdfe0babe0fe3a246c4c17c7a73bb5cb51,Damodar Park,"
3WW7+R7R, Lal Bahadur Shastri Marg, Nabard Colony, Damodar Park, Ghatkopar West, Mumbai, Maharashtra 400086","https://www.google.com/maps/place/Damodar+Park/@19.0971126,72.9041146,16z/data=!4m10!1m2!2m1!1sKrishna+Kunj+Damodar+Park,+Oppposite+Ashok+Mill,+LBS+Marg,+Ghatkopar+West,+Mumbai!3m6!1s0x3be7c7ce5394176b:0x102cce5ec6df436c!8m2!3d19.0971126!4d72.9131268!15sClBLcmlzaG5hIEt1bmogRGFtb2RhciBQYXJrLCBPcHBvc2l0ZSBBc2hvayBNaWxsLCBMQlMgTWFyZywgR2hhdGtvcGFyIFdlc3QsIE11bWJhaVpOIkxrcmlzaG5hIGt1bmogZGFtb2RhciBwYXJrIG9wcG9zaXRlIGFzaG9rIG1pbGwgbGJzIG1hcmcgZ2hhdGtvcGFyIHdlc3QgbXVtYmFpkgETaG91c2luZ19kZXZlbG9wbWVudOABAA!16s%2Fg%2F1tfbls88?entry=ttu&g_ep=EgoyMDI2MDMxOC4xIKXMDSoASAFQAw%3D%3D",False,False,0x3be7c7ce5394176b:0x102cce5ec6df436c,,,,,,,,,,
"G- 1, 92, Madhusadan Apartment, Mahim Road, Palghar, Mumbai",https://www.zomato.com/mumbai/crazy-cuts-palghar,65082a2fee8288ac65072a5ff9cfc8aa8b66390d,Crazy Cuts Palghar,"
Type B Lotus, Mahim - Palghar Rd, behind Relief Hospital, near Chhatrapati Shivaji Maharaj Chowk, Juna Palghar, Palghar, Maharashtra 401404","https://www.google.com/maps/place/Crazy+Cuts+Palghar/@19.7045759,72.749494,15z/data=!4m10!1m2!2m1!1sCrazy+Cuts+G-+1,+92,+Madhusadan+Apartment,+Mahim+Road,+Palghar,+Mumbai!3m6!1s0x3be71d005be110f7:0xb40951c84c10c320!8m2!3d19.7045759!4d72.7675184!15sCkZDcmF6eSBDdXRzIEctIDEsIDkyLCBNYWRodXN1ZGFuIEFwYXJ0bWVudCwgTWFoaW0gUm9hZCwgUGFsZ2hhciwgTXVtYmFpWkIiQGNyYXp5IGN1dHMgZyAxIDkyIG1hZGh1c3VkYW4gYXBhcnRtZW50IG1haGltIHJvYWQgcGFsZ2hhciBtdW1iYWmSAQRjYWZl4AEA!16s%2Fg%2F11qm1rnxc9?entry=ttu&g_ep=EgoyMDI2MDMxOC4xIKXMDSoASAFQAw%3D%3D",True,False,0x3be71d005be110f7:0xb40951c84c10c320,,,,,,,,,,
"Shop 1, 71, Kamladevi Birajdar Marg, Nerul East, Sector 19A, Nerul, Navi Mumbai",https://www.zomato.com/mumbai/chai-vaai-adda-nerul-navi-mumbai,f00a942422e581caf53d29e0e7adcb53418ab9a7,Shop 1,,"https://www.google.com/maps/place/Shop+1,+71,+Kamladevi+Birajdar+Marg,+Nerul+East,+Sector+19A,+Nerul,+Navi+Mumbai,+Maharashtra+400706/@19.0278858,73.0231337,17z/data=!3m1!4b1!4m9!1m2!2m1!1sChai+Vaai+Adda+Shop+1,+71,+Kamladevi+Birajdar+Marg,+Nerul+East,+Sector+19A,+Nerul,+Navi+Mumbai!3m5!1s0x3be7c3b8cc32eba1:0x1dea3fdfdd7d86b4!8m2!3d19.0278858!4d73.0231337!15sCl5DaGFpIFZhYWkgQWRkYSBTaG9wIDEsIDcxLCBLYW1sYWRldmkgQmlyYWpkYXIgTWFyZywgTmVydWwgRWFzdCwgU2VjdG9yIDE5QSwgTmVydWwsIE5hdmkgTXVtYmFpIgOIAQGSARBjb21wb3VuZF9zZWN0aW9u4AEA?entry=ttu&g_ep=EgoyMDI2MDMxOC4xIKXMDSoASAFQAw%3D%3D",False,False,0x3be7c3b8cc32eba1:0x1dea3fdfdd7d86b4,,,,,,,,,,
"Shop 65, Ground Floor, Veena Nagar CHS Ltd, Phase 1, Off LBS Marg, Mulund West, Mumbai",https://www.zomato.com/mumbai/biryani-sultanat-mulund-west,7e906908fecf07163cd1dc424e9ecde39a62a1ef,Mumbai's Jan Biryani,"
Shop No - 05, Laxmi Residency, opp. Fish Market, Gavanpada, Mulund East, Mumbai, Maharashtra 400081","https://www.google.com/maps/place/Mumbai's+Jan+Biryani/@19.1643931,72.8145804,12z/data=!4m10!1m2!2m1!1sBiryani+Sultanat+Shop+65,+Ground+Floor,+Veena+Nagar+CHS+Ltd,+Phase+1,+Off+LBS+Marg,+Mulund+West,+Mumbai!3m6!1s0x3be7b9c7138ba247:0xe4e694eddfbebb37!8m2!3d19.1730558!4d72.9622273!15sCmdCaXJ5YW5pIFN1bHRhbmF0IFNob3AgNjUsIEdyb3VuZCBGbG9vciwgVmVlbmEgTmFnYXIgQ0hTIEx0ZCwgUGhhc2UgMSwgT2ZmIExCUyBNYXJnLCBNdWx1bmQgV2VzdCwgTXVtYmFpWmMiYWJpcnlhbmkgc3VsdGFuYXQgc2hvcCA2NSBncm91bmQgZmxvb3IgdmVlbmEgbmFnYXIgY2hzIGx0ZCBwaGFzZSAxIG9mZiBsYnMgbWFyZyBtdWx1bmQgd2VzdCBtdW1iYWmSAQ9pbmRpYW5fdGFrZWF3YXngAQA!16s%2Fg%2F11vlt50cjz?entry=ttu&g_ep=EgoyMDI2MDMxOC4xIKXMDSoASAFQAw%3D%3D",False,False,0x3be7b9c7138ba247:0xe4e694eddfbebb37,Biryani Sultanat,https://www.zomato.com/mumbai/biryani-sultanat-mulund-west,7e906908fecf07163cd1dc424e9ecde39a62a1ef,"Shop 65, Ground Floor, Veena Nagar CHS Ltd, Phase 1, Off LBS Marg, Mulund West, Mumbai",19.1838105,72.95197929999999,,,False,"Biryani Sultanat, Shop 65, Ground Floor, Veena Nagar CHS Ltd, Phase 1, Off LBS Marg, Mulund West, Mumbai"
"Shop A/3, Gagangiri Apartment, Carter Road, Bandra West, Mumbai",https://www.zomato.com/mumbai/coulsons-carter-road-bandra-west,5eedd9270159d4e81648227e38d6fb48fa2bcba8,Coulson's Shakes n Chillies,"
Shop No. A3, Gagangiri Apt, Off Carter Rd, Union Park, Khar West, Mumbai, Maharashtra 400052","https://www.google.com/maps/place/Coulson's+Shakes+n+Chillies/@19.0708371,72.8209041,17z/data=!3m1!4b1!4m6!3m5!1s0x3be7c9bc3d182049:0x2a8b4a98163491c9!8m2!3d19.0708371!4d72.823479!16s%2Fg%2F11v3g9g7ll?entry=ttu&g_ep=EgoyMDI2MDMxOC4xIKXMDSoASAFQAw%3D%3D",True,False,0x3be7c9bc3d182049:0x2a8b4a98163491c9,,,,,,,,,,
"Shop 13, Akshita Heights, Near Crime Branch Office, Mira Road, Mumbai",https://www.zomato.com/mumbai/shree-govindam-taste-of-south-mira-road,bac445c93c8a6e1607240e3f324c8e6fa9e0007b,Govinda's Food Court,"
ISKCON, Sri Sri Radha Giridhari Mandir, Srishti Rd, opp. Royal College, Siddhi Vinayak Nagar, Mahajan Wadi, Mira Road East, Mira Bhayandar, Maharashtra 401107","https://www.google.com/maps/place/Govinda's+Food+Court/@19.2694735,72.8359408,14z/data=!4m10!1m2!2m1!1sShree+Govindam+Taste+Of+South+Shop+13,+Akshita+Heights,+Near+Crime+Branch+Office,+Mira+Road,+Mumbai!3m6!1s0x3be7b1a435f2fb8b:0xf6c61a9186fd0ccb!8m2!3d19.2694735!4d72.8719897!15sCmNTaHJlZSBHb3ZpbmRhbSBUYXN0ZSBPZiBTb3V0aCBTaG9wIDEzLCBBa3NoaXRhIEhlaWdodHMsIE5lYXIgQ3JpbWUgQnJhbmNoIE9mZmljZSwgTWlyYSBSb2FkLCBNdW1iYWlaYSJfc2hyZWUgZ292aW5kYW0gdGFzdGUgb2Ygc291dGggc2hvcCAxMyBha3NoaXRhIGhlaWdodHMgbmVhciBjcmltZSBicmFuY2ggb2ZmaWNlIG1pcmEgcm9hZCBtdW1iYWmSARRmYXN0X2Zvb2RfcmVzdGF1cmFudJoBRENpOURRVWxSUVVOdlpFTm9kSGxqUmpsdlQydDBjR0p1U1RCT1ZtUXlWV3BrUmxkcldscFRNV3MxVjFSc1JFNVhZeEFC4AEA-gEFCOECED4!16s%2Fg%2F11n07lpg9l?entry=ttu&g_ep=EgoyMDI2MDMxOC4xIKXMDSoASAFQAw%3D%3D",False,False,0x3be7b1a435f2fb8b:0xf6c61a9186fd0ccb,Shree Govindam Taste Of South,https://www.zomato.com/mumbai/shree-govindam-taste-of-south-mira-road,bac445c93c8a6e1607240e3f324c8e6fa9e0007b,"Shop 13, Akshita Heights, Near Crime Branch Office, Mira Road, Mumbai",19.2694777,72.8720072,,,False,"Shree Govindam Taste Of South, Shop 13, Akshita Heights, Near Crime Branch Office, Mira Road, Mumbai"
"Shop-16, Maitry Pooja Building 1, Viva Jangid Complex, Manvel Pada Road, Virar, Mumbai",https://www.zomato.com/mumbai/coffee-in-cafe-virar,cb15a3360a61c08ecbeaac97f284964a7ba1bd44,Jay Shree Cafe - Perfect Coffee Destination,"
Shop no 2, Besides Anand Coaching Classes, Maitry Pooja building, Manvelpada Rd, Ekvira Darshan, Virar East, Virar, Vasai-Virar, Maharashtra 401305","https://www.google.com/maps/place/Jay+Shree+Cafe+-+Perfect+Coffee+Destination/@19.442635,72.5321189,11z/data=!4m10!1m2!2m1!1sCoffee+In+Cafe+Shop-16,+Maitry+Pooja+Building+1,+Viva+Jangid+Complex,+Manvel+Pada+Road,+Virar,+Mumbai!3m6!1s0x3be7a9cce0f98c69:0x609c53d62cfe14bf!8m2!3d19.442635!4d72.82051!15sCmVDb2ZmZWUgSW4gQ2FmZSBTaG9wLTE2LCBNYWl0cnkgUG9vamEgQnVpbGRpbmcgMSwgVml2YSBKYW5naWQgQ29tcGxleCwgTWFudmVsIFBhZGEgUm9hZCwgVmlyYXIsIE11bWJhaVpiImBjb2ZmZWUgaW4gY2FmZSBzaG9wIDE2IG1haXRyeSBwb29qYSBidWlsZGluZyAxIHZpdmEgamFuZ2lkIGNvbXBsZXggbWFudmVsIHBhZGEgcm9hZCB2aXJhciBtdW1iYWmSAQRjYWZl4AEA!16s%2Fg%2F11xdgy9d6m?entry=ttu&g_ep=EgoyMDI2MDMxOC4xIKXMDSoASAFQAw%3D%3D",False,False,0x3be7a9cce0f98c69:0x609c53d62cfe14bf,,,,,,,,,,
"Shop 14, Bladge 6, Ground Floor, Yashvant Srushti, Maad Complex, Boisar, Mumbai",https://www.zomato.com/mumbai/i-am-foodie-boisar,72b49f3bdc54602fff875579a2d11acde6ccacaf,I am foodie cafe,"
Shop no. 14, Bldg no. 6, Maad complex, Yashvant Srushti, Khaira, Maharashtra 401501","https://www.google.com/maps/place/I+am+foodie+cafe/@19.7929245,72.7561627,17z/data=!3m1!4b1!4m6!3m5!1s0x3be71fb6d2df6ec3:0x923c0614f7b9204!8m2!3d19.7929245!4d72.7587376!16s%2Fg%2F11hjmh74p4?entry=ttu&g_ep=EgoyMDI2MDMxOC4xIKXMDSoASAFQAw%3D%3D",True,False,0x3be71fb6d2df6ec3:0x923c0614f7b9204,I Am Foodie,https://www.zomato.com/mumbai/i-am-foodie-boisar,72b49f3bdc54602fff875579a2d11acde6ccacaf,"Shop 14, Bladge 6, Ground Floor, Yashvant Srushti, Maad Complex, Boisar, Mumbai",19.7929245,72.7587376,,,False,"I Am Foodie, Shop 14, Bladge 6, Ground Floor, Yashvant Srushti, Maad Complex, Boisar, Mumbai"
"Shop 7, Kajal CHS, Patel Nagar, Station Road, Bhayandar, Mumbai",https://www.zomato.com/mumbai/panchayat-the-kulhad-cafe-bhayandar,1c4bbcc13212c2a9e740536bfd713f13730fc5aa,Panchayat- The Kulhad Cafe in Bhayandar West- Mumbai,"
Shop No.7, Kajal CHS Ltd, Station Rd, near Monginis Cake Shop, Bhayandar, Patel Nagar, Bhayandar West, Mumbai, Mira Bhayandar, Maharashtra 401101","https://www.google.com/maps/place/Panchayat-+The+Kulhad+Cafe+in+Bhayandar+West-+Mumbai/@19.3053925,72.8472244,17z/data=!3m1!4b1!4m6!3m5!1s0x3be7b1eef75ff4fd:0x1b36ea2b609d7cbb!8m2!3d19.3053925!4d72.8497993!16s%2Fg%2F11qpvvjs1p?entry=ttu&g_ep=EgoyMDI2MDMxOC4xIKXMDSoASAFQAw%3D%3D",False,False,0x3be7b1eef75ff4fd:0x1b36ea2b609d7cbb,Panchayat - The Kulhad Cafe,https://www.zomato.com/mumbai/panchayat-the-kulhad-cafe-bhayandar,1c4bbcc13212c2a9e740536bfd713f13730fc5aa,"Shop 7, Kajal CHS, Patel Nagar, Station Road, Bhayandar, Mumbai",19.3053925,72.8497993,,,False,"Panchayat - The Kulhad Cafe, Shop 7, Kajal CHS, Patel Nagar, Station Road, Bhayandar, Mumbai"
"Navroz Mansion, Opposite Bhatia Hospital, Grant Road West, Tardeo, Mumbai",https://www.zomato.com/mumbai/amar-veg-restaurant-tardeo,daed7acd39b2e71a5679d93222735a274964b0f2,Amar Restaurant,"
Navroz Mansion, Nana Chowk, 274, Javji Dadaji Marg, Kemps Corner, Tardeo, Mumbai, Maharashtra 400026","https://www.google.com/maps/place/Amar+Restaurant/@18.9652584,72.8101915,17z/data=!3m1!4b1!4m6!3m5!1s0x3be7ce732186fa03:0x777d54959977c9e7!8m2!3d18.9652584!4d72.8127664!16s%2Fg%2F11c4bc661v?entry=ttu&g_ep=EgoyMDI2MDMxOC4xIKXMDSoASAFQAw%3D%3D",False,False,0x3be7ce732186fa03:0x777d54959977c9e7,Amar Veg Restaurant,https://www.zomato.com/mumbai/amar-veg-restaurant-tardeo,daed7acd39b2e71a5679d93222735a274964b0f2,"Navroz Mansion, Opposite Bhatia Hospital, Grant Road West, Tardeo, Mumbai",,,,,False,"Amar Veg Restaurant, Navroz Mansion, Opposite Bhatia Hospital, Grant Road West, Tardeo, Mumbai"
"4, Navjeevan Society, Dr Babashaheb Bhadkamkar Marg, Mumbai Central, Mumbai",https://www.zomato.com/mumbai/balaji-mumbai-central,18e273c6e026d91dc99c7dd966e395bab58d5f2f,Navjeevan Society,"
13, Dr Anandrao Nair Marg, Navjeevan Society, Dalal Estate, Kamathipura, Mumbai, Maharashtra 400008","https://www.google.com/maps/place/Navjeevan+Society/@18.9652581,72.8024666,15z/data=!4m10!1m2!2m1!1sBalaji+4,+Navjeevan+Society,+Dr+Babashaheb+Bhadkamkar+Marg,+Mumbai+Central,+Mumbai!3m6!1s0x3be7ce6cc219eea7:0xd89bf5b1cf7f4a5b!8m2!3d18.9660419!4d72.820118!15sClJCYWxhamkgNCwgTmF2amVldmFuIFNvY2lldHksIERyIEJhYmFzaGFoZWIgQmhhZGthbWthciBNYXJnLCBNdW1iYWkgQ2VudHJhbCwgTXVtYmFpWlAiTmJhbGFqaSA0IG5hdmplZXZhbiBzb2NpZXR5IGRyIGJhYmFzaGFoZWIgYmhhZGthbWthciBtYXJnIG11bWJhaSBjZW50cmFsIG11bWJhaZIBD2hvdXNpbmdfc29jaWV0eeABAA!16s%2Fg%2F11dfqxffcm?entry=ttu&g_ep=EgoyMDI2MDMxOC4xIKXMDSoASAFQAw%3D%3D",False,False,0x3be7ce6cc219eea7:0xd89bf5b1cf7f4a5b,Balaji,https://www.zomato.com/mumbai/balaji-mumbai-central,18e273c6e026d91dc99c7dd966e395bab58d5f2f,"4, Navjeevan Society, Dr Babashaheb Bhadkamkar Marg, Mumbai Central, Mumbai",18.9660419,72.820118,,,False,"Balaji, 4, Navjeevan Society, Dr Babashaheb Bhadkamkar Marg, Mumbai Central, Mumbai"
"S2 and 3, Wing A, Supreme Business Park, Powai, Mumbai",https://www.zomato.com/mumbai/cogs-and-brews-2-powai,0f724e6d132f53b46c31eca54139d9b98f169d31,Cogs and Brews - The Coworking Cafe,"
Stilt 2, A wing, Supreme Business Park, S2, Hiranandani Gardens, Powai, Mumbai, Maharashtra 400076","https://www.google.com/maps/place/Cogs+and+Brews+-+The+Coworking+Cafe/@19.1112431,72.906192,17z/data=!3m1!4b1!4m6!3m5!1s0x3be7c79cf26b7bdb:0x82ba0d705a301024!8m2!3d19.1112431!4d72.9087669!16s%2Fg%2F11nxrj9dzq?entry=ttu&g_ep=EgoyMDI2MDMxOC4xIKXMDSoASAFQAw%3D%3D",True,False,0x3be7c79cf26b7bdb:0x82ba0d705a301024,,,,,,,,,,
"Shop 4-5, Teerth Plaza, Near LR Tiwari College, Ramdev Park Road, Near Mira Road, Mumbai",https://www.zomato.com/mumbai/yara-cafe-mira-road,099f14ca1e354435ddfe204a4ea7abaca5ba9662,Awara Cafe,"
Shop No 7 & 8, Surya Orchid, B wing, Ramdev Park Rd, beside lalan tiwari college, opp. skybar, Kanakia Park, Mira Road East, Thane, Mira Bhayandar, Maharashtra 401105","https://www.google.com/maps/place/Awara+Cafe/@19.3004717,72.8020525,13z/data=!4m10!1m2!2m1!1sYara+Cafe+Shop+4-5,+Teerth+Plaza,+Near+LR+Tiwari+College,+Ramdev+Park+Road,+Near+Mira+Road,+Mumbai!3m6!1s0x3be7b14635e0158d:0x82ea115cc97e1891!8m2!3d19.3004717!4d72.8741503!15sCmJZYXJhIENhZmUgU2hvcCA0LTUsIFRlZXJ0aCBQbGF6YSwgTmVhciBMUiBUaXdhcmkgQ29sbGVnZSwgUmFtZGV2IFBhcmsgUm9hZCwgTmVhciBNaXJhIFJvYWQsIE11bWJhaVpfIl15YXJhIGNhZmUgc2hvcCA0IDUgdGVlcnRoIHBsYXphIG5lYXIgbHIgdGl3YXJpIGNvbGxlZ2UgcmFtZGV2IHBhcmsgcm9hZCBuZWFyIG1pcmEgcm9hZCBtdW1iYWmSAQRjYWZl4AEA!16s%2Fg%2F11xt4myzw0?entry=ttu&g_ep=EgoyMDI2MDMxOC4xIKXMDSoASAFQAw%3D%3D",False,False,0x3be7b14635e0158d:0x82ea115cc97e1891,Yara Cafe,https://www.zomato.com/mumbai/yara-cafe-mira-road,099f14ca1e354435ddfe204a4ea7abaca5ba9662,"Shop 4-5, Teerth Plaza, Near LR Tiwari College, Ramdev Park Road, Near Mira Road, Mumbai",19.3004717,72.8741503,,,False,"Yara Cafe, Shop 4-5, Teerth Plaza, Near LR Tiwari College, Ramdev Park Road, Near Mira Road, Mumbai"
"Hotel Rangsharda Auditorium, KC Marg, Reclamation, Bandra West, Mumbai",https://www.zomato.com/mumbai/westerlies-reclamation-bandra-west,fe892f18f6f77efeaf16a91f311af857e00bb9e5,Hotel Rangsharda,"
3R3M+23F, Rangsharda Marg, Bandra Reclamation Flyover, near Lilavati Hospital, Nityanand Nagar, ONGC Colony, Bandra West, Mumbai, Maharashtra 400050","https://www.google.com/maps/place/Hotel+Rangsharda/@19.0513393,72.8278446,17z/data=!4m13!1m2!2m1!1sWesterlies+Hotel+Rangsharda+Auditorium,+KC+Marg,+Reclamation,+Bandra+West,+Mumbai!3m9!1s0x3be7c93facd09935:0x55e637423dde1e0f!5m2!4m1!1i2!8m2!3d19.0513393!4d72.8323507!15sClFXZXN0ZXJsaWVzIEhvdGVsIFJhbmdzaGFyZGEgQXVkaXRvcml1bSwgS0MgTWFyZywgUmVjbGFtYXRpb24sIEJhbmRyYSBXZXN0LCBNdW1iYWlaTyJNd2VzdGVybGllcyBob3RlbCByYW5nc2hhcmRhIGF1ZGl0b3JpdW0ga2MgbWFyZyByZWNsYW1hdGlvbiBiYW5kcmEgd2VzdCBtdW1iYWmSAQVob3RlbOABAA!16s%2Fg%2F1vjdnjlm?entry=ttu&g_ep=EgoyMDI2MDMxOC4xIKXMDSoASAFQAw%3D%3D",False,False,0x3be7c93facd09935:0x55e637423dde1e0f,,,,,,,,,,
"Shop 10, Ground Floor, Paradise Grander, Building 1, Blonij, Virar, Mumbai",https://www.zomato.com/mumbai/cafe-royal-virar,61ad11c8195c3185e8d1c4b638e4c7a95014219e,Sea Royal Cafe and rooms,"
Beach, Navapur, Virar West, Virar, Maharashtra 401301","https://www.google.com/maps/place/Sea+Royal+Cafe+and+rooms/@19.4397703,72.4645977,11z/data=!4m13!1m2!2m1!1sCafe+Royal+Shop+10,+Ground+Floor,+Paradise+Grander,+Building+1,+Blonij,+Virar,+Mumbai!3m9!1s0x3be7ab692bc5e96b:0x4c3263e61434233d!5m2!4m1!1i2!8m2!3d19.4397703!4d72.7529888!15sClZDYWZlIFJveWFsIFNob3AgMTAsIEdyb3VuZCBGbG9vciwgUGFyYWRpc2UgR3JhbmRldXIsIEJ1aWxkaW5nIDEsIEJvbGluaiwgVmlyYXIsIE11bWJhaVpSIlBjYWZlIHJveWFsIHNob3AgMTAgZ3JvdW5kIGZsb29yIHBhcmFkaXNlIGdyYW5kZXVyIGJ1aWxkaW5nIDEgYm9saW5qIHZpcmFyIG11bWJhaZIBBGNhZmXgAQA!16s%2Fg%2F11wnm2t_0g?entry=ttu&g_ep=EgoyMDI2MDMxOC4xIKXMDSoASAFQAw%3D%3D",False,False,0x3be7ab692bc5e96b:0x4c3263e61434233d,,,,,,,,,,
"Shop 11, B Wing, Angoli Mala Society, Nehru Nagar, Kurla, Mumbai",https://www.zomato.com/mumbai/sawali-restaurant-kurla,bf5b0bae550590795fcf68714ea3478d117ec2a6,Sawali Restaurant (Pure Veg),"
Shop No. 11, Angulimala Co-Operative Society, B-Wing, SG Barve Marg, Nehru Nagar, Kurla East, Near Shiv Sena Shaka, Mumbai, Maharashtra 400024","https://www.google.com/maps/place/Sawali+Restaurant+(Pure+Veg)/@19.0627973,72.8805397,17z/data=!3m1!4b1!4m6!3m5!1s0x3be7c8bd87e75257:0xb42f933f5d6daf97!8m2!3d19.0627973!4d72.8831146!16s%2Fg%2F1tgcks5c?entry=ttu&g_ep=EgoyMDI2MDMxOC4xIKXMDSoASAFQAw%3D%3D",True,False,0x3be7c8bd87e75257:0xb42f933f5d6daf97,Sawali Restaurant,https://www.zomato.com/mumbai/sawali-restaurant-kurla,bf5b0bae550590795fcf68714ea3478d117ec2a6,"Shop 11, B Wing, Angoli Mala Society, Nehru Nagar, Kurla, Mumbai",19.0627973,72.8831146,,,False,"Sawali Restaurant, Shop 11, B Wing, Angoli Mala Society, Nehru Nagar, Kurla, Mumbai"
"404, AMHB Colony, Adarsh Nagar, New Link Road, Jogeshwari, Mumbai",https://www.zomato.com/mumbai/canvas-cafe-jogeshwari,495e3cec8b950d526ecd15295e0705e3f356394e,Canvas cafe,"
infinity Housing Chs, 321, Adarsh Nagar Rd, Lokhandwala Complex, Andheri West, Mumbai, Maharashtra 400053","https://www.google.com/maps/place/Canvas+cafe/@19.1423726,72.8265955,17z/data=!3m1!4b1!4m6!3m5!1s0x3be7b7f2804cdbf9:0x22a0637444a6f85b!8m2!3d19.1423726!4d72.8291704!16s%2Fg%2F11wbswt28m?entry=ttu&g_ep=EgoyMDI2MDMxOC4xIKXMDSoASAFQAw%3D%3D",True,False,0x3be7b7f2804cdbf9:0x22a0637444a6f85b,,,,,,,,,,
"Shop 10, Green Avenue, Shanti Park, Mira Road, Mumbai",https://www.zomato.com/mumbai/king-of-juices-mira-road,da84f7daa3d540be0a60bb580dd6d518336fd3c9,Momo King,"
7VHC+W48, Jangid Complex Rd, Gokul village, Mira Road East, Mira Bhayandar, Maharashtra 401107","https://www.google.com/maps/place/Momo+King/@19.2797788,72.5819489,11z/data=!4m10!1m2!2m1!1sKing+Of+Juices+Shop+10,+Green+Avenue,+Shanti+Park,+Mira+Road,+Mumbai!3m6!1s0x3be7b05cb49e84cb:0xd924094f3a100c17!8m2!3d19.2797788!4d72.87034!15sCkRLaW5nIE9mIEp1aWNlcyBTaG9wIDEwLCBHcmVlbiBBdmVudWUsIFNoYW50aSBQYXJrLCBNaXJhIFJvYWQsIE11bWJhaVpCIkBraW5nIG9mIGp1aWNlcyBzaG9wIDEwIGdyZWVuIGF2ZW51ZSBzaGFudGkgcGFyayBtaXJhIHJvYWQgbXVtYmFpkgETZHVtcGxpbmdfcmVzdGF1cmFudOABAA!16s%2Fg%2F11f00p5r68?entry=ttu&g_ep=EgoyMDI2MDMxOC4xIKXMDSoASAFQAw%3D%3D",False,False,0x3be7b05cb49e84cb:0xd924094f3a100c17,,,,,,,,,,
"Fsh-06 Unit 07 Ssector 10, Vashi, Turbhe, Navi Mumbai",https://www.zomato.com/mumbai/u-n-me-pancakes-turbhe-navi-mumbai,7048693cb551cf7c8ccffe4b996c843f46d55a43,U N ME PANCAKES -BEST PANCAKES IN MUMBAI,"
Shop no 7, Bikaner line, next to Shiv kripa, Juhu Nagar, Sector 10, Vashi, Navi Mumbai, Maharashtra 400703","https://www.google.com/maps/place/U+N+ME+PANCAKES+-BEST+PANCAKES+IN+MUMBAI/@19.0821616,72.9968495,17z/data=!3m1!4b1!4m6!3m5!1s0x3be7c15335c77e73:0x170fde9a18cc0bb3!8m2!3d19.0821616!4d72.9994244!16s%2Fg%2F11jsn_mvk8?entry=ttu&g_ep=EgoyMDI2MDMxOC4xIKXMDSoASAFQAw%3D%3D",True,False,0x3be7c15335c77e73:0x170fde9a18cc0bb3,U N Me Pancakes,https://www.zomato.com/mumbai/u-n-me-pancakes-turbhe-navi-mumbai,7048693cb551cf7c8ccffe4b996c843f46d55a43,"Fsh-06 Unit 07 Ssector 10, Vashi, Turbhe, Navi Mumbai",19.0821616,72.9994244,,,False,"U N Me Pancakes, Fsh-06 Unit 07 Ssector 10, Vashi, Turbhe, Navi Mumbai"
"45, West End Hotel, Marine Lines, Mumbai",https://www.zomato.com/mumbai/chez-nous-marine-lines,44096c34b887716c6a2ec7396eb083fb3efdcbd1,"Adiva Residency Beacon, Grant Road, Mumbai","
Maulana Shaukat Ali Road, opposite Super Cinema, Grant Road East, Khetwadi, Grant Road, Mumbai, Maharashtra 400004","https://www.google.com/maps/place/Adiva+Residency+Beacon,+Grant+Road,+Mumbai/@18.961758,72.8169799,17z/data=!4m13!1m2!2m1!1sChez+Nous+-+West+End+Hotel+45,+West+End+Hotel,+Marine+Lines,+Mumbai!3m9!1s0x3be7cf57a37d8a33:0x6688b268d507336!5m3!1s2026-04-13!4m1!1i2!8m2!3d18.9617577!4d72.8214862!16s%2Fg%2F11h4c85fgx?entry=ttu&g_ep=EgoyMDI2MDMxOC4xIKXMDSoASAFQAw%3D%3D",False,False,0x3be7cf57a37d8a33:0x6688b268d507336,,,,,,,,,,
"8B/32, Plot 19, Grant Building, Haji Niyaz Ahmed Azmi Marg, Near Strand Cinema, Colaba, Mumbai",https://www.zomato.com/mumbai/food-plaza-colaba,5c2da9a3e1f371255a8cebcd26ff9537ffee00d9,Food Plaza,"
Grants Building Annexe, 8/32, Grants Building, H.N.A. Azmi Marg, Near Strand Cinema (A.B. Road), Arthur Bunder Rd, Apollo Bandar, Colaba, Mumbai, Maharashtra 400005","https://www.google.com/maps/place/Food+Plaza/@18.9186484,72.827133,17z/data=!3m2!4b1!5s0x3be7d1bfb8ef6dab:0x3ad56d1c6719b593!4m6!3m5!1s0x3be7d1941db383cb:0xe39635c490f30355!8m2!3d18.9186484!4d72.8297079!16s%2Fg%2F1tk664md?entry=ttu&g_ep=EgoyMDI2MDMxOC4xIKXMDSoASAFQAw%3D%3D",True,False,0x3be7d1bfb8ef6dab:0x3ad56d1c6719b593,,,,,,,,,,
"Shop 1/2/3, Building 75, Tilak Nagar, Ghatkopar East, Mumbai",https://www.zomato.com/mumbai/tea-and-conversations-ghatkopar-east,a64105a9147ed719fd5aceacce3984bcbb3d0f3f,Tea and Conversations,"
Shop No. 1, Building No 75, Rd Number 8, Chembur West, Tilak Nagar, Chembur, Mumbai, Maharashtra 400089","https://www.google.com/maps/place/Tea+and+Conversations/@19.0691837,72.8932162,17z/data=!3m1!4b1!4m6!3m5!1s0x3be7c93f2d51f171:0x2d76f94755353a47!8m2!3d19.0691837!4d72.8957911!16s%2Fg%2F11t91lh1c8?entry=ttu&g_ep=EgoyMDI2MDMxOC4xIKXMDSoASAFQAw%3D%3D",True,False,0x3be7c93f2d51f171:0x2d76f94755353a47,Tea and Conversations,https://www.zomato.com/mumbai/tea-and-conversations-ghatkopar-east,a64105a9147ed719fd5aceacce3984bcbb3d0f3f,"Shop 1/2/3, Building 75, Tilak Nagar, Ghatkopar East, Mumbai",19.0691837,72.8957911,,,False,"Tea and Conversations, Shop 1/2/3, Building 75, Tilak Nagar, Ghatkopar East, Mumbai"
"Shop 7, Plot B6, B7, Sai Pooja Apartment, Sector 9, Airoli, Navi Mumbai",https://www.zomato.com/mumbai/snack-bite-airoli-navi-mumbai,7e6fdbc73f8fe946d9d5483e694a0b17e647f744,Snacks Bite,"
Sai Pooja Apartment, Panchatara Co Housing Society, Diva Gaothan, Sector 9, Airoli, Navi Mumbai, Maharashtra 400708","https://www.google.com/maps/place/Snacks+Bite/@19.161045,72.9888751,17z/data=!3m1!4b1!4m6!3m5!1s0x3be7c17cac15aa57:0x26e477180ab16d57!8m2!3d19.161045!4d72.99145!16s%2Fg%2F11h6yw6zs9?entry=ttu&g_ep=EgoyMDI2MDMxOC4xIKXMDSoASAFQAw%3D%3D",False,False,0x3be7c17cac15aa57:0x26e477180ab16d57,Snack Bite,https://www.zomato.com/mumbai/snack-bite-airoli-navi-mumbai,7e6fdbc73f8fe946d9d5483e694a0b17e647f744,"Shop 7, Plot B6, B7, Sai Pooja Apartment, Sector 9, Airoli, Navi Mumbai",19.1487767,72.9904073,,,False,"Snack Bite, Shop 7, Plot B6, B7, Sai Pooja Apartment, Sector 9, Airoli, Navi Mumbai"
"Mandwa Jetty Road, Mandwa, Alibag",https://www.zomato.com/mumbai/provenance-beach-mandwa,c22f36eea916ef712ca39034f8573e59f07fa63d,Mandwa Beach,"
Maharashtra 402208","https://www.google.com/maps/place/Mandwa+Beach/@18.8030918,72.8426371,14z/data=!4m10!1m2!2m1!1sProvenance+Beach+Mandwa+Jetty+Road,+Mandwa,+Alibag!3m6!1s0x3be7d798d5131e3b:0x968a39d736ac397!8m2!3d18.8030918!4d72.878686!15sCjJQcm92ZW5hbmNlIEJlYWNoIE1hbmR3YSBKZXR0eSBSb2FkLCBNYW5kd2EsIEFsaWJhZ1oyIjBwcm92ZW5hbmNlIGJlYWNoIG1hbmR3YSBqZXR0eSByb2FkIG1hbmR3YSBhbGliYWeSAQViZWFjaJoBI0NoWkRTVWhOTUc5blMwVkpRMEZuU1VReU5FNTFjR1JuRUFF4AEA-gEFCNIBEB8!16s%2Fg%2F11bbrjl85l?entry=ttu&g_ep=EgoyMDI2MDMxOC4xIKXMDSoASAFQAw%3D%3D",False,False,0x3be7d798d5131e3b:0x968a39d736ac397,Provenance Beach,https://www.zomato.com/mumbai/provenance-beach-mandwa,c22f36eea916ef712ca39034f8573e59f07fa63d,"Mandwa Jetty Road, Mandwa, Alibag",18.8030918,72.878686,,,False,"Provenance Beach, Mandwa Jetty Road, Mandwa, Alibag"
"147-B, Adam Mahal, Shop 3, Wadia Street, Near Tardeo Bus Depot, Tardeo, Mumbai",https://www.zomato.com/mumbai/oh-fudge-tardeo,71ed9254c3f41e20e4451a04bc1e995190b39583,Oh Fudge,"
Shop 3, Adam Mahal, 147-B, Wadia St, opp. Axis Bank, next to Tardeo Bus Depot, Bane Compound, Tardeo, Mumbai, Maharashtra 400034","https://www.google.com/maps/place/Oh+Fudge/@18.9702978,72.8125133,17z/data=!3m1!4b1!4m6!3m5!1s0x3be7ce71f6cabcb5:0x51e60046db3fd4b1!8m2!3d18.9702978!4d72.8150882!16s%2Fg%2F11gc_mdk8v?entry=ttu&g_ep=EgoyMDI2MDMxOC4xIKXMDSoASAFQAw%3D%3D",False,False,0x3be7ce71f6cabcb5:0x51e60046db3fd4b1,Oh! Fudge,https://www.zomato.com/mumbai/oh-fudge-tardeo,71ed9254c3f41e20e4451a04bc1e995190b39583,"147-B, Adam Mahal, Shop 3, Wadia Street, Near Tardeo Bus Depot, Tardeo, Mumbai",18.9702978,72.81508819999999,,,False,"Oh! Fudge, 147-B, Adam Mahal, Shop 3, Wadia Street, Near Tardeo Bus Depot, Tardeo, Mumbai"
"GR/SHP/02, 720/1 TO 3, Naray Hanuman Road, Near Hotel Gajalee, Vile Parle East, Mumbai",https://www.zomato.com/mumbai/kiosk-kaffee-1-vile-parle-east,8aa0b05848468e9d591c24e03986794efcd447fa,,"
Shop #2, Naray, Narayan Niwas, Hanuman Rd, below McDonald's, Vishnu Prasad Society, Navpada, Vile Parle East, Vile Parle, Mumbai, Maharashtra 400057","https://www.google.com/maps/place/KIOSK+KAFFEE/@19.1037747,72.8481653,17z/data=!3m1!4b1!4m6!3m5!1s0x3be7c95a23384037:0x6e5f30bcabbfa6fc!8m2!3d19.1037747!4d72.8507402!16s%2Fg%2F11s9vhtb3h?entry=ttu&g_ep=EgoyMDI2MDMxOC4xIKXMDSoASAFQAw%3D%3D",False,False,0x3be7c95a23384037:0x6e5f30bcabbfa6fc,Kiosk Kaffee,https://www.zomato.com/mumbai/kiosk-kaffee-1-vile-parle-east,8aa0b05848468e9d591c24e03986794efcd447fa,"GR/SHP/02, 720/1 TO 3, Naray Hanuman Road, Near Hotel Gajalee, Vile Parle East, Mumbai",19.1037747,72.85074019999999,,,False,"Kiosk Kaffee, GR/SHP/02, 720/1 TO 3, Naray Hanuman Road, Near Hotel Gajalee, Vile Parle East, Mumbai"
"Room B-16, Mangal Murti Society, Adarsh Nagar, Ganesh Chowk, Charkop, Kandivali West, Mumbai",https://www.zomato.com/mumbai/balaji-idli-house-1-kandivali-west,555a1dfdbc92e6079ffbf99b515c511eaeeaee26,Balaji Idli House,"
Shop No 1 & 2, Panchasheel Arcade, New Link Rd, opposite Axis Bank, Mahavir Nagar, Siddhivinayak Nagar, Kandivali West, Mumbai, Maharashtra 400067","https://www.google.com/maps/place/Balaji+Idli+House/@19.2132556,72.8380853,17z/data=!3m1!4b1!4m6!3m5!1s0x3be7b6d1f0e47849:0x6f6d2f77b710725c!8m2!3d19.2132556!4d72.8406602!16s%2Fg%2F11xrls_z9m?entry=ttu&g_ep=EgoyMDI2MDMxOC4xIKXMDSoASAFQAw%3D%3D",True,False,0x3be7b6d1f0e47849:0x6f6d2f77b710725c,Balaji Idli House,https://www.zomato.com/mumbai/balaji-idli-house-1-kandivali-west,555a1dfdbc92e6079ffbf99b515c511eaeeaee26,"Room B-16, Mangal Murti Society, Adarsh Nagar, Ganesh Chowk, Charkop, Kandivali West, Mumbai",19.2132556,72.8406602,,,False,"Balaji Idli House, Room B-16, Mangal Murti Society, Adarsh Nagar, Ganesh Chowk, Charkop, Kandivali West, Mumbai"
"Shop 3, Ground Floor, Dayabai Building, Walkeshwar Road, Opposite Shah Provision Store, Malabar Hill, Mumbai",https://www.zomato.com/mumbai/the-little-hill-cafe-malabar-hill,f614a12d0fc4cea2ecd62e903f7cc6f6b956a069,Little Hill Cafe,"
Shop number 2, Dahibai Building, 240, Teen Batti, Malabar Hill, Mumbai, Maharashtra 400006","https://www.google.com/maps/place/Little+Hill+Cafe/@18.9449464,72.7920968,17z/data=!3m1!4b1!4m6!3m5!1s0x3be7cdf4190cdd61:0xc7cfe0bf9c9d2bf0!8m2!3d18.9449464!4d72.7946717!16s%2Fg%2F11ll6d07_b?entry=ttu&g_ep=EgoyMDI2MDMxOC4xIKXMDSoASAFQAw%3D%3D",False,False,0x3be7cdf4190cdd61:0xc7cfe0bf9c9d2bf0,,,,,,,,,,
"Ajit Glass, SV Road, Opposite Ruby Hospital, Jogeshwari, Mumbai",https://www.zomato.com/mumbai/nityanand-kitchen-bar-jogeshwari,9707c12d32722077ee2e8a545c2e0c1cba14c6e8,Nityanand Restaurant & Bar,"
Shop No. 1, Mahatma Gandhi Rd, Kandivali, Dahanukar Wadi, Kandivali West, Mumbai, Maharashtra 400067","https://www.google.com/maps/place/Nityanand+Restaurant+%26+Bar/@19.2074776,72.8328226,17z/data=!4m10!1m2!2m1!1sNityanand+Kitchen+%26+Bar+Ajit+Glass,+SV+Road,+Opposite+Ruby+Hospital,+Jogeshwari,+Mumbai!3m6!1s0x3be7b6c57ce26bb3:0x633be923b4d2ccd7!8m2!3d19.2074776!4d72.8373287!15sCldOaXR5YW5hbmQgS2l0Y2hlbiAmIEJhciBBaml0IEdsYXNzLCBTViBSb2FkLCBPcHBvc2l0ZSBSdWJ5IEhvc3BpdGFsLCBKb2dlc2h3YXJpLCBNdW1iYWlaVSJTbml0eWFuYW5kIGtpdGNoZW4gJiBiYXIgYWppdCBnbGFzcyBzdiByb2FkIG9wcG9zaXRlIHJ1YnkgaG9zcGl0YWwgam9nZXNod2FyaSBtdW1iYWmSARJjaGluZXNlX3Jlc3RhdXJhbnTgAQA!16s%2Fg%2F1tdvc0yt?entry=ttu&g_ep=EgoyMDI2MDMxOC4xIKXMDSoASAFQAw%3D%3D",False,False,0x3be7b6c57ce26bb3:0x633be923b4d2ccd7,,,,,,,,,,
"Plot 62/68, Ground Floor, Saroj Building, Mhada Layout, SYP Nagar, Andheri Lokhandwala, Andheri West, Mumbai",https://www.zomato.com/mumbai/cafe-brookside-andheri-lokhandwala,81c745e50ed4a048618a44456c1c1c92b4c0f5ab,Brookside Cafe,"
Brookside Cafe, Jankidevi School Rd, opp. Bunglow no 143, next to West Inn Hotel, New Mahada Colony, SV Patel Nagar, Andheri West, Mumbai, Maharashtra 400053","https://www.google.com/maps/place/Brookside+Cafe/@19.139034,72.8191503,17z/data=!3m1!4b1!4m6!3m5!1s0x3be7b731821875b7:0xf0b134ecc1d2eac8!8m2!3d19.139034!4d72.8217252!16s%2Fg%2F11h7dcy22s?entry=ttu&g_ep=EgoyMDI2MDMxOC4xIKXMDSoASAFQAw%3D%3D",False,False,0x3be7b731821875b7:0xf0b134ecc1d2eac8,Cafe Brookside,https://www.zomato.com/mumbai/cafe-brookside-andheri-lokhandwala,81c745e50ed4a048618a44456c1c1c92b4c0f5ab,"Plot 62/68, Ground Floor, Saroj Building, Mhada Layout, SYP Nagar, Andheri Lokhandwala, Andheri West, Mumbai",19.1349688,72.82253279999999,,,False,"Cafe Brookside, Plot 62/68, Ground Floor, Saroj Building, Mhada Layout, SYP Nagar, Andheri Lokhandwala, Andheri West, Mumbai"
"Shop 4, The Primordial House, AK Marg, Opposite August Kranti Maidan, Gowalia Tank, Kemps Corner, Mumbai",https://www.zomato.com/mumbai/dales-eden-kemps-corner,f0579be9e8a05ff8fdc7e90c841289d781870315,DALE’S EDEN,"
S-4, The Primordial House, A.K. Marg, Opp August Kranti Maidan Gowalia Tank, Kemps Corner, Mumbai, Maharashtra 400026","https://www.google.com/maps/place/DALE%E2%80%99S+EDEN/@18.9628193,72.8084864,17z/data=!3m1!4b1!4m6!3m5!1s0x3be7cf7a960b686f:0x9e0e61c5f7c862a3!8m2!3d18.9628193!4d72.8110613!16s%2Fg%2F11fkjh9w2z?entry=ttu&g_ep=EgoyMDI2MDMxOC4xIKXMDSoASAFQAw%3D%3D",False,False,0x3be7cf7a960b686f:0x9e0e61c5f7c862a3,,,,,,,,,,
"Shop 3, Nityanand Baug 1, Mahul Road, Chembur, Mumbai",https://www.zomato.com/mumbai/nu-tree-smoothies-chembur,8caa10a63ee61edacebe46a0352ccb696261189e,DALE’S EDEN,"
shop 3, Nityanand Baug society, Chembur Colony, Azad Nagar, Chembur, Mumbai, Maharashtra 400074","https://www.google.com/maps/place/N%C3%BA-tree+Smoothies+Cafe/@19.0418172,72.8912613,17z/data=!3m1!4b1!4m6!3m5!1s0x3be7c9006fde1fa5:0x690f61e6f68c2b9!8m2!3d19.0418172!4d72.8938362!16s%2Fg%2F11vwl9sh21?entry=ttu&g_ep=EgoyMDI2MDMxOC4xIKXMDSoASAFQAw%3D%3D",False,False,0x3be7c9006fde1fa5:0x690f61e6f68c2b9,NU-Tree Smoothies,https://www.zomato.com/mumbai/nu-tree-smoothies-chembur,8caa10a63ee61edacebe46a0352ccb696261189e,"Shop 3, Nityanand Baug 1, Mahul Road, Chembur, Mumbai",19.0418172,72.8938362,,,False,"NU-Tree Smoothies, Shop 3, Nityanand Baug 1, Mahul Road, Chembur, Mumbai"
"Survey 281, Shop 83, Flour Mill Lighting Building, New Panvel, Navi Mumbai",https://www.zomato.com/mumbai/shanghai-shack-2-new-panvel-navi-mumbai,dcab54822139ed7fcaf9aab35fc5bc99ef65adde,Nú-tree Smoothies Cafe,"
PODI no.02, Front of Paridhi CHS, near Pillai clge, Sector 16, New Panvel East, Panvel, Maharashtra 410206","https://www.google.com/maps/place/Shanghai+Shack/@18.9902845,73.1243182,17z/data=!3m1!4b1!4m6!3m5!1s0x3be7e9d5fd9a5c13:0x7352ddec1b4798d0!8m2!3d18.9902845!4d73.1268931!16s%2Fg%2F11wpmfsjv0?entry=ttu&g_ep=EgoyMDI2MDMxOC4xIKXMDSoASAFQAw%3D%3D",False,False,0x3be7e9d5fd9a5c13:0x7352ddec1b4798d0,,,,,,,,,,
"Shop 11/8, 90 Feet Road, Bhandup, Mumbai",https://www.zomato.com/mumbai/food-clinic-2-bhandup,0a9bc8b5cc568da66ce8b1c8a5fc50fe4398f178,Shanghai Shack,"
10, Harishchandra Dadu Koparkar Marg, Nahur, Nahur East, Bhandup East, Mumbai, Maharashtra 400042","https://www.google.com/maps/place/Food+Clinic/@19.1516114,72.9432187,17z/data=!3m1!4b1!4m6!3m5!1s0x3be7b8628147efcb:0x5ac9df160638e088!8m2!3d19.1516114!4d72.9457936!16s%2Fg%2F11s51vlv8g?entry=ttu&g_ep=EgoyMDI2MDMxOC4xIKXMDSoASAFQAw%3D%3D",False,False,0x3be7b8628147efcb:0x5ac9df160638e088,Food Clinic,https://www.zomato.com/mumbai/food-clinic-2-bhandup,0a9bc8b5cc568da66ce8b1c8a5fc50fe4398f178,"Shop 11/8, 90 Feet Road, Bhandup, Mumbai",19.1516114,72.9457936,,,False,"Food Clinic, Shop 11/8, 90 Feet Road, Bhandup, Mumbai"
"Plot E2/E4, Shop 36, Seth Narayan, Panvel City, Opposite Railway Station, Kharghar, Navi Mumbai",https://www.zomato.com/mumbai/incredible-south-kharghar-navi-mumbai,69738713d747194947fb80c6d0d00a20972c6d52,Food Clinic,"
Shop No- 36, near Kharghar Station Road, Sector 3, Belpada, Kharghar, Panvel, Maharashtra 410210","https://www.google.com/maps/place/Incredible+South/@19.0274497,73.0549471,17z/data=!3m1!4b1!4m6!3m5!1s0x3be7c340e0c26833:0x55ca22282a0686e7!8m2!3d19.0274497!4d73.057522!16s%2Fg%2F11qbq2sx6s?entry=ttu&g_ep=EgoyMDI2MDMxOC4xIKXMDSoASAFQAw%3D%3D",False,False,0x3be7c340e0c26833:0x55ca22282a0686e7,Incredible South,https://www.zomato.com/mumbai/incredible-south-kharghar-navi-mumbai,69738713d747194947fb80c6d0d00a20972c6d52,"Plot E2/E4, Shop 36, Seth Narayan, Panvel City, Opposite Railway Station, Kharghar, Navi Mumbai",18.9894007,73.1175162,,,False,"Incredible South, Plot E2/E4, Shop 36, Seth Narayan, Panvel City, Opposite Railway Station, Kharghar, Navi Mumbai"
"5, Alexandra Terrace, Rani Baug, Dr BA Road, Near Gloria Church, Byculla, Mumbai",https://www.zomato.com/mumbai/persian-darbar-byculla,a7582a50091003ee5575ac162aac87aa58f833b2,,,"https://www.google.com/maps/search/Persian+Darbar+5,+Alexandra+Terrace,+Rani+Baug,+Dr+BA+Road,+Near+Gloria+Church,+Byculla,+Mumbai/@18.97601,72.8312189,17z/data=!3m1!4b1?entry=ttu&g_ep=EgoyMDI2MDMxOC4xIKXMDSoASAFQAw%3D%3D",False,False,,,,,,,,,,,
"Shop 10 & 11, Sector 5, New Panvel, Navi Mumbai",https://www.zomato.com/mumbai/parks-food-castle-new-panvel-navi-mumbai,3b9f474324f916bc4d40c3817543af42d7a6c641,PARKs FOOD CASTLE,"
11. Plot No, SURYA KIRAN CHS LTD, Shop No, 05, New, Sector 5, New Panvel East, Panvel, Maharashtra 410206","https://www.google.com/maps/place/PARKs+FOOD+CASTLE/@19.0054762,73.1152681,17z/data=!3m1!4b1!4m6!3m5!1s0x3be7e955dbe26d9b:0x7f9115c71275f4d8!8m2!3d19.0054762!4d73.117843!16s%2Fg%2F11kbn2t68_?entry=ttu&g_ep=EgoyMDI2MDMxOC4xIKXMDSoASAFQAw%3D%3D",False,False,0x3be7e955dbe26d9b:0x7f9115c71275f4d8,Park's Food Castle,https://www.zomato.com/mumbai/parks-food-castle-new-panvel-navi-mumbai,3b9f474324f916bc4d40c3817543af42d7a6c641,"Shop 10 & 11, Sector 5, New Panvel, Navi Mumbai",19.0054762,73.117843,,,False,"Park's Food Castle, Shop 10 & 11, Sector 5, New Panvel, Navi Mumbai"
"Shop 24, Venice Appartment, 90th Fit Road, Virar, Mumbai",https://www.zomato.com/mumbai/talap-virar,9ba66949b4a6e1e0ae3f05708d2bac364ffb58fb,TALAP CAFE,"
Mohak City, 24, 90 Feet Road, Virar East, Vasai-Virar, Maharashtra 401305","https://www.google.com/maps/place/TALAP+CAFE/@19.457916,72.7862765,14z/data=!4m10!1m2!2m1!1sTalap+Shop+24,+Venice+Appartment,+90th+Fit+Road,+Virar,+Mumbai!3m6!1s0x3be7a92c63395aeb:0xcab8283d20b4509!8m2!3d19.4425784!4d72.8179205!15sCj5UYWxhcCBTaG9wIDI0LCBWZW5pY2UgQXBhcnRtZW50LCA5MHRoIEZlZXQgUm9hZCwgVmlyYXIsIE11bWJhaVo8Ijp0YWxhcCBzaG9wIDI0IHZlbmljZSBhcGFydG1lbnQgOTB0aCBmZWV0IHJvYWQgdmlyYXIgbXVtYmFpkgEJdGVhX3N0b3Jl4AEA!16s%2Fg%2F11gphzg5x0?entry=ttu&g_ep=EgoyMDI2MDMxOC4xIKXMDSoASAFQAw%3D%3D",True,False,0x3be7a92c63395aeb:0xcab8283d20b4509,,,,,,,,,,
"Shop 5, Anusaya Building, Gopinath Chawan Chowk, Bhavani Shankar Road, Dadar West, Mumbai",https://www.zomato.com/mumbai/the-ultimate-food-dadar-west,2a9ec77848f7f4fb79283a4aad770220f76c0808,The Ultimate food,"
Shop 2, swarantraveer, Guruprasad Building, Swatantryaveer Savarkar Rd, opp. Gammon House, Century Bazaar, Prabhadevi, Mumbai, Maharashtra 400025","https://www.google.com/maps/place/The+Ultimate+food/@19.0143313,72.8235629,17z/data=!3m1!4b1!4m6!3m5!1s0x3be7cffaafb04c39:0xfcc7cc1dd6e8a335!8m2!3d19.0143313!4d72.8261378!16s%2Fg%2F11sy011_2j?entry=ttu&g_ep=EgoyMDI2MDMxOC4xIKXMDSoASAFQAw%3D%3D",True,False,0x3be7cffaafb04c39:0xfcc7cc1dd6e8a335,,,,,,,,,,
"Shop 5, Plot 37/38, 1st Floor, Alpex House, Sector-19D, Satra Plaza, Vashi, Navi Mumbai",https://www.zomato.com/mumbai/filter-cafe-vashi-navi-mumbai,f05130bf68113746eae482c2006afcfaaa9968bc,Filter cafe,"
32J6+H7J, Unnamed Road, Phase 2, Sector 19A, Vashi, Navi Mumbai, Maharashtra 400703","https://www.google.com/maps/place/Filter+cafe/@19.0814541,73.0080603,17z/data=!3m1!4b1!4m6!3m5!1s0x3be7c13bf6ab74bf:0x9646dfa801532caf!8m2!3d19.0814541!4d73.0106352!16s%2Fg%2F11gdgxh28r?entry=ttu&g_ep=EgoyMDI2MDMxOC4xIKXMDSoASAFQAw%3D%3D",True,False,0x3be7c13bf6ab74bf:0x9646dfa801532caf,Filter Cafe,https://www.zomato.com/mumbai/filter-cafe-vashi-navi-mumbai,f05130bf68113746eae482c2006afcfaaa9968bc,"Shop 5, Plot 37/38, 1st Floor, Alpex House, Sector-19D, Satra Plaza, Vashi, Navi Mumbai",19.0814541,73.0106352,,,False,"Filter Cafe, Shop 5, Plot 37/38, 1st Floor, Alpex House, Sector-19D, Satra Plaza, Vashi, Navi Mumbai"
"Opposite Reliance Petrol Pump, Chendhare, Mumbai Beach, Mumbai, Mumbai, Alibag Beach, Alibag",https://www.zomato.com/mumbai/woodfire-resto-cafe-alibag-beach-alibag,72e7b29d2a6a54a1b883ede0a0c1d4665f5ed806,Woodfire Resto Cafe,"
near bikaner sweet mart, opp. reliance petrol pump, Shribag No.2, Chendhare, Maharashtra 402201","https://www.google.com/maps/place/Woodfire+Resto+Cafe/@18.6512906,72.878342,17z/data=!3m1!4b1!4m6!3m5!1s0x3be87b5235fd485f:0x10b8a75526863d6c!8m2!3d18.6512906!4d72.8809169!16s%2Fg%2F11pcb0tfrn?entry=ttu&g_ep=EgoyMDI2MDMxOC4xIKXMDSoASAFQAw%3D%3D",True,False,0x3be87b5235fd485f:0x10b8a75526863d6c,Woodfire Resto Cafe,https://www.zomato.com/mumbai/woodfire-resto-cafe-alibag-beach-alibag,72e7b29d2a6a54a1b883ede0a0c1d4665f5ed806,"Opposite Reliance Petrol Pump, Chendhare, Mumbai Beach, Mumbai, Mumbai, Alibag Beach, Alibag",18.6512906,72.8809169,,,False,"Woodfire Resto Cafe, Opposite Reliance Petrol Pump, Chendhare, Mumbai Beach, Mumbai, Mumbai, Alibag Beach, Alibag"
"Nehru Road, Near Terminal 1 Extension, Vile Parle East, Mumbai",https://www.zomato.com/mumbai/cafe-sidewalk-vile-parle-east,9765c29e54bba8d1c265d09cb53e88c2a58de48b,Blend Kitchen & Bar,"
Nehru Rd, near Terminal 1, Ext, Vile Parle East, Vile Parle, Mumbai, Maharashtra 400099","https://www.google.com/maps/place/Blend+Kitchen+%26+Bar/@19.0971577,72.8451058,16z/data=!4m10!1m2!2m1!1sCafe+Sidewalk+Nehru+Road,+Near+Terminal+1+Extension,+Vile+Parle+East,+Mumbai!3m6!1s0x3be7c9dc084f20e7:0x3364654ffcc2ca17!8m2!3d19.0971577!4d72.854118!15sCkxDYWZlIFNpZGV3YWxrIE5laHJ1IFJvYWQsIE5lYXIgVGVybWluYWwgMSBFeHRlbnNpb24sIFZpbGUgUGFybGUgRWFzdCwgTXVtYmFpWksiSWNhZmUgc2lkZXdhbGsgbmVocnUgcm9hZCBuZWFyIHRlcm1pbmFsIDEgZXh0ZW5zaW9uIHZpbGUgcGFybGUgZWFzdCBtdW1iYWmSAQpyZXN0YXVyYW504AEA!16s%2Fg%2F11xn80pk5n?entry=ttu&g_ep=EgoyMDI2MDMxOC4xIKXMDSoASAFQAw%3D%3D",False,False,0x3be7c9dc084f20e7:0x3364654ffcc2ca17,Cafe Sidewalk,https://www.zomato.com/mumbai/cafe-sidewalk-vile-parle-east,9765c29e54bba8d1c265d09cb53e88c2a58de48b,"Nehru Road, Near Terminal 1 Extension, Vile Parle East, Mumbai",19.0971577,72.854118,,,False,"Cafe Sidewalk, Nehru Road, Near Terminal 1 Extension, Vile Parle East, Mumbai"
"Nehru Road, Near Terminal 1 Extension, Vile Parle East, Mumbai",https://www.zomato.com/mumbai/cafe-sidewalk-vile-parle-east,9765c29e54bba8d1c265d09cb53e88c2a58de48b,Blend Kitchen & Bar,"
Nehru Rd, near Terminal 1, Ext, Vile Parle East, Vile Parle, Mumbai, Maharashtra 400099","https://www.google.com/maps/place/Blend+Kitchen+%26+Bar/@19.0971577,72.8451058,16z/data=!4m10!1m2!2m1!1sCafe+Sidewalk+Nehru+Road,+Near+Terminal+1+Extension,+Vile+Parle+East,+Mumbai!3m6!1s0x3be7c9dc084f20e7:0x3364654ffcc2ca17!8m2!3d19.0971577!4d72.854118!15sCkxDYWZlIFNpZGV3YWxrIE5laHJ1IFJvYWQsIE5lYXIgVGVybWluYWwgMSBFeHRlbnNpb24sIFZpbGUgUGFybGUgRWFzdCwgTXVtYmFpWksiSWNhZmUgc2lkZXdhbGsgbmVocnUgcm9hZCBuZWFyIHRlcm1pbmFsIDEgZXh0ZW5zaW9uIHZpbGUgcGFybGUgZWFzdCBtdW1iYWmSAQpyZXN0YXVyYW504AEA!16s%2Fg%2F11xn80pk5n?entry=ttu&g_ep=EgoyMDI2MDMxOC4xIKXMDSoASAFQAw%3D%3D",False,False,0x3be7c9dc084f20e7:0x3364654ffcc2ca17,Blend Kitchen And Bar,https://www.zomato.com/mumbai/blend-kitchen-and-bar-vile-parle-east,af75f379e6a2067262996b3f7ffb2830a8cbe571,"Near Mumbai Airport, Terminal 1, off Nehru Road, Vile Parle East, Mumbai",,,,,False,"Blend Kitchen And Bar, Near Mumbai Airport, Terminal 1, off Nehru Road, Vile Parle East, Mumbai"
"Shop 11, Pushpa Niketan, Near Maxus Mall, Bhayandar, Mumbai",https://www.zomato.com/mumbai/chattar-pattar-1-bhayandar,4a7b398a9d5c9bd89d17b47ba6b411c87c5f7c56,Chattar Pattar,"
Shop No 11, Pushpa Niketan building Nr. Maxus Mall, Temba Rd, Bhayandar West, Maharashtra 401101","https://www.google.com/maps/place/Chattar+Pattar/@19.296611,72.8462498,17z/data=!3m1!4b1!4m6!3m5!1s0x3be7b1b6671fc3b1:0xb84949df502de2b1!8m2!3d19.296611!4d72.8488247!16s%2Fg%2F11mn102296?entry=ttu&g_ep=EgoyMDI2MDMxOC4xIKXMDSoASAFQAw%3D%3D",True,False,0x3be7b1b6671fc3b1:0xb84949df502de2b1,,,,,,,,,,
"1A/4, Opposite Brijwasi, JB Nagar, Andheri East, Chakala, Mumbai",https://www.zomato.com/mumbai/13th-cup-tea-lounge-chakala,7359d53a7e0c3a978ad2da9982ea6f41417701c0,Brijwasi Sweets,"
Ground Floor, Deepak Building, Plot No 38, Deepak Building,Shop No 9/A Near Jb nagar Chakala metro station, Plot no.38, nr. Brijwasi sweets, J B Nagar, Andheri East, Mumbai, Maharashtra 400059","https://www.google.com/maps/place/Brijwasi+Sweets/@19.1107784,72.8308913,14z/data=!3m1!5s0x3be7c8390fd6fcd5:0xccae8c448ffa75a3!4m10!1m2!2m1!1s13th+Cup+Tea+Lounge+1A%2F4,+Opposite+Brijwasi,+JB+Nagar,+Andheri+East,+Chakala,+Mumbai!3m6!1s0x3be7c82d4865fe25:0xcada94033372fe90!8m2!3d19.1107784!4d72.8669402!15sClQxM3RoIEN1cCBUZWEgTG91bmdlIDFBLzQsIE9wcG9zaXRlIEJyaWp3YXNpLCBKQiBOYWdhciwgQW5kaGVyaSBFYXN0LCBDaGFrYWxhLCBNdW1iYWlaUSJPMTN0aCBjdXAgdGVhIGxvdW5nZSAxYSA0IG9wcG9zaXRlIGJyaWp3YXNpIGpiIG5hZ2FyIGFuZGhlcmkgZWFzdCBjaGFrYWxhIG11bWJhaZIBC2NhbmR5X3N0b3Jl4AEA!16s%2Fg%2F1tmqpv57?entry=ttu&g_ep=EgoyMDI2MDMxOC4xIKXMDSoASAFQAw%3D%3D",False,False,0x3be7c8390fd6fcd5:0xccae8c448ffa75a3,,,,,,,,,,
"15, Guru Nanak Apartment, Shankar Lane, Kandivali West, Mumbai",https://www.zomato.com/mumbai/sainath-refreshment-kandivali-west,fd3f3719713bdf108bf6992a9c977c2aa36a6faf,Sainath Refreshment,"
Shop No.15, Gurunanak Appartment, Shankar Ln, Kandivali, Kandivali West, Mumbai, Maharashtra 400067","https://www.google.com/maps/place/Sainath+Refreshment/@19.1983926,72.843749,17z/data=!3m1!4b1!4m6!3m5!1s0x3be7b6de129ffb1f:0x1b574047903018e5!8m2!3d19.1983926!4d72.8463239!16s%2Fg%2F1ptwjd6nt?entry=ttu&g_ep=EgoyMDI2MDMxOC4xIKXMDSoASAFQAw%3D%3D",True,False,0x3be7b6de129ffb1f:0x1b574047903018e5,Sainath Refreshment,https://www.zomato.com/mumbai/sainath-refreshment-kandivali-west,fd3f3719713bdf108bf6992a9c977c2aa36a6faf,"15, Guru Nanak Apartment, Shankar Lane, Kandivali West, Mumbai",19.1983926,72.8463239,,,False,"Sainath Refreshment, 15, Guru Nanak Apartment, Shankar Lane, Kandivali West, Mumbai"
"Shahji Raje Road, Near Shivaji Chowk, Vile Parle East, Mumbai",https://www.zomato.com/mumbai/workeatout-2-vile-parle-east,532d248a6980b18b61fc17b5fceddb1557861c68,"Step Up Gym - Available on Cult.fit | Best gym in Vile Parle, Mumbai","
E square, 501, Subhash Rd, Vishnu Prasad Society, Navpada, Vile Parle East, Vile Parle, Mumbai, Maharashtra 400057","https://www.google.com/maps/place/Step+Up+Gym+-+Available+on+Cult.fit+%7C+Best+gym+in+Vile+Parle,+Mumbai/@19.1035628,72.8359154,15z/data=!3m1!5s0x3be7c9cab0eb4063:0xf9f68ba8080793d8!4m10!1m2!2m1!1sWorkeatout+Shahji+Raje+Road,+Near+Shivaji+Chowk,+Vile+Parle+East,+Mumbai!3m6!1s0x3be7c96edc4ed1ed:0xf2065f9e4602cada!8m2!3d19.1075123!4d72.8518436!15sCkZXb3Jrb3V0IFNoYWhhamkgUmFqZSBSb2FkLCBOZWFyIFNoaXZhamkgQ2hvd2ssIFZpbGUgUGFybGUgRWFzdCwgTXVtYmFpWkUiQ3dvcmtvdXQgc2hhaGFqaSByYWplIHJvYWQgbmVhciBzaGl2YWppIGNob3drIHZpbGUgcGFybGUgZWFzdCBtdW1iYWmSAQNneW3gAQA!16s%2Fg%2F11lkxvvr52?entry=ttu&g_ep=EgoyMDI2MDMxOC4xIKXMDSoASAFQAw%3D%3D",False,False,0x3be7c9cab0eb4063:0xf9f68ba8080793d8,,,,,,,,,,
"Shop 10, Ground Floor, Building 1, Rooprajat Residency, Boisar, Mumbai",https://www.zomato.com/mumbai/tasty-bites-boisar,8d0bb03d0c6c39f83e786997cb39de68f600f593,Tasty Bites,"
Rooprajat Park, opposite Tata Housing, near HDFC Bank, Boisar, Betegaon, Maharashtra 401501","https://www.google.com/maps/place/Tasty+Bites/@19.7821641,72.7791754,17z/data=!3m1!4b1!4m6!3m5!1s0x3be71f6e293f1b0d:0xe443e9332b08fa13!8m2!3d19.7821641!4d72.7817503!16s%2Fg%2F11rq34hpvp?entry=ttu&g_ep=EgoyMDI2MDMxOC4xIKXMDSoASAFQAw%3D%3D",True,False,0x3be71f6e293f1b0d:0xe443e9332b08fa13,Tasty Bites,https://www.zomato.com/mumbai/tasty-bites-boisar,8d0bb03d0c6c39f83e786997cb39de68f600f593,"Shop 10, Ground Floor, Building 1, Rooprajat Residency, Boisar, Mumbai",19.7821641,72.7817503,,,False,"Tasty Bites, Shop 10, Ground Floor, Building 1, Rooprajat Residency, Boisar, Mumbai"
"Shop-D7, Plot 7/7A, Ground Floor, Sector 19A, Nerul, Navi Mumbai",https://www.zomato.com/mumbai/limras-waseems-kitchen-nerul-navi-mumbai,14c2d7d7445b8e326c8364a48e5d60f26818796f,Waseem's Kitchen 2.0,"
Shop no. 01 Station Complex, Nerul West, Sector 20, Nerul, Navi Mumbai, Maharashtra 400706","https://www.google.com/maps/place/Waseem's+Kitchen+2.0/@19.0344516,73.008653,16z/data=!3m1!5s0x3be7c3e9e8cffb15:0xcfc6a7156160dc6b!4m10!1m2!2m1!1sLimra's+Waseem's+Kitchen+Shop-D7,+Plot+7%2F7A,+Ground+Floor,+Sector+19A,+Nerul,+Navi+Mumbai!3m6!1s0x3be7c3708489376b:0x86aa6b99bf512c98!8m2!3d19.0344516!4d73.0176652!15sCllMaW1yYSdzIFdhc2VlbSdzIEtpdGNoZW4gU2hvcC1ENywgUGxvdCA3LzdBLCBHcm91bmQgRmxvb3IsIFNlY3RvciAxOUEsIE5lcnVsLCBOYXZpIE11bWJhaVpWIlRsaW1yYSdzIHdhc2VlbSdzIGtpdGNoZW4gc2hvcCBkNyBwbG90IDcgN2EgZ3JvdW5kIGZsb29yIHNlY3RvciAxOWEgbmVydWwgbmF2aSBtdW1iYWmSARJjaGluZXNlX3Jlc3RhdXJhbnTgAQA!16s%2Fg%2F11rmp3c0hg?entry=ttu&g_ep=EgoyMDI2MDMxOC4xIKXMDSoASAFQAw%3D%3D",False,False,0x3be7c3e9e8cffb15:0xcfc6a7156160dc6b,,,,,,,,,,
"Shop 6, Plot 7, Mangalam CHS, Sector 4/A, Kopar Khairane, Navi Mumbai",https://www.zomato.com/mumbai/food-zaika-kopar-khairane-navi-mumbai,21d9679e227c78b8c4cab5e0fad3b45fb7d8161d,FOOD ZAIKA,"
Mangalam CHS, Plot No 7, Kopar Khairane Rd, Sector 4A, Kopar Khairane, Navi Mumbai, Maharashtra 400709","https://www.google.com/maps/place/FOOD+ZAIKA/@19.1062574,73.0063839,17z/data=!3m1!4b1!4m6!3m5!1s0x3be7c11a74698045:0xdc37143795aa8de1!8m2!3d19.1062574!4d73.0089588!16s%2Fg%2F11p767gjwp?entry=ttu&g_ep=EgoyMDI2MDMxOC4xIKXMDSoASAFQAw%3D%3D",True,False,0x3be7c11a74698045:0xdc37143795aa8de1,Food Zaika,https://www.zomato.com/mumbai/food-zaika-kopar-khairane-navi-mumbai,21d9679e227c78b8c4cab5e0fad3b45fb7d8161d,"Shop 6, Plot 7, Mangalam CHS, Sector 4/A, Kopar Khairane, Navi Mumbai",19.1062574,73.0089588,,,False,"Food Zaika, Shop 6, Plot 7, Mangalam CHS, Sector 4/A, Kopar Khairane, Navi Mumbai"
"Shop 9, Shaukat Mansion, Opposite DNS Bank, Aarey Fatak Road, Goregaon West, Mumbai",https://www.zomato.com/mumbai/west-end-bistro-goregaon-west,93c77f0afc5a1a9a00a9bfa9b8ae60e30167bf91,West End Bistro,"
Shop no. 9, Shauket Mansion, Aarey Fatak road, opp. DNS bank, Goregaon West, Mumbai, Maharashtra 400104","https://www.google.com/maps/place/West+End+Bistro/@19.1669215,72.8447176,17z/data=!3m1!4b1!4m6!3m5!1s0x3be7b756a3e6e31f:0x7e0c9d5f4eb096d8!8m2!3d19.1669215!4d72.8472925!16s%2Fg%2F11t8d7lqxc?entry=ttu&g_ep=EgoyMDI2MDMxOC4xIKXMDSoASAFQAw%3D%3D",True,False,0x3be7b756a3e6e31f:0x7e0c9d5f4eb096d8,,,,,,,,,,
"Shop 9, Triangula Plot, Malviya Road, Vile Parle East, Mumbai",https://www.zomato.com/mumbai/pizza-by-flames-vile-parle-east,3320b435f25cbbfd54f2bdc05fd126723cf0a0c4,Pizza By Flames,"
Shop no 9, Malviya Rd, opp. Post office, Navpada, Vile Parle East, Vile Parle, Mumbai, Maharashtra 400057","https://www.google.com/maps/place/Pizza+By+Flames/@19.098343,72.843913,17z/data=!3m1!4b1!4m6!3m5!1s0x3be7c9e1910a9871:0x1ca0ea75ae4fe49d!8m2!3d19.098343!4d72.8464879!16s%2Fg%2F11vzrp1jl1?entry=ttu&g_ep=EgoyMDI2MDMxOC4xIKXMDSoASAFQAw%3D%3D",True,False,0x3be7c9e1910a9871:0x1ca0ea75ae4fe49d,,,,,,,,,,
"Shop 4, Nanda Deep CHS, MG Road, Opposite Jain Temole, Goregaon West, Mumbai",https://www.zomato.com/mumbai/goregaon-misal-hub-goregaon-west,993d1b15615c5200c5fb8a6eadad13d3618457a5,Swa Varhadi Misal Goregaon,"
Shop No. 09, Ghaswala Compound, Aarey Rd, opp. Ambabai Temple, Piramal Nagar, Goregaon West, Mumbai, Maharashtra 400104","https://www.google.com/maps/place/Swa+Varhadi+Misal+Goregaon/@19.1664367,72.8282831,15z/data=!4m10!1m2!2m1!1sGoregaon+Misal+Hub+Shop+4,+Nanda+Deep+CHS,+MG+Road,+Opposite+Jain+Temole,+Goregaon+West,+Mumbai!3m6!1s0x3be7b792aeb46fd3:0xbbb84ee2bc09ac8f!8m2!3d19.1664367!4d72.8463075!15sCl9Hb3JlZ2FvbiBNaXNhbCBIdWIgU2hvcCA0LCBOYW5kYSBEZWVwIENIUywgTUcgUm9hZCwgT3Bwb3NpdGUgSmFpbiBUZW1vbGUsIEdvcmVnYW9uIFdlc3QsIE11bWJhaVpcIlpnb3JlZ2FvbiBtaXNhbCBodWIgc2hvcCA0IG5hbmRhIGRlZXAgY2hzIG1nIHJvYWQgb3Bwb3NpdGUgamFpbiB0ZW1vbGUgZ29yZWdhb24gd2VzdCBtdW1iYWmSAQpyZXN0YXVyYW50mgEkQ2hkRFNVaE5NRzluUzBWSlEwRm5TVVJDTVdSbVZESm5SUkFC4AEA-gEFCMUCEEA!16s%2Fg%2F11pymhxn3y?entry=ttu&g_ep=EgoyMDI2MDMxOC4xIKXMDSoASAFQAw%3D%3D",False,False,0x3be7b792aeb46fd3:0xbbb84ee2bc09ac8f,,,,,,,,,,
"Shop 15, Sector 5, Regency Society, Kharghar, Navi Mumbai",https://www.zomato.com/mumbai/tropical-lounge-kharghar-navi-mumbai,889a0f47e5754ef74dae93f19db85bb24008d550,Tropical Lounge,"
Shop Number 15, A, KAVERI CHS REGENCY PARK, Sector-5, Kharghar, Panvel, Maharashtra 410210","https://www.google.com/maps/place/Tropical+Lounge/@19.0366776,73.0568785,17z/data=!3m1!4b1!4m6!3m5!1s0x3be7c3a5731f6b31:0x359b8abc9e15ee5f!8m2!3d19.0366776!4d73.0594534!16s%2Fg%2F11g4dkdngg?entry=ttu&g_ep=EgoyMDI2MDMxOC4xIKXMDSoASAFQAw%3D%3D",True,False,0x3be7c3a5731f6b31:0x359b8abc9e15ee5f,,,,,,,,,,
"Shop 5, Achal Giri, Padmavati Nagar, 150 Feet Road, Bhayandar, Mumbai",https://www.zomato.com/mumbai/memes-hub-1-bhayandar,f3f8ee184df94f6177ac908f5de1e8121d615468,Memes Hub Cafe,"
Shop no.5, Achal Giri, 150 Feet Rd, Bhayandar, Padmavati Nagar, Bhayandar West, Mumbai, Mira Bhayandar, Maharashtra 401101","https://www.google.com/maps/place/Memes+Hub+Cafe/@19.2948358,72.8444579,17z/data=!3m1!4b1!4m6!3m5!1s0x3be7b135c6a7a431:0x9e3cea433d76d79e!8m2!3d19.2948358!4d72.8470328!16s%2Fg%2F11t7dtcs04?entry=ttu&g_ep=EgoyMDI2MDMxOC4xIKXMDSoASAFQAw%3D%3D",True,False,0x3be7b135c6a7a431:0x9e3cea433d76d79e,Memes Hub,https://www.zomato.com/mumbai/memes-hub-1-bhayandar,f3f8ee184df94f6177ac908f5de1e8121d615468,"Shop 5, Achal Giri, Padmavati Nagar, 150 Feet Road, Bhayandar, Mumbai",19.2948358,72.8470328,,,False,"Memes Hub, Shop 5, Achal Giri, Padmavati Nagar, 150 Feet Road, Bhayandar, Mumbai"
"1-5, Brij Bhavan Appartment, Opposite Farm House, Ambadi Road, Vasai, Mumbai",https://www.zomato.com/mumbai/veg-house-vasai,85f02413266ef993c2dc71369e5d292d8543a489,Farmhouse Global Cuisine Restaurant,"
9RQG+3H Deep Jyoti Apt, Ambadi Rd, next to Pizza Hut, Vishwakarma Estate, Vasai West, Vasai-Virar, Maharashtra 401202","https://www.google.com/maps/place/Farmhouse+Global+Cuisine+Restaurant/@19.38758,72.6822184,12z/data=!4m10!1m2!2m1!1sVeg+House+1-5,+Brij+Bhavan+Appartment,+Opposite+Farm+House,+Ambadi+Road,+Vasai,+Mumbai!3m6!1s0x3be7aeb8f4d608fb:0x7b49cd278f39e7a7!8m2!3d19.38758!4d72.826414!15sClZWZWcgSG91c2UgMS01LCBCcmlqIEJoYXZhbiBBcHBhcnRtZW50LCBPcHBvc2l0ZSBGYXJtIEhvdXNlLCBBbWJhZGkgUm9hZCwgVmFzYWksIE11bWJhaVpTIlF2ZWcgaG91c2UgMSA1IGJyaWogYmhhdmFuIGFwcGFydG1lbnQgb3Bwb3NpdGUgZmFybSBob3VzZSBhbWJhZGkgcm9hZCB2YXNhaSBtdW1iYWmSAQpyZXN0YXVyYW50mgEkQ2hkRFNVaE5NRzluUzBWSlEwRm5TVU4xZWsxSWJXaDNSUkFC4AEA-gEFCKMBEEc!16s%2Fg%2F11f2gs1k74?entry=ttu&g_ep=EgoyMDI2MDMxOC4xIKXMDSoASAFQAw%3D%3D",False,False,0x3be7aeb8f4d608fb:0x7b49cd278f39e7a7,Veg House,https://www.zomato.com/mumbai/veg-house-vasai,85f02413266ef993c2dc71369e5d292d8543a489,"1-5, Brij Bhavan Appartment, Opposite Farm House, Ambadi Road, Vasai, Mumbai",19.38758,72.826414,,,False,"Veg House, 1-5, Brij Bhavan Appartment, Opposite Farm House, Ambadi Road, Vasai, Mumbai"
"1-5, Brij Bhavan Appartment, Opposite Farm House, Ambadi Road, Vasai, Mumbai",https://www.zomato.com/mumbai/veg-house-vasai,85f02413266ef993c2dc71369e5d292d8543a489,Farmhouse Global Cuisine Restaurant,"
9RQG+3H Deep Jyoti Apt, Ambadi Rd, next to Pizza Hut, Vishwakarma Estate, Vasai West, Vasai-Virar, Maharashtra 401202","https://www.google.com/maps/place/Farmhouse+Global+Cuisine+Restaurant/@19.38758,72.6822184,12z/data=!4m10!1m2!2m1!1sVeg+House+1-5,+Brij+Bhavan+Appartment,+Opposite+Farm+House,+Ambadi+Road,+Vasai,+Mumbai!3m6!1s0x3be7aeb8f4d608fb:0x7b49cd278f39e7a7!8m2!3d19.38758!4d72.826414!15sClZWZWcgSG91c2UgMS01LCBCcmlqIEJoYXZhbiBBcHBhcnRtZW50LCBPcHBvc2l0ZSBGYXJtIEhvdXNlLCBBbWJhZGkgUm9hZCwgVmFzYWksIE11bWJhaVpTIlF2ZWcgaG91c2UgMSA1IGJyaWogYmhhdmFuIGFwcGFydG1lbnQgb3Bwb3NpdGUgZmFybSBob3VzZSBhbWJhZGkgcm9hZCB2YXNhaSBtdW1iYWmSAQpyZXN0YXVyYW50mgEkQ2hkRFNVaE5NRzluUzBWSlEwRm5TVU4xZWsxSWJXaDNSUkFC4AEA-gEFCKMBEEc!16s%2Fg%2F11f2gs1k74?entry=ttu&g_ep=EgoyMDI2MDMxOC4xIKXMDSoASAFQAw%3D%3D",False,False,0x3be7aeb8f4d608fb:0x7b49cd278f39e7a7,Farmhouse Global Cuisine Restaurant,https://www.zomato.com/mumbai/farmhouse-global-cuisine-restaurant-vasai,8b9e8a582d46bd59a605b8d5e2b6ded96adc08a1,"Shop 3- 4, Deep Jyoti CHS Limited, Ambadi Road, Vasai, Mumbai",,,,,False,"Farmhouse Global Cuisine Restaurant, Shop 3- 4, Deep Jyoti CHS Limited, Ambadi Road, Vasai, Mumbai"
"Shop 7, Kingston Building 16, Kaul Heritage Road, Vasai, Mumbai",https://www.zomato.com/mumbai/evas-bakehouse-vasai,d6036181708c4a07bacbc3fa533faa75f2813cd7,Eva's Bakehouse,"
Brahman Ali road, Papdi, Vasai West, Vasai-Virar, Maharashtra 401207","https://www.google.com/maps/place/Eva's+Bakehouse/@19.354885,72.8084115,17z/data=!3m1!4b1!4m6!3m5!1s0x3be7c9b3c2416303:0xf53e768ce6b243a1!8m2!3d19.354885!4d72.8109864!16s%2Fg%2F11q3cnxcqh?entry=ttu&g_ep=EgoyMDI2MDMxOC4xIKXMDSoASAFQAw%3D%3D",True,False,0x3be7c9b3c2416303:0xf53e768ce6b243a1,,,,,,,,,,
"4th Floor, Galleria Mall, Palm Beach Road, Sector-19D, Vashi, Navi Mumbai",https://www.zomato.com/mumbai/vista-suites-vashi-navi-mumbai,b4eb1c30ab2927b7691a330a747cb56e4db70d04,Super Townhouse PBG Mall Vashi,"
4th Floor, Palm Beach Galleria Mall, 19, Palm Beach Rd, Phase 2, Sector 19D, Vashi, Mumbai, Navi Mumbai, Maharashtra 400703","https://www.google.com/maps/place/Super+Townhouse+PBG+Mall+Vashi/@19.0850829,73.0051877,17z/data=!3m1!5s0x3be7fc01605d6ccf:0xfe02ef3350b132b4!4m9!3m8!1s0x3be7c13ad9f6a3e1:0xa4084755c61d654a!5m2!4m1!1i2!8m2!3d19.0850829!4d73.0077626!16s%2Fg%2F11pzp0l9bb?entry=ttu&g_ep=EgoyMDI2MDMxOC4xIKXMDSoASAFQAw%3D%3D",False,False,0x3be7fc01605d6ccf:0xfe02ef3350b132b4,,,,,,,,,,
"Shop 5, Talekar House, Ground Floor, 150 Feet Road, Borivali West, Mumbai",https://www.zomato.com/mumbai/mangal-juice-borivali-west,39f6c51714d12e184ad487ca0ab65d221e1cb819,"Mangal juice, borivali","
Shop no.5 talekar house, 150 feet road, junction of devipada lane, Eksar Rd, near by Tiwari brothers, Borivali West, Mumbai, Maharashtra 400103","https://www.google.com/maps/place/Mangal+juice,+borivali/@19.2398632,72.8437776,17z/data=!3m1!4b1!4m6!3m5!1s0x3be7b111f12256d3:0x820758c00e15f009!8m2!3d19.2398632!4d72.8463525!16s%2Fg%2F11rmrxrs_6?entry=ttu&g_ep=EgoyMDI2MDMxOC4xIKXMDSoASAFQAw%3D%3D",True,False,0x3be7b111f12256d3:0x820758c00e15f009,Mangal Juice,https://www.zomato.com/mumbai/mangal-juice-borivali-west,39f6c51714d12e184ad487ca0ab65d221e1cb819,"Shop 5, Talekar House, Ground Floor, 150 Feet Road, Borivali West, Mumbai",19.2398632,72.8463525,,,False,"Mangal Juice, Shop 5, Talekar House, Ground Floor, 150 Feet Road, Borivali West, Mumbai"
"101, Ground Floor, Crystal Plaza, A-Wing, New Link Road, Opposite Infinity Mall, Veera Desai Area, Mumbai",https://www.zomato.com/mumbai/radha-krishna-1-veera-desai-area,91774058e33cff8eb2115be58d4c1c20d5cff807,Radha Krishna,"
Crystal plaza, Ground floor, A wing, opposite Infinity mall new link road, West, Andheri, Mumbai, Maharashtra 400053","https://www.google.com/maps/place/Radha+Krishna/@19.1406683,72.8293264,17z/data=!3m2!4b1!5s0x3be7b63c8ca7ede1:0xe51e86ca49a2e478!4m6!3m5!1s0x3be7b7fff01d2acb:0x287d6b61a2dcdd2a!8m2!3d19.1406683!4d72.8319013!16s%2Fg%2F11vbsfgkfr?entry=ttu&g_ep=EgoyMDI2MDMxOC4xIKXMDSoASAFQAw%3D%3D",True,False,0x3be7b63c8ca7ede1:0xe51e86ca49a2e478,,,,,,,,,,
"Shop 3, Varsha Building, J.P.Road, 7 Bungalows, Andheri West, Mumbai",https://www.zomato.com/mumbai/labella-7-bungalows,73c685de96c2b810ae20451e12dddfb65605bcd0,Bellicosa The Studio,"
L25 , Shree Laxmi Plaza, SAB TV, Lane, Off New Link Rd, Andheri West, Mumbai, Maharashtra 400053","https://www.google.com/maps/place/Bellicosa+The+Studio/@19.1355672,72.7936293,14z/data=!4m10!1m2!2m1!1sLabella+Shop+3,+Varsha+Building,+J.P.Road,+7+Bungalows,+Andheri+West,+Mumbai!3m6!1s0x3be7b74606f94479:0x1a0820c44f3ab2d1!8m2!3d19.1355672!4d72.8296782!15sCkxMYWJlbGxhIFNob3AgMywgVmFyc2hhIEJ1aWxkaW5nLCBKLlAuUm9hZCwgNyBCdW5nYWxvd3MsIEFuZGhlcmkgV2VzdCwgTXVtYmFpWkgiRmxhYmVsbGEgc2hvcCAzIHZhcnNoYSBidWlsZGluZyBqcCByb2FkIDcgYnVuZ2Fsb3dzIGFuZGhlcmkgd2VzdCBtdW1iYWmSARViYXRocm9vbV9zdXBwbHlfc3RvcmXgAQA!16s%2Fg%2F11h_f7zw2d?entry=ttu&g_ep=EgoyMDI2MDMxOC4xIKXMDSoASAFQAw%3D%3D",False,False,0x3be7b74606f94479:0x1a0820c44f3ab2d1,Labella,https://www.zomato.com/mumbai/labella-7-bungalows,73c685de96c2b810ae20451e12dddfb65605bcd0,"Shop 3, Varsha Building, J.P.Road, 7 Bungalows, Andheri West, Mumbai",19.1284728,72.819347,,,False,"Labella, Shop 3, Varsha Building, J.P.Road, 7 Bungalows, Andheri West, Mumbai"
"Shop F/13, Ground Floor, Dainik Shivner Road, Worli, Mumbai",https://www.zomato.com/mumbai/the-kerala-point-worli,be70c93108bdc89f87d68f539dcb868eb201ea40,The Kerala point,"
Dainik Shivner Marg, opp. Rajwadi chai, Gandhi Nagar, Upper Worli, Worli, Mumbai, Maharashtra 400013","https://www.google.com/maps/place/The+Kerala+point/@18.9961456,72.8199909,17z/data=!3m1!4b1!4m6!3m5!1s0x3be7cfc3a008fb33:0xc9d0a8bbc6e354d4!8m2!3d18.9961456!4d72.8225658!16s%2Fg%2F11tc12wvlv?entry=ttu&g_ep=EgoyMDI2MDMxOC4xIKXMDSoASAFQAw%3D%3D",True,False,0x3be7cfc3a008fb33:0xc9d0a8bbc6e354d4,,,,,,,,,,
"Shop 76, 10TH Central Mall, Mahavir Nagar, Near Tech Zone, Kandivali West, Mumbai",https://www.zomato.com/mumbai/the-conical-twist-kandivali-west,eed2218272972d0b7174e7e0534c9286e004119b,The Conical Twist,"
G-76 XTH Central Shopping Centre, Mahavir Nagar, Kandivali West, Sector 10, Mumbai, Maharashtra 400067","https://www.google.com/maps/place/The+Conical+Twist/@19.2131633,72.8390834,17z/data=!3m1!4b1!4m6!3m5!1s0x3be7b720f986bc97:0xe12b73ab4bf3a218!8m2!3d19.2131633!4d72.8416583!16s%2Fg%2F11grpt_d3c?entry=ttu&g_ep=EgoyMDI2MDMxOC4xIKXMDSoASAFQAw%3D%3D",True,False,0x3be7b720f986bc97:0xe12b73ab4bf3a218,The Conical Twist,https://www.zomato.com/mumbai/the-conical-twist-kandivali-west,eed2218272972d0b7174e7e0534c9286e004119b,"Shop 76, 10TH Central Mall, Mahavir Nagar, Near Tech Zone, Kandivali West, Mumbai",19.2131633,72.84165829999999,,,False,"The Conical Twist, Shop 76, 10TH Central Mall, Mahavir Nagar, Near Tech Zone, Kandivali West, Mumbai"
"7 A/8 A, Beach Queen Building, JP Road, Versova, Andheri West, Mumbai",https://www.zomato.com/mumbai/moets-11-11-1-versova,0c6482aadf5e6b7b11a5da18e1519e9a55d26269,Pop Tate's Seven Bungalows Andheri,"
Versova Metro Station, 8, JP Rd, Gharkul Society, Aram Nagar, Seven Bunglow, Andheri West, Mumbai, Maharashtra 400053","https://www.google.com/maps/place/Pop+Tate's+Seven+Bungalows+Andheri/@19.1300439,72.6773262,12z/data=!3m1!5s0x3be7b61c2765844d:0x65dcf380c88e1a38!4m10!1m2!2m1!1sMoets+11:11+7+A%2F8+A,+Beach+Queen+Building,+JP+Road,+Versova,+Andheri+West,+Mumbai!3m6!1s0x3be7b61c1897e2c9:0xf352fececf5ec4a5!8m2!3d19.1300439!4d72.8215218!15sClFNb2V0cyAxMToxMSA3IEEvOCBBLCBCZWFjaCBRdWVlbiBCdWlsZGluZywgSlAgUm9hZCwgVmVyc292YSwgQW5kaGVyaSBXZXN0LCBNdW1iYWlaTiJMbW9ldHMgMTEgMTEgNyBhIDggYSBiZWFjaCBxdWVlbiBidWlsZGluZyBqcCByb2FkIHZlcnNvdmEgYW5kaGVyaSB3ZXN0IG11bWJhaZIBCnJlc3RhdXJhbnTgAQA!16s%2Fg%2F11c604tz4v?entry=ttu&g_ep=EgoyMDI2MDMxOC4xIKXMDSoASAFQAw%3D%3D",False,False,0x3be7b61c2765844d:0x65dcf380c88e1a38,,,,,,,,,,
"Shop  5 & 6, 10th Road, Chembur, Mumbai",https://www.zomato.com/mumbai/hotel-saroj-sweet-mart-1-chembur,59ddda265d0e2ed69cc0f5e75efd7ece0e9f0ffe,Hotel Saroj & Sweet Mart,"
Madhu Chandra Building, 10th Rd, opposite to Chembur Post Office, Chembur Gaothan, Chembur, Mumbai, Maharashtra 400071","https://www.google.com/maps/place/Hotel+Saroj+%26+Sweet+Mart/@19.0565829,72.888604,16z/data=!4m10!1m2!2m1!1sHotel+Saroj+%26+Sweet+Mart+Shop++5+%26+6,+10th+Road,+Chembur,+Mumbai!3m6!1s0x3be7c8a77a981ed5:0xb64007656d6b7fb9!8m2!3d19.0565829!4d72.8976162!15sCkBIb3RlbCBTYXJvaiAmIFN3ZWV0IE1hcnQgU2hvcCAgNSAmIDYsIDEwdGggUm9hZCwgQ2hlbWJ1ciwgTXVtYmFpWj4iPGhvdGVsIHNhcm9qICYgc3dlZXQgbWFydCBzaG9wIDUgJiA2IDEwdGggcm9hZCBjaGVtYnVyIG11bWJhaZIBFmZpbmVfZGluaW5nX3Jlc3RhdXJhbnTgAQA!16s%2Fg%2F1263r6s4j?entry=ttu&g_ep=EgoyMDI2MDMxOC4xIKXMDSoASAFQAw%3D%3D",True,False,0x3be7c8a77a981ed5:0xb64007656d6b7fb9,Hotel Saroj & Sweet Mart,https://www.zomato.com/mumbai/hotel-saroj-sweet-mart-1-chembur,59ddda265d0e2ed69cc0f5e75efd7ece0e9f0ffe,"Shop  5 & 6, 10th Road, Chembur, Mumbai",,,,,False,"Hotel Saroj & Sweet Mart, Shop  5 & 6, 10th Road, Chembur, Mumbai"
"Shop 3, Sea Shell Building, Plot 5, Sector 8, Charkop, Kandivali West, Mumbai",https://www.zomato.com/mumbai/tandvav-tea-company-kandivali-west,6448d17ef901b2ca8cf35d13c8bf376f91222521,Tandav Tea Company,"
Sea-Shell Apt , 3, building, RSC Rd Number 25, Inner Rd (Turzon Point), Kandivali, Sector 8, Kandivali West, Mumbai, Maharashtra 400067","https://www.google.com/maps/place/Tandav+Tea+Company/@19.2150676,72.7770021,14z/data=!3m1!5s0x3be7b6b25198dabd:0x51d239a2406e88d0!4m10!1m2!2m1!1sTandvav+Tea+Company+Shop+3,+Sea+Shell+Building,+Plot+5,+Sector+8,+Charkop,+Kandivali+West,+Mumbai!3m6!1s0x3be7b7924abe2f97:0x2199188605f8745b!8m2!3d19.2150676!4d72.813051!15sCmBUYW5kYXYgVGVhIENvbXBhbnkgU2hvcCAzLCBTZWEgU2hlbGwgQnVpbGRpbmcsIFBsb3QgNSwgU2VjdG9yIDgsIENoYXJrb3AsIEthbmRpdmFsaSBXZXN0LCBNdW1iYWlaWiJYdGFuZGF2IHRlYSBjb21wYW55IHNob3Agc2VhIHNoZWxsIGJ1aWxkaW5nIHBsb3QgNSBzZWN0b3IgOCBjaGFya29wIGthbmRpdmFsaSB3ZXN0IG11bWJhaZIBBGNhZmXgAQA!16s%2Fg%2F11k_wwcvrl?entry=ttu&g_ep=EgoyMDI2MDMxOC4xIKXMDSoASAFQAw%3D%3D",False,False,0x3be7b6b25198dabd:0x51d239a2406e88d0,,,,,,,,,,
"73-67, August Kranti Rd, Tardeo, Kemps Corner, Mumbai",https://www.zomato.com/mumbai/bistro-grand-veg-all-day-kemps-corner,724a93ea19a3b4e769e25801cfde62b2b25ed11b,Bistro Grand - Veg All Day,"
73-67, August Kranti Rd, Kemps Corner, Tardeo, Mumbai, Maharashtra 400026","https://www.google.com/maps/place/Bistro+Grand+-+Veg+All+Day/@18.9631185,72.8077834,17z/data=!3m1!4b1!4m6!3m5!1s0x3be7ce0b566e9bd1:0x9225f76f7d64edc9!8m2!3d18.9631185!4d72.8103583!16s%2Fg%2F1tdcvkym?entry=ttu&g_ep=EgoyMDI2MDMxOC4xIKXMDSoASAFQAw%3D%3D",True,False,0x3be7ce0b566e9bd1:0x9225f76f7d64edc9,Grand Centre Restaurant & Bar,https://www.zomato.com/mumbai/grand-centre-restaurant-bar-tardeo,9fa55c160fbf99a57bbe21ad02397d4c4baf97dd,"Kaladina Terrace, AK Marg, Tardeo, Mumbai",18.9631185,72.81035829999999,,,False,"Grand Centre Restaurant & Bar, Kaladina Terrace, AK Marg, Tardeo, Mumbai"
"73-67, August Kranti Rd, Tardeo, Kemps Corner, Mumbai",https://www.zomato.com/mumbai/bistro-grand-veg-all-day-kemps-corner,724a93ea19a3b4e769e25801cfde62b2b25ed11b,Bistro Grand - Veg All Day,"
73-67, August Kranti Rd, Kemps Corner, Tardeo, Mumbai, Maharashtra 400026","https://www.google.com/maps/place/Bistro+Grand+-+Veg+All+Day/@18.9631185,72.8077834,17z/data=!3m1!4b1!4m6!3m5!1s0x3be7ce0b566e9bd1:0x9225f76f7d64edc9!8m2!3d18.9631185!4d72.8103583!16s%2Fg%2F1tdcvkym?entry=ttu&g_ep=EgoyMDI2MDMxOC4xIKXMDSoASAFQAw%3D%3D",True,False,0x3be7ce0b566e9bd1:0x9225f76f7d64edc9,Bistro Grand - Veg All Day,https://www.zomato.com/mumbai/bistro-grand-veg-all-day-kemps-corner,724a93ea19a3b4e769e25801cfde62b2b25ed11b,"73-67, August Kranti Rd, Tardeo, Kemps Corner, Mumbai",,,,,False,"Bistro Grand - Veg All Day, 73-67, August Kranti Rd, Tardeo, Kemps Corner, Mumbai"
"Shop 1, Ground Floor, Jupiter Building, PT Staff Colony, Devidayal Road, Mulund West, Mumbai",https://www.zomato.com/mumbai/cafe-essence-1-mulund-west,8381fcd89e193407dba644f5aeb59e79c0c2f26a,Tea and Conversations,"
G-3, Meghal Industrial Estate, Lala Devidayal Road, near Fire Brigade, Mumbai, Maharashtra 400080","https://www.google.com/maps/place/Tea+and+Conversations/@19.1755423,72.9075304,14z/data=!4m10!1m2!2m1!1sCafe+Essence+Shop+1,+Ground+Floor,+Jupiter+Building,+PT+Staff+Colony,+Devidayal+Road,+Mulund+West,+Mumbai!3m6!1s0x3be7b8565a476981:0xeeb8a9d6811e0f8c!8m2!3d19.1755423!4d72.9435793!15sCmlDYWZlIEVzc2VuY2UgU2hvcCAxLCBHcm91bmQgRmxvb3IsIEp1cGl0ZXIgQnVpbGRpbmcsIFBUIFN0YWZmIENvbG9ueSwgRGV2aWRheWFsIFJvYWQsIE11bHVuZCBXZXN0LCBNdW1iYWlaZSJjY2FmZSBlc3NlbmNlIHNob3AgMSBncm91bmQgZmxvb3IganVwaXRlciBidWlsZGluZyBwdCBzdGFmZiBjb2xvbnkgZGV2aWRheWFsIHJvYWQgbXVsdW5kIHdlc3QgbXVtYmFpkgELY29mZmVlX3Nob3DgAQA!16s%2Fg%2F11cnpgx_sr?entry=ttu&g_ep=EgoyMDI2MDMxOC4xIKXMDSoASAFQAw%3D%3D",False,False,0x3be7b8565a476981:0xeeb8a9d6811e0f8c,Cafe Essence,https://www.zomato.com/mumbai/cafe-essence-1-mulund-west,8381fcd89e193407dba644f5aeb59e79c0c2f26a,"Shop 1, Ground Floor, Jupiter Building, PT Staff Colony, Devidayal Road, Mulund West, Mumbai",19.17284,72.9555194,,,False,"Cafe Essence, Shop 1, Ground Floor, Jupiter Building, PT Staff Colony, Devidayal Road, Mulund West, Mumbai"
"Shop 1, Ground Floor, Jupiter Building, PT Staff Colony, Devidayal Road, Mulund West, Mumbai",https://www.zomato.com/mumbai/cafe-essence-1-mulund-west,8381fcd89e193407dba644f5aeb59e79c0c2f26a,Tea and Conversations,"
G-3, Meghal Industrial Estate, Lala Devidayal Road, near Fire Brigade, Mumbai, Maharashtra 400080","https://www.google.com/maps/place/Tea+and+Conversations/@19.1755423,72.9075304,14z/data=!4m10!1m2!2m1!1sCafe+Essence+Shop+1,+Ground+Floor,+Jupiter+Building,+PT+Staff+Colony,+Devidayal+Road,+Mulund+West,+Mumbai!3m6!1s0x3be7b8565a476981:0xeeb8a9d6811e0f8c!8m2!3d19.1755423!4d72.9435793!15sCmlDYWZlIEVzc2VuY2UgU2hvcCAxLCBHcm91bmQgRmxvb3IsIEp1cGl0ZXIgQnVpbGRpbmcsIFBUIFN0YWZmIENvbG9ueSwgRGV2aWRheWFsIFJvYWQsIE11bHVuZCBXZXN0LCBNdW1iYWlaZSJjY2FmZSBlc3NlbmNlIHNob3AgMSBncm91bmQgZmxvb3IganVwaXRlciBidWlsZGluZyBwdCBzdGFmZiBjb2xvbnkgZGV2aWRheWFsIHJvYWQgbXVsdW5kIHdlc3QgbXVtYmFpkgELY29mZmVlX3Nob3DgAQA!16s%2Fg%2F11cnpgx_sr?entry=ttu&g_ep=EgoyMDI2MDMxOC4xIKXMDSoASAFQAw%3D%3D",False,False,0x3be7b8565a476981:0xeeb8a9d6811e0f8c,The T-Cafe,https://www.zomato.com/mumbai/the-t-cafe-mulund-west,1e9e6625260858523c1a5399120423d98f220c49,"Shop 3, Vaibhav Cooperative Housing Society, M.G Road, Mulund West, Mumbai",19.1732121,72.9549863,,,False,"The T-Cafe, Shop 3, Vaibhav Cooperative Housing Society, M.G Road, Mulund West, Mumbai"
"Plot 45, D.Y. Patil Stadium Road, Sector-13, Nerul, Navi Mumbai",https://www.zomato.com/mumbai/seasons-restaurant-1-nerul-navi-mumbai,665d9bf79408982789deb2b62cfa74540491bf17,KJSP Seasons Hotel Nerul,"
Plot No.45, D.Y.Patil Stadium, Road, Bank Of India Colony, Sector 13, Nerul, Navi Mumbai, Maharashtra 400706","https://www.google.com/maps/place/KJSP+Seasons+Hotel+Nerul/@19.0345535,73.0264117,17z/data=!3m2!4b1!5s0x3be7c3c89fa67c6f:0xf29d6e939e5ea7b1!4m6!3m5!1s0x3be7c347bf4c34c5:0xc2c3fd020ba15358!8m2!3d19.0345535!4d73.0289866!16s%2Fg%2F11grq0d4st?entry=ttu&g_ep=EgoyMDI2MDMxOC4xIKXMDSoASAFQAw%3D%3D",False,False,0x3be7c3c89fa67c6f:0xf29d6e939e5ea7b1,,,,,,,,,,
"355, Ramdas Nayak Road, Opposite Bata Showroom, Hill Road, Bandra West, Mumbai",https://www.zomato.com/mumbai/k3-snacks-sweets-hill-road-bandra-west,8211dd3479195b86d5642ab0fdd50dc0e1f1a924,KJSP Seasons Hotel Nerul,"
Shop no. 11/12/13, 355, Ramdas Nayak Road, Hill Rd, Bandra West, Mumbai, Maharashtra 400050","https://www.google.com/maps/place/K.3+snacks+%26+sweets/@19.056136,72.831888,17z/data=!3m1!4b1!4m6!3m5!1s0x3be7c984913306b1:0x40663b6b41474c00!8m2!3d19.056136!4d72.8344629!16s%2Fg%2F11j_66z5fq?entry=ttu&g_ep=EgoyMDI2MDMxOC4xIKXMDSoASAFQAw%3D%3D",False,False,0x3be7c984913306b1:0x40663b6b41474c00,K3 Snacks & Sweets,https://www.zomato.com/mumbai/k3-snacks-sweets-hill-road-bandra-west,8211dd3479195b86d5642ab0fdd50dc0e1f1a924,"355, Ramdas Nayak Road, Opposite Bata Showroom, Hill Road, Bandra West, Mumbai",19.056136,72.83446289999999,,,False,"K3 Snacks & Sweets, 355, Ramdas Nayak Road, Opposite Bata Showroom, Hill Road, Bandra West, Mumbai"
"200, Suryaji Niwas, SB Marg, Tulsi Pipe Road, Dadar West, Mumbai",https://www.zomato.com/mumbai/geeta-bar-and-restaurant-dadar-west,24580a4adf280cb8164ca82441da86e931218592,Hotel Geeta Resto bar,"
Vishnu Niwas, Tilak Bridge, 200, Senapati Bapat Marg, Dadar West, Dadar, Mumbai, Maharashtra 400028","https://www.google.com/maps/place/Hotel+Geeta+Resto+bar/@19.0209616,72.8409004,17z/data=!3m2!4b1!5s0x3be7cedbb1e05313:0xd0d845a786273f2d!4m6!3m5!1s0x3be7cedbaf70b90d:0xcd44b3aff755989a!8m2!3d19.0209616!4d72.8434753!16s%2Fg%2F1tj48yyb?entry=ttu&g_ep=EgoyMDI2MDMxOC4xIKXMDSoASAFQAw%3D%3D",False,False,0x3be7cedbb1e05313:0xd0d845a786273f2d,,,,,,,,,,
"Opposite Gaganagiri Hospital, Sector 6, Kopar Khairane, Navi Mumbai",https://www.zomato.com/mumbai/burger-point-kopar-khairane-navi-mumbai,a5fc3f09ede67fd1e462ea5206950fc6b3092b59,Burger Point,"
76-80, Vashi Kopar Khairane Rd, Sector 6, Kopar Khairane, Navi Mumbai, Maharashtra 400709","https://www.google.com/maps/place/Burger+Point/@19.1026017,73.0018598,17z/data=!3m1!4b1!4m6!3m5!1s0x3be7c0d7577c3161:0x45656a0314c9abd2!8m2!3d19.1026017!4d73.0044347!16s%2Fg%2F11f__7d_n3?entry=ttu&g_ep=EgoyMDI2MDMxOC4xIKXMDSoASAFQAw%3D%3D",True,False,0x3be7c0d7577c3161:0x45656a0314c9abd2,Burger Point,https://www.zomato.com/mumbai/burger-point-kopar-khairane-navi-mumbai,a5fc3f09ede67fd1e462ea5206950fc6b3092b59,"Opposite Gaganagiri Hospital, Sector 6, Kopar Khairane, Navi Mumbai",19.1026017,73.00443469999999,,,False,"Burger Point, Opposite Gaganagiri Hospital, Sector 6, Kopar Khairane, Navi Mumbai"
"Shop 1, Plot 402, Hari Mangal Manor, A Wing, Telang Road, Matunga East, Mumbai",https://www.zomato.com/mumbai/annaji-dosawala-matunga-east,3389a1ed3cba25532271a12d473414590f62b779,Anna's south Indian breakfast center,"
2VH2+6RR, Matunga (C.R.), Matunga East, Mumbai, Maharashtra 400019","https://www.google.com/maps/place/Anna's+south+Indian+breakfast+center/@19.0281174,72.8429892,16z/data=!4m10!1m2!2m1!1sAnnaji+Dosawala+Shop+1,+Plot+402,+Hari+Mangal+Manor,+A+Wing,+Telang+Road,+Matunga+East,+Mumbai!3m6!1s0x3be7cf3087a63863:0x1b275f1ef63ae0b8!8m2!3d19.0281174!4d72.8520014!15sCl5Bbm5hamkgRG9zYXdhbGEgU2hvcCAxLCBQbG90IDQwMiwgSGFyaSBNYW5nYWwgTWFub3IsIEEgV2luZywgVGVsYW5nIFJvYWQsIE1hdHVuZ2EgRWFzdCwgTXVtYmFpWloiWGFubmFqaSBkb3Nhd2FsYSBzaG9wIDEgcGxvdCA0MDIgaGFyaSBtYW5nYWwgbWFub3IgYSB3aW5nIHRlbGFuZyByb2FkIG1hdHVuZ2EgZWFzdCBtdW1iYWmSARdzb3V0aF9pbmRpYW5fcmVzdGF1cmFudOABAA!16s%2Fg%2F11t035p5zj?entry=ttu&g_ep=EgoyMDI2MDMxOC4xIKXMDSoASAFQAw%3D%3D",False,False,0x3be7cf3087a63863:0x1b275f1ef63ae0b8,Annaji Dosawala,https://www.zomato.com/mumbai/annaji-dosawala-matunga-east,3389a1ed3cba25532271a12d473414590f62b779,"Shop 1, Plot 402, Hari Mangal Manor, A Wing, Telang Road, Matunga East, Mumbai",19.0281174,72.85200139999999,,,False,"Annaji Dosawala, Shop 1, Plot 402, Hari Mangal Manor, A Wing, Telang Road, Matunga East, Mumbai"
"Shop 1 & 2, Guruprasad Building, V L Road, Kandivali West, Mumbai",https://www.zomato.com/mumbai/aadrash-restaurant-and-bar-kandivali-west,ed1cbab9a5351581cefd71bcbab09741f8dc7efb,Adarsh Food And Snacks,"
Shop No 7, Dav Parag Bilding, Mathuradas Road, Kandivali, Bhagat Colony, Kandivali West, Mumbai, Maharashtra 400067","https://www.google.com/maps/place/Adarsh+Food+And+Snacks/@19.2031485,72.5570138,11z/data=!4m10!1m2!2m1!1sAadrash+Restaurant+And+Bar+Shop+1+%26+2,+Guruprasad+Building,+V+L+Road,+Kandivali+West,+Mumbai!3m6!1s0x3be7b7993ca2ee35:0x6b52a0c5d259d1d3!8m2!3d19.2031485!4d72.8454049!15sCltBZGFyc2ggUmVzdGF1cmFudCBBbmQgQmFyIFNob3AgMSAmIDIsIEd1cnVwcmFzYWQgQnVpbGRpbmcsIFYgTCBSb2FkLCBLYW5kaXZhbGkgV2VzdCwgTXVtYmFpWlgiVmFkYXJzaCByZXN0YXVyYW50IGFuZCBiYXIgc2hvcCAxICYgMiBndXJ1cHJhc2FkIGJ1aWxkaW5nIHZsIHJvYWQga2FuZGl2YWxpIHdlc3QgbXVtYmFpkgEUZmFzdF9mb29kX3Jlc3RhdXJhbnTgAQA!16s%2Fg%2F11ll5hp__m?entry=ttu&g_ep=EgoyMDI2MDMxOC4xIKXMDSoASAFQAw%3D%3D",False,False,0x3be7b7993ca2ee35:0x6b52a0c5d259d1d3,,,,,,,,,,
"7, Kaushik Niwas, LN Road, Opposite Welingkar College, Matunga East, Mumbai",https://www.zomato.com/mumbai/the-bogeto-café-matunga-east,40ce20771d8636a538f0e50fc78a8215b34b68ee,Cafe Bogeto,"
Shop No. 1, Kaushik Niwas, Rd Number 2, Opp. Welingkar College, Matunga Railway Colony, Matunga East, Mumbai, Maharashtra 400019","https://www.google.com/maps/place/Cafe+Bogeto/@19.0260422,72.8475688,17z/data=!3m1!4b1!4m6!3m5!1s0x3be7ced7eeed9eb7:0x856e4bbfd231c217!8m2!3d19.0260422!4d72.8501437!16s%2Fg%2F11cjwlvw5m?entry=ttu&g_ep=EgoyMDI2MDMxOC4xIKXMDSoASAFQAw%3D%3D",False,False,0x3be7ced7eeed9eb7:0x856e4bbfd231c217,The Bogeto Café,https://www.zomato.com/mumbai/the-bogeto-café-matunga-east,40ce20771d8636a538f0e50fc78a8215b34b68ee,"7, Kaushik Niwas, LN Road, Opposite Welingkar College, Matunga East, Mumbai",19.0260422,72.85014369999999,,,False,"The Bogeto Café, 7, Kaushik Niwas, LN Road, Opposite Welingkar College, Matunga East, Mumbai"
"Shop 21, Raj Arcade, Mahavir Nagar, Kandivali West, Mumbai",https://www.zomato.com/mumbai/khodiyar-juice-and-snacks-centre-kandivali-west,762d66675cc39b8c458e2099341435bb356c2ec3,Khodiyar Juice And Snacks Centre,"
Shop no 21, Raj Arcade, opp. Dmart, Mahavir Nagar, Panchsheel Garden, Kandivali, Kandivali West, Mumbai, Maharashtra 400067","https://www.google.com/maps/place/Khodiyar+Juice+And+Snacks+Centre/@19.2132605,72.8385801,17z/data=!3m1!4b1!4m6!3m5!1s0x3be7b74cc08f0c3b:0xcea9fe63e128391e!8m2!3d19.2132605!4d72.841155!16s%2Fg%2F11sjz_v4s_?entry=ttu&g_ep=EgoyMDI2MDMxOC4xIKXMDSoASAFQAw%3D%3D",True,False,0x3be7b74cc08f0c3b:0xcea9fe63e128391e,Khodiyar Juice And Snacks Centre,https://www.zomato.com/mumbai/khodiyar-juice-and-snacks-centre-kandivali-west,762d66675cc39b8c458e2099341435bb356c2ec3,"Shop 21, Raj Arcade, Mahavir Nagar, Kandivali West, Mumbai",19.2132605,72.841155,,,False,"Khodiyar Juice And Snacks Centre, Shop 21, Raj Arcade, Mahavir Nagar, Kandivali West, Mumbai"
"Shop 17, 19, Sunrise Tower, Near Passport Seva Kendra, Malad East, Mumbai",https://www.zomato.com/mumbai/amkar-fast-food-1-malad-east,ab15e35f41fb034fb8c556dafe2ffbe4e3ed1217,Amkar Veg Restaurant,"
Shop no 16/17, Sunrise Tower, Rani Sati Rd, near passport office, Malad, Kasam Baug, Malad East, Mumbai, Maharashtra 400097","https://www.google.com/maps/place/Amkar+Veg+Restaurant/@19.1829266,72.8538348,17z/data=!3m1!4b1!4m6!3m5!1s0x3be7b78d10753167:0x239051eec7d925c!8m2!3d19.1829266!4d72.8564097!16s%2Fg%2F11kb4cq_bx?entry=ttu&g_ep=EgoyMDI2MDMxOC4xIKXMDSoASAFQAw%3D%3D",False,False,0x3be7b78d10753167:0x239051eec7d925c,Amkar Fast Food,https://www.zomato.com/mumbai/amkar-fast-food-1-malad-east,ab15e35f41fb034fb8c556dafe2ffbe4e3ed1217,"Shop 17, 19, Sunrise Tower, Near Passport Seva Kendra, Malad East, Mumbai",19.1829266,72.8564097,,,False,"Amkar Fast Food, Shop 17, 19, Sunrise Tower, Near Passport Seva Kendra, Malad East, Mumbai"
"Shop 3, Siddharth Nagar, Sheetal Nagar, Mira Road, Mumbai",https://www.zomato.com/mumbai/arabicana-1-mira-road,f867cc01356b660307208925ae07229f16096318,,"
opp. shehanjali showroom, Sheetal Nagar, Mira Road East, Thane, Mira Bhayandar, Maharashtra 401107","https://www.google.com/maps/place/Arabicana/@19.2838002,72.8620849,17z/data=!3m1!4b1!4m6!3m5!1s0x3be7b1cf228641c5:0x14f0bc9f3fd0c85d!8m2!3d19.2838002!4d72.8646598!16s%2Fg%2F11scrs69_g?entry=ttu&g_ep=EgoyMDI2MDMxOC4xIKXMDSoASAFQAw%3D%3D",False,False,0x3be7b1cf228641c5:0x14f0bc9f3fd0c85d,,,,,,,,,,
"Opposite Anupam Theatre, Goregaon East, Mumbai",https://www.zomato.com/mumbai/sainath-goregaon-east,d4907bfb938fe2c88e5e5e0742f0e9e0a9fb5215,Hotel Sainath,"
Shop no 1/2, opp, Anupam anarolia, opp. Anupam Annapolis, near station, Peru Baug, Jay Prakash Nagar, Goregaon East, Mumbai, Maharashtra 400063","https://www.google.com/maps/place/Hotel+Sainath/@19.1654184,72.8328521,15z/data=!4m10!1m2!2m1!1sSainath+Opposite+Anupam+Theatre,+Goregaon+East,+Mumbai!3m6!1s0x3be7b7c8794c53ff:0x12b2a80d3904dc37!8m2!3d19.1654184!4d72.8508765!15sCjZTYWluYXRoIE9wcG9zaXRlIEFudXBhbSBUaGVhdHJlLCBHb3JlZ2FvbiBFYXN0LCBNdW1iYWlaNiI0c2FpbmF0aCBvcHBvc2l0ZSBhbnVwYW0gdGhlYXRyZSBnb3JlZ2FvbiBlYXN0IG11bWJhaZIBFXZlZ2V0YXJpYW5fcmVzdGF1cmFudOABAA!16s%2Fg%2F11h79t1wg0?entry=ttu&g_ep=EgoyMDI2MDMxOC4xIKXMDSoASAFQAw%3D%3D",True,False,0x3be7b7c8794c53ff:0x12b2a80d3904dc37,Sainath,https://www.zomato.com/mumbai/sainath-goregaon-east,d4907bfb938fe2c88e5e5e0742f0e9e0a9fb5215,"Opposite Anupam Theatre, Goregaon East, Mumbai",19.1654184,72.8508765,,,False,"Sainath, Opposite Anupam Theatre, Goregaon East, Mumbai"
"Plot 01, Sector 44A, Ramtirth CHS, Seawoods, Navi Mumbai",https://www.zomato.com/mumbai/fluffy-pancakes-seawoods-navi-mumbai,9663ede4a7a27a04679216b5c2bce31f6c023a98,Fluffy Pancakes,"
Shop No 4 Plot No 1, Ramtirtha Chs, A, Seawoods West, Sector 44, Seawoods, Navi Mumbai, Maharashtra 400706","https://www.google.com/maps/place/Fluffy+Pancakes/@19.0123283,73.0100495,17z/data=!3m1!4b1!4m6!3m5!1s0x3be7c3e025f24967:0xcd7ae306f05fe3a2!8m2!3d19.0123283!4d73.0126244!16s%2Fg%2F11t9ccx6zz?entry=ttu&g_ep=EgoyMDI2MDMxOC4xIKXMDSoASAFQAw%3D%3D",True,False,0x3be7c3e025f24967:0xcd7ae306f05fe3a2,Fluffy Pancakes,https://www.zomato.com/mumbai/fluffy-pancakes-seawoods-navi-mumbai,9663ede4a7a27a04679216b5c2bce31f6c023a98,"Plot 01, Sector 44A, Ramtirth CHS, Seawoods, Navi Mumbai",19.0123283,73.01262439999999,,,False,"Fluffy Pancakes, Plot 01, Sector 44A, Ramtirth CHS, Seawoods, Navi Mumbai"
"Shop Number 23, Vasudev Sky High, Kanakia Road, Opposite Commisioner Bunglow, Beverly Park, Mira Road, Mumbai",https://www.zomato.com/mumbai/little-canteen-mira-road,cb0e3ba8b166ea514bcd94278f946843978d064c,Krishna Tuk Tuk Foods,"
Shop No. 10,11 & 12, Jay, Kanakia Rd, near Lilawati Chemist, opp. Juana Hospital, Beverly Park, Mira Road East, Mira Bhayandar, Maharashtra 401107","https://www.google.com/maps/place/Krishna+Tuk+Tuk+Foods/@19.2948478,72.859659,15z/data=!4m10!1m2!2m1!1sLittle+Canteen+Shop+Number+23,+Vasudev+Sky+High,+Kanakia+Road,+Opposite+Commisioner+Bunglow,+Beverly+Park,+Mira+Road,+Mumbai!3m6!1s0x3be7b1b963f58f71:0x4b024f86330b726d!8m2!3d19.2971702!4d72.8758939!15sCn5MaXR0bGUgQ2FudGVlbiBTaG9wIE51bWJlciAyMywgVmFzdWRldiBTa3kgSGlnaCwgS2FuYWtpYSBSb2FkLCBPcHBvc2l0ZSBDb21taXNzaW9uZXIgQnVuZ2Fsb3csIEJldmVybHkgUGFyaywgTWlyYSBSb2FkLCBNdW1iYWlaeiJ4bGl0dGxlIGNhbnRlZW4gc2hvcCBudW1iZXIgMjMgdmFzdWRldiBza3kgaGlnaCBrYW5ha2lhIHJvYWQgb3Bwb3NpdGUgY29tbWlzc2lvbmVyIGJ1bmdhbG93IGJldmVybHkgcGFyayBtaXJhIHJvYWQgbXVtYmFpkgEKcmVzdGF1cmFudOABAA!16s%2Fg%2F11v_4t81tp?entry=ttu&g_ep=EgoyMDI2MDMxOC4xIKXMDSoASAFQAw%3D%3D",False,False,0x3be7b1b963f58f71:0x4b024f86330b726d,,,,,,,,,,
"Mithibai Building, A D Marg, Sewri, Mumbai",https://www.zomato.com/mumbai/rashtriya-1-sewri,0cc59bfd9c14774b61aa7cfcbd5a0a06fc1da31d,Mithibai Building,"
XVX3+9C3 Sewree Computer Education A Govt. Recog. Institute, Acharya Donde Marg, Abyudaya Nagar, Cotton Green Zakaria B, Sindhu Nagar, Parel, Mumbai, Maharashtra 400015","https://www.google.com/maps/place/Mithibai+Building/@18.9983825,72.8509664,17z/data=!3m1!4b1!4m6!3m5!1s0x3be7cf02467b0859:0x312eddf1a791b631!8m2!3d18.9983825!4d72.8535413!16s%2Fg%2F11b6zvdnv1?entry=ttu&g_ep=EgoyMDI2MDMxOC4xIKXMDSoASAFQAw%3D%3D",False,False,0x3be7cf02467b0859:0x312eddf1a791b631,Rashtriya,https://www.zomato.com/mumbai/rashtriya-1-sewri,0cc59bfd9c14774b61aa7cfcbd5a0a06fc1da31d,"Mithibai Building, A D Marg, Sewri, Mumbai",18.9983825,72.8535413,,,False,"Rashtriya, Mithibai Building, A D Marg, Sewri, Mumbai"
"Shop 1, Nerul Railway Station Complex, Nerul, Navi Mumbai",https://www.zomato.com/mumbai/dwarka-pure-veg-1-nerul-navi-mumbai,fcac3ddf6bf7889dfebd476920c2ded5fcf5eac0,Old Dwarka Pure Veg Family Restaurant,"
Shop No. 4, Saikrupa Tower, Mata Amritanandamayi Marg, opp. Nerul Station Complex, Sector 20, Nerul West, Nerul, Navi Mumbai, Maharashtra 400706","https://www.google.com/maps/place/Old+Dwarka+Pure+Veg+Family+Restaurant/@19.0327611,73.0138445,17z/data=!3m1!4b1!4m6!3m5!1s0x3be7c3c1da82bf8d:0x3751014db7329d08!8m2!3d19.0327611!4d73.0164194!16s%2Fg%2F1tggr_7f?entry=ttu&g_ep=EgoyMDI2MDMxOC4xIKXMDSoASAFQAw%3D%3D",True,False,0x3be7c3c1da82bf8d:0x3751014db7329d08,Dwarka Pure Veg,https://www.zomato.com/mumbai/dwarka-pure-veg-1-nerul-navi-mumbai,fcac3ddf6bf7889dfebd476920c2ded5fcf5eac0,"Shop 1, Nerul Railway Station Complex, Nerul, Navi Mumbai",19.0327611,73.0164194,,,False,"Dwarka Pure Veg, Shop 1, Nerul Railway Station Complex, Nerul, Navi Mumbai"
"Plot 301, Shop 9, Mahavir Niwas, Sector 21, Nerul, Navi Mumbai",https://www.zomato.com/mumbai/berry-straw-nerul-navi-mumbai,388fc3dc7e1e6be2424e4af9ccb4185876b1a9b1,Berry Straw,"
Shop No. 09, Mahavir Niwas Plot Number. 301, Jagatguru Aadi Shankracharya Marg, Sector 21, Nerul, Navi Mumbai, Maharashtra 400706","https://www.google.com/maps/place/Berry+Straw/@19.0250197,73.0184498,17z/data=!3m1!4b1!4m6!3m5!1s0x3be7c387ca21d177:0x76f35bf40f20080a!8m2!3d19.0250197!4d73.0210247!16s%2Fg%2F11g046nv5q?entry=ttu&g_ep=EgoyMDI2MDMxOC4xIKXMDSoASAFQAw%3D%3D",True,False,0x3be7c387ca21d177:0x76f35bf40f20080a,Berry Straw,https://www.zomato.com/mumbai/berry-straw-nerul-navi-mumbai,388fc3dc7e1e6be2424e4af9ccb4185876b1a9b1,"Plot 301, Shop 9, Mahavir Niwas, Sector 21, Nerul, Navi Mumbai",19.0250197,73.0210247,,,False,"Berry Straw, Plot 301, Shop 9, Mahavir Niwas, Sector 21, Nerul, Navi Mumbai"
"Ostwal Empire, Near SVC Bank, Boisar, Mumbai",https://www.zomato.com/mumbai/broaster-american-diner-boisar,a15c30fa9396a4adfd5eae7aa100fee9722ccc0d,Broaster - American Diner,"
Ostwal Empire, near SVC Bank, Boisar, Maharashtra 401506","https://www.google.com/maps/place/Broaster+-+American+Diner/@19.7989709,72.7530128,17z/data=!3m1!4b1!4m6!3m5!1s0x3be71e57eca6a0eb:0xbfd6fc2174659d97!8m2!3d19.7989709!4d72.7555877!16s%2Fg%2F11f547fy1l?entry=ttu&g_ep=EgoyMDI2MDMxOC4xIKXMDSoASAFQAw%3D%3D",True,False,0x3be71e57eca6a0eb:0xbfd6fc2174659d97,,,,,,,,,,
"15, MCGM Shopping Centre, Mitha Nagar, M G Road, Goregaon West, Mumbai",https://www.zomato.com/mumbai/arkish-fusion-cafe-1-goregaon-west,4c3b6a43a0b6a0d2ddc5eafc171bbd16b649c1c4,Arkish cafe,"
Shop no 15,M.C.G.M. Shopping center, Mahatma Gandhi Rd, Mitha Nagar, Goregaon West, w, Maharashtra 400104","https://www.google.com/maps/place/Arkish+cafe/@19.1620675,72.834246,17z/data=!3m1!4b1!4m6!3m5!1s0x3be7b7a1e5131ea7:0xa65ab26a4a37299e!8m2!3d19.1620675!4d72.8368209!16s%2Fg%2F11s_6p_fsd?entry=ttu&g_ep=EgoyMDI2MDMxOC4xIKXMDSoASAFQAw%3D%3D",False,False,0x3be7b7a1e5131ea7:0xa65ab26a4a37299e,,,,,,,,,,
"Panchkutir, Ganesh Nagar, Powai, Mumbai",https://www.zomato.com/mumbai/hotel-sagar-1-powai,3a25eec32c99c22b7025a14fb783fc04092159b9,Sagar Restro Bar,"
Punchkutir, Adi Shankaracharya Marg, Jogeshwari - Vikhroli Link Rd, Powai, Mumbai, Maharashtra 400076","https://www.google.com/maps/place/Sagar+Restro+Bar/@19.0451247,72.78625,12z/data=!3m1!5s0x3be7c7fac7a85807:0x4c5139188a68cc99!4m10!1m2!2m1!1sHotel+Sagar+Panchkutir,+Ganesh+Nagar,+Powai,+Mumbai!3m6!1s0x3be7c7facec7d625:0x5dda81416f1fa11!8m2!3d19.1234015!4d72.9089881!15sCjNIb3RlbCBTYWdhciBQYW5jaGt1dGlyLCBHYW5lc2ggTmFnYXIsIFBvd2FpLCBNdW1iYWlaMiIwaG90ZWwgc2FnYXIgcGFuY2hrdXRpciBnYW5lc2ggbmFnYXIgcG93YWkgbXVtYmFpkgEKcmVzdGF1cmFudOABAA!16s%2Fg%2F1hjhchyj8?entry=ttu&g_ep=EgoyMDI2MDMxOC4xIKXMDSoASAFQAw%3D%3D",False,False,0x3be7c7fac7a85807:0x4c5139188a68cc99,,,,,,,,,,
"Shop 4, Plot 57, Gangotri CHS, L.T. Road, Gorai 2, Borivali West, Mumbai",https://www.zomato.com/mumbai/9-star-kitchens-borivali-west,ed5efa5b1ee09851030857fc390bf527b478d72b,9 star kitchen,"
Shop no 4&5 Plot No 57, Gangotri society CHS, Gorai 2, Borivali West, Mumbai, Maharashtra 400091","https://www.google.com/maps/place/9+star+kitchen/@19.2327423,72.8233518,17z/data=!3m1!4b1!4m6!3m5!1s0x3be7b1e7c9f518b9:0x812a490fd0cab099!8m2!3d19.2327423!4d72.8259267!16s%2Fg%2F11sc__5gq6?entry=ttu&g_ep=EgoyMDI2MDMxOC4xIKXMDSoASAFQAw%3D%3D",False,False,0x3be7b1e7c9f518b9:0x812a490fd0cab099,9 Star Kitchens,https://www.zomato.com/mumbai/9-star-kitchens-borivali-west,ed5efa5b1ee09851030857fc390bf527b478d72b,"Shop 4, Plot 57, Gangotri CHS, L.T. Road, Gorai 2, Borivali West, Mumbai",19.2327423,72.8259267,,,False,"9 Star Kitchens, Shop 4, Plot 57, Gangotri CHS, L.T. Road, Gorai 2, Borivali West, Mumbai"
"1/3, Salim Khan Chawl, S N Dube Road, Ghartanpada 2, Dahisar East, Mumbai",https://www.zomato.com/mumbai/espresso-tea-bar-dahisar-east,3c40a666ff4501742bf2d0727d992b6cb39b0905,Espresso Tea Bar,"
Shop No 1, Safalta Bldg, New Link Rd, opp. to Shiv mandir, Anand Nagar, Dahisar East, Mumbai, Maharashtra 400068","https://www.google.com/maps/place/Espresso+Tea+Bar/@19.2578504,72.8618549,17z/data=!3m1!4b1!4m6!3m5!1s0x3be7b18d031d760d:0x1d2072d7f4840f95!8m2!3d19.2578504!4d72.8644298!16s%2Fg%2F11rr27xcxy?entry=ttu&g_ep=EgoyMDI2MDMxOC4xIKXMDSoASAFQAw%3D%3D",True,False,0x3be7b18d031d760d:0x1d2072d7f4840f95,Espresso Tea Bar,https://www.zomato.com/mumbai/espresso-tea-bar-dahisar-east,3c40a666ff4501742bf2d0727d992b6cb39b0905,"1/3, Salim Khan Chawl, S N Dube Road, Ghartanpada 2, Dahisar East, Mumbai",19.2578504,72.8644298,,,False,"Espresso Tea Bar, 1/3, Salim Khan Chawl, S N Dube Road, Ghartanpada 2, Dahisar East, Mumbai"
"8, 2nd Floor, Building 2, Gigaplex Estate, Mindapace, Thane East, Thane",https://www.zomato.com/mumbai/shawarma-n-spice-1-airoli-navi-mumbai,f74c33f384a1bb1eb8c8c792b38863dcfcd356f7,Shawarma N Spice,"
Shop No. 5A, Ground Floor, Amrapali Arcade, 2, Pokhran Rd, Vasant Vihar, Thane West, Thane, Maharashtra 400610","https://www.google.com/maps/place/Shawarma+N+Spice/@19.2455314,72.8242028,12z/data=!3m1!5s0x3be7b967aaa3e403:0x559c98cda41333ac!4m10!1m2!2m1!1sShawarma+N+Spice+8,+2nd+Floor,+Building+2,+Gigaplex+Estate,+Mindapace,+Thane+East,+Thane!3m6!1s0x3be7b9c56af7fa8d:0x8ed5d4d8eeae4bb4!8m2!3d19.2226684!4d72.9668356!15sClhTaGF3YXJtYSBOIFNwaWNlIDgsIDJuZCBGbG9vciwgQnVpbGRpbmcgMiwgR2lnYXBsZXggRXN0YXRlLCBNaW5kc3BhY2UsIFRoYW5lIEVhc3QsIFRoYW5lWlQiUnNoYXdhcm1hIG4gc3BpY2UgOCAybmQgZmxvb3IgYnVpbGRpbmcgMiBnaWdhcGxleCBlc3RhdGUgbWluZHNwYWNlIHRoYW5lIGVhc3QgdGhhbmWSAQpyZXN0YXVyYW504AEA!16s%2Fg%2F11xctybjqg?entry=ttu&g_ep=EgoyMDI2MDMxOC4xIKXMDSoASAFQAw%3D%3D",True,False,0x3be7b967aaa3e403:0x559c98cda41333ac,,,,,,,,,,
"Annasaheb Vartak Market, VP Road, Vile Parle West, Mumbai",https://www.zomato.com/mumbai/24-vile-parle-west,8342eb65e4e380ebe26502422363e0082cc49d55,Anna Saheb Vartak Municipal Market,"
3RWR+RFH, LIC Colony, Suresh Colony, Vile Parle West, Mumbai, Maharashtra 400056","https://www.google.com/maps/place/Anna+Saheb+Vartak+Municipal+Market/@19.0970585,72.8386662,17z/data=!3m1!4b1!4m6!3m5!1s0x3be7c9b092d62f47:0x7f6ffc26506f667!8m2!3d19.0970585!4d72.8412411!16s%2Fg%2F11b6gg_4yx?entry=ttu&g_ep=EgoyMDI2MDMxOC4xIKXMDSoASAFQAw%3D%3D",False,False,0x3be7c9b092d62f47:0x7f6ffc26506f667,,,,,,,,,,
"Gokul Nagari 2 CHS, Opposite Bhor Industries, Western Express Highway, Kandivali East, Mumbai",https://www.zomato.com/mumbai/diesel-cafe-kandivali-east,e59c17c5b6372baede45a2cee79598fce873b55d,"TAVOLA FINE DINE,BAR , DIESEL CAFE","
Gokul Nagri -2, next to Sai star cable, Thakur Village, Kandivali East, Mumbai, Maharashtra 400101","https://www.google.com/maps/place/TAVOLA+FINE+DINE,BAR+,+DIESEL+CAFE/@19.2149134,72.7240868,12z/data=!3m1!5s0x3be7beb5d8a126f3:0x9e431ccd2cfdcf94!4m10!1m2!2m1!1sDiesel+Cafe+Gokul+Nagari+2+CHS,+Opposite+Bhor+Industries,+Western+Express+Highway,+Kandivali+East,+Mumbai!3m6!1s0x3be7b73804160b1b:0x1b7e1e62f5a34f0e!8m2!3d19.2149134!4d72.8682824!15sCmlEaWVzZWwgQ2FmZSBHb2t1bCBOYWdhcmkgMiBDSFMsIE9wcG9zaXRlIEJob3IgSW5kdXN0cmllcywgV2VzdGVybiBFeHByZXNzIEhpZ2h3YXksIEthbmRpdmFsaSBFYXN0LCBNdW1iYWlaZyJlZGllc2VsIGNhZmUgZ29rdWwgbmFnYXJpIDIgY2hzIG9wcG9zaXRlIGJob3IgaW5kdXN0cmllcyB3ZXN0ZXJuIGV4cHJlc3MgaGlnaHdheSBrYW5kaXZhbGkgZWFzdCBtdW1iYWmSAQRjYWZl4AEA!16s%2Fg%2F11f0_3pk88?entry=ttu&g_ep=EgoyMDI2MDMxOC4xIKXMDSoASAFQAw%3D%3D",True,False,0x3be7beb5d8a126f3:0x9e431ccd2cfdcf94,,,,,,,,,,
"Plot E/3/4, Near Parmar Industrial Estate, Vasai, Mumbai",https://www.zomato.com/mumbai/hotel-udupi-shree-krishna-pure-veg-and-jain-food-vasai,a2a6e629e49bebc9a91f8c3ce2bf4d33a3514e4e,Udupi Krishna Veg Retreat | Pure Veg Restaurant,"
Udipi Krishna Veg Retreat, Range office, Fatherwadi, Vasai-Virar, Maharashtra 401208","https://www.google.com/maps/place/Udupi+Krishna+Veg+Retreat+%7C+Pure+Veg+Restaurant/@19.4042315,72.8123633,14z/data=!4m10!1m2!2m1!1sHotel+Udupi+Shree+Krishna+Pure+Veg+And+Jain+Food+Plot+E%2F3%2F4,+Near+Parmar+Industrial+Estate,+Vasai,+Mumbai!3m6!1s0x3be7afcf4d3dc4fb:0x8049d3a346dbca8!8m2!3d19.4042315!4d72.8484122!15sCmlIb3RlbCBVZHVwaSBTaHJlZSBLcmlzaG5hIFB1cmUgVmVnIEFuZCBKYWluIEZvb2QgUGxvdCBFLzMvNCwgTmVhciBQYXJtYXIgSW5kdXN0cmlhbCBFc3RhdGUsIFZhc2FpLCBNdW1iYWlaaCJmaG90ZWwgdWR1cGkgc2hyZWUga3Jpc2huYSBwdXJlIHZlZyBhbmQgamFpbiBmb29kIHBsb3QgZSAzIDQgbmVhciBwYXJtYXIgaW5kdXN0cmlhbCBlc3RhdGUgdmFzYWkgbXVtYmFpkgEVdmVnZXRhcmlhbl9yZXN0YXVyYW50mgEkQ2hkRFNVaE5NRzluUzBWSlEwRm5TVVJJYjB4MlNYbFJSUkFC4AEA-gEECAAQLQ!16s%2Fg%2F11vszyv_wh?entry=ttu&g_ep=EgoyMDI2MDMxOC4xIKXMDSoASAFQAw%3D%3D",False,False,0x3be7afcf4d3dc4fb:0x8049d3a346dbca8,Hotel Udupi Shree Krishna Pure Veg And Jain Food,https://www.zomato.com/mumbai/hotel-udupi-shree-krishna-pure-veg-and-jain-food-vasai,a2a6e629e49bebc9a91f8c3ce2bf4d33a3514e4e,"Plot E/3/4, Near Parmar Industrial Estate, Vasai, Mumbai",19.4042315,72.8484122,,,False,"Hotel Udupi Shree Krishna Pure Veg And Jain Food, Plot E/3/4, Near Parmar Industrial Estate, Vasai, Mumbai"
"Shop 19, Sunrise Building, Shivaji Maharaj Chowk, Kashi Mira, Mira Road, Mumbai",https://www.zomato.com/mumbai/thick-shake-club-mira-road,c76d6ef187a1dd523c51f6c579b64cd939e4a71a,Thick Shake Club,"
Shop Number 19, Sunrise Building ,Kashimira Shivaji Circle, Near, Western Express Hwy, Mira Road East, Mira Bhayandar, Maharashtra 401107","https://www.google.com/maps/place/Thick+Shake+Club/@19.2727586,72.8797593,17z/data=!3m1!4b1!4m6!3m5!1s0x3be7b1031ec102b5:0x6095a7bbbf6f6ed3!8m2!3d19.2727586!4d72.8823342!16s%2Fg%2F11fgm6_339?entry=ttu&g_ep=EgoyMDI2MDMxOC4xIKXMDSoASAFQAw%3D%3D",True,False,0x3be7b1031ec102b5:0x6095a7bbbf6f6ed3,Thick Shake Club,https://www.zomato.com/mumbai/thick-shake-club-mira-road,c76d6ef187a1dd523c51f6c579b64cd939e4a71a,"Shop 19, Sunrise Building, Shivaji Maharaj Chowk, Kashi Mira, Mira Road, Mumbai",19.2727586,72.8823342,,,False,"Thick Shake Club, Shop 19, Sunrise Building, Shivaji Maharaj Chowk, Kashi Mira, Mira Road, Mumbai"
"200, Vishnu Niwas, SB Marg, Tilak Bridge, Dadar West, Mumbai",https://www.zomato.com/mumbai/hotel-geeta-dadar-west,e724319a1a678ec81f599bb60552dc575121bd07,Hotel Geeta Resto bar,"
Vishnu Niwas, Tilak Bridge, 200, Senapati Bapat Marg, Dadar West, Dadar, Mumbai, Maharashtra 400028","https://www.google.com/maps/place/Hotel+Geeta+Resto+bar/@19.0209616,72.8409004,17z/data=!3m2!4b1!5s0x3be7cedbb1e05313:0xd0d845a786273f2d!4m6!3m5!1s0x3be7cedbaf70b90d:0xcd44b3aff755989a!8m2!3d19.0209616!4d72.8434753!16s%2Fg%2F1tj48yyb?entry=ttu&g_ep=EgoyMDI2MDMxOC4xIKXMDSoASAFQAw%3D%3D",True,False,0x3be7cedbb1e05313:0xd0d845a786273f2d,,,,,,,,,,
"209/210, 2nd Floor, Satra Plaza, Sector 14, Palm Beach Road, Vashi, Navi Mumbai",https://www.zomato.com/mumbai/cafe-lopa-1-vashi-navi-mumbai,48a2053b08725091c684c67ad2f702787ecd0e67,Satra Plaza,"
Unit 110, 1st Floor, 19D, Palm Beach Rd, Phase 2, Sector 14, Vashi, Navi Mumbai, Maharashtra 400703","https://www.google.com/maps/place/Satra+Plaza/@19.0824644,72.969771,14z/data=!4m10!1m2!2m1!1sCafe+Lopa+209%2F210,+2nd+Floor,+Satra+Plaza,+Sector+14,+Palm+Beach+Road,+Vashi,+Navi+Mumbai!3m6!1s0x3be7c13428f153c3:0xcedc32f30e4d80ed!8m2!3d19.0824644!4d73.0058199!15sCllDYWZlIExvcGEgMjA5LzIxMCwgMm5kIEZsb29yLCBTYXRyYSBQbGF6YSwgU2VjdG9yIDE0LCBQYWxtIEJlYWNoIFJvYWQsIFZhc2hpLCBOYXZpIE11bWJhaVpVIlNjYWZlIGxvcGEgMjA5IDIxMCAybmQgZmxvb3Igc2F0cmEgcGxhemEgc2VjdG9yIDE0IHBhbG0gYmVhY2ggcm9hZCB2YXNoaSBuYXZpIG11bWJhaZIBD2J1c2luZXNzX2NlbnRlcuABAA!16s%2Fg%2F11bxkf6d2l?entry=ttu&g_ep=EgoyMDI2MDMxOC4xIKXMDSoASAFQAw%3D%3D",False,False,0x3be7c13428f153c3:0xcedc32f30e4d80ed,Rang De Basanti,https://www.zomato.com/mumbai/rang-de-basanti-1-vashi-navi-mumbai,f3a4acdd3b19966e6e1a144fadbc237a16b5edec,"5, Shakti Arcade, Sector 19 D, Vashi, Navi Mumbai",19.0824644,73.00581989999999,,,False,"Rang De Basanti, 5, Shakti Arcade, Sector 19 D, Vashi, Navi Mumbai"
"209/210, 2nd Floor, Satra Plaza, Sector 14, Palm Beach Road, Vashi, Navi Mumbai",https://www.zomato.com/mumbai/cafe-lopa-1-vashi-navi-mumbai,48a2053b08725091c684c67ad2f702787ecd0e67,Satra Plaza,"
Unit 110, 1st Floor, 19D, Palm Beach Rd, Phase 2, Sector 14, Vashi, Navi Mumbai, Maharashtra 400703","https://www.google.com/maps/place/Satra+Plaza/@19.0824644,72.969771,14z/data=!4m10!1m2!2m1!1sCafe+Lopa+209%2F210,+2nd+Floor,+Satra+Plaza,+Sector+14,+Palm+Beach+Road,+Vashi,+Navi+Mumbai!3m6!1s0x3be7c13428f153c3:0xcedc32f30e4d80ed!8m2!3d19.0824644!4d73.0058199!15sCllDYWZlIExvcGEgMjA5LzIxMCwgMm5kIEZsb29yLCBTYXRyYSBQbGF6YSwgU2VjdG9yIDE0LCBQYWxtIEJlYWNoIFJvYWQsIFZhc2hpLCBOYXZpIE11bWJhaVpVIlNjYWZlIGxvcGEgMjA5IDIxMCAybmQgZmxvb3Igc2F0cmEgcGxhemEgc2VjdG9yIDE0IHBhbG0gYmVhY2ggcm9hZCB2YXNoaSBuYXZpIG11bWJhaZIBD2J1c2luZXNzX2NlbnRlcuABAA!16s%2Fg%2F11bxkf6d2l?entry=ttu&g_ep=EgoyMDI2MDMxOC4xIKXMDSoASAFQAw%3D%3D",False,False,0x3be7c13428f153c3:0xcedc32f30e4d80ed,Vazhai Restaurant,https://www.zomato.com/mumbai/vazhai-restaurant-vashi-navi-mumbai,2cbb5ededdf8af7287b3f12a7e256fd2185dd1c4,"Shop 110, Plot 19 and 20, Palm Beach Road, Satra Plaza, Sector 19 D, Vashi, Navi Mumbai",,,,,False,"Vazhai Restaurant, Shop 110, Plot 19 and 20, Palm Beach Road, Satra Plaza, Sector 19 D, Vashi, Navi Mumbai"
"Shop 7/8, Plot 93, Mahavir Bhakti, Sector 15, Kopar Khairane, Navi Mumbai",https://www.zomato.com/mumbai/vig-refreshment-kopar-khairane-navi-mumbai,025b5375f2fb420a5200e523d5223da7de1e75d8,ViG Refreshment (Vashi),"
Gr. Floor, Shop # 6 & 7, Thacker Tower, Plot # 86, Sector 17, Vashi, Navi Mumbai, Maharashtra 400703","https://www.google.com/maps/place/ViG+Refreshment+(Vashi)/@19.0690305,72.9981486,17z/data=!3m2!4b1!5s0x3be7c14be395697b:0xcc30658fc530093e!4m6!3m5!1s0x3be7c15ca0b33f51:0x94e3c55430f77eba!8m2!3d19.0690305!4d73.0007235!16s%2Fg%2F11t2tzv136?entry=ttu&g_ep=EgoyMDI2MDMxOC4xIKXMDSoASAFQAw%3D%3D",True,False,0x3be7c14be395697b:0xcc30658fc530093e,,,,,,,,,,
"Shop 5, Labh Darshan Building, Sayukta Nagar, Chandan Naka Achole Cross Road, Nalasopara East, Nalasopara, Mumbai",https://www.zomato.com/mumbai/jumping-wok-3-nalasopara,ab2413fa41b518ddc96dea012a36979ad39b31cf,Wok China Family Restaurant,"
Shop no -6, Sidhivinayak complex, near aram hotel, Lakshmiben Chedda Nagar, Nalasopara West, Nala Sopara, Vasai-Virar, Maharashtra 401203","https://www.google.com/maps/place/Wok+China+Family+Restaurant/@19.4199245,72.7801163,14z/data=!4m10!1m2!2m1!1sJumping+Wok+Shop+5,+Labh+Darshan+Building,+Sayukta+Nagar,+Chandan+Naka+Achole+Cross+Road,+Nalasopara+East,+Nalasopara,+Mumbai!3m6!1s0x3be7a912b0684771:0xbae2c9c138be9883!8m2!3d19.4199245!4d72.8161652!15sCn5KdW1waW5nIFdvayBTaG9wIDUsIExhYmggRGFyc2hhbiBCdWlsZGluZywgU2FueXVrdGEgTmFnYXIsIENoYW5kYW4gTmFrYSBBY2hvbGUgQ3Jvc3MgUm9hZCwgTmFsYXNvcGFyYSBFYXN0LCBOYWxhc29wYXJhLCBNdW1iYWlaeiJ4anVtcGluZyB3b2sgc2hvcCA1IGxhYmggZGFyc2hhbiBidWlsZGluZyBzYW55dWt0YSBuYWdhciBjaGFuZGFuIG5ha2EgYWNob2xlIGNyb3NzIHJvYWQgbmFsYXNvcGFyYSBlYXN0IG5hbGFzb3BhcmEgbXVtYmFpkgEKcmVzdGF1cmFudOABAA!16s%2Fg%2F11rcwmj0fh?entry=ttu&g_ep=EgoyMDI2MDMxOC4xIKXMDSoASAFQAw%3D%3D",False,False,0x3be7a912b0684771:0xbae2c9c138be9883,,,,,,,,,,
"Inside Airport, Level 3, Domestic Departure, CSI Airport, Sahar Road, Vile Parle East, Mumbai",https://www.zomato.com/mumbai/fresco-co-1-vile-parle-east,0cba0f3a2308141ea10e65720e315e5153a156f7,FresCo,"
3VXF+HGM, छत्रपति शिवाजी अंतर्राष्ट्रीय हवाईअड्डा क्षेत्र, Navpada, Vile Parle East, Vile Parle, Mumbai, Maharashtra 400099","https://www.google.com/maps/place/FresCo/@19.0989724,72.8712285,17z/data=!3m1!4b1!4m6!3m5!1s0x3be7c8428aea311f:0x19cde97b1cd76f91!8m2!3d19.0989724!4d72.8738034!16s%2Fg%2F11c1_vzj1q?entry=ttu&g_ep=EgoyMDI2MDMxOC4xIKXMDSoASAFQAw%3D%3D",False,False,0x3be7c8428aea311f:0x19cde97b1cd76f91,Fresco Co,https://www.zomato.com/mumbai/fresco-co-1-vile-parle-east,0cba0f3a2308141ea10e65720e315e5153a156f7,"Inside Airport, Level 3, Domestic Departure, CSI Airport, Sahar Road, Vile Parle East, Mumbai",,,,,False,"Fresco Co, Inside Airport, Level 3, Domestic Departure, CSI Airport, Sahar Road, Vile Parle East, Mumbai"
"Sitaram Jadhav Marg, Lower Parel, Mumbai",https://www.zomato.com/mumbai/kaka-na-cha-poha-lower-parel,d112cdd9a9908bdf817f324f1326cba5c8318c87,Kaka Na Cha Poha,"
Sitaram Jadhav Marg, near Habib Building, Nagin Nagar Chawl, Dhuru Wadi, Lower Parel, Mumbai, Maharashtra 400013","https://www.google.com/maps/place/Kaka+Na+Cha+Poha/@18.9976482,72.8282421,17z/data=!3m1!4b1!4m6!3m5!1s0x3be7cef255f78999:0xf9b97e06009958b1!8m2!3d18.9976482!4d72.830817!16s%2Fg%2F11t6s9zr08?entry=ttu&g_ep=EgoyMDI2MDMxOC4xIKXMDSoASAFQAw%3D%3D",True,False,0x3be7cef255f78999:0xf9b97e06009958b1,Kaka Na Cha Poha,https://www.zomato.com/mumbai/kaka-na-cha-poha-lower-parel,d112cdd9a9908bdf817f324f1326cba5c8318c87,"Sitaram Jadhav Marg, Lower Parel, Mumbai",18.9976482,72.830817,,,False,"Kaka Na Cha Poha, Sitaram Jadhav Marg, Lower Parel, Mumbai"
"Shop 3, Theronda Fata, Revdanda, Alibag",https://www.zomato.com/mumbai/momo-nation-cafe-revdanda-alibag,9f54e698bcec0466673dd25c64bbab21d48e7a07,Momo Nation Cafe & Restaurant,"
Shop No 3, corner, Alibag-Revadanda Rd, Theronda Fata, Alibag, Maharashtra 402203","https://www.google.com/maps/place/Momo+Nation+Cafe+%26+Restaurant/@18.5629263,72.92295,17z/data=!3m1!4b1!4m6!3m5!1s0x3be871598b2431e9:0x9c15a568a1e6d16d!8m2!3d18.5629263!4d72.9255249!16s%2Fg%2F11s57df9y3?entry=ttu&g_ep=EgoyMDI2MDMxOC4xIKXMDSoASAFQAw%3D%3D",True,False,0x3be871598b2431e9:0x9c15a568a1e6d16d,Momo Nation Cafe,https://www.zomato.com/mumbai/momo-nation-cafe-revdanda-alibag,9f54e698bcec0466673dd25c64bbab21d48e7a07,"Shop 3, Theronda Fata, Revdanda, Alibag",18.5629263,72.9255249,,,False,"Momo Nation Cafe, Shop 3, Theronda Fata, Revdanda, Alibag"
"Opposite Municipal Pumping Station, G M Road, Chembur, Mumbai",https://www.zomato.com/mumbai/leo-89-chembur,ece8ab1a3fa1c85c9f5bb1b002a915c5a5df4d2b,Leo 89,"
Ghatkopar - Mahul Rd, near Ravi petrol pump, opp. Municipal pumping station, Chembur West, Pestom Sagar Colony, Ghatkopar East, Mumbai, Maharashtra 400089","https://www.google.com/maps/place/Leo+89/@19.0716562,72.899467,17z/data=!3m1!4b1!4m6!3m5!1s0x3be7c77656ada4cb:0xcacc7562fc180806!8m2!3d19.0716562!4d72.9020419!16s%2Fg%2F11w9110sc_?entry=ttu&g_ep=EgoyMDI2MDMxOC4xIKXMDSoASAFQAw%3D%3D",True,False,0x3be7c77656ada4cb:0xcacc7562fc180806,Leo 89,https://www.zomato.com/mumbai/leo-89-chembur,ece8ab1a3fa1c85c9f5bb1b002a915c5a5df4d2b,"Opposite Municipal Pumping Station, G M Road, Chembur, Mumbai",19.0716562,72.9020419,,,False,"Leo 89, Opposite Municipal Pumping Station, G M Road, Chembur, Mumbai"
"Shop 23, Safal Park CHS Ltd, Plot 3 & 12, Sector 25, Nerul, Navi Mumbai",https://www.zomato.com/mumbai/wafl-café-nerul-navi-mumbai,4e20892f034fffdc30a4e7095bf52d8eb0b1d7cd,WAFL Café,"
E, Safal Park, Shop No.23, near IDBI Bank, Sector 25, Nerul, Navi Mumbai, Maharashtra 400706","https://www.google.com/maps/place/WAFL+Caf%C3%A9/@19.0237783,73.0201123,17z/data=!3m1!4b1!4m6!3m5!1s0x3be7c3632c411107:0x4b8fe3d175cadd16!8m2!3d19.0237783!4d73.0226872!16s%2Fg%2F11h27ww35n?entry=ttu&g_ep=EgoyMDI2MDMxOC4xIKXMDSoASAFQAw%3D%3D",True,False,0x3be7c3632c411107:0x4b8fe3d175cadd16,WAFL Café,https://www.zomato.com/mumbai/wafl-café-nerul-navi-mumbai,4e20892f034fffdc30a4e7095bf52d8eb0b1d7cd,"Shop 23, Safal Park CHS Ltd, Plot 3 & 12, Sector 25, Nerul, Navi Mumbai",19.0237783,73.0226872,,,False,"WAFL Café, Shop 23, Safal Park CHS Ltd, Plot 3 & 12, Sector 25, Nerul, Navi Mumbai"
"Yogi Nagar, Eksar Road, Near Corporation Bank, Borivali West, Mumbai",https://www.zomato.com/mumbai/hotel-rudrakshi-restaurant-bar-borivali-west,c42b4c8bf1e86ebc2eea9aa75a76d54ad70936d9,Aaurum Family Restaurant & Bar Borivali (W),"
opp. Adtiya Banquets, Ram Nagar, Mhatre Wadi, Borivali West, Mumbai, Maharashtra 400092","https://www.google.com/maps/place/Aaurum+Family+Restaurant+%26+Bar+Borivali+(W)/@19.2187122,72.7745811,13z/data=!4m10!1m2!2m1!1sHotel+Rudrakshi+Restaurant+%26+Bar+Yogi+Nagar,+Eksar+Road,+Near+Corporation+Bank,+Borivali+West,+Mumbai!3m6!1s0x3be7b7b69f942349:0xe9c691195d45c837!8m2!3d19.2187122!4d72.8466789!15sCmVIb3RlbCBSdWRyYWtzaGkgUmVzdGF1cmFudCAmIEJhciBZb2dpIE5hZ2FyLCBFa3NhciBSb2FkLCBOZWFyIENvcnBvcmF0aW9uIEJhbmssIEJvcml2YWxpIFdlc3QsIE11bWJhaVpjImFob3RlbCBydWRyYWtzaGkgcmVzdGF1cmFudCAmIGJhciB5b2dpIG5hZ2FyIGVrc2FyIHJvYWQgbmVhciBjb3Jwb3JhdGlvbiBiYW5rIGJvcml2YWxpIHdlc3QgbXVtYmFpkgENYmFyX2FuZF9ncmlsbOABAA!16s%2Fg%2F11r3sk6pv6?entry=ttu&g_ep=EgoyMDI2MDMxOC4xIKXMDSoASAFQAw%3D%3D",False,False,0x3be7b7b69f942349:0xe9c691195d45c837,,,,,,,,,,
"Commerce House 140, Shop 3, Ground Floor, Nagindas Master Road, Kala Ghoda, Fort, Mumbai",https://www.zomato.com/mumbai/millies-cookies-fort,a4db95f32a623b6858076e856f7f1d88bcb18f58,Millie's Cookies,"
3, Commerce House, Near Ayub's, 140, Nagindas Master Rd, Kala Ghoda, Fort, Mumbai, Maharashtra 400001","https://www.google.com/maps/place/Millie's+Cookies/@18.928483,72.8300945,17z/data=!3m1!4b1!4m6!3m5!1s0x3be7d1d0a29572e5:0xf9fa5a6c74ac997a!8m2!3d18.928483!4d72.8326694!16s%2Fg%2F11h3gg42cn?entry=ttu&g_ep=EgoyMDI2MDMxOC4xIKXMDSoASAFQAw%3D%3D",False,False,0x3be7d1d0a29572e5:0xf9fa5a6c74ac997a,Millies Cookies,https://www.zomato.com/mumbai/millies-cookies-fort,a4db95f32a623b6858076e856f7f1d88bcb18f58,"Commerce House 140, Shop 3, Ground Floor, Nagindas Master Road, Kala Ghoda, Fort, Mumbai",18.928483,72.8326694,,,False,"Millies Cookies, Commerce House 140, Shop 3, Ground Floor, Nagindas Master Road, Kala Ghoda, Fort, Mumbai"
"272, Shop 1, Lucky House, Shahid Bhagat Singh Road, Fort, Mumbai",https://www.zomato.com/mumbai/bella-ciao-chaap-fort,1a5f9e203da1a38c9c50e38e945c4dabd5df51bd,Bella Ciao Chaap,"
Shop no 1, Lucky House, Shahid Bhagat Singh Rd, Ballard Estate, Fort, Mumbai, Maharashtra 400001","https://www.google.com/maps/place/Bella+Ciao+Chaap/@18.937539,72.8350907,17z/data=!3m1!4b1!4m6!3m5!1s0x3be7d16ec1830675:0xc764c0565feed6f6!8m2!3d18.937539!4d72.8376656!16s%2Fg%2F11sb84spkl?entry=ttu&g_ep=EgoyMDI2MDMxOC4xIKXMDSoASAFQAw%3D%3D",True,False,0x3be7d16ec1830675:0xc764c0565feed6f6,Bella Ciao Chaap,https://www.zomato.com/mumbai/bella-ciao-chaap-fort,1a5f9e203da1a38c9c50e38e945c4dabd5df51bd,"272, Shop 1, Lucky House, Shahid Bhagat Singh Road, Fort, Mumbai",18.937539,72.8376656,,,False,"Bella Ciao Chaap, 272, Shop 1, Lucky House, Shahid Bhagat Singh Road, Fort, Mumbai"
"Near Railway Station, Viva Utsav, Thakur Arcade, Virar West, Near Virar, Mumbai",https://www.zomato.com/mumbai/hotel-viva-utsav-virar,486b07fe7dd787db1a80616bd2dcba94371fe691,VIVA UTSAV PURE VEG,"
Thakur Arcade Next, Viva Super Market, Virar, Maharashtra 401303","https://www.google.com/maps/place/VIVA+UTSAV+PURE+VEG/@19.4548037,72.8088029,17z/data=!3m1!4b1!4m6!3m5!1s0x3be7a9843724ee99:0xe3b78c4dc8be088c!8m2!3d19.4548037!4d72.8113778!16s%2Fg%2F11cm_qhbl8?entry=ttu&g_ep=EgoyMDI2MDMxOC4xIKXMDSoASAFQAw%3D%3D",False,False,0x3be7a9843724ee99:0xe3b78c4dc8be088c,Hotel Viva Utsav,https://www.zomato.com/mumbai/hotel-viva-utsav-virar,486b07fe7dd787db1a80616bd2dcba94371fe691,"Near Railway Station, Viva Utsav, Thakur Arcade, Virar West, Near Virar, Mumbai",19.4548037,72.8113778,,,False,"Hotel Viva Utsav, Near Railway Station, Viva Utsav, Thakur Arcade, Virar West, Near Virar, Mumbai"
"Shop 2, Satyam Pearl, Moral Villa Society, Kamothe, Navi Mumbai",https://www.zomato.com/mumbai/idiotic-kamothe-navi-mumbai,ad3c362c0b1378d628cc0e11d616805f25e6886c,Idiotic cafe,"
Shop no 2, Idiotic cafe, Satyam Pearl, Sector 18, Kamothe, Moral Villa Society, Sector 18, Kamothe, Panvel, Maharashtra 410209","https://www.google.com/maps/place/Idiotic+cafe/@19.0153911,73.0870394,17z/data=!3m1!4b1!4m6!3m5!1s0x3be7e906d30570e7:0x72005f794160a810!8m2!3d19.0153911!4d73.0896143!16s%2Fg%2F11tmxgm1hx?entry=ttu&g_ep=EgoyMDI2MDMxOC4xIKXMDSoASAFQAw%3D%3D",True,False,0x3be7e906d30570e7:0x72005f794160a810,,,,,,,,,,
"Shop 1 & 2, Willows Twin Towers, Swapna Nagari, Mulund West, Mumbai",https://www.zomato.com/mumbai/coriander-kitchen-and-bar-mulund-west,5a7e306777c8ed06e321c052b6ec20e09940fb01,Coriander Kitchen and Bar,"
Shop No. 1 & 2, Willows Twin Towers, Lal Bahadur Shastri Marg, near Cypress, Swapna Nagari, Veena Nagar, Mulund West, Mumbai, Maharashtra 400080","https://www.google.com/maps/place/Coriander+Kitchen+and+Bar/@19.1813316,72.9382968,17z/data=!3m1!4b1!4m6!3m5!1s0x3be7b94b3b411aef:0xacf353e60637e9f5!8m2!3d19.1813316!4d72.9408717!16s%2Fg%2F11h1hv7lb1?entry=ttu&g_ep=EgoyMDI2MDMxOC4xIKXMDSoASAFQAw%3D%3D",True,False,0x3be7b94b3b411aef:0xacf353e60637e9f5,Coriander Kitchen And Bar,https://www.zomato.com/mumbai/coriander-kitchen-and-bar-mulund-west,5a7e306777c8ed06e321c052b6ec20e09940fb01,"Shop 1 & 2, Willows Twin Towers, Swapna Nagari, Mulund West, Mumbai",19.1813316,72.9408717,,,False,"Coriander Kitchen And Bar, Shop 1 & 2, Willows Twin Towers, Swapna Nagari, Mulund West, Mumbai"
"Shop 1, Mira Bhayandar Road, Opposite Bharat Petrol Pump, Mira Road, Mumbai",https://www.zomato.com/mumbai/chugal-katta-family-restaurant-mira-road,0aaac9c2448253b6832772e77a93046675d22189,Chugal Katta Family Restaurant,"
Shop Number 1, Opposite Bharat Petrol Pump, next to Jay Hind Marble, Queens Park, Mira Road East, Mira Bhayandar, Maharashtra 401105","https://www.google.com/maps/place/Chugal+Katta+Family+Restaurant/@19.2912665,72.8606023,17z/data=!3m1!4b1!4m6!3m5!1s0x3be7b1c4cbf07301:0xced3247387043a06!8m2!3d19.2912665!4d72.8631772!16s%2Fg%2F11fgk212cy?entry=ttu&g_ep=EgoyMDI2MDMxOC4xIKXMDSoASAFQAw%3D%3D",True,False,0x3be7b1c4cbf07301:0xced3247387043a06,Chugal Katta Family Restaurant,https://www.zomato.com/mumbai/chugal-katta-family-restaurant-mira-road,0aaac9c2448253b6832772e77a93046675d22189,"Shop 1, Mira Bhayandar Road, Opposite Bharat Petrol Pump, Mira Road, Mumbai",19.2912665,72.8631772,,,False,"Chugal Katta Family Restaurant, Shop 1, Mira Bhayandar Road, Opposite Bharat Petrol Pump, Mira Road, Mumbai"
"1056 Adarsh Nagar, 90 Feet Road, Near Infinity Mall Off Link Road, Andheri Lokhandwala, Andheri West, Mumbai",https://www.zomato.com/mumbai/garrison-bistro-andheri-lokhandwala,e5f1d4c47e16efa2cbf16367163829031b4d6ab4,Garrison Bistro,"
1056 Adarsh Nagar, 90 Feet Road, Near Infinity Mall Off Link Road, Andheri West Landmark - Next to TATA MOTORS Inderjit Cars &, opp. Shreenath Hyundai Showroom, Mumbai, Maharashtra 400053","https://www.google.com/maps/place/Garrison+Bistro/@19.1420431,72.8295774,17z/data=!3m1!4b1!4m6!3m5!1s0x3be7b7704a45021b:0x5441fc73540f0acf!8m2!3d19.1420431!4d72.8321523!16s%2Fg%2F11qycyhw64?entry=ttu&g_ep=EgoyMDI2MDMxOC4xIKXMDSoASAFQAw%3D%3D",True,False,0x3be7b7704a45021b:0x5441fc73540f0acf,Garrison Bistro,https://www.zomato.com/mumbai/garrison-bistro-andheri-lokhandwala,e5f1d4c47e16efa2cbf16367163829031b4d6ab4,"1056 Adarsh Nagar, 90 Feet Road, Near Infinity Mall Off Link Road, Andheri Lokhandwala, Andheri West, Mumbai",19.1420431,72.83215229999999,,,False,"Garrison Bistro, 1056 Adarsh Nagar, 90 Feet Road, Near Infinity Mall Off Link Road, Andheri Lokhandwala, Andheri West, Mumbai"
"Shop 1, Patil Prasad Building, Junction Road, Mulund West, Mumbai",https://www.zomato.com/mumbai/utsav-mulund-west,68dafd2d4baf8f64f7d6258901394ec4ba1b71ce,Manav Studio KANTI K GALA,"
Hans Laxmi Apartment, Ram Ratan Trivedi Rd, Next To Ghunghat Showroom, Mulund (W, Mulund West, Mumbai, Maharashtra 400080","https://www.google.com/maps/place/Manav+Studio+KANTI+K+GALA/@19.1042153,72.8162717,12z/data=!4m10!1m2!2m1!1sUtsav+Shop+1,+Patil+Prasad+Building,+Junction+Road,+Mulund+West,+Mumbai!3m6!1s0x3be7b9ee9bac8a63:0xc1fd55bdef9c51df!8m2!3d19.1749175!4d72.9521126!15sCkdVdHNhdiBTaG9wIDEsIFBhdGlsIFByYXNhZCBCdWlsZGluZywgSnVuY3Rpb24gUm9hZCwgTXVsdW5kIFdlc3QsIE11bWJhaVpFIkN1dHNhdiBzaG9wIDEgcGF0aWwgcHJhc2FkIGJ1aWxkaW5nIGp1bmN0aW9uIHJvYWQgbXVsdW5kIHdlc3QgbXVtYmFpkgEOY2xvdGhpbmdfc3RvcmXgAQA!16s%2Fg%2F11b6xfxgtp?entry=ttu&g_ep=EgoyMDI2MDMxOC4xIKXMDSoASAFQAw%3D%3D",False,False,0x3be7b9ee9bac8a63:0xc1fd55bdef9c51df,Utsav,https://www.zomato.com/mumbai/utsav-mulund-west,68dafd2d4baf8f64f7d6258901394ec4ba1b71ce,"Shop 1, Patil Prasad Building, Junction Road, Mulund West, Mumbai",19.1725933,72.9540282,,,False,"Utsav, Shop 1, Patil Prasad Building, Junction Road, Mulund West, Mumbai"
"Andheri Kurla Road, Marol Naka, Andheri East, Marol, Mumbai",https://www.zomato.com/mumbai/el-rancho-1-marol,3a9cafb3778a40df2d5f10d54901bdb47ab5692d,Marol Naka,"
Andheri - Kurla Rd, near Fire Brigade, Gamdevi, Marol, Andheri (E, Mumbai, Maharashtra 400059","https://www.google.com/maps/place/Marol+Naka/@19.1081288,72.7352818,12z/data=!4m10!1m2!2m1!1sEl+Rancho+Andheri+Kurla+Road,+Marol+Naka,+Andheri+East,+Marol,+Mumbai!3m6!1s0x3be7c814cca3f923:0x44d97a6bf70eb188!8m2!3d19.1081288!4d72.8794774!15sCkVFbCBSYW5jaG8gQW5kaGVyaSBLdXJsYSBSb2FkLCBNYXJvbCBOYWthLCBBbmRoZXJpIEVhc3QsIE1hcm9sLCBNdW1iYWlaQyJBZWwgcmFuY2hvIGFuZGhlcmkga3VybGEgcm9hZCBtYXJvbCBuYWthIGFuZGhlcmkgZWFzdCBtYXJvbCBtdW1iYWmSAQ5zdWJ3YXlfc3RhdGlvbuABAA!16s%2Fm%2F0115l7zh?entry=ttu&g_ep=EgoyMDI2MDMxOC4xIKXMDSoASAFQAw%3D%3D",False,False,0x3be7c814cca3f923:0x44d97a6bf70eb188,El Rancho,https://www.zomato.com/mumbai/el-rancho-1-marol,3a9cafb3778a40df2d5f10d54901bdb47ab5692d,"Andheri Kurla Road, Marol Naka, Andheri East, Marol, Mumbai",19.1096299,72.8787984,,,False,"El Rancho, Andheri Kurla Road, Marol Naka, Andheri East, Marol, Mumbai"
"Shop 3, Plot 64, Community Hall, Εnna Motor PWD, Zone 8, Kherwadi, Near Forest Hostel, Bandra East, Mumbai",https://www.zomato.com/mumbai/baithack-taste-of-kulhad-bandra-east,4f906b4fe7469d3004ed5ebd6ceb4e2fe0f5aa60,"Baithack - Taste of Kulhad, Ghatkopar","
Shop no. 3, opp. Hindi High School, CGS Colony, Ghatkopar West, Mumbai, Maharashtra 400086","https://www.google.com/maps/place/Baithack+-+Taste+of+Kulhad,+Ghatkopar/@19.0761076,72.838435,13z/data=!4m10!1m2!2m1!1sBaithack+-+Taste+Of+Kulhad+Shop+3,+Plot+64,+Community+Hall,+%CE%95nna+Motor+PWD,+Zone+8,+Kherwadi,+Near+Forest+Hostel,+Bandra+East,+Mumbai!3m6!1s0x3be7c7f3eddc4f19:0x61769e8c22ac6a06!8m2!3d19.087616!4d72.9093051!15sCoYBQmFpdGhhY2sgLSBUYXN0ZSBPZiBLdWxoYWQgU2hvcCAzLCBQbG90IDY0LCBDb21tdW5pdHkgSGFsbCwgzpVubmEgTW90b3IgUFdELCBab25lIDgsIEtoZXJ3YWRpLCBOZWFyIEZvcmVzdCBIb3N0ZWwsIEJhbmRyYSBFYXN0LCBNdW1iYWlafiJ8YmFpdGhhY2sgdGFzdGUgb2Yga3VsaGFkIHNob3AgMyBwbG90IDY0IGNvbW11bml0eSBoYWxsIM61bm5hIG1vdG9yIHB3ZCB6b25lIDgga2hlcndhZGkgbmVhciBmb3Jlc3QgaG9zdGVsIGJhbmRyYSBlYXN0IG11bWJhaZIBBGNhZmXgAQA!16s%2Fg%2F11vsjcx93h?entry=ttu&g_ep=EgoyMDI2MDMxOC4xIKXMDSoASAFQAw%3D%3D",True,False,0x3be7c7f3eddc4f19:0x61769e8c22ac6a06,,,,,,,,,,
"Hotel Sun Shine Inn, Western Express Highway, Near Dahisar Check Naka, Dahisar East, Mumbai",https://www.zomato.com/mumbai/diners-paradise-dahisar-east,729a241a8d9f32db9e6ffbd5cad3a11ab792fa8b,Hotel Sun Shine Inn | Mumbai Gate Restaurant| Banquets & Lawn,"
Sun-Shine Inn Hotel, Western Express Hwy, opp. Thakur Mall, near Dahisar Check Naka, Mira Road East, Mumbai, Mira Bhayandar, Maharashtra 401107","https://www.google.com/maps/place/Hotel+Sun+Shine+Inn+%7C+Mumbai+Gate+Restaurant%7C+Banquets+%26+Lawn/@19.263565,72.8692329,17z/data=!4m13!1m2!2m1!1sDiner's+Paradise+Hotel+Sun+Shine+Inn,+Western+Express+Highway,+Near+Dahisar+Check+Naka,+Dahisar+East,+Mumbai!3m9!1s0x3be7b0c2c4e219fd:0x368fae45c2f80247!5m2!4m1!1i2!8m2!3d19.2635646!4d72.8737391!15sCmxEaW5lcidzIFBhcmFkaXNlIEhvdGVsIFN1biBTaGluZSBJbm4sIFdlc3Rlcm4gRXhwcmVzcyBIaWdod2F5LCBOZWFyIERhaGlzYXIgQ2hlY2sgTmFrYSwgRGFoaXNhciBFYXN0LCBNdW1iYWlaaiJoZGluZXIncyBwYXJhZGlzZSBob3RlbCBzdW4gc2hpbmUgaW5uIHdlc3Rlcm4gZXhwcmVzcyBoaWdod2F5IG5lYXIgZGFoaXNhciBjaGVjayBuYWthIGRhaGlzYXIgZWFzdCBtdW1iYWmSAQVob3RlbOABAA!16s%2Fg%2F11ggtgr9d3?entry=ttu&g_ep=EgoyMDI2MDMxOC4xIKXMDSoASAFQAw%3D%3D",False,False,0x3be7b0c2c4e219fd:0x368fae45c2f80247,,,,,,,,,,
"Shop 59, Plot 19, Sector 19 D, Turbhe, Navi Mumbai",https://www.zomato.com/mumbai/v-lounge-deck-by-touch-of-class-turbhe-navi-mumbai,1da90e8a83b8a600e2ee005a7e0b7a378ab0c591,V Lounge & Deck by Touch of Class,"
59, Satra Plaza, Palm Beach Rd, Phase 2, Sector 19D, Vashi, Navi Mumbai, Maharashtra 400703","https://www.google.com/maps/place/V+Lounge+%26+Deck+by+Touch+of+Class/@19.08283,73.0038136,17z/data=!3m1!4b1!4m6!3m5!1s0x3be7c118d0b8bdcd:0x96b74535cb71c0d9!8m2!3d19.08283!4d73.0063885!16s%2Fg%2F11st9z60_p?entry=ttu&g_ep=EgoyMDI2MDMxOC4xIKXMDSoASAFQAw%3D%3D",True,False,0x3be7c118d0b8bdcd:0x96b74535cb71c0d9,V Lounge & Deck By Touch Of Class,https://www.zomato.com/mumbai/v-lounge-deck-by-touch-of-class-turbhe-navi-mumbai,1da90e8a83b8a600e2ee005a7e0b7a378ab0c591,"Shop 59, Plot 19, Sector 19 D, Turbhe, Navi Mumbai",19.08283,73.0063885,,,False,"V Lounge & Deck By Touch Of Class, Shop 59, Plot 19, Sector 19 D, Turbhe, Navi Mumbai"
"Free Press Journal Marg, Opposite Raheja Centre, Nariman Point, Mumbai",https://www.zomato.com/mumbai/babaji-zhunka-bhakar-kendra-nariman-point,fe028e6cdfbee61bea721eaa8defb25f0bfb67bb,Divya Annadata Ahar Kendra/ Sagar Fast Food/ Babaji Zunka Bhakar Kendra,"
F.P.S. Road, opposite Raheja Centre, Nariman Point, Mumbai, Maharashtra 400021","https://www.google.com/maps/place/Divya+Annadata+Ahar+Kendra%2F+Sagar+Fast+Food%2F+Babaji+Zunka+Bhakar+Kendra/@18.9233673,72.8195888,17z/data=!4m10!1m2!2m1!1sBabaji+Zhunka+Bhakar+Kendra+Free+Press+Journal+Marg,+Opposite+Raheja+Centre,+Nariman+Point,+Mumbai!3m6!1s0x3be7d1ebb8d29f0b:0xfcad7d76f1001948!8m2!3d18.9233673!4d72.8240949!15sCmFCYWJhamkgWnVua2EgQmhha2FyIEtlbmRyYSBGcmVlIFByZXNzIEpvdXJuYWwgTWFyZywgT3Bwb3NpdGUgUmFoZWphIENlbnRyZSwgTmFyaW1hbiBQb2ludCwgTXVtYmFpWmAiXmJhYmFqaSB6dW5rYSBiaGFrYXIga2VuZHJhIGZyZWUgcHJlc3Mgam91cm5hbCBtYXJnIG9wcG9zaXRlIHJhaGVqYSBjZW50cmUgbmFyaW1hbiBwb2ludCBtdW1iYWmSARRmYXN0X2Zvb2RfcmVzdGF1cmFudOABAA!16s%2Fg%2F11cjpbxmvj?entry=ttu&g_ep=EgoyMDI2MDMxOC4xIKXMDSoASAFQAw%3D%3D",False,False,0x3be7d1ebb8d29f0b:0xfcad7d76f1001948,,,,,,,,,,
"Shop 12, 13, Achalgiri CHS LTD, Padmavati Nagar, Mira Road, Mumbai",https://www.zomato.com/mumbai/pink-sugar-mira-road,3483b5565964d2e4b3dfab38b05473c896c90851,PINK SUGAR RESTAURANT,"
Shop No.12, 13Achalgiri Buid, 150 Road, near Maxus Mall Road, Bhayandar, Padmavati Nagar, Bhayandar West, Mira Bhayandar, Maharashtra 401101","https://www.google.com/maps/place/PINK+SUGAR+RESTAURANT/@19.2948369,72.8111714,14z/data=!4m10!1m2!2m1!1sPink+Sugar+Shop+12,+13,+Achalgiri+CHS+LTD,+Padmavati+Nagar,+Mira+Road,+Mumbai!3m6!1s0x3be7b1fa88d64413:0x25c981f2ff795fff!8m2!3d19.2948369!4d72.8472203!15sCk1QaW5rIFN1Z2FyIFNob3AgMTIsIDEzLCBBY2hhbGdpcmkgQ0hTIExURCwgUGFkbWF2YXRpIE5hZ2FyLCBNaXJhIFJvYWQsIE11bWJhaVpKIkhwaW5rIHN1Z2FyIHNob3AgMTIgMTMgYWNoYWxnaXJpIGNocyBsdGQgcGFkbWF2YXRpIG5hZ2FyIG1pcmEgcm9hZCBtdW1iYWmSAQpyZXN0YXVyYW504AEA!16s%2Fg%2F11kjk4p28t?entry=ttu&g_ep=EgoyMDI2MDMxOC4xIKXMDSoASAFQAw%3D%3D",True,False,0x3be7b1fa88d64413:0x25c981f2ff795fff,Pink Sugar,https://www.zomato.com/mumbai/pink-sugar-mira-road,3483b5565964d2e4b3dfab38b05473c896c90851,"Shop 12, 13, Achalgiri CHS LTD, Padmavati Nagar, Mira Road, Mumbai",19.3018796,72.8742741,,,False,"Pink Sugar, Shop 12, 13, Achalgiri CHS LTD, Padmavati Nagar, Mira Road, Mumbai"
"Shop 1, Janki Residency, Mira Road, Mumbai",https://www.zomato.com/mumbai/happy-buddies-café-1-mira-road,544e0a4c7171fda915396d0d086914b7bf01c1e7,Happy Buddies cafe,"
Shop No 1 Janki Rejency, Mira Road East, Mumbai, Maharashtra 401105","https://www.google.com/maps/place/Happy+Buddies+cafe/@19.3003818,72.8711363,17z/data=!3m1!4b1!4m6!3m5!1s0x3be7b108a767d6e1:0x731da96e0ea2c742!8m2!3d19.3003818!4d72.8737112!16s%2Fg%2F11tf2sdq47?entry=ttu&g_ep=EgoyMDI2MDMxOC4xIKXMDSoASAFQAw%3D%3D",False,False,0x3be7b108a767d6e1:0x731da96e0ea2c742,Happy Buddies Café,https://www.zomato.com/mumbai/happy-buddies-café-1-mira-road,544e0a4c7171fda915396d0d086914b7bf01c1e7,"Shop 1, Janki Residency, Mira Road, Mumbai",19.3003818,72.8737112,,,False,"Happy Buddies Café, Shop 1, Janki Residency, Mira Road, Mumbai"
"Shop 3, Vaibhav Cooperative Housing Society, M.G Road, Mulund West, Mumbai",https://www.zomato.com/mumbai/the-t-cafe-mulund-west,1e9e6625260858523c1a5399120423d98f220c49,Tea and Conversations,"
G-3, Meghal Industrial Estate, Lala Devidayal Road, near Fire Brigade, Mumbai, Maharashtra 400080","https://www.google.com/maps/place/Tea+and+Conversations/@19.1755423,72.9255549,15z/data=!4m10!1m2!2m1!1sThe+T-Cafe+Shop+3,+Vaibhav+Cooperative+Housing+Society,+M.G+Road,+Mulund+West,+Mumbai!3m6!1s0x3be7b8565a476981:0xeeb8a9d6811e0f8c!8m2!3d19.1755423!4d72.9435793!15sClVUaGUgVC1DYWZlIFNob3AgMywgVmFpYmhhdiBDb29wZXJhdGl2ZSBIb3VzaW5nIFNvY2lldHksIE0uRyBSb2FkLCBNdWx1bmQgV2VzdCwgTXVtYmFpWlIiUHRoZSB0IGNhZmUgc2hvcCAzIHZhaWJoYXYgY29vcGVyYXRpdmUgaG91c2luZyBzb2NpZXR5IG1nIHJvYWQgbXVsdW5kIHdlc3QgbXVtYmFpkgELY29mZmVlX3Nob3DgAQA!16s%2Fg%2F11cnpgx_sr?entry=ttu&g_ep=EgoyMDI2MDMxOC4xIKXMDSoASAFQAw%3D%3D",False,False,0x3be7b8565a476981:0xeeb8a9d6811e0f8c,Cafe Essence,https://www.zomato.com/mumbai/cafe-essence-1-mulund-west,8381fcd89e193407dba644f5aeb59e79c0c2f26a,"Shop 1, Ground Floor, Jupiter Building, PT Staff Colony, Devidayal Road, Mulund West, Mumbai",19.17284,72.9555194,,,False,"Cafe Essence, Shop 1, Ground Floor, Jupiter Building, PT Staff Colony, Devidayal Road, Mulund West, Mumbai"
"Shop 3, Vaibhav Cooperative Housing Society, M.G Road, Mulund West, Mumbai",https://www.zomato.com/mumbai/the-t-cafe-mulund-west,1e9e6625260858523c1a5399120423d98f220c49,Tea and Conversations,"
G-3, Meghal Industrial Estate, Lala Devidayal Road, near Fire Brigade, Mumbai, Maharashtra 400080","https://www.google.com/maps/place/Tea+and+Conversations/@19.1755423,72.9255549,15z/data=!4m10!1m2!2m1!1sThe+T-Cafe+Shop+3,+Vaibhav+Cooperative+Housing+Society,+M.G+Road,+Mulund+West,+Mumbai!3m6!1s0x3be7b8565a476981:0xeeb8a9d6811e0f8c!8m2!3d19.1755423!4d72.9435793!15sClVUaGUgVC1DYWZlIFNob3AgMywgVmFpYmhhdiBDb29wZXJhdGl2ZSBIb3VzaW5nIFNvY2lldHksIE0uRyBSb2FkLCBNdWx1bmQgV2VzdCwgTXVtYmFpWlIiUHRoZSB0IGNhZmUgc2hvcCAzIHZhaWJoYXYgY29vcGVyYXRpdmUgaG91c2luZyBzb2NpZXR5IG1nIHJvYWQgbXVsdW5kIHdlc3QgbXVtYmFpkgELY29mZmVlX3Nob3DgAQA!16s%2Fg%2F11cnpgx_sr?entry=ttu&g_ep=EgoyMDI2MDMxOC4xIKXMDSoASAFQAw%3D%3D",False,False,0x3be7b8565a476981:0xeeb8a9d6811e0f8c,The T-Cafe,https://www.zomato.com/mumbai/the-t-cafe-mulund-west,1e9e6625260858523c1a5399120423d98f220c49,"Shop 3, Vaibhav Cooperative Housing Society, M.G Road, Mulund West, Mumbai",19.1732121,72.9549863,,,False,"The T-Cafe, Shop 3, Vaibhav Cooperative Housing Society, M.G Road, Mulund West, Mumbai"
"Shri Nagar, Tata Fisons, Eagle Estate, Wagle Estate, Thane West, Mumbai, Wagle Estate, Thane West, Thane",https://www.zomato.com/mumbai/hotel-shrinagar-wagle-estate-thane-west,53bea893df5c68cdc3c2248150d540f4ed3416e4,Hotel Auris,"
Hotel Auris, Guru Gobind Singh Marg, near Gurudwara, Sher E Punjab, Sher E Punjab Colony, Andheri East, Andheri, Mumbai, Maharashtra 400093","https://www.google.com/maps/place/Hotel+Auris/@19.125936,72.7911992,13z/data=!4m12!1m2!2m1!1sHotel+Shrinagar+Shri+Nagar,+Tata+Fisons,+Eagle+Estate,+Wagle+Estate,+Thane+West,+Mumbai,+Wagle+Estate,+Thane+West,+Thane!3m8!1s0x3be7c9a60be35de9:0x5c087a005acdc1b3!5m2!4m1!1i2!8m2!3d19.1259364!4d72.8632967!16s%2Fg%2F11fhzjk114?entry=ttu&g_ep=EgoyMDI2MDMxOC4xIKXMDSoASAFQAw%3D%3D",False,False,0x3be7c9a60be35de9:0x5c087a005acdc1b3,,,,,,,,,,
"Shop 02, Shetty Chawl, Mahakali Caves Road, Mahakali, Mumbai",https://www.zomato.com/mumbai/the-bombay-grill-mahakali,de847b8b57da4dd5ecf46cf5a08881c79504c631,The Bombay Grill,"
Shop no.2, Off Mahakali Caves Rd, opposite McDonald's, Gokul Nandanvan Co-operative Society, Radha Krishna Nagar, Aghadi Nagar, Andheri East, Mumbai, Maharashtra 400093","https://www.google.com/maps/place/The+Bombay+Grill/@19.123281,72.8615093,17z/data=!3m1!4b1!4m6!3m5!1s0x3be7c96dbc4f8f81:0xa4aefa3d162f91cb!8m2!3d19.123281!4d72.8640842!16s%2Fg%2F11t4l2s2pk?entry=ttu&g_ep=EgoyMDI2MDMxOC4xIKXMDSoASAFQAw%3D%3D",True,False,0x3be7c96dbc4f8f81:0xa4aefa3d162f91cb,The Bombay Grill,https://www.zomato.com/mumbai/the-bombay-grill-mahakali,de847b8b57da4dd5ecf46cf5a08881c79504c631,"Shop 02, Shetty Chawl, Mahakali Caves Road, Mahakali, Mumbai",19.123281,72.8640842,,,False,"The Bombay Grill, Shop 02, Shetty Chawl, Mahakali Caves Road, Mahakali, Mumbai"
"Shop 4, Plot B-6/B-7, Sector 9, Diva Gaon, Airoli, Navi Mumbai",https://www.zomato.com/mumbai/hunger-hub-snacks-centre-airoli-navi-mumbai,ed2db11ddc4359d6264c5025b51cf158c31763a2,Hunger's corner by Homies and Foodies,"
Diva Koliwada, Diva Gaothan, Sector 9, Airoli, Navi Mumbai, Maharashtra 400708","https://www.google.com/maps/place/Hunger's+corner+by+Homies+and+Foodies/@19.1460719,72.9872095,17z/data=!4m10!1m2!2m1!1sHunger+Hub+Snacks+Centre+Shop+4,+Plot+B-6%2FB-7,+Sector+9,+Diva+Gaon,+Airoli,+Navi+Mumbai!3m6!1s0x3be7b9000a8b63ef:0xcac497d88b9652c1!8m2!3d19.1460719!4d72.9917156!15sCldIdW5nZXIgSHViIFNuYWNrcyBDZW50cmUgU2hvcCA0LCBQbG90IEItNi9CLTcsIFNlY3RvciA5LCBEaXZhIEdhb24sIEFpcm9saSwgTmF2aSBNdW1iYWlaVCJSaHVuZ2VyIGh1YiBzbmFja3MgY2VudHJlIHNob3AgNCBwbG90IGIgNiBiIDcgc2VjdG9yIDkgZGl2YSBnYW9uIGFpcm9saSBuYXZpIG11bWJhaZIBCnJlc3RhdXJhbnTgAQA!16s%2Fg%2F11xmr1vdvw?entry=ttu&g_ep=EgoyMDI2MDMxOC4xIKXMDSoASAFQAw%3D%3D",False,False,0x3be7b9000a8b63ef:0xcac497d88b9652c1,Hunger Hub Snacks Centre,https://www.zomato.com/mumbai/hunger-hub-snacks-centre-airoli-navi-mumbai,ed2db11ddc4359d6264c5025b51cf158c31763a2,"Shop 4, Plot B-6/B-7, Sector 9, Diva Gaon, Airoli, Navi Mumbai",19.1591386,72.9984363,,,False,"Hunger Hub Snacks Centre, Shop 4, Plot B-6/B-7, Sector 9, Diva Gaon, Airoli, Navi Mumbai"
"Shop 1, Hissa 1, Survey 328, Aashiyana Apartment, Post-Boling, Virar, Mumbai",https://www.zomato.com/mumbai/m-m-restaurant-bar-virar,62664c4f2b2e919888f92f2783b17a3e573a46a0,Hotel M.M.,"
Bolinj Naka, Vasai, Bolinj, Virar West, Virar, Maharashtra 401303","https://www.google.com/maps/place/Hotel+M.M./@19.4442347,72.7919451,17z/data=!3m1!4b1!4m6!3m5!1s0x3be7abd2c55adc51:0xd0a0fdb32d3552a1!8m2!3d19.4442347!4d72.79452!16s%2Fg%2F11b6xhwfz5?entry=ttu&g_ep=EgoyMDI2MDMxOC4xIKXMDSoASAFQAw%3D%3D",False,False,0x3be7abd2c55adc51:0xd0a0fdb32d3552a1,M M Restaurant & Bar,https://www.zomato.com/mumbai/m-m-restaurant-bar-virar,62664c4f2b2e919888f92f2783b17a3e573a46a0,"Shop 1, Hissa 1, Survey 328, Aashiyana Apartment, Post-Boling, Virar, Mumbai",19.4442347,72.79451999999999,,,False,"M M Restaurant & Bar, Shop 1, Hissa 1, Survey 328, Aashiyana Apartment, Post-Boling, Virar, Mumbai"
"Shop 3, Ground & First Floor, East Point Market, S. G. Barve Marg, Near Railway Station, Kurla, Mumbai",https://www.zomato.com/mumbai/bk-cafe-by-burger-king-kurla,230c232a35c672e1130c1a4b2a202225bfdf7adc,Burger King,"
Shop No 7, East Point Market, SG Barve Marg, Jagruti Nagar, Police Colony, Kurla, Mumbai, Maharashtra 400024","https://www.google.com/maps/place/Burger+King/@19.0650346,72.84514,14z/data=!4m10!1m2!2m1!1sBK+Cafe+by+Burger+King+Shop+3,+Ground+%26+First+Floor,+East+Point+Market,+S.+G.+Barve+Marg,+Near+Railway+Station,+Kurla,+Mumbai!3m6!1s0x3be7c96d0d219225:0xdc10e06ca375183c!8m2!3d19.0650346!4d72.8811889!15sCn1CSyBDYWZlIGJ5IEJ1cmdlciBLaW5nIFNob3AgMywgR3JvdW5kICYgRmlyc3QgRmxvb3IsIEVhc3QgUG9pbnQgTWFya2V0LCBTLiBHLiBCYXJ2ZSBNYXJnLCBOZWFyIFJhaWx3YXkgU3RhdGlvbiwgS3VybGEsIE11bWJhaVp2InRiayBjYWZlIGJ5IGJ1cmdlciBraW5nIHNob3AgMyBncm91bmQgJiBmaXJzdCBmbG9vciBlYXN0IHBvaW50IG1hcmtldCBzZyBiYXJ2ZSBtYXJnIG5lYXIgcmFpbHdheSBzdGF0aW9uIGt1cmxhIG11bWJhaZIBFGZhc3RfZm9vZF9yZXN0YXVyYW504AEA!16s%2Fg%2F11rcx4k323?entry=ttu&g_ep=EgoyMDI2MDMxOC4xIKXMDSoASAFQAw%3D%3D",False,False,0x3be7c96d0d219225:0xdc10e06ca375183c,BK Cafe by Burger King,https://www.zomato.com/mumbai/bk-cafe-by-burger-king-kurla,230c232a35c672e1130c1a4b2a202225bfdf7adc,"Shop 3, Ground & First Floor, East Point Market, S. G. Barve Marg, Near Railway Station, Kurla, Mumbai",19.0650346,72.8811889,,,False,"BK Cafe by Burger King, Shop 3, Ground & First Floor, East Point Market, S. G. Barve Marg, Near Railway Station, Kurla, Mumbai"
"Shop 1/A, Plot 24, Shreeji Plaza, Seawoods, Navi Mumbai",https://www.zomato.com/mumbai/cafe-seawoods-seawoods-navi-mumbai,8032c02b59b09a8e7a91264a05dd85d53d8112d0,Cafe Seawoodss,"
SHOP NO.1A, CHS, Shreeji Plaza, PLOT NO.24, East, Seawoods Bridge, Sector 25, Navi Mumbai, Maharashtra 400706","https://www.google.com/maps/place/Cafe+Seawoodss/@19.0229163,73.0184999,17z/data=!3m1!4b1!4m6!3m5!1s0x3be7c36840e083af:0x1708c007e9aa657c!8m2!3d19.0229163!4d73.0210748!16s%2Fg%2F11vkfd1jg0?entry=ttu&g_ep=EgoyMDI2MDMxOC4xIKXMDSoASAFQAw%3D%3D",True,False,0x3be7c36840e083af:0x1708c007e9aa657c,Cafe Seawoods,https://www.zomato.com/mumbai/cafe-seawoods-seawoods-navi-mumbai,8032c02b59b09a8e7a91264a05dd85d53d8112d0,"Shop 1/A, Plot 24, Shreeji Plaza, Seawoods, Navi Mumbai",19.0229163,73.0210748,,,False,"Cafe Seawoods, Shop 1/A, Plot 24, Shreeji Plaza, Seawoods, Navi Mumbai"
"20/2, Mulund Colony, Powai Chowk, Opposite Panchratna Mandir, Mulund West, Mumbai",https://www.zomato.com/mumbai/eatifiic-mulund-west,51d1b68f8259f9237af6c90eaeb156e534936888,Panchratna Temple,"
AMBER, POWAI CHOWK, 22/2, Gokuldham Colony, Mulund Colony, Mulund West, Mumbai, Maharashtra 400082","https://www.google.com/maps/place/Panchratna+Temple/@19.1724511,72.8641963,13z/data=!4m10!1m2!2m1!1sEatifiic+20%2F2,+Mulund+Colony,+Powai+Chowk,+Opposite+Panchratna+Mandir,+Mulund+West,+Mumbai!3m6!1s0x3be7b850429a2467:0x2480890243723f75!8m2!3d19.1724511!4d72.9362941!15sClpFYXRpZmlpYyAyMC8yLCBNdWx1bmQgQ29sb255LCBQb3dhaSBDaG93aywgT3Bwb3NpdGUgUGFuY2hyYXRuYSBNYW5kaXIsIE11bHVuZCBXZXN0LCBNdW1iYWmSAQxoaW5kdV90ZW1wbGXgAQA!16s%2Fg%2F1tj8__rd?entry=ttu&g_ep=EgoyMDI2MDMxOC4xIKXMDSoASAFQAw%3D%3D",False,False,0x3be7b850429a2467:0x2480890243723f75,,,,,,,,,,
"Shop C4, Chandra Jyoti Ambedkar Road, Mirani Nagar Lane, Opposite Kalidas Auditorium, Mulund West, Mumbai",https://www.zomato.com/mumbai/tapri-the-cafe-mulund-west,825afd38b5846f51cc37f4fa56f54dd1ac2a75b1,Tapri - The Cafe,"
Shop No. 4C, Chandra Jyoti Building, Dr Ambedkar Rd, opposite Mahakavi kalidas Auditorium, Vidya Vihar, Mirani Nagar, Mulund w, Mulund West, Mumbai, Maharashtra 400080","https://www.google.com/maps/place/Tapri+-+The+Cafe/@19.1725385,72.9479178,17z/data=!3m1!4b1!4m6!3m5!1s0x3be7b8f76017ea07:0xe433cdf9d3320488!8m2!3d19.1725385!4d72.9504927!16s%2Fg%2F11hbnh9_c_?entry=ttu&g_ep=EgoyMDI2MDMxOC4xIKXMDSoASAFQAw%3D%3D",True,False,0x3be7b8f76017ea07:0xe433cdf9d3320488,Tapri - The Cafe,https://www.zomato.com/mumbai/tapri-the-cafe-mulund-west,825afd38b5846f51cc37f4fa56f54dd1ac2a75b1,"Shop C4, Chandra Jyoti Ambedkar Road, Mirani Nagar Lane, Opposite Kalidas Auditorium, Mulund West, Mumbai",19.1725385,72.9504927,,,False,"Tapri - The Cafe, Shop C4, Chandra Jyoti Ambedkar Road, Mirani Nagar Lane, Opposite Kalidas Auditorium, Mulund West, Mumbai"
"Mukteshwari Building, R.B Mehta Road, Near Satyam Shopping Centre, Ghatkopar East, Mumbai",https://www.zomato.com/mumbai/priti-family-restaurant-and-bar-ghatkopar-east,0995296920e322c6e51e214d67b5f8ba0e699363,Priti Restaurant and Bar,"
3WG3+2GW, Mukteshwari Building, Near Satyam Shopping Center, R.B. Mehta Road, Ghatkopar East, Mumbai, Maharashtra 400077","https://www.google.com/maps/place/Priti+Restaurant+and+Bar/@19.0751136,72.9012609,17z/data=!3m2!4b1!5s0x3be7c628b362927b:0x8187468a04e30bd2!4m6!3m5!1s0x3be7c62611123a57:0x8c3ea28fd38a9dc2!8m2!3d19.0751136!4d72.9038358!16s%2Fg%2F124ychpcq?entry=ttu&g_ep=EgoyMDI2MDMxOC4xIKXMDSoASAFQAw%3D%3D",False,False,0x3be7c628b362927b:0x8187468a04e30bd2,,,,,,,,,,
"Shop 5, Annapurna Aquarius, Maheshwari Bhawan Road, Bhayandar, Mumbai",https://www.zomato.com/mumbai/big-bull-cafe-bhayandar,bed6db6115fbdf8e419a5fa9262e16de1e43e3da,Big Bull Cafe,"
Shri Maheshwari Bhawan Rd, Geeta Nagar, Bhayandar West, Mira Bhayandar, Maharashtra 401101","https://www.google.com/maps/place/Big+Bull+Cafe/@19.2904528,72.8500424,17z/data=!3m1!4b1!4m6!3m5!1s0x3be7b162eb231419:0x6bbb6989c38d112a!8m2!3d19.2904528!4d72.8526173!16s%2Fg%2F11jt8tby9z?entry=ttu&g_ep=EgoyMDI2MDMxOC4xIKXMDSoASAFQAw%3D%3D",True,False,0x3be7b162eb231419:0x6bbb6989c38d112a,,,,,,,,,,
"Shop 9, Ekta Bhoom Classic Co.Op.Housing Society LTD, Mahavir Nagar, Dahanukarwadi, Kandivali West, Mumbai",https://www.zomato.com/mumbai/srinathjis-2-kandivali-west,6a4ae416dc12e7487abd1a64dd9044e88da5d4a6,Shrinathji medical,"
Shyam Kunj Cooperation Housing Society, Shyam Kunj Building, Kamla Vihar Sports Club Ln, Kandivali, Mahavir Nagar, Kandivali West, Mumbai, Maharashtra 400067","https://www.google.com/maps/place/Shrinathji+medical/@19.2104176,72.8380684,17z/data=!4m10!1m2!2m1!1sSrinathjis+Shop+9,+Ekta+Bhoom+Classic+Co.Op.Housing+Society+LTD,+Mahavir+Nagar,+Dahanukarwadi,+Kandivali+West,+Mumbai!3m6!1s0x3be7b7003bf86709:0x24891736c367e3ba!8m2!3d19.2104176!4d72.8425745!15sCnVTcmluYXRoamlzIFNob3AgOSwgRWt0YSBCaG9vbSBDbGFzc2ljIENvLk9wLkhvdXNpbmcgU29jaWV0eSBMVEQsIE1haGF2aXIgTmFnYXIsIERhaGFudWthcndhZGksIEthbmRpdmFsaSBXZXN0LCBNdW1iYWlaciJwc3JpbmF0aGppcyBzaG9wIDkgZWt0YSBiaG9vbSBjbGFzc2ljIGNvIG9wIGhvdXNpbmcgc29jaWV0eSBsdGQgbWFoYXZpciBuYWdhciBkYWhhbnVrYXJ3YWRpIGthbmRpdmFsaSB3ZXN0IG11bWJhaZIBCHBoYXJtYWN54AEA!16s%2Fg%2F11lz2kz85x?entry=ttu&g_ep=EgoyMDI2MDMxOC4xIKXMDSoASAFQAw%3D%3D",False,False,0x3be7b7003bf86709:0x24891736c367e3ba,,,,,,,,,,
"Siddhivinayak Tower, Off Shankar Lane, Tank Road, Kandivali West, Mumbai",https://www.zomato.com/mumbai/liberty-la-classique-kandivali-west,68443f543e690318236bb819ab5fe9c1c6da1769,Liberty La Classique,"
Siddhi Vinayak Apartments, C/3, Orlem Tank Rd, Malad, Orlem, Lourdes Colony, Malad West, Mumbai, Maharashtra 400064","https://www.google.com/maps/place/Liberty+La+Classique/@19.1978291,72.8358264,17z/data=!3m1!4b1!4m6!3m5!1s0x3be7b6c2c0f73403:0x581f3dbb2a3175ae!8m2!3d19.1978291!4d72.8384013!16s%2Fg%2F12hkrkst2?entry=ttu&g_ep=EgoyMDI2MDMxOC4xIKXMDSoASAFQAw%3D%3D",True,False,0x3be7b6c2c0f73403:0x581f3dbb2a3175ae,,,,,,,,,,
"Germaine Apartment, 5 & 6, Orlem, Lourdes Colony, Gautam Buddh Marg Malad West Beside Axis Bank North Western, Malad West, Mumbai",https://www.zomato.com/mumbai/qb-1-malad-west,16e6758decb284fd3fc65da59f45ab7fd7da9aa4,Axis Bank Branch,"
SN 4 & 5, Gr Flr, Grotto Heritage CHS, opposite Our Lady of Lourdes Church, Malad, Orlem, Lourdes Colony, Malad West, Mumbai, Maharashtra 400064","https://www.google.com/maps/place/Axis+Bank+Branch/@19.1957386,72.8192917,15z/data=!4m10!1m2!2m1!1sQB+Germaine+Apartment,+5+%26+6,+Orlem,+Lourdes+Colony,+Gautam+Buddh+Marg+Malad+West+Beside+Axis+Bank+North+Western,+Malad+West,+Mumbai!3m6!1s0x3be7b7c20d185f9b:0x27b3cc6f749519c4!8m2!3d19.1957386!4d72.8373161!15sCoQBUUIgR2VybWFpbmUgQXBhcnRtZW50LCA1ICYgNiwgT3JsZW0sIExvdXJkZXMgQ29sb255LCBHYXV0YW0gQnVkZGggTWFyZyBNYWxhZCBXZXN0IEJlc2lkZSBBeGlzIEJhbmsgTm9ydGggV2VzdGVybiwgTWFsYWQgV2VzdCwgTXVtYmFpIgOIAQFagAEifnFiIGdlcm1haW5lIGFwYXJ0bWVudCA1ICYgNiBvcmxlbSBsb3VyZGVzIGNvbG9ueSBnYXV0YW0gYnVkZGggbWFyZyBtYWxhZCB3ZXN0IGJlc2lkZSBheGlzIGJhbmsgbm9ydGggd2VzdGVybiBtYWxhZCB3ZXN0IG11bWJhaZIBBGJhbmvgAQA!16s%2Fg%2F11jfqn7hf7?entry=ttu&g_ep=EgoyMDI2MDMxOC4xIKXMDSoASAFQAw%3D%3D",False,False,0x3be7b7c20d185f9b:0x27b3cc6f749519c4,QB,https://www.zomato.com/mumbai/qb-1-malad-west,16e6758decb284fd3fc65da59f45ab7fd7da9aa4,"Germaine Apartment, 5 & 6, Orlem, Lourdes Colony, Gautam Buddh Marg Malad West Beside Axis Bank North Western, Malad West, Mumbai",19.1957386,72.8373161,,,False,"QB, Germaine Apartment, 5 & 6, Orlem, Lourdes Colony, Gautam Buddh Marg Malad West Beside Axis Bank North Western, Malad West, Mumbai"
"Shop 46, Gokul Park, Samta Nagar, 100 Feet Road, Vasai, Mumbai",https://www.zomato.com/mumbai/chatori-3-vasai,ebe83a152b89fe6e9629c8ce8cc5f0d52e0fc3a3,Chatori - For Chat Lover's,"
Shop no 46 Gokul Park samta nagar opposite Ganesh mandir near 100 feet road Ambadi Road Vasai West Vasai, West, Mumbai, Maharashtra 401202","https://www.google.com/maps/place/Chatori+-+For+Chat+Lover's/@19.3844391,72.8219307,17z/data=!3m1!4b1!4m6!3m5!1s0x3be7afb90aa1bbb3:0xdc8d4d7a86f3ca36!8m2!3d19.3844391!4d72.8245056!16s%2Fg%2F11t85ty1k2?entry=ttu&g_ep=EgoyMDI2MDMxOC4xIKXMDSoASAFQAw%3D%3D",True,False,0x3be7afb90aa1bbb3:0xdc8d4d7a86f3ca36,Chatori,https://www.zomato.com/mumbai/chatori-3-vasai,ebe83a152b89fe6e9629c8ce8cc5f0d52e0fc3a3,"Shop 46, Gokul Park, Samta Nagar, 100 Feet Road, Vasai, Mumbai",19.3844391,72.8245056,,,False,"Chatori, Shop 46, Gokul Park, Samta Nagar, 100 Feet Road, Vasai, Mumbai"
"Shop 6, Navjeevan Building, Evershine Nagar, Malad West, Mumbai",https://www.zomato.com/mumbai/forks-spoons-51-malad-west,54400fe25cd414aefda7bf04603eb8aa0497fd4b,Forks & Spoons 51,"
Shop no 6, opp. peoples gym, Malad, Evershine Nagar, Malad West, Mumbai, Maharashtra 400064","https://www.google.com/maps/place/Forks+%26+Spoons+51/@19.1910658,72.8311793,17z/data=!3m1!4b1!4m6!3m5!1s0x3be7b785034e0abd:0xe90c0b44272aa8f7!8m2!3d19.1910658!4d72.8337542!16s%2Fg%2F11s2q3zklb?entry=ttu&g_ep=EgoyMDI2MDMxOC4xIKXMDSoASAFQAw%3D%3D",True,False,0x3be7b785034e0abd:0xe90c0b44272aa8f7,Forks & Spoons 51,https://www.zomato.com/mumbai/forks-spoons-51-malad-west,54400fe25cd414aefda7bf04603eb8aa0497fd4b,"Shop 6, Navjeevan Building, Evershine Nagar, Malad West, Mumbai",19.1910658,72.8337542,,,False,"Forks & Spoons 51, Shop 6, Navjeevan Building, Evershine Nagar, Malad West, Mumbai"
"Shop I/A, Ground Floor, Olympia Tower, NM Joshi Marg, Bakri Adda, Byculla, Mumbai",https://www.zomato.com/mumbai/its-v-cafe-byculla,624275d5618a1c0841611e8398cf6be5cc3217b1,Its V Cafe,"
Bakri Adda, Olympia Tower, Shop no. I/A, Ground Floor, NM Joshi Marg, Byculla, W, Maharashtra 400011","https://www.google.com/maps/place/Its+V+Cafe/@18.9821881,72.829656,17z/data=!3m1!4b1!4m6!3m5!1s0x3be7cffaf897681d:0xffc37ce712f5fb7b!8m2!3d18.9821881!4d72.8322309!16s%2Fg%2F11lgm4m33d?entry=ttu&g_ep=EgoyMDI2MDMxOC4xIKXMDSoASAFQAw%3D%3D",False,False,0x3be7cffaf897681d:0xffc37ce712f5fb7b,It's V Cafe,https://www.zomato.com/mumbai/its-v-cafe-byculla,624275d5618a1c0841611e8398cf6be5cc3217b1,"Shop I/A, Ground Floor, Olympia Tower, NM Joshi Marg, Bakri Adda, Byculla, Mumbai",18.9821881,72.8322309,,,False,"It's V Cafe, Shop I/A, Ground Floor, Olympia Tower, NM Joshi Marg, Bakri Adda, Byculla, Mumbai"
"Kiosk 2, Millennium Business Park, Sector 2, Mahape, Kopar Khairane, Navi Mumbai",https://www.zomato.com/mumbai/hotel-aswad-kopar-khairane-navi-mumbai,1b5e09ae9b4fe824bd87f943de3c08a77ec76aba,Aswad food centre,"
Sector II, MIDC Industrial Area, Kopar Khairane, Navi Mumbai, Maharashtra 400710","https://www.google.com/maps/place/Aswad+food+centre/@19.1070781,73.001753,15z/data=!4m10!1m2!2m1!1sHotel+Aswad+Kiosk+2,+Millennium+Business+Park,+Sector+2,+Mahape,+Kopar+Khairane,+Navi+Mumbai!3m6!1s0x3be7c0e7ed9fb25d:0x82e016f277d8411e!8m2!3d19.1086171!4d73.0177469!15sClxIb3RlbCBBc3dhZCBLaW9zayAyLCBNaWxsZW5uaXVtIEJ1c2luZXNzIFBhcmssIFNlY3RvciAyLCBNYWhhcGUsIEtvcGFyIEtoYWlyYW5lLCBOYXZpIE11bWJhaVpZIldob3RlbCBhc3dhZCBraW9zayAyIG1pbGxlbm5pdW0gYnVzaW5lc3MgcGFyayBzZWN0b3IgMiBtYWhhcGUga29wYXIga2hhaXJhbmUgbmF2aSBtdW1iYWmSARJwdW5qYWJpX3Jlc3RhdXJhbnTgAQA!16s%2Fg%2F1tfmg8hf?entry=ttu&g_ep=EgoyMDI2MDMxOC4xIKXMDSoASAFQAw%3D%3D",False,False,0x3be7c0e7ed9fb25d:0x82e016f277d8411e,,,,,,,,,,
"2nd Floor, Food Court, Inorbit Mall, Mindspace, Link Road, Malad West, Mumbai",https://www.zomato.com/mumbai/highcha-bubble-tea-malad-west,2bf882eced6e42e40a06d9ae4fa5d3c48ee1694d,HighCha,"
Level 2, Inorbit Mall, Inorbit Rd, Malad, Malad West, Mumbai, Maharashtra 400104","https://www.google.com/maps/place/HighCha/@19.1729226,72.8334114,17z/data=!3m2!4b1!5s0x3be7b6589f477e19:0xa189ab3c7ecd2f75!4m6!3m5!1s0x3be7b7da38a14e5f:0x354e5870a07a48a5!8m2!3d19.1729226!4d72.8359863!16s%2Fg%2F11kj86xmd6?entry=ttu&g_ep=EgoyMDI2MDMxOC4xIKXMDSoASAFQAw%3D%3D",False,False,0x3be7b6589f477e19:0xa189ab3c7ecd2f75,,,,,,,,,,
"Shop 110, 118, Kansara Chawl, Kalbadevi Road, Charni Road East, Panjarpole, Bhuleshwar, Marine Lines, Mumbai",https://www.zomato.com/mumbai/saiba-amruttulya-tea-marine-lines,d882ce9aa32b8a35b50b1cfb1061751d2aba25ac,Saiba Amruttulya,"
6R7R+78H, Boraspada Rd, Mahavir Nagar, Panchsheel Garden, Mohan Nagar, Kandivali West, Mumbai, Maharashtra 400067","https://www.google.com/maps/place/Saiba+Amruttulya/@19.2131945,72.2640818,10z/data=!4m10!1m2!2m1!1sSaiba+Amruttulya+Tea+Shop+110,+118,+Kansara+Chawl,+Kalbadevi+Road,+Charni+Road+East,+Panjarpole,+Bhuleshwar,+Marine+Lines,+Mumbai!3m6!1s0x3be7b73e2b3fb531:0xb0bb14ae71300ce!8m2!3d19.2131945!4d72.840864!15sCoEBU2FpYmEgQW1ydXR0dWx5YSBUZWEgU2hvcCAxMTAsIDExOCwgS2Fuc2FyYSBDaGF3bCwgS2FsYmFkZXZpIFJvYWQsIENoYXJuaSBSb2FkIEVhc3QsIFBhbmphcnBvbGUsIEJodWxlc2h3YXIsIE1hcmluZSBMaW5lcywgTXVtYmFpIgOIAQFaeyJ5c2FpYmEgYW1ydXR0dWx5YSB0ZWEgc2hvcCAxMTAgMTE4IGthbnNhcmEgY2hhd2wga2FsYmFkZXZpIHJvYWQgY2hhcm5pIHJvYWQgZWFzdCBwYW5qYXJwb2xlIGJodWxlc2h3YXIgbWFyaW5lIGxpbmVzIG11bWJhaZIBBGNhZmXgAQA!16s%2Fg%2F11ft212l3z?entry=ttu&g_ep=EgoyMDI2MDMxOC4xIKXMDSoASAFQAw%3D%3D",False,False,0x3be7b73e2b3fb531:0xb0bb14ae71300ce,,,,,,,,,,
"Shop-16, Building-5, Man Opus, Western Express Highway, Near Laxmi Motors, Mira Road, Mumbai",https://www.zomato.com/mumbai/chatorapanti-mira-road,f4ae54f54ff22275252b24b0d80d21dd0c8d5189,Man Opus,"
C-1, Western Express Hwy, near State Bank of India, MIDC, Mira Road East, Mira Bhayandar, Maharashtra 401107","https://www.google.com/maps/place/Man+Opus/@19.2697575,72.8446055,14z/data=!4m10!1m2!2m1!1sChatorapanti+Shop-16,+Building-5,+Man+Opus,+Western+Express+Highway,+Near+Laxmi+Motors,+Mira+Road,+Mumbai!3m6!1s0x3be7b062004d970f:0x1d468f8ce0ce6583!8m2!3d19.2697575!4d72.8806544!15sCmlDaGF0b3JhcGFudGkgU2hvcC0xNiwgQnVpbGRpbmctNSwgTWFuIE9wdXMsIFdlc3Rlcm4gRXhwcmVzcyBIaWdod2F5LCBOZWFyIExheG1pIE1vdG9ycywgTWlyYSBSb2FkLCBNdW1iYWmSARFhcGFydG1lbnRfY29tcGxleOABAA!16s%2Fg%2F11cjkpxbjc?entry=ttu&g_ep=EgoyMDI2MDMxOC4xIKXMDSoASAFQAw%3D%3D",False,False,0x3be7b062004d970f:0x1d468f8ce0ce6583,Chatorapanti,https://www.zomato.com/mumbai/chatorapanti-mira-road,f4ae54f54ff22275252b24b0d80d21dd0c8d5189,"Shop-16, Building-5, Man Opus, Western Express Highway, Near Laxmi Motors, Mira Road, Mumbai",19.2697575,72.8806544,,,False,"Chatorapanti, Shop-16, Building-5, Man Opus, Western Express Highway, Near Laxmi Motors, Mira Road, Mumbai"
"Shop 1, Ground Floor, Shital View Society, Mahatma Phule Road, Mulund East, Mumbai",https://www.zomato.com/mumbai/lp-food-court-mulund-east,b64e212265edd40e76531fcaacf7b3a0b0780f99,Thepla House By Tejal's kitchen - Mulund,"
Gala No 77, Raja Industrial Estate, Mulund - Goregaon Link Rd, near D-Mart, Salpa Devi Pada, Mulund West, Mumbai, Maharashtra 400080","https://www.google.com/maps/place/Thepla+House+By+Tejal's+kitchen+-+Mulund/@19.1651303,72.923686,15z/data=!4m16!1m8!2m7!1sLp+Food+Court+Shop+1,+Ground+Floor,+Shital+View+Society,+Mahatma+Phule+Road,+Mulund+East,+Mumbai!3m5!2sChatorapanti!3s0x3be7b1ccc965ae01:0xa4a91af5e4a3bc47!4m2!1d72.874994!2d19.2628711!3m6!1s0x3be7b9ef9d0a0839:0x4c7d229a8972d02a!8m2!3d19.1651303!4d72.9417104!15sCmBMcCBGb29kIENvdXJ0IFNob3AgMSwgR3JvdW5kIEZsb29yLCBTaGl0YWwgVmlldyBTb2NpZXR5LCBNYWhhdG1hIFBodWxlIFJvYWQsIE11bHVuZCBFYXN0LCBNdW1iYWlaXSJbbHAgZm9vZCBjb3VydCBzaG9wIDEgZ3JvdW5kIGZsb29yIHNoaXRhbCB2aWV3IHNvY2lldHkgbWFoYXRtYSBwaHVsZSByb2FkIG11bHVuZCBlYXN0IG11bWJhaZIBCnJlc3RhdXJhbnTgAQA!16s%2Fg%2F11t8196862?entry=ttu&g_ep=EgoyMDI2MDMxOC4xIKXMDSoASAFQAw%3D%3D",False,False,0x3be7b1ccc965ae01:0xa4a91af5e4a3bc47,,,,,,,,,,
"Shop 2, Ground Floor, Mellegrina Building, Linking Road, Bandra West, Mumbai",https://www.zomato.com/mumbai/firangi-burgers-linking-road-bandra-west,8f1b4cb0d849ea97cc12980babe0a3039299f4e0,Firangi BURGERS,"
102, Linking Rd, Khar, Bandra West, Mumbai, Maharashtra 400050","https://www.google.com/maps/place/Firangi+BURGERS/@19.064983,72.8319057,17z/data=!3m1!4b1!4m6!3m5!1s0x3be7c9115d206239:0xebec189d0e4a559c!8m2!3d19.064983!4d72.8344806!16s%2Fg%2F11x710kcc3?entry=ttu&g_ep=EgoyMDI2MDMxOC4xIKXMDSoASAFQAw%3D%3D",True,False,0x3be7c9115d206239:0xebec189d0e4a559c,Firangi Burgers,https://www.zomato.com/mumbai/firangi-burgers-linking-road-bandra-west,8f1b4cb0d849ea97cc12980babe0a3039299f4e0,"Shop 2, Ground Floor, Mellegrina Building, Linking Road, Bandra West, Mumbai",19.064983,72.83448059999999,,,False,"Firangi Burgers, Shop 2, Ground Floor, Mellegrina Building, Linking Road, Bandra West, Mumbai"
"Gala 5, Bharat Builders, Ram Mandir Road, Near Baban Wadi, Goregaon East, Mumbai",https://www.zomato.com/mumbai/kara-para-1-goregaon-east,3c9029b765ab3d987f2203cc58cd80ea0854594d,Kara Para,"
Shop no 5, near Nesco and Ram Mandir East Station, next to Mrinal Tai Gore Flyover, NESCO, Goregaon East, Mumbai, Maharashtra 400063","https://www.google.com/maps/place/Kara+Para/@19.1527948,72.7090867,12z/data=!4m10!1m2!2m1!1sKara+Para+Gala+5,+Bharat+Builders,+Ram+Mandir+Road,+Near+Baban+Wadi,+Goregaon+East,+Mumbai!3m6!1s0x3be7b7004b42c7fb:0x264206bc649b0c15!8m2!3d19.1527948!4d72.8532823!15sClpLYXJhIFBhcmEgR2FsYSA1LCBCaGFyYXQgQnVpbGRlcnMsIFJhbSBNYW5kaXIgUm9hZCwgTmVhciBCYWJhbiBXYWRpLCBHb3JlZ2FvbiBFYXN0LCBNdW1iYWlaVyJVa2FyYSBwYXJhIGdhbGEgNSBiaGFyYXQgYnVpbGRlcnMgcmFtIG1hbmRpciByb2FkIG5lYXIgYmFiYW4gd2FkaSBnb3JlZ2FvbiBlYXN0IG11bWJhaZIBA2JhcuABAA!16s%2Fg%2F11xcjwjs0v?entry=ttu&g_ep=EgoyMDI2MDMxOC4xIKXMDSoASAFQAw%3D%3D",True,False,0x3be7b7004b42c7fb:0x264206bc649b0c15,,,,,,,,,,
"Building 1 to 5, Poonam Sagar Complex CHS, Mira Road, Mumbai",https://www.zomato.com/mumbai/b-creamy-1-mira-road,a2e2f228a304ff5344ec08dc43521d5d8952c247,"B'CREAMY (Ice cream, Juice & Thick shakes) at PARIVAR VEG RESTAURANT","
poonam sagar, Near Allahabad Bank, Poonam Sagar Complex, Mira Road East, Thane, Mira Bhayandar, Maharashtra 401107","https://www.google.com/maps/place/B'CREAMY+(Ice+cream,+Juice+%26+Thick+shakes)+at+PARIVAR+VEG+RESTAURANT/@19.2733608,72.8451317,15z/data=!4m10!1m2!2m1!1sB'+Creamy+Building+1+to+5,+Poonam+Sagar+Complex+CHS,+Mira+Road,+Mumbai!3m6!1s0x3be7b107d723b8df:0xf8e3a0c9ae5f18e4!8m2!3d19.2733608!4d72.8631561!15sCkZCJyBDcmVhbXkgQnVpbGRpbmcgMSB0byA1LCBQb29uYW0gU2FnYXIgQ29tcGxleCBDSFMsIE1pcmEgUm9hZCwgTXVtYmFpWkQiQmIgY3JlYW15IGJ1aWxkaW5nIDEgdG8gNSBwb29uYW0gc2FnYXIgY29tcGxleCBjaHMgbWlyYSByb2FkIG11bWJhaZIBDmljZV9jcmVhbV9zaG9w4AEA!16s%2Fg%2F11p5c8_m9d?entry=ttu&g_ep=EgoyMDI2MDMxOC4xIKXMDSoASAFQAw%3D%3D",False,False,0x3be7b107d723b8df:0xf8e3a0c9ae5f18e4,,,,,,,,,,
"27C/06, Apna Ghar Unit 7, CHS Limited, Swami Samartha Nagar, Andheri Lokhandwala, Andheri West, Mumbai",https://www.zomato.com/mumbai/food-inns-cone-t-go-andheri-lokhandwala,2b3746f9af3b48227e7f7885ed3d090f9209335a,Yasin's Food Inn,"
Apna Ghar, Shiv Sadan, 27/C, 1st Cross Rd, Lokhandwala Complex, Andheri West, Mumbai, Maharashtra 400053","https://www.google.com/maps/place/Yasin's+Food+Inn/@19.1414146,72.5369954,11z/data=!4m10!1m2!2m1!1sFood+Inn's+Cone+T+Go+27C%2F06,+Apna+Ghar+Unit+7,+CHS+Limited,+Swami+Samartha+Nagar,+Andheri+Lokhandwala,+Andheri+West,+Mumbai!3m6!1s0x3be7b6165af60931:0xb6b0bb3fdca717a!8m2!3d19.1414146!4d72.8253865!15sCntGb29kIElubidzIENvbmUgVCBHbyAyN0MvMDYsIEFwbmEgR2hhciBVbml0IDcsIENIUyBMaW1pdGVkLCBTd2FtaSBTYW1hcnRoYSBOYWdhciwgQW5kaGVyaSBMb2toYW5kd2FsYSwgQW5kaGVyaSBXZXN0LCBNdW1iYWladyJ1Zm9vZCBpbm4ncyBjb25lIHQgZ28gMjdjIDA2IGFwbmEgZ2hhciB1bml0IDcgY2hzIGxpbWl0ZWQgc3dhbWkgc2FtYXJ0aGEgbmFnYXIgYW5kaGVyaSBsb2toYW5kd2FsYSBhbmRoZXJpIHdlc3QgbXVtYmFpkgEXbm9ydGhfaW5kaWFuX3Jlc3RhdXJhbnTgAQA!16s%2Fg%2F1tgtcz6_?entry=ttu&g_ep=EgoyMDI2MDMxOC4xIKXMDSoASAFQAw%3D%3D",False,False,0x3be7b6165af60931:0xb6b0bb3fdca717a,Food Inn's Cone T Go,https://www.zomato.com/mumbai/food-inns-cone-t-go-andheri-lokhandwala,2b3746f9af3b48227e7f7885ed3d090f9209335a,"27C/06, Apna Ghar Unit 7, CHS Limited, Swami Samartha Nagar, Andheri Lokhandwala, Andheri West, Mumbai",19.1413049,72.8252433,,,False,"Food Inn's Cone T Go, 27C/06, Apna Ghar Unit 7, CHS Limited, Swami Samartha Nagar, Andheri Lokhandwala, Andheri West, Mumbai"
"27C/06, Apna Ghar Unit 7, CHS Limited, Swami Samartha Nagar, Andheri Lokhandwala, Andheri West, Mumbai",https://www.zomato.com/mumbai/food-inns-cone-t-go-andheri-lokhandwala,2b3746f9af3b48227e7f7885ed3d090f9209335a,Yasin's Food Inn,"
Apna Ghar, Shiv Sadan, 27/C, 1st Cross Rd, Lokhandwala Complex, Andheri West, Mumbai, Maharashtra 400053","https://www.google.com/maps/place/Yasin's+Food+Inn/@19.1414146,72.5369954,11z/data=!4m10!1m2!2m1!1sFood+Inn's+Cone+T+Go+27C%2F06,+Apna+Ghar+Unit+7,+CHS+Limited,+Swami+Samartha+Nagar,+Andheri+Lokhandwala,+Andheri+West,+Mumbai!3m6!1s0x3be7b6165af60931:0xb6b0bb3fdca717a!8m2!3d19.1414146!4d72.8253865!15sCntGb29kIElubidzIENvbmUgVCBHbyAyN0MvMDYsIEFwbmEgR2hhciBVbml0IDcsIENIUyBMaW1pdGVkLCBTd2FtaSBTYW1hcnRoYSBOYWdhciwgQW5kaGVyaSBMb2toYW5kd2FsYSwgQW5kaGVyaSBXZXN0LCBNdW1iYWladyJ1Zm9vZCBpbm4ncyBjb25lIHQgZ28gMjdjIDA2IGFwbmEgZ2hhciB1bml0IDcgY2hzIGxpbWl0ZWQgc3dhbWkgc2FtYXJ0aGEgbmFnYXIgYW5kaGVyaSBsb2toYW5kd2FsYSBhbmRoZXJpIHdlc3QgbXVtYmFpkgEXbm9ydGhfaW5kaWFuX3Jlc3RhdXJhbnTgAQA!16s%2Fg%2F1tgtcz6_?entry=ttu&g_ep=EgoyMDI2MDMxOC4xIKXMDSoASAFQAw%3D%3D",False,False,0x3be7b6165af60931:0xb6b0bb3fdca717a,Yasin's Food Inn,https://www.zomato.com/mumbai/yasins-food-inn-andheri-lokhandwala,bdf7d585d32810ee7a4f85f77fd28caee820fbb7,"Shop 4 - 5, 27C/06, Apana Ghar, Unit 7, Shiv Sadan Building, 1st Cross Lane, Swami Samartha Nagar, Andheri Lokhandwala, Andheri West, Mumbai",19.1414146,72.8253865,,,False,"Yasin's Food Inn, Shop 4 - 5, 27C/06, Apana Ghar, Unit 7, Shiv Sadan Building, 1st Cross Lane, Swami Samartha Nagar, Andheri Lokhandwala, Andheri West, Mumbai"
"Shop 3, Pankaj Shopping Center, Devnar Gaon, Govandi, Chembur, Mumbai",https://www.zomato.com/mumbai/shree-krishna-bhavan-chembur,99abb2f69cfc9cbde406afe60140d264ecb0c497,Sri Krishna Sweets Private Limited,"
Building No-1A,1B,83 Kashi Niketan Govandi Road, opposite Aadarsh Hotel, Chembur, Mumbai, Maharashtra 400071","https://www.google.com/maps/place/Sri+Krishna+Sweets+Private+Limited/@19.0615836,72.75743,12z/data=!4m10!1m2!2m1!1sShree+Krishna+Bhavan+Shop+3,+Pankaj+Shopping+Center,+Devnar+Gaon,+Govandi,+Chembur,+Mumbai!3m6!1s0x3be7c61effaa29b3:0x1f46a2e74b81b1b3!8m2!3d19.0615836!4d72.9016256!15sClpTaHJlZSBLcmlzaG5hIEJoYXZhbiBTaG9wIDMsIFBhbmthaiBTaG9wcGluZyBDZW50cmUsIERlb25hciBHYW9uLCBHb3ZhbmRpLCBDaGVtYnVyLCBNdW1iYWlaVyJVc2hyZWUga3Jpc2huYSBiaGF2YW4gc2hvcCAzIHBhbmthaiBzaG9wcGluZyBjZW50cmUgZGVvbmFyIGdhb24gZ292YW5kaSBjaGVtYnVyIG11bWJhaZIBC2NhbmR5X3N0b3Jl4AEA!16s%2Fg%2F1thlxxky?entry=ttu&g_ep=EgoyMDI2MDMxOC4xIKXMDSoASAFQAw%3D%3D",False,False,0x3be7c61effaa29b3:0x1f46a2e74b81b1b3,,,,,,,,,,
"Shop 5, Luis Belle Building, 16th & 30th Road, Pali Nake, Pali Hill, Bandra West, Mumbai",https://www.zomato.com/mumbai/high-on-tea-pali-hill-bandra-west,b37c36b86b7b3482000c574a94363b316168b2c4,High On Tea,"
Shop no 5, Luis Belle Building, Corner of 30, and 16h Rd, Khar West, 400050, Pali Village, Bandra West, Mumbai, Maharashtra 400050","https://www.google.com/maps/place/High+On+Tea/@19.0625001,72.8283639,17z/data=!3m1!4b1!4m6!3m5!1s0x3be7c9148832140b:0x397d99d3284bc25c!8m2!3d19.0625001!4d72.8309388!16s%2Fg%2F11c7sqdmpn?entry=ttu&g_ep=EgoyMDI2MDMxOC4xIKXMDSoASAFQAw%3D%3D",True,False,0x3be7c9148832140b:0x397d99d3284bc25c,High On Tea,https://www.zomato.com/mumbai/high-on-tea-pali-hill-bandra-west,b37c36b86b7b3482000c574a94363b316168b2c4,"Shop 5, Luis Belle Building, 16th & 30th Road, Pali Nake, Pali Hill, Bandra West, Mumbai",19.0625001,72.8309388,,,False,"High On Tea, Shop 5, Luis Belle Building, 16th & 30th Road, Pali Nake, Pali Hill, Bandra West, Mumbai"
"Munir Compound, Marol Pipe Line, A K Road, Marol, Mumbai",https://www.zomato.com/mumbai/new-food-rush-marol,c79afbe98b532130046c7bb6b840248c7af76153,FOOD RUSH FAMILY RESTAURANT,"
4V6C+6QV, Marol Pipe Line , Andheri - Kurla Rd, opp .mukund hospital, Andheri, Mumbai, Maharashtra 400059","https://www.google.com/maps/place/FOOD+RUSH+FAMILY+RESTAURANT/@19.1106062,72.8539105,15z/data=!4m10!1m2!2m1!1sNew+Food+Rush+Munir+Compound,+Marol+Pipe+Line,+A+K+Road,+Marol,+Mumbai!3m6!1s0x3be7c83efee27401:0x889c35049b2a9c7a!8m2!3d19.1106062!4d72.8719349!15sCkZOZXcgRm9vZCBSdXNoIE11bmlyIENvbXBvdW5kLCBNYXJvbCBQaXBlIExpbmUsIEEgSyBSb2FkLCBNYXJvbCwgTXVtYmFpWkMiQW5ldyBmb29kIHJ1c2ggbXVuaXIgY29tcG91bmQgbWFyb2wgcGlwZSBsaW5lIGFrIHJvYWQgbWFyb2wgbXVtYmFpkgESbXVnaGxhaV9yZXN0YXVyYW504AEA!16s%2Fg%2F11bxjn7rlb?entry=ttu&g_ep=EgoyMDI2MDMxOC4xIKXMDSoASAFQAw%3D%3D",False,False,0x3be7c83efee27401:0x889c35049b2a9c7a,New Food Rush,https://www.zomato.com/mumbai/new-food-rush-marol,c79afbe98b532130046c7bb6b840248c7af76153,"Munir Compound, Marol Pipe Line, A K Road, Marol, Mumbai",19.1106062,72.8719349,,,False,"New Food Rush, Munir Compound, Marol Pipe Line, A K Road, Marol, Mumbai"
"Grand Hyatt Mumbai Hotel and Residences, Bandra Kurla Complex Vicinity, Off Western Urban Road, Santacruz East, Mumbai",https://www.zomato.com/mumbai/lobby-lounge-grand-hyatt-hotel-santacruz-east,f63920f77d772ff9ac8f8a3696fc51adb68ddd43,Fifty Five East,"
Vicinity, BANK OF INDIA STAR AVAS, Hotel and Residences, Grand Hyatt, Off, Western Express Hwy, Santacruz East, Mumbai, Maharashtra 400055","https://www.google.com/maps/place/Fifty+Five+East/@19.0768067,72.8485499,17z/data=!3m1!5s0x3be7c901986a412b:0xb46f80b183342117!4m17!1m10!3m9!1s0x3be7c902003fc289:0x40308b1e806bc1ac!2sGrand+Hyatt+Mumbai+Hotel+%26+Residences!5m2!4m1!1i2!8m2!3d19.0768067!4d72.8511248!16s%2Fm%2F01097_nt!3m5!1s0x3be7c901fd3e6509:0xa83f51669f63dddb!8m2!3d19.0772676!4d72.8509357!16s%2Fg%2F11x9pt9yc?entry=ttu&g_ep=EgoyMDI2MDMxOC4xIKXMDSoASAFQAw%3D%3D",False,False,0x3be7c901986a412b:0xb46f80b183342117,,,,,,,,,,
"Shop 21-27, Building 14, Ground Floor, A-wing Poonam Orchid, Yashwant Nagar, Zone C, Bolinj, Virar, Mumbai",https://www.zomato.com/mumbai/shubh-sagar-pure-veg-restaurant-virar,7a6fdaa91157d8b653e7ef9c9fc934cd17f8385b,Shubh Sagar Pure Veg Restaurant,"
opp. Tree House School, Yashavant Nagar, West, Virar, Vasai-Virar, Maharashtra 401303","https://www.google.com/maps/place/Shubh+Sagar+Pure+Veg+Restaurant/@19.4410625,72.8074449,17z/data=!3m1!4b1!4m6!3m5!1s0x3be7a944a889a5cf:0xb5d7b645da98c679!8m2!3d19.4410625!4d72.8100198!16s%2Fg%2F11xghwvpm2?entry=ttu&g_ep=EgoyMDI2MDMxOC4xIKXMDSoASAFQAw%3D%3D",True,False,0x3be7a944a889a5cf:0xb5d7b645da98c679,Shubh Sagar Pure Veg Restaurant,https://www.zomato.com/mumbai/shubh-sagar-pure-veg-restaurant-virar,7a6fdaa91157d8b653e7ef9c9fc934cd17f8385b,"Shop 21-27, Building 14, Ground Floor, A-wing Poonam Orchid, Yashwant Nagar, Zone C, Bolinj, Virar, Mumbai",19.4410625,72.81001979999999,,,False,"Shubh Sagar Pure Veg Restaurant, Shop 21-27, Building 14, Ground Floor, A-wing Poonam Orchid, Yashwant Nagar, Zone C, Bolinj, Virar, Mumbai"
"Shop 1, A Wing, Usha CHS LTD, Ward P/N, Jankalyan Nagar, Malad West, Mumbai",https://www.zomato.com/mumbai/baithack-taste-of-kulhad-5-malad-west,00632bec636d853e3315d428e0ddff7b35d31a64,"Baithack - Taste of Kulhad @Jankalyan Nagar, Malad Mumbai","
Office No. 1, USHA & NISHA, DGS SHEETAL, opp. DIVYA PARK, Malad, Divya Park, Jankalyan Nagar, Malad West, Mumbai, Maharashtra 400095","https://www.google.com/maps/place/Baithack+-+Taste+of+Kulhad+@Jankalyan+Nagar,+Malad+Mumbai/@19.1998381,72.8175951,17z/data=!3m1!4b1!4m6!3m5!1s0x3be7b7f3194ed4af:0xe42c580627db4396!8m2!3d19.1998381!4d72.82017!16s%2Fg%2F11x61scgsj?entry=ttu&g_ep=EgoyMDI2MDMxOC4xIKXMDSoASAFQAw%3D%3D",False,False,0x3be7b7f3194ed4af:0xe42c580627db4396,Baithack TASTE OF KULHAD,https://www.zomato.com/mumbai/baithack-taste-of-kulhad-5-malad-west,00632bec636d853e3315d428e0ddff7b35d31a64,"Shop 1, A Wing, Usha CHS LTD, Ward P/N, Jankalyan Nagar, Malad West, Mumbai",19.1998381,72.82016999999999,,,False,"Baithack TASTE OF KULHAD, Shop 1, A Wing, Usha CHS LTD, Ward P/N, Jankalyan Nagar, Malad West, Mumbai"
"Shop 4 - 5, 27C/06, Apana Ghar, Unit 7, Shiv Sadan Building, 1st Cross Lane, Swami Samartha Nagar, Andheri Lokhandwala, Andheri West, Mumbai",https://www.zomato.com/mumbai/yasins-food-inn-andheri-lokhandwala,bdf7d585d32810ee7a4f85f77fd28caee820fbb7,,"
Apna Ghar, Shiv Sadan, 27/C, 1st Cross Rd, Lokhandwala Complex, Andheri West, Mumbai, Maharashtra 400053","https://www.google.com/maps/place/Yasin's+Food+Inn/@19.1414146,72.8228116,17z/data=!3m1!4b1!4m6!3m5!1s0x3be7b6165af60931:0xb6b0bb3fdca717a!8m2!3d19.1414146!4d72.8253865!16s%2Fg%2F1tgtcz6_?entry=ttu&g_ep=EgoyMDI2MDMxOC4xIKXMDSoASAFQAw%3D%3D",False,False,0x3be7b6165af60931:0xb6b0bb3fdca717a,Food Inn's Cone T Go,https://www.zomato.com/mumbai/food-inns-cone-t-go-andheri-lokhandwala,2b3746f9af3b48227e7f7885ed3d090f9209335a,"27C/06, Apna Ghar Unit 7, CHS Limited, Swami Samartha Nagar, Andheri Lokhandwala, Andheri West, Mumbai",19.1413049,72.8252433,,,False,"Food Inn's Cone T Go, 27C/06, Apna Ghar Unit 7, CHS Limited, Swami Samartha Nagar, Andheri Lokhandwala, Andheri West, Mumbai"
"Shop 4 - 5, 27C/06, Apana Ghar, Unit 7, Shiv Sadan Building, 1st Cross Lane, Swami Samartha Nagar, Andheri Lokhandwala, Andheri West, Mumbai",https://www.zomato.com/mumbai/yasins-food-inn-andheri-lokhandwala,bdf7d585d32810ee7a4f85f77fd28caee820fbb7,,"
Apna Ghar, Shiv Sadan, 27/C, 1st Cross Rd, Lokhandwala Complex, Andheri West, Mumbai, Maharashtra 400053","https://www.google.com/maps/place/Yasin's+Food+Inn/@19.1414146,72.8228116,17z/data=!3m1!4b1!4m6!3m5!1s0x3be7b6165af60931:0xb6b0bb3fdca717a!8m2!3d19.1414146!4d72.8253865!16s%2Fg%2F1tgtcz6_?entry=ttu&g_ep=EgoyMDI2MDMxOC4xIKXMDSoASAFQAw%3D%3D",False,False,0x3be7b6165af60931:0xb6b0bb3fdca717a,Yasin's Food Inn,https://www.zomato.com/mumbai/yasins-food-inn-andheri-lokhandwala,bdf7d585d32810ee7a4f85f77fd28caee820fbb7,"Shop 4 - 5, 27C/06, Apana Ghar, Unit 7, Shiv Sadan Building, 1st Cross Lane, Swami Samartha Nagar, Andheri Lokhandwala, Andheri West, Mumbai",19.1414146,72.8253865,,,False,"Yasin's Food Inn, Shop 4 - 5, 27C/06, Apana Ghar, Unit 7, Shiv Sadan Building, 1st Cross Lane, Swami Samartha Nagar, Andheri Lokhandwala, Andheri West, Mumbai"
"7th Floor, Pinnacle House, 15th Khar Pali Road, Near Pawan Heightz, Khar, Mumbai",https://www.zomato.com/mumbai/yogisattva-plant-based-cafe-khar,5ff561b1bded71ad033f52fefdb5140e26148a42,Yogisattva (Plant Based Cooking School & Pop Up Kitchen),,"https://www.google.com/maps/place/Yogisattva+(Plant+Based+Cooking+School+%26+Pop+Up+Kitchen)/@19.0812144,72.5486711,10z/data=!3m1!4b1!4m6!3m5!1s0x3be7c990395073d1:0xac6271641b9b62a2!8m2!3d19.0815074!4d72.8783527!16s%2Fg%2F11fhqr4m6k?entry=ttu&g_ep=EgoyMDI2MDMxOC4xIKXMDSoASAFQAw%3D%3D",False,False,0x3be7c990395073d1:0xac6271641b9b62a2,Yogisattva Plant Based Cafe,https://www.zomato.com/mumbai/yogisattva-plant-based-cafe-khar,5ff561b1bded71ad033f52fefdb5140e26148a42,"7th Floor, Pinnacle House, 15th Khar Pali Road, Near Pawan Heightz, Khar, Mumbai",,,,,False,"Yogisattva Plant Based Cafe, 7th Floor, Pinnacle House, 15th Khar Pali Road, Near Pawan Heightz, Khar, Mumbai"
"Plot Pap K-21, TTC Industrial Area, Zone 2, Oposite Dhiga Railway Station, Airoli, Navi Mumbai",https://www.zomato.com/mumbai/upper-deck-by-melior-inn-airoli-navi-mumbai,eab1de39ae8754b140c172f07905a441cc7691f6,Upper Deck Restobar,"
CAPGEMINI, TTC Industrial Area, Airoli, Navi Mumbai, Maharashtra 400605","https://www.google.com/maps/place/Upper+Deck+Restobar/@19.1796164,72.9862819,17z/data=!4m10!1m2!2m1!1sUpper+Deck+By+Melior+Inn+Plot+Pap+K-21,+TTC+Industrial+Area,+Zone+2,+Oposite+Dhiga+Railway+Station,+Airoli,+Navi+Mumbai!3m6!1s0x3be7b900785a7fab:0x4e909ae920fc710!8m2!3d19.1796164!4d72.990788!15sCnhVcHBlciBEZWNrIEJ5IE1lbGlvciBJbm4gUGxvdCBQYXAgSy0yMSwgVFRDIEluZHVzdHJpYWwgQXJlYSwgWm9uZSAyLCBPcHBvc2l0ZSBEaWdoYSBSYWlsd2F5IFN0YXRpb24sIEFpcm9saSwgTmF2aSBNdW1iYWladSJzdXBwZXIgZGVjayBieSBtZWxpb3IgaW5uIHBsb3QgcGFwIGsgMjEgdHRjIGluZHVzdHJpYWwgYXJlYSB6b25lIDIgb3Bwb3NpdGUgZGlnaGEgcmFpbHdheSBzdGF0aW9uIGFpcm9saSBuYXZpIG11bWJhaZIBCnJlc3RhdXJhbnTgAQA!16s%2Fg%2F11yf81nvn6?entry=ttu&g_ep=EgoyMDI2MDMxOC4xIKXMDSoASAFQAw%3D%3D",False,False,0x3be7b900785a7fab:0x4e909ae920fc710,,,,,,,,,,
"Food Court, Level-3, Departure, T2, Domestic, Chhatrapati Shivaji Maharaj International Airport, Chakala, Mumbai",https://www.zomato.com/mumbai/moti-mahal-chakala,554a4c032667b79344325efc50f4ac4c813d7b9b,"Food court, Departure terminal 2","
BOM Terminal 2, International Departure, 2, Chhatrapati Shivaji Maharaj Int'l Airport Rd, छत्रपति शिवाजी अंतर्राष्ट्रीय हवाईअड्डा क्षेत्र, Bandra Terminus, Vile Parle East, Vile Parle, Mumbai, Maharashtra 400099","https://www.google.com/maps/place/Food+court,+Departure+terminal+2/@19.1082945,72.8395031,14z/data=!3m1!5s0x3be7c85c55fe6a9f:0x252d3890d406e5b0!4m10!1m2!2m1!1sMoti+Mahal+Food+Court,+Level-3,+Departure,+T2,+Domestic,+Chhatrapati+Shivaji+Maharaj+International+Airport,+Chakala,+Mumbai!3m6!1s0x3be7c994993d5555:0x139c126516d79367!8m2!3d19.0962623!4d72.8747543!15sCntNb3RpIE1haGFsIEZvb2QgQ291cnQsIExldmVsLTMsIERlcGFydHVyZSwgVDIsIERvbWVzdGljLCBDaGhhdHJhcGF0aSBTaGl2YWppIE1haGFyYWogSW50ZXJuYXRpb25hbCBBaXJwb3J0LCBDaGFrYWxhLCBNdW1iYWkiA4gBAVp2InRtb3RpIG1haGFsIGZvb2QgY291cnQgbGV2ZWwgMyBkZXBhcnR1cmUgdDIgZG9tZXN0aWMgY2hoYXRyYXBhdGkgc2hpdmFqaSBtYWhhcmFqIGludGVybmF0aW9uYWwgYWlycG9ydCBjaGFrYWxhIG11bWJhaZIBCnJlc3RhdXJhbnTgAQA!16s%2Fg%2F11gmg7sl00?entry=ttu&g_ep=EgoyMDI2MDMxOC4xIKXMDSoASAFQAw%3D%3D",False,False,0x3be7c85c55fe6a9f:0x252d3890d406e5b0,,,,,,,,,,
"Shop 20, Plot 1, Mayuresh Delta, Ulwe, Navi Mumbai",https://www.zomato.com/mumbai/lassi-day-cafe-ulwe-navi-mumbai,c8039e0e21000dd1f308b71ffe534c906158a9d0,AAROHANA ENTERPRISE,"
Delta, Sector-10/B, Ulwe, Gavthan, Maharashtra 410206","https://www.google.com/maps/place/AAROHANA+ENTERPRISE/@18.9708707,73.009288,17z/data=!3m1!4b1!4m6!3m5!1s0x3be7c3036bf016cb:0xbee4757cd408fb90!8m2!3d18.9708707!4d73.0118629!16s%2Fg%2F11v9p1bvk4?entry=ttu&g_ep=EgoyMDI2MDMxOC4xIKXMDSoASAFQAw%3D%3D",False,False,0x3be7c3036bf016cb:0xbee4757cd408fb90,,,,,,,,,,
"3, Opposite Kotak Mahindra Bank, Hill Road, Bandra West, Mumbai",https://www.zomato.com/mumbai/drnk-1-hill-road-bandra-west,4540d3db6c4412bf72ca0fbdf08f552bea4adf1a,Kotak Mahindra Bank,"
Ground floor, Shop No. 1, 2, High peak chs ltd, Ground Floor, Mezzanine and lower, 3 & 4 Hilton, Hill Rd, opp. Elco Arcade, W, Bandra West, Mumbai, Maharashtra 400050","https://www.google.com/maps/place/Kotak+Mahindra+Bank/@19.0556421,72.8242346,16z/data=!3m1!5s0x3be7c93e78098d35:0x91f41ad6e4ab7423!4m10!1m2!2m1!1sdrnk+3,+Opposite+Kotak+Mahindra+Bank,+Hill+Road,+Bandra+West,+Mumbai!3m6!1s0x3be7c98870f78573:0x35c9dd0c13432bf9!8m2!3d19.0556421!4d72.8332468!15sCkRkcm5rIDMsIE9wcG9zaXRlIEtvdGFrIE1haGluZHJhIEJhbmssIEhpbGwgUm9hZCwgQmFuZHJhIFdlc3QsIE11bWJhaSIDiAEBkgEEYmFua-ABAA!16s%2Fg%2F11pynp87j3?entry=ttu&g_ep=EgoyMDI2MDMxOC4xIKXMDSoASAFQAw%3D%3D",False,False,0x3be7c93e78098d35:0x91f41ad6e4ab7423,,,,,,,,,,
"Unit 166, Plot 216, 1st Floor, A to Z IND East Ground Floor, G K Marg, Lower Parel, Mumbai",https://www.zomato.com/mumbai/sweetish-house-mafia-lower-parel,76fe393b446b645742d6d74174020289da34c274,Sweetish House Mafia,"
BII001, GROUND FLOOR, RIZVI MAHAL CHS LTD 4th ROAD, Waterfield Road, w, Bandra West, Mumbai, Maharashtra 400050","https://www.google.com/maps/place/Sweetish+House+Mafia/@19.0578705,72.6894201,12z/data=!4m10!1m2!2m1!1sSweetish+House+mafia+Unit+166,+Plot+216,+1st+Floor,+A+to+Z+IND+East+Ground+Floor,+G+K+Marg,+Lower+Parel,+Mumbai!3m6!1s0x3be7c975d6f16c11:0x4c441f9e89e6efb5!8m2!3d19.0578705!4d72.8336157!15sCm9Td2VldGlzaCBIb3VzZSBtYWZpYSBVbml0IDE2NiwgUGxvdCAyMTYsIDFzdCBGbG9vciwgQSB0byBaIElORCBFYXN0IEdyb3VuZCBGbG9vciwgRyBLIE1hcmcsIExvd2VyIFBhcmVsLCBNdW1iYWlaaiJoc3dlZXRpc2ggaG91c2UgbWFmaWEgdW5pdCAxNjYgcGxvdCAyMTYgMXN0IGZsb29yIGEgdG8geiBpbmQgZWFzdCBncm91bmQgZmxvb3IgZ2sgbWFyZyBsb3dlciBwYXJlbCBtdW1iYWmSAQZiYWtlcnngAQA!16s%2Fg%2F11xl_58y7p?entry=ttu&g_ep=EgoyMDI2MDMxOC4xIKXMDSoASAFQAw%3D%3D",True,False,0x3be7c975d6f16c11:0x4c441f9e89e6efb5,Sweetish House mafia,https://www.zomato.com/mumbai/sweetish-house-mafia-lower-parel,76fe393b446b645742d6d74174020289da34c274,"Unit 166, Plot 216, 1st Floor, A to Z IND East Ground Floor, G K Marg, Lower Parel, Mumbai",19.0578705,72.8336157,,,False,"Sweetish House mafia, Unit 166, Plot 216, 1st Floor, A to Z IND East Ground Floor, G K Marg, Lower Parel, Mumbai"
"Unit T 6, 3rd Floor Sky City Mall, Westen Express Highway, Magaathane, Borivali East, Mumbai",https://www.zomato.com/mumbai/punjab-grill-borivali-east,7f2b66042338b15624c2fce86285988a62cef3c9,Punjab Grill - Sky City Mall,"
Unit No.T-06,3rd Floor, Sky City Mal Western Express Hwy, Devipada, Khande Rao Dongari, Borivali, Mumbai, Maharashtra 400066","https://www.google.com/maps/place/Punjab+Grill+-+Sky+City+Mall/@19.2232882,72.8614368,17z/data=!3m1!4b1!4m6!3m5!1s0x3be7b1e31a47010f:0xab45b9b99c1c6d99!8m2!3d19.2232882!4d72.8640117!16s%2Fg%2F11yz8f2n6w?entry=ttu&g_ep=EgoyMDI2MDMxOC4xIKXMDSoASAFQAw%3D%3D",True,False,0x3be7b1e31a47010f:0xab45b9b99c1c6d99,Punjab Grill,https://www.zomato.com/mumbai/punjab-grill-borivali-east,7f2b66042338b15624c2fce86285988a62cef3c9,"Unit T 6, 3rd Floor Sky City Mall, Westen Express Highway, Magaathane, Borivali East, Mumbai",19.2232882,72.86401169999999,,,False,"Punjab Grill, Unit T 6, 3rd Floor Sky City Mall, Westen Express Highway, Magaathane, Borivali East, Mumbai"
"Shop 17, Vallabh Society, 90 Feet Road, Pant Nagar, Opposite Amar Jyoti Building, Ghatkopar East, Mumbai",https://www.zomato.com/mumbai/garden-veg-1-ghatkopar-east,ade6e024761c82e4fb5f2314e198e02427303fae,Garden restaurant,"
shop no 17, 90 Feet Rd, Railway Police Colony, Ghatkopar East, Mumbai, Maharashtra 400075","https://www.google.com/maps/place/Garden+restaurant/@19.0791146,72.9016765,16z/data=!3m1!5s0x3be7c63029bf294d:0x152f43d119c3b1a!4m10!1m2!2m1!1sGarden+Veg+Shop+17,+Vallabh+Society,+90+Feet+Road,+Pant+Nagar,+Opposite+Amar+Jyoti+Building,+Ghatkopar+East,+Mumbai!3m6!1s0x3be7c631d74a5875:0x7389d23eaa6ef2bb!8m2!3d19.0791146!4d72.9106887!15sCnNHYXJkZW4gVmVnIFNob3AgMTcsIFZhbGxhYmggU29jaWV0eSwgOTAgRmVldCBSb2FkLCBQYW50IE5hZ2FyLCBPcHBvc2l0ZSBBbWFyIEp5b3RpIEJ1aWxkaW5nLCBHaGF0a29wYXIgRWFzdCwgTXVtYmFpWm8ibWdhcmRlbiB2ZWcgc2hvcCAxNyB2YWxsYWJoIHNvY2lldHkgOTAgZmVldCByb2FkIHBhbnQgbmFnYXIgb3Bwb3NpdGUgYW1hciBqeW90aSBidWlsZGluZyBnaGF0a29wYXIgZWFzdCBtdW1iYWmSAQpyZXN0YXVyYW504AEA!16s%2Fg%2F11f3frq1y3?entry=ttu&g_ep=EgoyMDI2MDMxOC4xIKXMDSoASAFQAw%3D%3D",False,False,0x3be7c63029bf294d:0x152f43d119c3b1a,,,,,,,,,,
"Shop 7, Pranik Garden Arcade, Comm Permises Society, Mahavir Nagar, Kandivali West, Mumbai",https://www.zomato.com/mumbai/jaggu-anna-kandivali-west,ab8d8c75903e935ac76e2c53723834e1e527d289,Jaggu Anna - Pure Veg and Jain Restaurant | Family Restaurant | Multicuisine Restaurant,"
Shop No.7, PRANIK GARDEN, near HDFC Bank, Mahavir Nagar, Pushp Heritage, Dahanukar Wadi, Kandivali West, Mumbai, Maharashtra 400067","https://www.google.com/maps/place/Jaggu+Anna+-+Pure+Veg+and+Jain+Restaurant+%7C+Family+Restaurant+%7C+Multicuisine+Restaurant/@19.2099367,72.83725,17z/data=!3m1!4b1!4m6!3m5!1s0x3be7b703a4566481:0x6f828657b20530cb!8m2!3d19.2099367!4d72.8398249!16s%2Fg%2F11kc6c59xw?entry=ttu&g_ep=EgoyMDI2MDMxOC4xIKXMDSoASAFQAw%3D%3D",True,False,0x3be7b703a4566481:0x6f828657b20530cb,Jaggu Anna,https://www.zomato.com/mumbai/jaggu-anna-kandivali-west,ab8d8c75903e935ac76e2c53723834e1e527d289,"Shop 7, Pranik Garden Arcade, Comm Permises Society, Mahavir Nagar, Kandivali West, Mumbai",19.2099367,72.8398249,,,False,"Jaggu Anna, Shop 7, Pranik Garden Arcade, Comm Permises Society, Mahavir Nagar, Kandivali West, Mumbai"
"Shop 1, Arch Apartment, Hari Shankar Joshi Road, Misquitta Nagar, Dahisar East, Mumbai",https://www.zomato.com/mumbai/friends-corner-dahisar-east,f04bbdfa9a815f70044a93edbfb469654cd022e7,Selection Center,"
Devashish Building, Bharucha Rd, Maratha Colony, Dahisar East, Mumbai, Maharashtra 400068","https://www.google.com/maps/place/Selection+Center/@19.250059,72.8432903,15z/data=!4m10!1m2!2m1!1sFriends+Corner+Shop+1,+Arch+Apartment,+Hari+Shankar+Joshi+Road,+Misquitta+Nagar,+Dahisar+East,+Mumbai!3m6!1s0x3be7b0e66dd91c69:0x5a37aa9fc8528b92!8m2!3d19.250059!4d72.8613147!15sCmVGcmllbmRzIENvcm5lciBTaG9wIDEsIEFyY2ggQXBhcnRtZW50LCBIYXJpIFNoYW5rYXIgSm9zaGkgUm9hZCwgTWlzcXVpdHRhIE5hZ2FyLCBEYWhpc2FyIEVhc3QsIE11bWJhaVpiImBmcmllbmRzIGNvcm5lciBzaG9wIDEgYXJjaCBhcGFydG1lbnQgaGFyaSBzaGFua2FyIGpvc2hpIHJvYWQgbWlzcXVpdHRhIG5hZ2FyIGRhaGlzYXIgZWFzdCBtdW1iYWmSAQpib29rX3N0b3Jl4AEA!16s%2Fg%2F1tg59kp0?entry=ttu&g_ep=EgoyMDI2MDMxOC4xIKXMDSoASAFQAw%3D%3D",False,False,0x3be7b0e66dd91c69:0x5a37aa9fc8528b92,Friends Corner,https://www.zomato.com/mumbai/friends-corner-dahisar-east,f04bbdfa9a815f70044a93edbfb469654cd022e7,"Shop 1, Arch Apartment, Hari Shankar Joshi Road, Misquitta Nagar, Dahisar East, Mumbai",19.2596855,72.8631513,,,False,"Friends Corner, Shop 1, Arch Apartment, Hari Shankar Joshi Road, Misquitta Nagar, Dahisar East, Mumbai"
"Sea Palace Hotel, PJ Ramchandani Marg, Apollo Bunder, Near Colaba, Mumbai",https://www.zomato.com/mumbai/the-marina-upper-deck-rooftop-cafe-sea-palace-hotel-colaba,faec5e25579397fd0321b04a8bcbcf3fd71d1749,Cafe Marina,"
Sea Palace Hotel Mumbai, 26, PJ Ramchandani Marg, Apollo Bandar, Colaba, Mumbai, Maharashtra 400001","https://www.google.com/maps/place/Cafe+Marina/@18.9190833,72.8293945,17z/data=!3m1!4b1!4m6!3m5!1s0x3be7d1bf688ad76d:0x5de7d9f716ffb71e!8m2!3d18.9190833!4d72.8319694!16s%2Fg%2F11gzw7k6n?entry=ttu&g_ep=EgoyMDI2MDMxOC4xIKXMDSoASAFQAw%3D%3D",False,False,0x3be7d1bf688ad76d:0x5de7d9f716ffb71e,,,,,,,,,,
"Shop 12/13/14/15, Ground Floor, Bhoomi Mall, Sector 15, CBD-Belapur, Navi Mumbai",https://www.zomato.com/mumbai/rayzelles-cbd-belapur-navi-mumbai,05a29597b3f1f0b587863965abb16806a2066fdd,Rayzelles,"
Shop 12/13/14/15, Ground Floor, Bhoomi Mall, Sector 15, CBD Belapur, Navi Mumbai, Maharashtra 400614","https://www.google.com/maps/place/Rayzelles/@19.0112874,73.0301608,17z/data=!3m1!4b1!4m6!3m5!1s0x3be7c374a22fd113:0xe9634ca65a1ec10f!8m2!3d19.0112874!4d73.0327357!16s%2Fg%2F11mvzwjmcj?entry=ttu&g_ep=EgoyMDI2MDMxOC4xIKXMDSoASAFQAw%3D%3D",False,True,0x3be7c374a22fd113:0xe9634ca65a1ec10f,Rayzelle's,https://www.zomato.com/mumbai/rayzelles-cbd-belapur-navi-mumbai,05a29597b3f1f0b587863965abb16806a2066fdd,"Shop 12/13/14/15, Ground Floor, Bhoomi Mall, Sector 15, CBD-Belapur, Navi Mumbai",19.0112874,73.0327357,,,False,"Rayzelle's, Shop 12/13/14/15, Ground Floor, Bhoomi Mall, Sector 15, CBD-Belapur, Navi Mumbai"
"Shop 101, First Floor, Empress Tower, Kaul Heritage City, Bhabola, Vasai, Mumbai",https://www.zomato.com/mumbai/pic-a-bite-vasai,f3172fd7957babb07f6206b16a685ce81e195f12,Pic A Bite,"
First Floor, Nxt K Moviestar Theatre, Empress Tower, Shop 101, above Katyawadi Veg Restaurant, Kauls Heritage City, Kaul Heritage City, Vasai West, Sandor, Maharashtra 401201","https://www.google.com/maps/place/Pic+A+Bite/@19.3713153,72.8102275,17z/data=!3m2!4b1!5s0x3be7ae9a66c381df:0xc6a791985765ff5e!4m6!3m5!1s0x3be7ae9a4e07d627:0xf8729ebb7e4b0b76!8m2!3d19.3713153!4d72.8128024!16s%2Fg%2F11bwkggpn_?entry=ttu&g_ep=EgoyMDI2MDMxOC4xIKXMDSoASAFQAw%3D%3D",True,False,0x3be7ae9a66c381df:0xc6a791985765ff5e,,,,,,,,,,
"Shop 3, Plot 9/12, Shah Royal, Sector 2, Kharghar, Navi Mumbai",https://www.zomato.com/mumbai/el-tacos-kharghar-navi-mumbai,b2929f43680156446fe442572cbf65c3eda9ea51,EL-TACOS Mexican street kitchen,"
Shop No 2 /3, Shah royale, opp. of glomax mall, Sector 2, Kharghar, Panvel, Maharashtra 410210","https://www.google.com/maps/place/EL-TACOS+Mexican+street+kitchen/@19.0301627,73.0624573,17z/data=!3m1!4b1!4m6!3m5!1s0x3be7c3373fa1b5af:0x77a82fd5e025ddf!8m2!3d19.0301627!4d73.0650322!16s%2Fg%2F11q1qk3zrr?entry=ttu&g_ep=EgoyMDI2MDMxOC4xIKXMDSoASAFQAw%3D%3D",False,False,0x3be7c3373fa1b5af:0x77a82fd5e025ddf,EL Tacos,https://www.zomato.com/mumbai/el-tacos-kharghar-navi-mumbai,b2929f43680156446fe442572cbf65c3eda9ea51,"Shop 3, Plot 9/12, Shah Royal, Sector 2, Kharghar, Navi Mumbai",19.0301627,73.06503219999999,,,False,"EL Tacos, Shop 3, Plot 9/12, Shah Royal, Sector 2, Kharghar, Navi Mumbai"
"Shop 2, SA Brelvi Road, Near Axis Bank, Fort, Mumbai",https://www.zomato.com/mumbai/murugan-1-fort,7f73c0aa1ce4801d9b760a6b86ae386fddda3b59,Syed Abdullah Brelvi Marg,,"https://www.google.com/maps/place/Syed+Abdullah+Brelvi+Marg,+Fort,+Mumbai,+Maharashtra+400001/@18.9339773,72.8346515,17z/data=!3m1!4b1!4m10!1m2!2m1!1sMurugan+Shop+2,+SA+Brelvi+Road,+Near+Axis+Bank,+Fort,+Mumbai!3m6!1s0x3be7d1db67ddcedd:0x6d2e69372e86aa77!8m2!3d18.9339773!4d72.8346515!15sCjxNdXJ1Z2FuIFNob3AgMiwgU0EgQnJlbHZpIFJvYWQsIE5lYXIgQXhpcyBCYW5rLCBGb3J0LCBNdW1iYWmSAQVyb3V0ZeABAA!16s%2Fg%2F1tgd4_bn?entry=ttu&g_ep=EgoyMDI2MDMxOC4xIKXMDSoASAFQAw%3D%3D",False,False,0x3be7d1db67ddcedd:0x6d2e69372e86aa77,,,,,,,,,,
"Agarwal Market, Parleshwar Road, Vile Parle West, Mumbai",https://www.zomato.com/mumbai/bethom-cafe-1-vile-parle-west,7b018c7a6f6a39bb7f6093bae5f1bd3f30c479b7,Bethom Cafe,"
Parleshwar Rd, Agarwal Market, Vile Parle East, Vile Parle, Mumbai, Maharashtra 400057","https://www.google.com/maps/place/Bethom+Cafe/@19.1025803,72.8436829,17z/data=!3m1!4b1!4m6!3m5!1s0x3be7c90008064029:0xcaa3738579a4437f!8m2!3d19.1025803!4d72.8462578!16s%2Fg%2F11xvsr7nj_?entry=ttu&g_ep=EgoyMDI2MDMxOC4xIKXMDSoASAFQAw%3D%3D",True,False,0x3be7c90008064029:0xcaa3738579a4437f,Bethom Cafe,https://www.zomato.com/mumbai/bethom-cafe-1-vile-parle-west,7b018c7a6f6a39bb7f6093bae5f1bd3f30c479b7,"Agarwal Market, Parleshwar Road, Vile Parle West, Mumbai",19.1025803,72.8462578,,,False,"Bethom Cafe, Agarwal Market, Parleshwar Road, Vile Parle West, Mumbai"
"Ground Floor, Crown Palace Cooperative Housing Society, 23rd Road, Pali Hill, Bandra West, Mumbai",https://www.zomato.com/mumbai/the-pink-rosette-pali-hill-bandra-west,de1c3485c859c1dc74a9ebf1a1ee142326b40bed,The Pink Rosette,"
Shop No. 3, Crown Palace, Road 23, Bandra West, Mumbai, Maharashtra 400050","https://www.google.com/maps/place/The+Pink+Rosette/@19.060494,72.8293373,17z/data=!3m1!4b1!4m6!3m5!1s0x3be7c9839facc935:0xe5890a78c00afc1f!8m2!3d19.060494!4d72.8319122!16s%2Fg%2F11t5jklfnz?entry=ttu&g_ep=EgoyMDI2MDMxOC4xIKXMDSoASAFQAw%3D%3D",True,False,0x3be7c9839facc935:0xe5890a78c00afc1f,,,,,,,,,,
"Plot 126, Mathuradas Mill Compound, NM Joshi Marg, Lower Parel, Mumbai",https://www.zomato.com/mumbai/houdini-lower-parel,8f57023c4473aa090ae3c7b6271759d82069cff9,Houdini Lower Parel,"
Mathuradas Mill Compound, Plot 126, NM Joshi Marg, Lower Parel, Mumbai, Maharashtra 400013","https://www.google.com/maps/place/Houdini+Lower+Parel/@19.0006548,72.8271139,17z/data=!3m1!4b1!4m6!3m5!1s0x3be7cf5492a42a19:0x92a8deae2aca8785!8m2!3d19.0006548!4d72.8296888!16s%2Fg%2F11ym1398f1?entry=ttu&g_ep=EgoyMDI2MDMxOC4xIKXMDSoASAFQAw%3D%3D",True,False,0x3be7cf5492a42a19:0x92a8deae2aca8785,,,,,,,,,,
"Shop 1, Louisa Compound, Saint Antony Street, Vakola, Santacruz East, Mumbai",https://www.zomato.com/mumbai/heres-the-vibe-1-santacruz-east,aa1a1cbba87bf978cb1d97e028c8388d5f62f24e,Here's the Vibe,"
Shop No.01, Louisa Compound, St Anthony Rd, behind turning point hotel, School Gate, Siddharath Nagar, Vakola, Santacruz East, Mumbai, Maharashtra 400055","https://www.google.com/maps/place/Here's+the+Vibe/@19.0800463,72.8510647,17z/data=!3m1!4b1!4m6!3m5!1s0x3be7c9faad69a5e9:0x1aad9b2faaf41b15!8m2!3d19.0800463!4d72.8536396!16s%2Fg%2F11qn7gywm4?entry=ttu&g_ep=EgoyMDI2MDMxOC4xIKXMDSoASAFQAw%3D%3D",True,False,0x3be7c9faad69a5e9:0x1aad9b2faaf41b15,,,,,,,,,,
"Off Western Express Highway, Santacruz East, Mumbai",https://www.zomato.com/mumbai/juniper-grand-hyatt-hotel-santacruz-east,2e5d98a08b645d0e81cfa46c63b1edc3265621d2,Fifty Five East,"
Vicinity, BANK OF INDIA STAR AVAS, Hotel and Residences, Grand Hyatt, Off, Western Express Hwy, Santacruz East, Mumbai, Maharashtra 400055","https://www.google.com/maps/place/Fifty+Five+East/@19.0768067,72.8485499,17z/data=!3m1!5s0x3be7c901986a412b:0xb46f80b183342117!4m6!3m5!1s0x3be7c901fd3e6509:0xa83f51669f63dddb!8m2!3d19.0772676!4d72.8509357!16s%2Fg%2F11x9pt9yc?entry=ttu&g_ep=EgoyMDI2MDMxOC4xIKXMDSoASAFQAw%3D%3D",False,False,0x3be7c901986a412b:0xb46f80b183342117,,,,,,,,,,
"Shop 5, Ashok Apartment, Union Park Road, Khar, Mumbai",https://www.zomato.com/mumbai/grounded-on-the-go-khar,c3e288f93862525d12287f5cdaf71cad45e1dd78,Grounded - On the Go,"
Shop no 5, Ashok Apartment, Corner Of, Union Park Rd Number 5, Union Park, Pali Hill, Mumbai, Maharashtra 400050","https://www.google.com/maps/place/Grounded+-+On+the+Go/@19.0704487,72.8236937,17z/data=!3m1!4b1!4m6!3m5!1s0x3be7c9a9197d736b:0x6d71e0a777b7aa49!8m2!3d19.0704487!4d72.8262686!16s%2Fg%2F11mrh6w871?entry=ttu&g_ep=EgoyMDI2MDMxOC4xIKXMDSoASAFQAw%3D%3D",True,False,0x3be7c9a9197d736b:0x6d71e0a777b7aa49,Grounded - On the Go,https://www.zomato.com/mumbai/grounded-on-the-go-khar,c3e288f93862525d12287f5cdaf71cad45e1dd78,"Shop 5, Ashok Apartment, Union Park Road, Khar, Mumbai",19.0704487,72.82626859999999,,,False,"Grounded - On the Go, Shop 5, Ashok Apartment, Union Park Road, Khar, Mumbai"
"Shop 3, 11 & 12, ONGC Colony, Nityanand Nagar, Reclamation, Bandra West, Mumbai",https://www.zomato.com/mumbai/yam-sai-reclamation-bandra-west,d8f6daf6b2299a1362708c0c89c2701b44b0c619,Yam Sai,"
Shop, No. 3, 11 & 12 bldg, Nityanand Nagar, ONGC Colony, Bandra West, Mumbai, Maharashtra 400050","https://www.google.com/maps/place/Yam+Sai/@19.0492,72.8268251,17z/data=!3m1!4b1!4m6!3m5!1s0x3be7c9005528f539:0x9d167f266085e438!8m2!3d19.0492!4d72.8294!16s%2Fg%2F11xt0px8vx?entry=ttu&g_ep=EgoyMDI2MDMxOC4xIKXMDSoASAFQAw%3D%3D",True,False,0x3be7c9005528f539:0x9d167f266085e438,Yam Sai,https://www.zomato.com/mumbai/yam-sai-reclamation-bandra-west,d8f6daf6b2299a1362708c0c89c2701b44b0c619,"Shop 3, 11 & 12, ONGC Colony, Nityanand Nagar, Reclamation, Bandra West, Mumbai",19.0492,72.82939999999999,,,False,"Yam Sai, Shop 3, 11 & 12, ONGC Colony, Nityanand Nagar, Reclamation, Bandra West, Mumbai"
"Plot 130, Mahadev Building, Sector 1A, Kopar Khairane, Navi Mumbai",https://www.zomato.com/mumbai/bikanervala-kopar-khairane-navi-mumbai,2f449c2056f5167773266936d741334a0c7d1cab,"Bikanervala | Koparkhairane, Navi Mumbai","
Municipal Corporation (Thane, Plot No 130, Mahadev Building Sector 1A Kopar Khairane, Zone-2, Koparkhairane,Zone, Navi Mumbai, Maharashtra 400709","https://www.google.com/maps/place/Bikanervala+%7C+Koparkhairane,+Navi+Mumbai/@19.1086167,73.0066705,17z/data=!3m1!4b1!4m6!3m5!1s0x3be7c1ecf21ca0f9:0xc0306ddad85de15a!8m2!3d19.1086167!4d73.0092454!16s%2Fg%2F11xmdzn624?entry=ttu&g_ep=EgoyMDI2MDMxOC4xIKXMDSoASAFQAw%3D%3D",True,False,0x3be7c1ecf21ca0f9:0xc0306ddad85de15a,,,,,,,,,,
"Shop 16, Ground Floor, Daimond Tower CHS Limited, Tirupati Nagar Phase 2, Zone A, Virar, Mumbai",https://www.zomato.com/mumbai/zorko-brand-of-food-lovers-virar,2942cec48fe0108b3f2deafb90471771178469e5,"Bikanervala | Koparkhairane, Navi Mumbai","
Shop no 16, Diamond Tower CHS, Chintamani Vihar, Tirupati Nagar Phase II, Bolinj, Virar West, Mumbai, Vasai-Virar, Maharashtra 401303","https://www.google.com/maps/place/Zorko+Brand+of+Food+Lover+(Burger,+Fries,+Pizza,+Maggi,+Sandwich,+Milkshake,+Mojito,+Nachos,+Kulhad,+Wrap,+Pasta)/@19.4561172,72.7987461,17z/data=!3m1!4b1!4m6!3m5!1s0x3be7ab34381168af:0x2f72d9115ff8312f!8m2!3d19.4561172!4d72.801321!16s%2Fg%2F11y7gbjb63?entry=ttu&g_ep=EgoyMDI2MDMxOC4xIKXMDSoASAFQAw%3D%3D",False,False,0x3be7ab34381168af:0x2f72d9115ff8312f,Zorko Brand Of Food Lovers,https://www.zomato.com/mumbai/zorko-brand-of-food-lovers-virar,2942cec48fe0108b3f2deafb90471771178469e5,"Shop 16, Ground Floor, Daimond Tower CHS Limited, Tirupati Nagar Phase 2, Zone A, Virar, Mumbai",19.4561172,72.801321,,,False,"Zorko Brand Of Food Lovers, Shop 16, Ground Floor, Daimond Tower CHS Limited, Tirupati Nagar Phase 2, Zone A, Virar, Mumbai"
"F, 42 / F - 43, Lal Bahadur Shastri Marg, Ashok Nagar, Kurla, Mumbai",https://www.zomato.com/mumbai/cream-centre-2-kurla,6dcadca19b83a736d376423003da6e1c28c8ae32,Cream Centre | Phoenix Market City | Kurla,"
Unit F 42 / F, 43, Lal Bahadur Shastri Marg, Ashok Nagar, Kurla, Mumbai, Maharashtra 400070","https://www.google.com/maps/place/Cream+Centre+%7C+Phoenix+Market+City+%7C+Kurla/@19.0863704,72.8873507,17z/data=!3m2!4b1!5s0x3be7c8878a6ce00d:0x5d860d2b7653c310!4m6!3m5!1s0x3be7c87d7d3b8ad5:0x8eeaf4da62e862b5!8m2!3d19.0863704!4d72.8899256!16s%2Fg%2F119ww8l5j?entry=ttu&g_ep=EgoyMDI2MDMxOC4xIKXMDSoASAFQAw%3D%3D",True,False,0x3be7c8878a6ce00d:0x5d860d2b7653c310,,,,,,,,,,
"3rd Floor, Trade View Building, Gate 4, Pandurang Budhkar Marg, Worli, Mumbai",https://www.zomato.com/mumbai/club-iguana-worli,fecd5bdd24e9ec65090ea36dcd8b9231ce970d21,Iguana Worli,"
Utopiya city, 3rd floor trade view building, gate, 4, Pandurang Budhkar Marg, Worli, Mumbai, Maharashtra 400013","https://www.google.com/maps/place/Iguana+Worli/@19.0060412,72.8188974,16z/data=!4m10!1m2!2m1!1sClub+Iguana+3rd+Floor,+Trade+View+Building,+Gate+4,+Pandurang+Budhkar+Marg,+Worli,+Mumbai!3m6!1s0x3be7cf1ec5f130eb:0x971af431f44bbd06!8m2!3d19.0058272!4d72.8269235!15sCllDbHViIElndWFuYSAzcmQgRmxvb3IsIFRyYWRlIFZpZXcgQnVpbGRpbmcsIEdhdGUgNCwgUGFuZHVyYW5nIEJ1ZGhrYXIgTWFyZywgV29ybGksIE11bWJhaVpWIlRjbHViIGlndWFuYSAzcmQgZmxvb3IgdHJhZGUgdmlldyBidWlsZGluZyBnYXRlIDQgcGFuZHVyYW5nIGJ1ZGhrYXIgbWFyZyB3b3JsaSBtdW1iYWmSAQxjb2NrdGFpbF9iYXLgAQA!16s%2Fg%2F11g0lc86h0?entry=ttu&g_ep=EgoyMDI2MDMxOC4xIKXMDSoASAFQAw%3D%3D",False,False,0x3be7cf1ec5f130eb:0x971af431f44bbd06,,,,,,,,,,
"Shop 1/101, Ostwal Point Build, Mira Road, Mumbai",https://www.zomato.com/mumbai/the-bangtan-lounge-mira-road,0102bb46c2090fd090513a9f2712833d0be85144,BangTan Lounge Global Eatery & Bar Best restaurant and party in Mira Road,"
Ostwal Point Building A Wing 1 / 101 Laxmi Park Circle, Beverly Park, Road, next to BTS Cafe, Unique Gardens, Kanakia Park, Mira Road East, Thane, Maharashtra 401107","https://www.google.com/maps/place/BangTan+Lounge+Global+Eatery+%26+Bar+Best+restaurant+and+party+in+Mira+Road/@19.2958375,72.8727833,17z/data=!3m1!4b1!4m6!3m5!1s0x3be7b1791a9ba23b:0xb4712837df0bda6d!8m2!3d19.2958375!4d72.8753582!16s%2Fg%2F11jz_n3flk?entry=ttu&g_ep=EgoyMDI2MDMxOC4xIKXMDSoASAFQAw%3D%3D",False,False,0x3be7b1791a9ba23b:0xb4712837df0bda6d,,,,,,,,,,
"16, APMC Market, Sector 19, Palm Beach Road, Vashi, Navi Mumbai",https://www.zomato.com/mumbai/nostradamus-bar-by-fortune-select-exotica-vashi-navi-mumbai,cc30e19c0b39f0cd606a314bce68456e3a27e360,"Fortune Select Exotica, Navi Mumbai - Member ITC Hotels’ Group","
16, Palm Beach Rd, APMC Market, Sector 19, Vashi, Navi Mumbai, Maharashtra 400705","https://www.google.com/maps/place/Fortune+Select+Exotica,+Navi+Mumbai+-+Member+ITC+Hotels%E2%80%99+Group/@19.076616,72.9902411,15z/data=!4m13!1m2!2m1!1sNostradamus+Bar+By+Fortune+Select+Exotica+16,+APMC+Market,+Sector+19,+Palm+Beach+Road,+Vashi,+Navi+Mumbai!3m9!1s0x3be7c12458641ed7:0x523df65653d4f5d!5m2!4m1!1i2!8m2!3d19.0855769!4d73.0080159!15sCmlOb3N0cmFkYW11cyBCYXIgQnkgRm9ydHVuZSBTZWxlY3QgRXhvdGljYSAxNiwgQVBNQyBNYXJrZXQsIFNlY3RvciAxOSwgUGFsbSBCZWFjaCBSb2FkLCBWYXNoaSwgTmF2aSBNdW1iYWlaZiJkbm9zdHJhZGFtdXMgYmFyIGJ5IGZvcnR1bmUgc2VsZWN0IGV4b3RpY2EgMTYgYXBtYyBtYXJrZXQgc2VjdG9yIDE5IHBhbG0gYmVhY2ggcm9hZCB2YXNoaSBuYXZpIG11bWJhaZIBBWhvdGVs4AEA!16s%2Fg%2F12hxg2h4_?entry=ttu&g_ep=EgoyMDI2MDMxOC4xIKXMDSoASAFQAw%3D%3D",False,False,0x3be7c12458641ed7:0x523df65653d4f5d,Nostradamus Bar By Fortune Select Exotica,https://www.zomato.com/mumbai/nostradamus-bar-by-fortune-select-exotica-vashi-navi-mumbai,cc30e19c0b39f0cd606a314bce68456e3a27e360,"16, APMC Market, Sector 19, Palm Beach Road, Vashi, Navi Mumbai",19.0855769,73.0080159,,,False,"Nostradamus Bar By Fortune Select Exotica, 16, APMC Market, Sector 19, Palm Beach Road, Vashi, Navi Mumbai"
"Vicinity, BANK OF INDIA STAR AVAS, Hotel and Residences, Grand Hyatt, Off, Western Express Hwy, Santacruz East, Mumbai",https://www.zomato.com/mumbai/soma-grand-hyatt-hotel-santacruz-east,32632b1fc76fd256a9c876d244046946a55f0640,Soma,"
Vicinity, BANK OF INDIA STAR AVAS, Hotel and Residences, Grand Hyatt, Off, Western Express Hwy, Santacruz East, Mumbai, Maharashtra 400055","https://www.google.com/maps/place/Soma/@19.0772676,72.8464296,17z/data=!4m10!1m2!2m1!1sSoma+-+Grand+Hyatt+Hotel+Vicinity,+BANK+OF+INDIA+STAR+AVAS,+Hotel+and+Residences,+Grand+Hyatt,+Off,+Western+Express+Hwy,+Santacruz+East,+Mumbai!3m6!1s0x3be7c90201d72adf:0x5f1e0198894ae05b!8m2!3d19.0772676!4d72.8509357!15sCo8BU29tYSAtIEdyYW5kIEh5YXR0IEhvdGVsIFZpY2luaXR5LCBCQU5LIE9GIElORElBIFNUQVIgQVZBUywgSG90ZWwgYW5kIFJlc2lkZW5jZXMsIEdyYW5kIEh5YXR0LCBPZmYsIFdlc3Rlcm4gRXhwcmVzcyBId3ksIFNhbnRhY3J1eiBFYXN0LCBNdW1iYWkiA4gBAVqJASKGAXNvbWEgZ3JhbmQgaHlhdHQgaG90ZWwgdmljaW5pdHkgYmFuayBvZiBpbmRpYSBzdGFyIGF2YXMgaG90ZWwgYW5kIHJlc2lkZW5jZXMgZ3JhbmQgaHlhdHQgb2ZmIHdlc3Rlcm4gZXhwcmVzcyBod3kgc2FudGFjcnV6IGVhc3QgbXVtYmFpkgEXbm9ydGhfaW5kaWFuX3Jlc3RhdXJhbnTgAQA!16s%2Fg%2F1tjdpt9p?entry=ttu&g_ep=EgoyMDI2MDMxOC4xIKXMDSoASAFQAw%3D%3D",False,True,0x3be7c90201d72adf:0x5f1e0198894ae05b,Soma - Grand Hyatt Hotel,https://www.zomato.com/mumbai/soma-grand-hyatt-hotel-santacruz-east,32632b1fc76fd256a9c876d244046946a55f0640,"Vicinity, BANK OF INDIA STAR AVAS, Hotel and Residences, Grand Hyatt, Off, Western Express Hwy, Santacruz East, Mumbai",,,,,False,"Soma - Grand Hyatt Hotel, Vicinity, BANK OF INDIA STAR AVAS, Hotel and Residences, Grand Hyatt, Off, Western Express Hwy, Santacruz East, Mumbai"
"Shop FC 25, 3rd Floor, East Point Mall, S G Barve Marg, Kurla, Mumbai",https://www.zomato.com/mumbai/bites-n-grill-kurla,6bfa62ac95da0e08ecc4f1ce31764e62763885a1,Bites' n Grill,"
Shop No: 25, 3rd Floor, East Point Mall, SG Barve Marg, opposite Kurla West Station Road, Jagruti Nagar, East, Kurla, Mumbai, Maharashtra 400024","https://www.google.com/maps/place/Bites'+n+Grill/@19.0649344,72.8787122,17z/data=!3m1!4b1!4m6!3m5!1s0x3be7c9bf40c4ed19:0xa25d3b05259a616c!8m2!3d19.0649344!4d72.8812871!16s%2Fg%2F11l5nb41bd?entry=ttu&g_ep=EgoyMDI2MDMxOC4xIKXMDSoASAFQAw%3D%3D",False,False,0x3be7c9bf40c4ed19:0xa25d3b05259a616c,Bites n Grill,https://www.zomato.com/mumbai/bites-n-grill-kurla,6bfa62ac95da0e08ecc4f1ce31764e62763885a1,"Shop FC 25, 3rd Floor, East Point Mall, S G Barve Marg, Kurla, Mumbai",,,,,False,"Bites n Grill, Shop FC 25, 3rd Floor, East Point Mall, S G Barve Marg, Kurla, Mumbai"
"Shop 14, Ground Floor, Haridwar Evershine Nagar, Malad West, Mumbai",https://www.zomato.com/mumbai/latte-on-the-rocks-malad-west,2c540db2aa1b51dd4bcb6310e55530fabaa36478,Latte on the rocks,"
14, Haridwar Building, Khandelwal Layout, Evershine Nagar, Malad West, Mumbai, Maharashtra 400064","https://www.google.com/maps/place/Latte+on+the+rocks/@19.1907357,72.8283488,17z/data=!3m1!4b1!4m6!3m5!1s0x3be7b7b169b88845:0x50d18a0f7c8338af!8m2!3d19.1907357!4d72.8309237!16s%2Fg%2F11txqd0pgq?entry=ttu&g_ep=EgoyMDI2MDMxOC4xIKXMDSoASAFQAw%3D%3D",True,False,0x3be7b7b169b88845:0x50d18a0f7c8338af,Latte On The Rocks,https://www.zomato.com/mumbai/latte-on-the-rocks-malad-west,2c540db2aa1b51dd4bcb6310e55530fabaa36478,"Shop 14, Ground Floor, Haridwar Evershine Nagar, Malad West, Mumbai",19.1907357,72.8309237,,,False,"Latte On The Rocks, Shop 14, Ground Floor, Haridwar Evershine Nagar, Malad West, Mumbai"
"Shop 1 And 2, Ground Floor, Sahar Shopping Center, Opposite Airport Authority Of India Offices, Parshiwada, Chakala, Sahar Road, Andheri East, Mumbai",https://www.zomato.com/mumbai/black-bull-bar-restaurant-andheri-east,fce87c75e41521ef4e4d0b9a009340ce5bfb79b5,"Black Bull Cafe , andheri","
Shop No 1 & 2, Ground Floor, Sahar Shopping Center, Sahar Rd, Parshiwada, Chakala, Andheri East, Mumbai, Maharashtra 400099","https://www.google.com/maps/place/Black+Bull+Cafe+,+andheri/@19.1085959,72.8548702,17z/data=!3m1!4b1!4m6!3m5!1s0x3be7c99dfd2d50f3:0xac93f06f0040bae8!8m2!3d19.1085959!4d72.8574451!16s%2Fg%2F11kqg81gz7?entry=ttu&g_ep=EgoyMDI2MDMxOC4xIKXMDSoASAFQAw%3D%3D",False,False,0x3be7c99dfd2d50f3:0xac93f06f0040bae8,Black Bull Bar & Restaurant,https://www.zomato.com/mumbai/black-bull-bar-restaurant-andheri-east,fce87c75e41521ef4e4d0b9a009340ce5bfb79b5,"Shop 1 And 2, Ground Floor, Sahar Shopping Center, Opposite Airport Authority Of India Offices, Parshiwada, Chakala, Sahar Road, Andheri East, Mumbai",19.1085959,72.85744509999999,,,False,"Black Bull Bar & Restaurant, Shop 1 And 2, Ground Floor, Sahar Shopping Center, Opposite Airport Authority Of India Offices, Parshiwada, Chakala, Sahar Road, Andheri East, Mumbai"
"Sai Baba Nagar, Mira Bhayandar Road, Opposite Indian Oil Petrol Pump, Mira Road, Mumbai",https://www.zomato.com/mumbai/coastal-sea-food-mira-road,dd91f0dcc10ac7bcf8e9307a1fe322dd38a4994b,Coastal Sea Food,"
Coastal Sea Food, The Myriad Hotel, Mira Bhayander Link Rd, opp. Indian Oil Petrol Pump, Sai Baba Nagar, Mira Road East, Mumbai, Mira Bhayandar, Maharashtra 401107","https://www.google.com/maps/place/Coastal+Sea+Food/@19.2841897,72.8614557,16z/data=!4m10!1m2!2m1!1sCoastal+Sea+Food+Sai+Baba+Nagar,+Mira+Bhayandar+Road,+Opposite+Indian+Oil+Petrol+Pump,+Mira+Road,+Mumbai!3m6!1s0x3be7b198586ba849:0x23d4e71e5a666da2!8m2!3d19.2841897!4d72.8704679!15sCmhDb2FzdGFsIFNlYSBGb29kIFNhaSBCYWJhIE5hZ2FyLCBNaXJhIEJoYXlhbmRhciBSb2FkLCBPcHBvc2l0ZSBJbmRpYW4gT2lsIFBldHJvbCBQdW1wLCBNaXJhIFJvYWQsIE11bWJhaVpmImRjb2FzdGFsIHNlYSBmb29kIHNhaSBiYWJhIG5hZ2FyIG1pcmEgYmhheWFuZGFyIHJvYWQgb3Bwb3NpdGUgaW5kaWFuIG9pbCBwZXRyb2wgcHVtcCBtaXJhIHJvYWQgbXVtYmFpkgEKcmVzdGF1cmFudOABAA!16s%2Fg%2F11ygh6qcp7?entry=ttu&g_ep=EgoyMDI2MDMxOC4xIKXMDSoASAFQAw%3D%3D",True,False,0x3be7b198586ba849:0x23d4e71e5a666da2,Coastal Sea Food,https://www.zomato.com/mumbai/coastal-sea-food-mira-road,dd91f0dcc10ac7bcf8e9307a1fe322dd38a4994b,"Sai Baba Nagar, Mira Bhayandar Road, Opposite Indian Oil Petrol Pump, Mira Road, Mumbai",19.2841897,72.8704679,,,False,"Coastal Sea Food, Sai Baba Nagar, Mira Bhayandar Road, Opposite Indian Oil Petrol Pump, Mira Road, Mumbai"
"48, Tian Building, Gulmohar Road, Vile Parle West, Mumbai",https://www.zomato.com/mumbai/chai-culture-cafe-vile-parle-west,57325bb2198c69536a60e4289c31708631121cc4,Chai Culture Cafe & Eatery,"
Tian Building, Gulmohar Rd, Juhu Scheme, Juhu, Mumbai, Maharashtra 400049","https://www.google.com/maps/place/Chai+Culture+Cafe+%26+Eatery/@19.1149229,72.833718,17z/data=!3m1!4b1!4m6!3m5!1s0x3be7c912b17f9ca9:0x6f429f04c6efb4ec!8m2!3d19.1149229!4d72.8362929!16s%2Fg%2F11sb333wsd?entry=ttu&g_ep=EgoyMDI2MDMxOC4xIKXMDSoASAFQAw%3D%3D",True,False,0x3be7c912b17f9ca9:0x6f429f04c6efb4ec,Chai Culture Cafe,https://www.zomato.com/mumbai/chai-culture-cafe-vile-parle-west,57325bb2198c69536a60e4289c31708631121cc4,"48, Tian Building, Gulmohar Road, Vile Parle West, Mumbai",19.1149229,72.8362929,,,False,"Chai Culture Cafe, 48, Tian Building, Gulmohar Road, Vile Parle West, Mumbai"
"Shop 3, Aspen Park, Near Nirlon Knowledge Park, Goregaon East, Mumbai",https://www.zomato.com/mumbai/hod-kitchen-bar-goregaon-east,6ef1c79913c7514f722f3e02f113603aeb633059,"HOD- Bar, Near Nesco","
Aspen Park 3/4, Nirlon Knowledge Park Backgate, near nesco and ram mandir station, Walbhat Rd, near Nesco, Goregaon East, Mumbai, Maharashtra 400063","https://www.google.com/maps/place/HOD-+Bar,+Near+Nesco/@19.1557901,72.8494807,17z/data=!3m1!4b1!4m6!3m5!1s0x3be7b7843db58dbb:0xa91ff3ffaa7ff2aa!8m2!3d19.1557901!4d72.8520556!16s%2Fg%2F11gjxczzmj?entry=ttu&g_ep=EgoyMDI2MDMxOC4xIKXMDSoASAFQAw%3D%3D",False,False,0x3be7b7843db58dbb:0xa91ff3ffaa7ff2aa,HOD - Kitchen & Bar,https://www.zomato.com/mumbai/hod-kitchen-bar-goregaon-east,6ef1c79913c7514f722f3e02f113603aeb633059,"Shop 3, Aspen Park, Near Nirlon Knowledge Park, Goregaon East, Mumbai",19.1557901,72.8520556,,,False,"HOD - Kitchen & Bar, Shop 3, Aspen Park, Near Nirlon Knowledge Park, Goregaon East, Mumbai"
"Shop 14, Kartik Complex, Andheri West, Link Road, Veera Desai Area, Mumbai",https://www.zomato.com/mumbai/espato-my-learn-coffee-veera-desai-area,022a10e00bb516c5016ce32be81af9b153929e8d,ESPATO - My Learn Coffee,"
Shop No. 14, Karthik Complex, New Link Rd, opp. Laxmi Business Park, Veera Desai Industrial Estate, Andheri West, Mumbai, Maharashtra 400053","https://www.google.com/maps/place/ESPATO+-+My+Learn+Coffee/@19.1359177,72.8300405,17z/data=!3m1!4b1!4m6!3m5!1s0x3be7b7a8089d1b13:0x450c118ea3dadb98!8m2!3d19.1359177!4d72.8326154!16s%2Fg%2F11jsr9yy6s?entry=ttu&g_ep=EgoyMDI2MDMxOC4xIKXMDSoASAFQAw%3D%3D",True,False,0x3be7b7a8089d1b13:0x450c118ea3dadb98,Espato - My Learn Coffee,https://www.zomato.com/mumbai/espato-my-learn-coffee-veera-desai-area,022a10e00bb516c5016ce32be81af9b153929e8d,"Shop 14, Kartik Complex, Andheri West, Link Road, Veera Desai Area, Mumbai",19.1359177,72.8326154,,,False,"Espato - My Learn Coffee, Shop 14, Kartik Complex, Andheri West, Link Road, Veera Desai Area, Mumbai"
"5, Battery Street, Apollo Bunder, Opposite Regal Cinema, Colaba, Mumbai",https://www.zomato.com/mumbai/all-stir-fry-gordon-house-hotel-colaba,8fd80d5d884d20b9e3e10156da260623323505bf,All Stir Fry,"
Ground Floor, 5, Battery St, Apollo Bandar, Colaba, Mumbai, Maharashtra 400001","https://www.google.com/maps/place/All+Stir+Fry/@18.9239818,72.8302279,17z/data=!3m2!4b1!5s0x3be7d1c1378794b7:0x732d5b7b9eced26e!4m6!3m5!1s0x3be7d1c13c0ef937:0xbd184ba52e740e94!8m2!3d18.9239818!4d72.8328028!16s%2Fg%2F1v9l97g0?entry=ttu&g_ep=EgoyMDI2MDMxOC4xIKXMDSoASAFQAw%3D%3D",False,False,0x3be7d1c1378794b7:0x732d5b7b9eced26e,,,,,,,,,,
"3rd Floor, Linking Road, Bandra West, Mumbai",https://www.zomato.com/mumbai/elixer-linking-road-bandra-west,08b01c5255d0a2bf9e01d57b470588a07bb27ddb,Elixer,"
3rd Floor, Link Corner, 33rd Road Above Starbucks Cafe, KFC Lane, Off Linking Rd, Bandra West, Mumbai, Maharashtra 400052","https://www.google.com/maps/place/Elixer/@19.0655736,72.8305878,17z/data=!3m2!4b1!5s0x3be7c91144b27fd7:0x46fb1b270c349f81!4m6!3m5!1s0x3be7c99e225033f9:0x6b016ac5a3edff15!8m2!3d19.0655736!4d72.8331627!16s%2Fg%2F11n0d5frjh?entry=ttu&g_ep=EgoyMDI2MDMxOC4xIKXMDSoASAFQAw%3D%3D",True,False,0x3be7c91144b27fd7:0x46fb1b270c349f81,,,,,,,,,,
"3rd Floor, Khan House, Hill Road, Bandra West, Mumbai",https://www.zomato.com/mumbai/dough-joe-hill-road-bandra-west,b2349191def42d4e80e7a28807af77b01cdd3eff,Dough & Joe,"
Khan House, 301, Hill Rd, Ranwar, Bandra West, Mumbai, Maharashtra 400050","https://www.google.com/maps/place/Dough+%26+Joe/@19.0545801,72.8256655,17z/data=!3m1!4b1!4m6!3m5!1s0x3be7c96e52b33a7d:0x9307d035f7c52b3d!8m2!3d19.0545801!4d72.8282404!16s%2Fg%2F11xt0wz46g?entry=ttu&g_ep=EgoyMDI2MDMxOC4xIKXMDSoASAFQAw%3D%3D",True,False,0x3be7c96e52b33a7d:0x9307d035f7c52b3d,Dough & Joe,https://www.zomato.com/mumbai/dough-joe-hill-road-bandra-west,b2349191def42d4e80e7a28807af77b01cdd3eff,"3rd Floor, Khan House, Hill Road, Bandra West, Mumbai",19.0545801,72.8282404,,,False,"Dough & Joe, 3rd Floor, Khan House, Hill Road, Bandra West, Mumbai"
"Ajmera Manor, Datta Park, Swami Vivekananda Road, Borivali West, Mumbai",https://www.zomato.com/mumbai/malgudi-south-indian-resto-café-borivali-west,3f61414e6bcce02768e57f71698dcc47d5f3e2b2,Malgudi South Indian Resto-Café,"
Ajmera Manor, Swami Vivekanand Rd, Datta Park, Borivali West, Mumbai, Maharashtra 400092","https://www.google.com/maps/place/Malgudi+South+Indian+Resto-Caf%C3%A9/@19.2248331,72.8520953,17z/data=!3m1!4b1!4m6!3m5!1s0x3be7b192cef75b5d:0xdadd075266715a82!8m2!3d19.2248331!4d72.8546702!16s%2Fg%2F11xty3111r?entry=ttu&g_ep=EgoyMDI2MDMxOC4xIKXMDSoASAFQAw%3D%3D",True,False,0x3be7b192cef75b5d:0xdadd075266715a82,,,,,,,,,,
"Western Express Highway, The Fern Residency Series by Marriott, Laxmi Bag, Mira Road, Mumbai",https://www.zomato.com/mumbai/flame-the-fern-residency-mira-road,711c913d5989c0558ac3add75b35dc610ea7a39f,"The Fern Residency Mumbai, Mira Road, Series by Marriott","
Western Express Hwy, Laxmi Baug, Kashimira, Mira Road East, Mumbai, Mira Bhayandar, Maharashtra 401107","https://www.google.com/maps/place/The+Fern+Residency+Mumbai,+Mira+Road,+Series+by+Marriott/@19.2752925,72.8855995,17z/data=!4m10!3m9!1s0x3be7b119c5047ff3:0xa4d4bbe0a58bdc04!5m3!1s2026-03-23!4m1!1i2!8m2!3d19.2752925!4d72.8881744!16s%2Fg%2F11x2kfw_lj?entry=ttu&g_ep=EgoyMDI2MDMxOC4xIKXMDSoASAFQAw%3D%3D",False,False,0x3be7b119c5047ff3:0xa4d4bbe0a58bdc04,,,,,,,,,,
"D 207, Rupa Renaissance, Unit 18, 6th Floor, Le Meridian, Plot D 33, Turbhe, Navi Mumbai",https://www.zomato.com/mumbai/piccolino-italian-taproom-turbhe-navi-mumbai,d07a5cf946e4956219755fe51e7d63299299d18c,Piccolino Italian Taproom,"
D-207, Rupa Renaissance, Piccolino,Unit no 18, 6th Floor, Le Meridian, Plot no D-33, Navi Mumbai, Maharashtra 400705","https://www.google.com/maps/place/Piccolino+Italian+Taproom/@19.0634131,73.0233242,17z/data=!4m13!1m5!2m4!1sPiccolino+-Italian+Taproom+D+207,+Rupa+Renaissance,+Unit+18,+6th+Floor,+Le+Meridian,+Plot+D+33,+Turbhe,+Navi+Mumbai!5m2!5m1!1s2026-03-23!3m6!1s0x3be7c14a632e406d:0x1cfed933f450a738!8m2!3d19.0634131!4d73.0278303!15sCnNQaWNjb2xpbm8gLUl0YWxpYW4gVGFwcm9vbSBEIDIwNywgUnVwYSBSZW5haXNzYW5jZSwgVW5pdCAxOCwgNnRoIEZsb29yLCBMZSBNZXJpZGlhbiwgUGxvdCBEIDMzLCBUdXJiaGUsIE5hdmkgTXVtYmFpWm0ia3BpY2NvbGlubyBpdGFsaWFuIHRhcHJvb20gZCAyMDcgcnVwYSByZW5haXNzYW5jZSB1bml0IDE4IDZ0aCBmbG9vciBsZSBtZXJpZGlhbiBwbG90IGQgMzMgdHVyYmhlIG5hdmkgbXVtYmFpkgESaXRhbGlhbl9yZXN0YXVyYW504AEA!16s%2Fg%2F11yx4916_p?entry=ttu&g_ep=EgoyMDI2MDMxOC4xIKXMDSoASAFQAw%3D%3D",False,False,0x3be7c14a632e406d:0x1cfed933f450a738,,,,,,,,,,
"Ground Floor, Sushila Bhavan, 24 Adi Marzban Path, Ballard Estate, Fort, Mumbai",https://www.zomato.com/mumbai/pardon-our-french-fort,b0542594402acadd8ce3ea5b5cb53004ada6a036,Pardon Our French,"
Sushila Bhavan, 24, Adi Murzban Path, Ballard Estate, Fort, Mumbai, Maharashtra 400001","https://www.google.com/maps/place/Pardon+Our+French/@18.9360046,72.8354826,17z/data=!3m1!4b1!4m6!3m5!1s0x3be7d1041b432603:0xaa7ac6d85d141ba2!8m2!3d18.9360046!4d72.8380575!16s%2Fg%2F11yyc5dtbm?entry=ttu&g_ep=EgoyMDI2MDMxOC4xIKXMDSoASAFQAw%3D%3D",True,False,0x3be7d1041b432603:0xaa7ac6d85d141ba2,,,,,,,,,,
"The Oberoi, Nariman Point, Mumbai",https://www.zomato.com/mumbai/the-eau-bar-the-oberoi-mumbai-nariman-point,8b5db7e97b6861b7d06085bb05c8a7a0125ebf26,Oberoi Hotel,,"https://www.google.com/maps/place/Oberoi+Hotel,+Nariman+Point/@18.9269366,72.8180466,17z/data=!3m1!4b1!4m6!3m5!1s0x3be7d1eeddf513cf:0x23457672ea2537b3!8m2!3d18.9269366!4d72.8206215!16s%2Fg%2F11np3ztk2v?entry=ttu&g_ep=EgoyMDI2MDMxOC4xIKXMDSoASAFQAw%3D%3D",False,False,0x3be7d1eeddf513cf:0x23457672ea2537b3,,,,,,,,,,
"Shop 1, Avanti B Apartments, Haridas Nagar, Shimpoli Road, Borivali West, Mumbai",https://www.zomato.com/mumbai/pibatie-1-borivali-west,e6812d47040c390ab963e90f3d85535a758d735d,Cafe Pibatie | Borivali,"
shop no:1, Avanti B CHS, Shimpoli Rd, Haridas Nagar, Borivali West, Mumbai, Maharashtra 400092","https://www.google.com/maps/place/Cafe+Pibatie+%7C+Borivali/@19.2215722,72.8451204,17z/data=!3m1!4b1!4m6!3m5!1s0x3be7b1b1e8dd816f:0x7ce59a577aa50d72!8m2!3d19.2215722!4d72.8476953!16s%2Fg%2F11svrl_46y?entry=ttu&g_ep=EgoyMDI2MDMxOC4xIKXMDSoASAFQAw%3D%3D",True,False,0x3be7b1b1e8dd816f:0x7ce59a577aa50d72,Pibatie,https://www.zomato.com/mumbai/pibatie-1-borivali-west,e6812d47040c390ab963e90f3d85535a758d735d,"Shop 1, Avanti B Apartments, Haridas Nagar, Shimpoli Road, Borivali West, Mumbai",19.2215722,72.8476953,,,False,"Pibatie, Shop 1, Avanti B Apartments, Haridas Nagar, Shimpoli Road, Borivali West, Mumbai"
"Shop 15 & 20, Gokul Arcade, Subhash Road, Besides Garware, Vile Parle East, Mumbai",https://www.zomato.com/mumbai/masala-mission-vile-parle-east,ae5e60dba271e5c7f28f0339a21ec9cf65050c25,Masala mission,"
Shop 15, 20, Subhash Rd, next to Garware, Victory Society, Navpada, Vile Parle East, Vile Parle, Mumbai, Maharashtra 400057","https://www.google.com/maps/place/Masala+mission/@19.1094554,72.8492932,17z/data=!3m1!4b1!4m6!3m5!1s0x3be7c984af24fb17:0x652f8bf0d6224ed9!8m2!3d19.1094554!4d72.8518681!16s%2Fg%2F11h1kcvwn5?entry=ttu&g_ep=EgoyMDI2MDMxOC4xIKXMDSoASAFQAw%3D%3D",True,False,0x3be7c984af24fb17:0x652f8bf0d6224ed9,Masala Mission,https://www.zomato.com/mumbai/masala-mission-vile-parle-east,ae5e60dba271e5c7f28f0339a21ec9cf65050c25,"Shop 15 & 20, Gokul Arcade, Subhash Road, Besides Garware, Vile Parle East, Mumbai",19.1094554,72.85186809999999,,,False,"Masala Mission, Shop 15 & 20, Gokul Arcade, Subhash Road, Besides Garware, Vile Parle East, Mumbai"
"Roosevelt House, Nowroji Furdonji Road, Apollo Bandar, Colaba, Mumbai, Maharashtra 400001, Colaba, Mumbai",https://www.zomato.com/mumbai/kitchen-garden-by-suzette-1-colaba,68c48522e2d5f09ac877a28806d0464df53e18dc,Kitchen Garden,"
Nowroji Mansion, Roosevelt House, Furdonji Road, behind Taj Hotel, Apollo Bandar, Colaba, Mumbai, Maharashtra 400001","https://www.google.com/maps/place/Kitchen+Garden/@18.9226213,72.8299823,17z/data=!3m1!4b1!4m6!3m5!1s0x3be7d13d5634ed09:0xe816a24736b61500!8m2!3d18.9226213!4d72.8325572!16s%2Fg%2F11j1bz31jv?entry=ttu&g_ep=EgoyMDI2MDMxOC4xIKXMDSoASAFQAw%3D%3D",False,False,0x3be7d13d5634ed09:0xe816a24736b61500,Kitchen Garden By Suzette,https://www.zomato.com/mumbai/kitchen-garden-by-suzette-1-colaba,68c48522e2d5f09ac877a28806d0464df53e18dc,"Roosevelt House, Nowroji Furdonji Road, Apollo Bandar, Colaba, Mumbai, Maharashtra 400001, Colaba, Mumbai",,,,,False,"Kitchen Garden By Suzette, Roosevelt House, Nowroji Furdonji Road, Apollo Bandar, Colaba, Mumbai, Maharashtra 400001, Colaba, Mumbai"
"Shop 2, Sundervan Complex, Shastri Nagar, Andheri Lokhandwala, Andheri West, Mumbai",https://www.zomato.com/mumbai/the-herbiary-andheri-lokhandwala,b1dc0dc6e4e2094cca737e61a8b3e507b5bcb5dc,Valencia Towers,"
next to Shastri Nagar Lane 2, Sundervan Complex, Shastri Nagar, Andheri West, Mumbai, Maharashtra 400053","https://www.google.com/maps/place/Valencia+Towers/@19.1376535,72.7933064,14z/data=!4m10!1m2!2m1!1sThe+Herbiary+Shop+2,+Sundervan+Complex,+Shastri+Nagar,+Andheri+Lokhandwala,+Andheri+West,+Mumbai!3m6!1s0x3be7b622b5c84dd9:0xc12e99de2599add5!8m2!3d19.1376535!4d72.8293553!15sCmBUaGUgSGVyYmlhcnkgU2hvcCAyLCBTdW5kZXJ2YW4gQ29tcGxleCwgU2hhc3RyaSBOYWdhciwgQW5kaGVyaSBMb2toYW5kd2FsYSwgQW5kaGVyaSBXZXN0LCBNdW1iYWmSARJhcGFydG1lbnRfYnVpbGRpbmfgAQA!16s%2Fg%2F1tfj1n1m?entry=ttu&g_ep=EgoyMDI2MDMxOC4xIKXMDSoASAFQAw%3D%3D",False,False,0x3be7b622b5c84dd9:0xc12e99de2599add5,,,,,,,,,,
"Shop 73, Ground Floor, Powai Plaza, Hiranandani, Central Avenue Road, Opposite Gateway Plaza, Powai, Mumbai",https://www.zomato.com/mumbai/taste-of-hindustan-powai,f63a167b4dcef52033a4d6a37dd1c1947d106fe2,Taste of Hindustan,"
Shop 73, Ground Floor, Powai Plaza A Premises, Central Ave, opp. Gateway Plaza, MHADA Colony 20, Powai, Mumbai, Maharashtra 400076","https://www.google.com/maps/place/Taste+of+Hindustan/@19.1162591,72.9018849,17z/data=!3m1!4b1!4m6!3m5!1s0x3be7c78f664c226f:0x4b645f3b3b8369a2!8m2!3d19.1162591!4d72.9044598!16s%2Fg%2F11h11kvy0v?entry=ttu&g_ep=EgoyMDI2MDMxOC4xIKXMDSoASAFQAw%3D%3D",True,False,0x3be7c78f664c226f:0x4b645f3b3b8369a2,Taste Of Hindustan,https://www.zomato.com/mumbai/taste-of-hindustan-powai,f63a167b4dcef52033a4d6a37dd1c1947d106fe2,"Shop 73, Ground Floor, Powai Plaza, Hiranandani, Central Avenue Road, Opposite Gateway Plaza, Powai, Mumbai",19.1162591,72.9044598,,,False,"Taste Of Hindustan, Shop 73, Ground Floor, Powai Plaza, Hiranandani, Central Avenue Road, Opposite Gateway Plaza, Powai, Mumbai"
"9, Rassaz Shopping Mall, Mira Road East, Mira Road, Mumbai",https://www.zomato.com/mumbai/royal-juice-mira-road,84dcaad7b579d5f7362ee8948905bf3fab12a756,Rassaz Mall,"
Rasaz Cir, Opposite Singapore Plaza, Bharti Nagar, Mira Road East, Mira Bhayandar, Maharashtra 401107","https://www.google.com/maps/place/Rassaz+Mall/@19.2840398,72.8451682,15z/data=!3m1!5s0x3be7b04416d74f3d:0x34d0dde6a182caf8!4m10!1m2!2m1!1sRoyal+Juice+9,+Rassaz+Shopping+Mall,+Mira+Road+East,+Mira+Road,+Mumbai!3m6!1s0x3be7b04f579ad587:0x2fbc9627286d601f!8m2!3d19.2840398!4d72.8631926!15sCkZSb3lhbCBKdWljZSA5LCBSYXNzYXogU2hvcHBpbmcgTWFsbCwgTWlyYSBSb2FkIEVhc3QsIE1pcmEgUm9hZCwgTXVtYmFpWkQiQnJveWFsIGp1aWNlIDkgcmFzc2F6IHNob3BwaW5nIG1hbGwgbWlyYSByb2FkIGVhc3QgbWlyYSByb2FkIG11bWJhaZIBD3Nob3BwaW5nX2NlbnRlcuABAA!16s%2Fg%2F1pp2x7m8x?entry=ttu&g_ep=EgoyMDI2MDMxOC4xIKXMDSoASAFQAw%3D%3D",False,False,0x3be7b04416d74f3d:0x34d0dde6a182caf8,,,,,,,,,,
"Unit S-40/41, Plot 39/1, 39/6 To 39/15, Sector 30 A, Municipal Corporation, Inorbit Mall, Vashi, Navi Mumbai",https://www.zomato.com/britishbrewingco,600c9bffe5905875abd31309a120258063de5af1,British Brewing Company - BBC,"
2nd floor, Inorbit Mall, Palm Beach Rd, Sector 30A, Vashi, Navi Mumbai, Maharashtra 400703","https://www.google.com/maps/place/British+Brewing+Company+-+BBC/@19.0657746,72.9982701,17z/data=!3m2!4b1!5s0x3be7c14e8c062607:0xbb952d1af46ea0a5!4m6!3m5!1s0x3be7c14e92a7b18d:0xc33be5b05b7057ad!8m2!3d19.0657746!4d73.000845!16s%2Fg%2F11b7hqddj5?entry=ttu&g_ep=EgoyMDI2MDMxOC4xIKXMDSoASAFQAw%3D%3D",True,False,0x3be7c14e8c062607:0xbb952d1af46ea0a5,,,,,,,,,,
"14, Union Park Road, Khar, Mumbai",https://www.zomato.com/mumbai/call-me-sofia-khar,e6587d94698b36f3da1162f4d0e9d815e749316e,Call Me Sofia,"
14, Union Park Rd, Union Park, Khar West, Mumbai, Maharashtra 400052","https://www.google.com/maps/place/Call+Me+Sofia/@19.0716283,72.822403,17z/data=!3m1!4b1!4m6!3m5!1s0x3be7c972fc40dc83:0x6b509903b6e7a7d9!8m2!3d19.0716283!4d72.8249779!16s%2Fg%2F11zj1ql94f?entry=ttu&g_ep=EgoyMDI2MDMxOC4xIKXMDSoASAFQAw%3D%3D",True,False,0x3be7c972fc40dc83:0x6b509903b6e7a7d9,Call Me Sofia,https://www.zomato.com/mumbai/call-me-sofia-khar,e6587d94698b36f3da1162f4d0e9d815e749316e,"14, Union Park Road, Khar, Mumbai",19.0716283,72.8249779,,,False,"Call Me Sofia, 14, Union Park Road, Khar, Mumbai"
"G-5, Plot B 25, Morya Landmark 1, Opposite VIP Plaza Mumbai, Andheri Lokhandwala, Andheri West, Mumbai",https://www.zomato.com/mumbai/hop-house-of-party-andheri-lokhandwala,e428054e5ef229c07c4b096370a84636bece8fc6,HOP (House of Party),"
Plot B, STAND FORD PLAZA, G - 5, 25, Off New Link Rd, Andheri W, Mumbai, Maharashtra 400053","https://www.google.com/maps/place/HOP+(House+of+Party)/@19.1404713,72.830747,17z/data=!3m1!4b1!4m6!3m5!1s0x3be7b63c9b239481:0xd41c4168cfc8078b!8m2!3d19.1404713!4d72.8333219!16s%2Fg%2F11g6ylfmj_?entry=ttu&g_ep=EgoyMDI2MDMxOC4xIKXMDSoASAFQAw%3D%3D",False,False,0x3be7b63c9b239481:0xd41c4168cfc8078b,HOP : House of Party,https://www.zomato.com/mumbai/hop-house-of-party-andheri-lokhandwala,e428054e5ef229c07c4b096370a84636bece8fc6,"G-5, Plot B 25, Morya Landmark 1, Opposite VIP Plaza Mumbai, Andheri Lokhandwala, Andheri West, Mumbai",19.1404713,72.8333219,,,False,"HOP : House of Party, G-5, Plot B 25, Morya Landmark 1, Opposite VIP Plaza Mumbai, Andheri Lokhandwala, Andheri West, Mumbai"
"14, Union Park, Nargis Dutt Road, Khar, Mumbai",https://www.zomato.com/mumbai/olive-bar-kitchen-khar,4216cb2b24c42451461a628e8eb70af62f02c636,Olive Bar and Kitchen,"
14, Nargis Dutt Rd, Union Park, Khar West, Mumbai, Maharashtra 400052","https://www.google.com/maps/place/Olive+Bar+and+Kitchen/@19.0718273,72.8226487,17z/data=!3m1!4b1!4m6!3m5!1s0x3be7c972e372dc89:0xa9a41da596e8190c!8m2!3d19.0718273!4d72.8252236!16s%2Fg%2F1tvq2lfg?entry=ttu&g_ep=EgoyMDI2MDMxOC4xIKXMDSoASAFQAw%3D%3D",False,False,0x3be7c972e372dc89:0xa9a41da596e8190c,Olive Bar & Kitchen,https://www.zomato.com/mumbai/olive-bar-kitchen-khar,4216cb2b24c42451461a628e8eb70af62f02c636,"14, Union Park, Nargis Dutt Road, Khar, Mumbai",19.0718273,72.8252236,,,False,"Olive Bar & Kitchen, 14, Union Park, Nargis Dutt Road, Khar, Mumbai"
"10-A, 1st Floor, Raj Kutir Apartment, 3rd Street, Ram Krishna Nagar, Next to Khar Railway Station, Khar, Mumbai, Linking Road, Bandra West, Mumbai",https://www.zomato.com/mumbai/saqi-bar-kitchen-linking-road-bandra-west,932a5ecc0d7365d6866e19a19a79cd3f1376842a,SAQI (Bar & Kitchen),"
First floor 10/A, Raj Kutir Apartment, Railway Station, 3rd Street, near Unicontinental Hotel, Khar, Ram Krishna Nagar, Khar West, Mumbai, Maharashtra 400052","https://www.google.com/maps/place/SAQI+(Bar+%26+Kitchen)/@19.070664,72.8373699,17z/data=!3m1!4b1!4m6!3m5!1s0x3be7c917d2db43eb:0xd2639a41a723750!8m2!3d19.070664!4d72.8399448!16s%2Fg%2F11stpyq4lx?entry=ttu&g_ep=EgoyMDI2MDMxOC4xIKXMDSoASAFQAw%3D%3D",False,False,0x3be7c917d2db43eb:0xd2639a41a723750,Saqi - Bar & Kitchen,https://www.zomato.com/mumbai/saqi-bar-kitchen-linking-road-bandra-west,932a5ecc0d7365d6866e19a19a79cd3f1376842a,"10-A, 1st Floor, Raj Kutir Apartment, 3rd Street, Ram Krishna Nagar, Next to Khar Railway Station, Khar, Mumbai, Linking Road, Bandra West, Mumbai",19.070664,72.8399448,,,False,"Saqi - Bar & Kitchen, 10-A, 1st Floor, Raj Kutir Apartment, 3rd Street, Ram Krishna Nagar, Next to Khar Railway Station, Khar, Mumbai, Linking Road, Bandra West, Mumbai"
"500, Sant Kutir Apartments, Road 24, Linking Road, Khar, Mumbai",https://www.zomato.com/mumbai/blondie-1-khar,a455925fb74ac9fedcb41c5d0b55ec97dfb253e7,Blondie,"
Sant Kutir Appartments, 500, Rd Number 24, Khar West, Mumbai, Maharashtra 400052","https://www.google.com/maps/place/Blondie/@19.0663567,72.8310595,17z/data=!3m1!4b1!4m6!3m5!1s0x3be7c962ab1b6175:0xec45ac6e12f7aa1e!8m2!3d19.0663567!4d72.8336344!16s%2Fg%2F11x5y510bg?entry=ttu&g_ep=EgoyMDI2MDMxOC4xIKXMDSoASAFQAw%3D%3D",True,False,0x3be7c962ab1b6175:0xec45ac6e12f7aa1e,Blondie,https://www.zomato.com/mumbai/blondie-1-khar,a455925fb74ac9fedcb41c5d0b55ec97dfb253e7,"500, Sant Kutir Apartments, Road 24, Linking Road, Khar, Mumbai",19.0663567,72.8336344,,,False,"Blondie, 500, Sant Kutir Apartments, Road 24, Linking Road, Khar, Mumbai"
"Ground Floor, 21st Road, Khar, Mumbai",https://www.zomato.com/mumbai/isvara-khar,81d6740ac1ee556106d601168ec0aa1a51f2d967,Konkani Haven - Isvara,"
Shubhangan Hotel, 21st Rd, behind Poco Loco, Khar, Khar West, backyard, Mumbai, Maharashtra 400052","https://www.google.com/maps/place/Konkani+Haven+-+Isvara/@19.074877,72.8087137,15z/data=!4m10!1m2!2m1!1sIsvara+Ground+Floor,+21st+Road,+Khar,+Mumbai!3m6!1s0x3be7c921a05983bf:0x3aed409024121865!8m2!3d19.074877!4d72.8267381!15sCixJc3ZhcmEgR3JvdW5kIEZsb29yLCAyMXN0IFJvYWQsIEtoYXIsIE11bWJhaVorIilpc3ZhcmEgZ3JvdW5kIGZsb29yIDIxc3Qgcm9hZCBraGFyIG11bWJhaZIBCnJlc3RhdXJhbnTgAQA!16s%2Fg%2F11wbz4j4_9?entry=ttu&g_ep=EgoyMDI2MDMxOC4xIKXMDSoASAFQAw%3D%3D",True,False,0x3be7c921a05983bf:0x3aed409024121865,,,,,,,,,,
"Near Mumbai Airport, Terminal 1, off Nehru Road, Vile Parle East, Mumbai",https://www.zomato.com/mumbai/blend-kitchen-and-bar-vile-parle-east,af75f379e6a2067262996b3f7ffb2830a8cbe571,Blend Kitchen & Bar,"
Nehru Rd, near Terminal 1, Ext, Vile Parle East, Vile Parle, Mumbai, Maharashtra 400099","https://www.google.com/maps/place/Blend+Kitchen+%26+Bar/@19.0971577,72.8515431,17z/data=!3m1!4b1!4m6!3m5!1s0x3be7c9dc084f20e7:0x3364654ffcc2ca17!8m2!3d19.0971577!4d72.854118!16s%2Fg%2F11xn80pk5n?entry=ttu&g_ep=EgoyMDI2MDMxOC4xIKXMDSoASAFQAw%3D%3D",False,False,0x3be7c9dc084f20e7:0x3364654ffcc2ca17,Cafe Sidewalk,https://www.zomato.com/mumbai/cafe-sidewalk-vile-parle-east,9765c29e54bba8d1c265d09cb53e88c2a58de48b,"Nehru Road, Near Terminal 1 Extension, Vile Parle East, Mumbai",19.0971577,72.854118,,,False,"Cafe Sidewalk, Nehru Road, Near Terminal 1 Extension, Vile Parle East, Mumbai"
"Near Mumbai Airport, Terminal 1, off Nehru Road, Vile Parle East, Mumbai",https://www.zomato.com/mumbai/blend-kitchen-and-bar-vile-parle-east,af75f379e6a2067262996b3f7ffb2830a8cbe571,Blend Kitchen & Bar,"
Nehru Rd, near Terminal 1, Ext, Vile Parle East, Vile Parle, Mumbai, Maharashtra 400099","https://www.google.com/maps/place/Blend+Kitchen+%26+Bar/@19.0971577,72.8515431,17z/data=!3m1!4b1!4m6!3m5!1s0x3be7c9dc084f20e7:0x3364654ffcc2ca17!8m2!3d19.0971577!4d72.854118!16s%2Fg%2F11xn80pk5n?entry=ttu&g_ep=EgoyMDI2MDMxOC4xIKXMDSoASAFQAw%3D%3D",False,False,0x3be7c9dc084f20e7:0x3364654ffcc2ca17,Blend Kitchen And Bar,https://www.zomato.com/mumbai/blend-kitchen-and-bar-vile-parle-east,af75f379e6a2067262996b3f7ffb2830a8cbe571,"Near Mumbai Airport, Terminal 1, off Nehru Road, Vile Parle East, Mumbai",,,,,False,"Blend Kitchen And Bar, Near Mumbai Airport, Terminal 1, off Nehru Road, Vile Parle East, Mumbai"
"Hilton Mumbai International Airport, Sahar International Airport Road, Chakala, Mumbai",https://www.zomato.com/mumbai/ic-by-hilton-mumbai-chakala,b4590656fbda4bd6b6acebc635b816e2a1360ae2,The Brasserie,"
Chhatrapati Shivaji Maharaj Int'l Airport Rd, Ashok Nagar, Andheri East, Mumbai, Maharashtra 400099","https://www.google.com/maps/place/The+Brasserie/@19.1044496,72.8681646,17z/data=!4m22!1m11!3m10!1s0x3be7ce224b4c04c7:0xbf859322b983d3b9!2sHilton+Mumbai+International+Airport!5m3!1s2026-03-23!4m1!1i2!8m2!3d19.1044496!4d72.8707395!16s%2Fg%2F1ygbb7sqk!3m9!1s0x3be7c84844b1b5b7:0x7a75de01f81a0eb9!5m3!1s2026-03-23!4m1!1i2!8m2!3d19.104445!4d72.8712423!16s%2Fg%2F1vppq_f_?entry=ttu&g_ep=EgoyMDI2MDMxOC4xIKXMDSoASAFQAw%3D%3D",False,False,0x3be7ce224b4c04c7:0xbf859322b983d3b9,IC By Hilton Mumbai,https://www.zomato.com/mumbai/ic-by-hilton-mumbai-chakala,b4590656fbda4bd6b6acebc635b816e2a1360ae2,"Hilton Mumbai International Airport, Sahar International Airport Road, Chakala, Mumbai",19.1044496,72.8707395,,,False,"IC By Hilton Mumbai, Hilton Mumbai International Airport, Sahar International Airport Road, Chakala, Mumbai"
"Asmita Garden, Shoppe Poonam Sagar Complex, Opposite Dolphin Garden Building, Mira Road, Mumbai",https://www.zomato.com/mumbai/some-place-nice-mira-road,3bf1752d0d19ebe6a0af3d4c40d24f2fb760c558,Asmita Garden II,"
B-504, Poonam Sagar Complex, Mira Road East, Mira Bhayandar, Maharashtra 401107","https://www.google.com/maps/place/Asmita+Garden+II/@19.2724588,72.8278538,14z/data=!4m13!1m5!2m4!1sSome+Place+Nice+Asmita+Garden,+Shoppe+Poonam+Sagar+Complex,+Opposite+Dolphin+Garden+Building,+Mira+Road,+Mumbai!5m2!5m1!1s2026-03-23!3m6!1s0x3be7b059e4dded2d:0xae9202a255c33c3b!8m2!3d19.2724588!4d72.8639027!15sCm9Tb21lIFBsYWNlIE5pY2UgQXNtaXRhIEdhcmRlbiwgU2hvcHBlIFBvb25hbSBTYWdhciBDb21wbGV4LCBPcHBvc2l0ZSBEb2xwaGluIEdhcmRlbiBCdWlsZGluZywgTWlyYSBSb2FkLCBNdW1iYWmSAQ9ob3VzaW5nX3NvY2lldHngAQA!16s%2Fg%2F11c311_8xh?entry=ttu&g_ep=EgoyMDI2MDMxOC4xIKXMDSoASAFQAw%3D%3D",False,False,0x3be7b059e4dded2d:0xae9202a255c33c3b,Some Place Nice,https://www.zomato.com/mumbai/some-place-nice-mira-road,3bf1752d0d19ebe6a0af3d4c40d24f2fb760c558,"Asmita Garden, Shoppe Poonam Sagar Complex, Opposite Dolphin Garden Building, Mira Road, Mumbai",19.2724588,72.8639027,,,False,"Some Place Nice, Asmita Garden, Shoppe Poonam Sagar Complex, Opposite Dolphin Garden Building, Mira Road, Mumbai"
"Shop 10, Green Ville Chs Ltd, Near Lokhandwala Garden, Andheri Lokhandwala, Andheri West, Mumbai",https://www.zomato.com/mumbai/sultanate-of-shawarma-andheri-lokhandwala,adb4d96f75ca337a47520940ee2f384e80164798,Third Wave Coffee,"
Ground floor, Green Ville CHS, opposite Samarth Vaibhav, Lokhandwala Complex, Andheri West, Mumbai, Maharashtra 400053","https://www.google.com/maps/place/Third+Wave+Coffee/@19.1466111,72.7926461,14z/data=!4m10!1m2!2m1!1sSultanate+Of+Shawarma+Shop+10,+Green+Ville+Chs+Ltd,+Near+Lokhandwala+Garden,+Andheri+Lokhandwala,+Andheri+West,+Mumbai!3m6!1s0x3be7b74af7681dc3:0xa0bf0ec6fb34e33c!8m2!3d19.1466111!4d72.828695!15sCnZTdWx0YW5hdGUgT2YgU2hhd2FybWEgU2hvcCAxMCwgR3JlZW4gVmlsbGUgQ2hzIEx0ZCwgTmVhciBMb2toYW5kd2FsYSBHYXJkZW4sIEFuZGhlcmkgTG9raGFuZHdhbGEsIEFuZGhlcmkgV2VzdCwgTXVtYmFpWnMicXN1bHRhbmF0ZSBvZiBzaGF3YXJtYSBzaG9wIDEwIGdyZWVuIHZpbGxlIGNocyBsdGQgbmVhciBsb2toYW5kd2FsYSBnYXJkZW4gYW5kaGVyaSBsb2toYW5kd2FsYSBhbmRoZXJpIHdlc3QgbXVtYmFpkgEEY2FmZeABAA!16s%2Fg%2F11q41g_8j7?entry=ttu&g_ep=EgoyMDI2MDMxOC4xIKXMDSoASAFQAw%3D%3D",False,False,0x3be7b74af7681dc3:0xa0bf0ec6fb34e33c,Sultanate Of Shawarma,https://www.zomato.com/mumbai/sultanate-of-shawarma-andheri-lokhandwala,adb4d96f75ca337a47520940ee2f384e80164798,"Shop 10, Green Ville Chs Ltd, Near Lokhandwala Garden, Andheri Lokhandwala, Andheri West, Mumbai",19.136707,72.8293137,,,False,"Sultanate Of Shawarma, Shop 10, Green Ville Chs Ltd, Near Lokhandwala Garden, Andheri Lokhandwala, Andheri West, Mumbai"
"Shop 38-39, Plot 57, Twins Tower, Sector- 20, Kharghar, Navi Mumbai",https://www.zomato.com/mumbai/soho-asian-kitchen-kharghar-navi-mumbai,08103b1ffb6b0bf240b76b74c3f256208412c56c,Soho Asian Kitchen,"
Shop No.38/39, Twins Tower, Sector 20, Kharghar, Panvel, Maharashtra 410210","https://www.google.com/maps/place/Soho+Asian+Kitchen/@19.0514904,73.0703943,17z/data=!3m1!4b1!4m6!3m5!1s0x3be7c39d96f91659:0xb21d024bb85f9665!8m2!3d19.0514904!4d73.0729692!16s%2Fg%2F11v5c1hvgr?entry=ttu&g_ep=EgoyMDI2MDMxOC4xIKXMDSoASAFQAw%3D%3D",True,False,0x3be7c39d96f91659:0xb21d024bb85f9665,Soho Asian Kitchen,https://www.zomato.com/mumbai/soho-asian-kitchen-kharghar-navi-mumbai,08103b1ffb6b0bf240b76b74c3f256208412c56c,"Shop 38-39, Plot 57, Twins Tower, Sector- 20, Kharghar, Navi Mumbai",19.0514904,73.0729692,,,False,"Soho Asian Kitchen, Shop 38-39, Plot 57, Twins Tower, Sector- 20, Kharghar, Navi Mumbai"
"Kurla Road Peninsula Red Pine Hotel Near Airport Road Metro Station, Andheri East, Mumbai",https://www.zomato.com/mumbai/the-stables-peninsula-redpine-andheri-east,1cc1f1336890dfda709ab0f7c582b54ef4ac38a5,The Stables,"
Andheri - Kurla Road Peninsula Red Pine Hotel Near Airport Road Metro Station, Andheri East, Mumbai, Maharashtra 400059","https://www.google.com/maps/place/The+Stables/@19.1096975,72.8715007,17z/data=!4m10!1m2!2m1!1sThe+Stables+-+Peninsula+Redpine+Kurla+Road+Peninsula+Red+Pine+Hotel+Near+Airport+Road+Metro+Station,+Andheri+East,+Mumbai!3m6!1s0x3be7c8156606bd63:0x8f64a34f5806f471!8m2!3d19.1096975!4d72.8760068!15sCnlUaGUgU3RhYmxlcyAtIFBlbmluc3VsYSBSZWRwaW5lIEt1cmxhIFJvYWQgUGVuaW5zdWxhIFJlZCBQaW5lIEhvdGVsIE5lYXIgQWlycG9ydCBSb2FkIE1ldHJvIFN0YXRpb24sIEFuZGhlcmkgRWFzdCwgTXVtYmFpWncidXRoZSBzdGFibGVzIHBlbmluc3VsYSByZWRwaW5lIGt1cmxhIHJvYWQgcGVuaW5zdWxhIHJlZCBwaW5lIGhvdGVsIG5lYXIgYWlycG9ydCByb2FkIG1ldHJvIHN0YXRpb24gYW5kaGVyaSBlYXN0IG11bWJhaZIBA2JhcuABAA!16s%2Fg%2F11c6t7lmkd?entry=ttu&g_ep=EgoyMDI2MDMxOC4xIKXMDSoASAFQAw%3D%3D",False,True,0x3be7c8156606bd63:0x8f64a34f5806f471,The Stables - Peninsula Redpine,https://www.zomato.com/mumbai/the-stables-peninsula-redpine-andheri-east,1cc1f1336890dfda709ab0f7c582b54ef4ac38a5,"Kurla Road Peninsula Red Pine Hotel Near Airport Road Metro Station, Andheri East, Mumbai",,,,,False,"The Stables - Peninsula Redpine, Kurla Road Peninsula Red Pine Hotel Near Airport Road Metro Station, Andheri East, Mumbai"
"14, Off Carter Road, Union Park, Khar, Mumbai",https://www.zomato.com/mumbai/deli-by-the-blue-khar,9fdcdc60223675379ca47655a774d1f139dee019,OUT OF THE BLUE,"
14, Union Park Rd Number 4, Khar, Union Park, W, Mumbai, Maharashtra 400052","https://www.google.com/maps/place/OUT+OF+THE+BLUE/@19.0718117,72.8074023,15z/data=!4m16!1m8!2m7!1sDeli+By+The+Blue+14,+Off+Carter+Road,+Union+Park,+Khar,+Mumbai!3m5!2s19.1101477,72.8742319!3s0x3be7c83fcef12d03:0x73ffb25188038ab8!4m2!1d72.8742319!2d19.1101477!3m6!1s0x3be7c9fced6cf2c9:0xc186562941861c7!8m2!3d19.0718117!4d72.8254267!15sCj5EZWxpIEJ5IFRoZSBCbHVlIDE0LCBPZmYgQ2FydGVyIFJvYWQsIFVuaW9uIFBhcmssIEtoYXIsIE11bWJhaVo8IjpkZWxpIGJ5IHRoZSBibHVlIDE0IG9mZiBjYXJ0ZXIgcm9hZCB1bmlvbiBwYXJrIGtoYXIgbXVtYmFpkgETZXVyb3BlYW5fcmVzdGF1cmFudOABAA!16s%2Fg%2F11pcrtlbw_?entry=ttu&g_ep=EgoyMDI2MDMxOC4xIKXMDSoASAFQAw%3D%3D",False,False,0x3be7c83fcef12d03:0x73ffb25188038ab8,,,,,,,,,,
"70 C, The Orchid, Nehru Road, Vile Parle East, Mumbai",https://www.zomato.com/mumbai/boulevard-the-orchid-vile-parle-east,4280555cb961a07b8676a18149ccdc07d6b93812,The Orchid Hotel Mumbai Vile Parle,"
T1, 70-C, Nehru Rd, near Chhatrapati Shivaji Maharaj International Airport Mumbai, Navpada, Vile Parle East, Vile Parle, Mumbai, Maharashtra 400099","https://www.google.com/maps/place/The+Orchid+Hotel+Mumbai+Vile+Parle/@19.0973152,72.8504522,17z/data=!4m20!1m8!2m7!1sBoulevard+-+The+Orchid+70+C,+The+Orchid,+Nehru+Road,+Vile+Parle+East,+Mumbai!3m5!2s19.1101477,72.8742319!3s0x3be7c83fcef12d03:0x73ffb25188038ab8!4m2!1d72.8742319!2d19.1101477!3m10!1s0x3be7c84dab4f05f3:0xa340672d24c78185!5m3!1s2026-03-23!4m1!1i2!8m2!3d19.0973152!4d72.8549583!15sCkxCb3VsZXZhcmQgLSBUaGUgT3JjaGlkIDcwIEMsIFRoZSBPcmNoaWQsIE5laHJ1IFJvYWQsIFZpbGUgUGFybGUgRWFzdCwgTXVtYmFpIgOIAQFaSCJGYm91bGV2YXJkIHRoZSBvcmNoaWQgNzAgYyB0aGUgb3JjaGlkIG5laHJ1IHJvYWQgdmlsZSBwYXJsZSBlYXN0IG11bWJhaZIBBWhvdGVs4AEA!16s%2Fg%2F1tfl83l1?entry=ttu&g_ep=EgoyMDI2MDMxOC4xIKXMDSoASAFQAw%3D%3D",False,False,0x3be7c83fcef12d03:0x73ffb25188038ab8,,,,,,,,,,
"Veer Savarkar Flyover, SV Road, Goregaon West, Mumbai",https://www.zomato.com/mumbai/tipple-goregaon-west,e35c2cfd12e1fe4693687bf854516fb6d394852f,Veer Savarkar Flyover Goregaon,"
5RFV+CW7, Veer Savarkar Flyover, Malad, Sunder Nagar, Malad West, Mumbai, Maharashtra 400104","https://www.google.com/maps/place/Veer+Savarkar+Flyover+Goregaon/@19.1735422,72.8267779,15z/data=!4m19!1m11!2m10!1sTipple+Veer+Savarkar+Flyover,+SV+Road,+Goregaon+West,+Mumbai!3m5!2s19.1101477,72.8742319!3s0x3be7c83fcef12d03:0x73ffb25188038ab8!4m2!1d72.8742319!2d19.1101477!5m2!5m1!1s2026-03-23!3m6!1s0x3be7b7c56c99ff97:0x573058083248b5cc!8m2!3d19.1735422!4d72.8448023!15sCjxUaXBwbGUgVmVlciBTYXZhcmthciBGbHlvdmVyLCBTViBSb2FkLCBHb3JlZ2FvbiBXZXN0LCBNdW1iYWmSAQZicmlkZ2XgAQA!16s%2Fg%2F11mfrj38rj?entry=ttu&g_ep=EgoyMDI2MDMxOC4xIKXMDSoASAFQAw%3D%3D",False,False,0x3be7c83fcef12d03:0x73ffb25188038ab8,,,,,,,,,,
"Shop 1, Vajransh Apartment, IC Colony, Holy Cross Road, Borivali West, Mumbai",https://www.zomato.com/mumbai/creamy-cool-borivali-west,a1b2c6909a9a38ad28a3482bc7d3096172fb3086,Creamy creation,"
64/67mhada lay out, rsc 13, near Mangal Murti Hospital Road, Gorai 2, Mumbai, Maharashtra 400091","https://www.google.com/maps/place/Creamy+creation/@19.2263909,72.7556408,13z/data=!4m16!1m8!2m7!1sCreamy+Cool+Shop+1,+Vajransh+Apartment,+IC+Colony,+Holy+Cross+Road,+Borivali+West,+Mumbai!3m5!2s19.1101477,72.8742319!3s0x3be7c83fcef12d03:0x73ffb25188038ab8!4m2!1d72.8742319!2d19.1101477!3m6!1s0x3be7b1f1de4e97bd:0x3bc909f412a5e9bb!8m2!3d19.2263909!4d72.8277386!15sCllDcmVhbXkgQ29vbCBTaG9wIDEsIFZhanJhbnNoIEFwYXJ0bWVudCwgSUMgQ29sb255LCBIb2x5IENyb3NzIFJvYWQsIEJvcml2YWxpIFdlc3QsIE11bWJhaVpWIlRjcmVhbXkgY29vbCBzaG9wIDEgdmFqcmFuc2ggYXBhcnRtZW50IGljIGNvbG9ueSBob2x5IGNyb3NzIHJvYWQgYm9yaXZhbGkgd2VzdCBtdW1iYWmSAQljYWtlX3Nob3DgAQA!16s%2Fg%2F11fpnvfpgq?entry=ttu&g_ep=EgoyMDI2MDMxOC4xIKXMDSoASAFQAw%3D%3D",False,False,0x3be7c83fcef12d03:0x73ffb25188038ab8,,,,,,,,,,
"CTS 1189, Shop 427/7, Chandrakant Ramji Kini Chawl, Malad West, Mumbai",https://www.zomato.com/mumbai/amaari-1-malad-west,1d93162d3e91143296cde85e442ba8fc53e7d697,Amaari - Beyond Dining,"
Above Warehouse Lounge & Bar, New Link Road, Chincholi Bunder Rd, opp. Vinay Industrial Estate, near Mahanagar CNG Pump, Mumbai, Maharashtra 400064","https://www.google.com/maps/place/Amaari+-+Beyond+Dining/@19.1749018,72.8350711,17z/data=!3m1!4b1!4m6!3m5!1s0x3be7b7402a780def:0x1e27006a0e23630f!8m2!3d19.1749018!4d72.837646!16s%2Fg%2F11zjzbth06?entry=ttu&g_ep=EgoyMDI2MDMxOC4xIKXMDSoASAFQAw%3D%3D",True,False,0x3be7b7402a780def:0x1e27006a0e23630f,Amaari,https://www.zomato.com/mumbai/amaari-1-malad-west,1d93162d3e91143296cde85e442ba8fc53e7d697,"CTS 1189, Shop 427/7, Chandrakant Ramji Kini Chawl, Malad West, Mumbai",19.1749018,72.83764599999999,,,False,"Amaari, CTS 1189, Shop 427/7, Chandrakant Ramji Kini Chawl, Malad West, Mumbai"
"2nd Floor, Plot B10, CTS 608, Off Link Road, Gopi Chamber, Opposite Citi Mall, Oshiwara, Andheri Lokhandwala, Andheri West, Mumbai",https://www.zomato.com/mumbai/aaomi-1-andheri-lokhandwala,0c52e82e3c567f8a95491e0c87dbc16dd836adf0,,"
2nd Floor, Gopi Chamber, Plot no B10, CTS No 608, Off Link Rd, opp. Citi Mall, Oshiwara, Andheri West, Mumbai, Maharashtra 400053","https://www.google.com/maps/place/Aaomi+Andheri/@19.1394876,72.8293666,17z/data=!3m1!4b1!4m6!3m5!1s0x3be7b76ce67b4b57:0x176df73b16234181!8m2!3d19.1394876!4d72.8319415!16s%2Fg%2F11yp80j3_c?entry=ttu&g_ep=EgoyMDI2MDMxOC4xIKXMDSoASAFQAw%3D%3D",False,False,0x3be7b76ce67b4b57:0x176df73b16234181,Aaomi,https://www.zomato.com/mumbai/aaomi-1-andheri-lokhandwala,0c52e82e3c567f8a95491e0c87dbc16dd836adf0,"2nd Floor, Plot B10, CTS 608, Off Link Road, Gopi Chamber, Opposite Citi Mall, Oshiwara, Andheri Lokhandwala, Andheri West, Mumbai",19.1394876,72.8319415,,,False,"Aaomi, 2nd Floor, Plot B10, CTS 608, Off Link Road, Gopi Chamber, Opposite Citi Mall, Oshiwara, Andheri Lokhandwala, Andheri West, Mumbai"
"Shop 6 & 7, Opposite Toyota Showroom, Ganga Niwas, Link Road, Malad West, Mumbai",https://www.zomato.com/mumbai/the-red-turtle-pan-asian-bistro-malad-west,ec8ec12c211e1909f08589b6b1f732372ec0c421,Aaomi Andheri,"
Ganga Niwas, Malad, Chincholi Bunder, Malad West, Mumbai, Maharashtra 400064","https://www.google.com/maps/place/Red+Turtle/@19.181414,72.8337251,17z/data=!3m1!4b1!4m6!3m5!1s0x3be7b7002d2f7fdd:0x2c369b50cde8dc58!8m2!3d19.181414!4d72.8363!16s%2Fg%2F11x7klt06y?entry=ttu&g_ep=EgoyMDI2MDMxOC4xIKXMDSoASAFQAw%3D%3D",False,False,0x3be7b7002d2f7fdd:0x2c369b50cde8dc58,,,,,,,,,,
"Shop 18, Plot 1-1C, Seawoods, Navi Mumbai",https://www.zomato.com/mumbai/cafe-70-degree-celcius-seawoods-navi-mumbai,9dd3f2e63b1471b93051a11c262f8720f6e4cd5b,Café 70,"
Shop no. 18, Akshar, SHREEJI HEIGHTS, Sector-46/A, Karave Nagar, Seawoods, Navi Mumbai, Maharashtra 400706","https://www.google.com/maps/place/Caf%C3%A9+70/@19.0111161,73.0096199,17z/data=!3m1!4b1!4m6!3m5!1s0x3be7c3a2b8da8de9:0xb5c125299ba3f693!8m2!3d19.0111161!4d73.0121948!16s%2Fg%2F11gtzh5dg3?entry=ttu&g_ep=EgoyMDI2MDMxOC4xIKXMDSoASAFQAw%3D%3D",False,False,0x3be7c3a2b8da8de9:0xb5c125299ba3f693,Cafe 70 Degree Celcius,https://www.zomato.com/mumbai/cafe-70-degree-celcius-seawoods-navi-mumbai,9dd3f2e63b1471b93051a11c262f8720f6e4cd5b,"Shop 18, Plot 1-1C, Seawoods, Navi Mumbai",19.0111161,73.0121948,,,False,"Cafe 70 Degree Celcius, Shop 18, Plot 1-1C, Seawoods, Navi Mumbai"
"Plot 21 & 34, Saffron House, MIDC, Andheri East, Central Road, Mahakali, Mumbai",https://www.zomato.com/mumbai/banjara-goldfinch-hotel-mahakali,45cc6b8ab17abafd360341d85b093ca6f705f232,Banjara Mumbai,"
Plot No. 34, Goldfinch Hotel, 21, MIDC Central Rd, M.I.D.C, Chakala Industrial Area (MIDC), Andheri East, Mumbai, Maharashtra 400093","https://www.google.com/maps/place/Banjara+Mumbai/@19.1196947,72.8656427,17z/data=!4m10!1m2!2m1!1sBanjara+-+Goldfinch+Hotel+Plot+21+%26+34,+Saffron+House,+MIDC,+Andheri+East,+Central+Road,+Mahakali,+Mumbai!3m6!1s0x3be7c8234592436d:0xbd683de57cf9ee02!8m2!3d19.1196947!4d72.8701488!15sCmlCYW5qYXJhIC0gR29sZGZpbmNoIEhvdGVsIFBsb3QgMjEgJiAzNCwgU2FmZnJvbiBIb3VzZSwgTUlEQywgQW5kaGVyaSBFYXN0LCBDZW50cmFsIFJvYWQsIE1haGFrYWxpLCBNdW1iYWkiA4gBAVpjImFiYW5qYXJhIGdvbGRmaW5jaCBob3RlbCBwbG90IDIxICYgMzQgc2FmZnJvbiBob3VzZSBtaWRjIGFuZGhlcmkgZWFzdCBjZW50cmFsIHJvYWQgbWFoYWthbGkgbXVtYmFpkgERYnVmZmV0X3Jlc3RhdXJhbnTgAQA!16s%2Fg%2F11ggk1zdqz?entry=ttu&g_ep=EgoyMDI2MDMxOC4xIKXMDSoASAFQAw%3D%3D",False,False,0x3be7c8234592436d:0xbd683de57cf9ee02,Banjara - Goldfinch Hotel,https://www.zomato.com/mumbai/banjara-goldfinch-hotel-mahakali,45cc6b8ab17abafd360341d85b093ca6f705f232,"Plot 21 & 34, Saffron House, MIDC, Andheri East, Central Road, Mahakali, Mumbai",19.1196947,72.8701488,,,False,"Banjara - Goldfinch Hotel, Plot 21 & 34, Saffron House, MIDC, Andheri East, Central Road, Mahakali, Mumbai"
"Shop No. 5, Ground Floor, INS Tower, G Block, Bandra Kurla Complex, Mumbai",https://www.zomato.com/mumbai/bawri-bandra-kurla-complex,9ebf9b38db1ff7d9c4acaf64119618f51759c17a,Bawri,"
Bawri, Shop No. 5, Ground Floor, Ins Tower, G Block BKC, Bandra Kurla Complex, Bandra East, Mumbai, Maharashtra 400098","https://www.google.com/maps/place/Bawri/@19.0671507,72.8634559,17z/data=!3m1!4b1!4m6!3m5!1s0x3be7c90012eea477:0x84fbbd3094fcc781!8m2!3d19.0671507!4d72.8660308!16s%2Fg%2F11lcgy9z7v?entry=ttu&g_ep=EgoyMDI2MDMxOC4xIKXMDSoASAFQAw%3D%3D",True,False,0x3be7c90012eea477:0x84fbbd3094fcc781,,,,,,,,,,
"Shop 1 & 2, ONGC Housing Colony, Ward H/W, Opposite Lilavati Hospital, Reclamation, Bandra West, Mumbai",https://www.zomato.com/mumbai/common-house-taproom-and-restaurant-reclamation-bandra-west,e85bb1bb0b0ef48b3a9bc4da513d96f88fd0ca21,"Common House, Bandra","
Shop no.1, ONGC Quarters, Ankleshwar Towers, near Lilavati Hospital, HIG Colony, Nityanand Nagar, Reclamation, Bandra West, Mumbai, Maharashtra 400050","https://www.google.com/maps/place/Common+House,+Bandra/@19.0488886,72.8260089,17z/data=!3m1!4b1!4m6!3m5!1s0x3be7c900650e1879:0x210b54b954d4e49a!8m2!3d19.0488886!4d72.8285838!16s%2Fg%2F11xsx8wrcq?entry=ttu&g_ep=EgoyMDI2MDMxOC4xIKXMDSoASAFQAw%3D%3D",False,False,0x3be7c900650e1879:0x210b54b954d4e49a,,,,,,,,,,
"Ground Floor, Plaza Building, Link Road, Malad West, Mumbai",https://www.zomato.com/mumbai/hops-kitchen-bar-malad-west,1a82f81f7db79f123f611a8de1b901b5d2944f23,Hops Kitchen & Bar Malad,"
Ground Floor, Link Plaza, New Link Rd, near Inorbit Mall(India) Pvt. Ltd, Malad, Sunder Nagar, Malad West, Mumbai, Maharashtra 400064","https://www.google.com/maps/place/Hops+Kitchen+%26+Bar+Malad/@19.1762442,72.8349045,17z/data=!3m1!4b1!4m6!3m5!1s0x3be7b7572439a44d:0x13ac2515b2d9c151!8m2!3d19.1762442!4d72.8374794!16s%2Fg%2F11y04gbvpz?entry=ttu&g_ep=EgoyMDI2MDMxOC4xIKXMDSoASAFQAw%3D%3D",True,False,0x3be7b7572439a44d:0x13ac2515b2d9c151,Hops Kitchen & Bar,https://www.zomato.com/mumbai/hops-kitchen-bar-malad-west,1a82f81f7db79f123f611a8de1b901b5d2944f23,"Ground Floor, Plaza Building, Link Road, Malad West, Mumbai",19.1762442,72.83747939999999,,,False,"Hops Kitchen & Bar, Ground Floor, Plaza Building, Link Road, Malad West, Mumbai"
"Navpada, Chhatrapati Shivaji International Airport, IA Project Road, Vile Parle West, Mumbai",https://www.zomato.com/mumbai/el-jw-marriott-mumbai-sahar-vile-parle-west,d95d190ddce0846fc692ea588c4537a4b042d2ee,JW Marriott Mumbai Sahar,"
Chhatrapati Shivaji International Airport, IA Project Rd, Navpada, Vile Parle East, Vile Parle, Andheri, Mumbai, Maharashtra 400099","https://www.google.com/maps/place/JW+Marriott+Mumbai+Sahar/@19.1032225,72.8752342,17z/data=!3m1!4b1!4m10!3m9!1s0x3be7c85bfc54069b:0xadd0d13590dc633!5m3!1s2026-03-23!4m1!1i2!8m2!3d19.1032225!4d72.8778091!16s%2Fg%2F11b6mln889?entry=ttu&g_ep=EgoyMDI2MDMxOC4xIKXMDSoASAFQAw%3D%3D",False,False,0x3be7c85bfc54069b:0xadd0d13590dc633,Romano's - JW Marriott Mumbai Sahar,https://www.zomato.com/mumbai/romanos-jw-marriott-mumbai-sahar-chakala,acd319c3dc35c8a32c71a9143f9ddeb3d88bfb33,"JW Marriott Mumbai Sahar, IA Project Road, Chhatrapati Shivaji International Airport, Chakala, Mumbai",,,,,False,"Romano's - JW Marriott Mumbai Sahar, JW Marriott Mumbai Sahar, IA Project Road, Chhatrapati Shivaji International Airport, Chakala, Mumbai"
"Navpada, Chhatrapati Shivaji International Airport, IA Project Road, Vile Parle West, Mumbai",https://www.zomato.com/mumbai/el-jw-marriott-mumbai-sahar-vile-parle-west,d95d190ddce0846fc692ea588c4537a4b042d2ee,JW Marriott Mumbai Sahar,"
Chhatrapati Shivaji International Airport, IA Project Rd, Navpada, Vile Parle East, Vile Parle, Andheri, Mumbai, Maharashtra 400099","https://www.google.com/maps/place/JW+Marriott+Mumbai+Sahar/@19.1032225,72.8752342,17z/data=!3m1!4b1!4m10!3m9!1s0x3be7c85bfc54069b:0xadd0d13590dc633!5m3!1s2026-03-23!4m1!1i2!8m2!3d19.1032225!4d72.8778091!16s%2Fg%2F11b6mln889?entry=ttu&g_ep=EgoyMDI2MDMxOC4xIKXMDSoASAFQAw%3D%3D",False,False,0x3be7c85bfc54069b:0xadd0d13590dc633,BarQat - JW Marriott Mumbai Sahar,https://www.zomato.com/mumbai/barqat-jw-marriott-mumbai-sahar-chakala,8b998b97f971c625a8df0b8412f345ca740b362f,"IA Project Road, Chhatrapati Shivaji International Airport, Chakala, Mumbai",,,,,False,"BarQat - JW Marriott Mumbai Sahar, IA Project Road, Chhatrapati Shivaji International Airport, Chakala, Mumbai"
"Shop 32, Grow More Towers, Sector 2, Kharghar, Navi Mumbai",https://www.zomato.com/mumbai/odos-kaffeina-kharghar-navi-mumbai,02da8bf7fa5825366e9d02217148670bce51869c,Odós Kaffeina,"
Shop no 5, Plot, Rushabh Complex CHS, 5-A, Sector 4, Kharghar, Panvel, Maharashtra 410210","https://www.google.com/maps/place/Od%C3%B3s+Kaffeina/@19.034205,73.0603229,17z/data=!3m1!4b1!4m6!3m5!1s0x3be7c3033f5fe1e3:0x397fcae3dad8d616!8m2!3d19.034205!4d73.0628978!16s%2Fg%2F11t0nlsmxn?entry=ttu&g_ep=EgoyMDI2MDMxOC4xIKXMDSoASAFQAw%3D%3D",False,False,0x3be7c3033f5fe1e3:0x397fcae3dad8d616,Odos Kaffeina,https://www.zomato.com/mumbai/odos-kaffeina-kharghar-navi-mumbai,02da8bf7fa5825366e9d02217148670bce51869c,"Shop 32, Grow More Towers, Sector 2, Kharghar, Navi Mumbai",19.034205,73.0628978,,,False,"Odos Kaffeina, Shop 32, Grow More Towers, Sector 2, Kharghar, Navi Mumbai"
"Hotel Express Inn, Thane-Ghodbunder Road, Post Mira, Near Varsave Bridge, Mira Road, Mumbai",https://www.zomato.com/mumbai/seasons-all-day-dining-mira-road,c3f7a4af3c2470b8bde2043c0b9ce9a0b7e52b67,Seasons Hotel,"
A-14 & 15/2 WESTERN EXPRESS HIGHWAY ON SERVICE ROAD,NEAR MIRA FLOYER, MIDC, Mira Road East, MIRA RAOD, Maharashtra 401107","https://www.google.com/maps/place/Seasons+Hotel/@19.26798,72.8745571,17z/data=!4m9!3m8!1s0x3be7b77d709bd511:0x3f7699b6a8847c79!5m2!4m1!1i2!8m2!3d19.26798!4d72.877132!16s%2Fg%2F11q8wg2b3y?entry=ttu&g_ep=EgoyMDI2MDMxOC4xIKXMDSoASAFQAw%3D%3D",False,False,0x3be7b77d709bd511:0x3f7699b6a8847c79,,,,,,,,,,
"Hotel Express Inn, Thane-Ghodbunder Road, Post Mira, Near Varsave Bridge, Mira Road, Mumbai",https://www.zomato.com/mumbai/waves-fusion-bar-mira-road,0f91d715a418fa3109885620835088633f5cab5e,Waves fusion bar,"
7WM4+94P, Ghodbunder, Mira Bhayandar, Maharashtra 401107","https://www.google.com/maps/place/Waves+fusion+bar/@19.2836489,72.902666,17z/data=!3m1!4b1!4m6!3m5!1s0x3be7bb000a03bcf9:0xeea2c2561350c052!8m2!3d19.2836489!4d72.9052409!16s%2Fg%2F11ycljmjxc?entry=ttu&g_ep=EgoyMDI2MDMxOC4xIKXMDSoASAFQAw%3D%3D",True,False,0x3be7bb000a03bcf9:0xeea2c2561350c052,Waves Fusion Bar,https://www.zomato.com/mumbai/waves-fusion-bar-mira-road,0f91d715a418fa3109885620835088633f5cab5e,"Hotel Express Inn, Thane-Ghodbunder Road, Post Mira, Near Varsave Bridge, Mira Road, Mumbai",19.2836489,72.9052409,,,False,"Waves Fusion Bar, Hotel Express Inn, Thane-Ghodbunder Road, Post Mira, Near Varsave Bridge, Mira Road, Mumbai"
"Shop 10, Gulab Park Colony, Vasant Vihar Complex, Chembur, Mumbai",https://www.zomato.com/mumbai/kadak-brewpub-chembur,0790b7594ebe50167faacbe2b95f352aa1db6cbd,Kadak Brewpub | Neighborhood Craft Beer Taproom & Kitchen,"
shop no 10, ahead cubic mall, 11, Gulab Park Colony, Vasant Vihar Complex, Chembur, Mumbai, Maharashtra 400074","https://www.google.com/maps/place/Kadak+Brewpub+%7C+Neighborhood+Craft+Beer+Taproom+%26+Kitchen/@19.0455061,72.9010592,17z/data=!3m1!4b1!4m6!3m5!1s0x3be7c7493941bb55:0x4d63641645c8a754!8m2!3d19.0455061!4d72.9036341!16s%2Fg%2F11w7j4xxjy?entry=ttu&g_ep=EgoyMDI2MDMxOC4xIKXMDSoASAFQAw%3D%3D",True,False,0x3be7c7493941bb55:0x4d63641645c8a754,Kadak Brewpub,https://www.zomato.com/mumbai/kadak-brewpub-chembur,0790b7594ebe50167faacbe2b95f352aa1db6cbd,"Shop 10, Gulab Park Colony, Vasant Vihar Complex, Chembur, Mumbai",19.0455061,72.90363409999999,,,False,"Kadak Brewpub, Shop 10, Gulab Park Colony, Vasant Vihar Complex, Chembur, Mumbai"
"Shop No 1 And 2, Ground Floor, New Link Road, 4 Bungalows, Mumbai",https://www.zomato.com/mumbai/persian-darbar-6-4-bungalows,a3093a73b0ba0985cd27decdf6701558b1a231ef,Persian Darbar,"
Shop no 1 and 2 , Royale four bunglows, next to RTO Road, Lokhandwala Complex, Andheri West, Mumbai, Maharashtra 400053","https://www.google.com/maps/place/Persian+Darbar/@19.1316485,72.8116613,15z/data=!4m10!1m2!2m1!1sPersian+Darbar+Shop+No+1+And+2,+Ground+Floor,+New+Link+Road,+4+Bungalows,+Mumbai!3m6!1s0x3be7b7fe3e07bd2b:0xe53a3eb13d96008c!8m2!3d19.1328622!4d72.8298079!15sClBQZXJzaWFuIERhcmJhciBTaG9wIE5vIDEgQW5kIDIsIEdyb3VuZCBGbG9vciwgTmV3IExpbmsgUm9hZCwgNCBCdW5nYWxvd3MsIE11bWJhaVpOIkxwZXJzaWFuIGRhcmJhciBzaG9wIG5vIDEgYW5kIDIgZ3JvdW5kIGZsb29yIG5ldyBsaW5rIHJvYWQgNCBidW5nYWxvd3MgbXVtYmFpkgESbXVnaGxhaV9yZXN0YXVyYW504AEA!16s%2Fg%2F11wbjglxr7?entry=ttu&g_ep=EgoyMDI2MDMxOC4xIKXMDSoASAFQAw%3D%3D",True,False,0x3be7b7fe3e07bd2b:0xe53a3eb13d96008c,Persian Darbar,https://www.zomato.com/mumbai/persian-darbar-6-4-bungalows,a3093a73b0ba0985cd27decdf6701558b1a231ef,"Shop No 1 And 2, Ground Floor, New Link Road, 4 Bungalows, Mumbai",19.1328622,72.82980789999999,,,False,"Persian Darbar, Shop No 1 And 2, Ground Floor, New Link Road, 4 Bungalows, Mumbai"
"A Wing, Shop No. 001 & 101, Ganga Jamna Sangam, 14th and 24th Road, Khar West, Mumbai Suburban, Linking Road, Bandra West, Mumbai",https://www.zomato.com/mumbai/vietnom-linking-road-bandra-west,b31109ca467693757ec4a22c98a8e6d72f5b7ae6,Vietnom Mumbai,"
Shakun Ganga Jamna Sangam Building, Ground Floor and Unit-1, A Wing, Shree, Facing, Rd Number 24, adjacent to Starbucks, West, Khar West, Mumbai, Maharashtra 400052","https://www.google.com/maps/place/Vietnom+Mumbai/@19.065875,72.8307306,17z/data=!3m1!4b1!4m6!3m5!1s0x3be7c9c5aa4140fb:0xa67b0d7b2409d0d0!8m2!3d19.065875!4d72.8333055!16s%2Fg%2F11y4xhjqb2?entry=ttu&g_ep=EgoyMDI2MDMxOC4xIKXMDSoASAFQAw%3D%3D",True,False,0x3be7c9c5aa4140fb:0xa67b0d7b2409d0d0,Vietnom,https://www.zomato.com/mumbai/vietnom-linking-road-bandra-west,b31109ca467693757ec4a22c98a8e6d72f5b7ae6,"A Wing, Shop No. 001 & 101, Ganga Jamna Sangam, 14th and 24th Road, Khar West, Mumbai Suburban, Linking Road, Bandra West, Mumbai",19.065875,72.8333055,,,False,"Vietnom, A Wing, Shop No. 001 & 101, Ganga Jamna Sangam, 14th and 24th Road, Khar West, Mumbai Suburban, Linking Road, Bandra West, Mumbai"
"Shop 22, 4C, Elara, JP North, Mira Road, Mumbai",https://www.zomato.com/mumbai/yummy-eggs-mira-road,2924bdda8a51b29974ec1c4ef96d88819cc64496,Yummy Cafe ™,"
Municipal Corporation (Thane, Shop No 22, 4C, Elara, JP North, Zone-7, Mira Road East, Mira Bhayandar, Maharashtra 401107","https://www.google.com/maps/place/Yummy+Cafe+%E2%84%A2/@19.2818787,72.881771,17z/data=!4m10!1m2!2m1!1sYummy+Eggs+Shop+22,+4C,+Elara,+JP+North,+Mira+Road,+Mumbai!3m6!1s0x3be7b19497d55d0d:0xa84a459ef8b43e85!8m2!3d19.2818787!4d72.8862771!15sCjpZdW1teSBFZ2dzIFNob3AgMjIsIDRDLCBFbGFyYSwgSlAgTm9ydGgsIE1pcmEgUm9hZCwgTXVtYmFpWjciNXl1bW15IGVnZ3Mgc2hvcCAyMiA0YyBlbGFyYSBqcCBub3J0aCBtaXJhIHJvYWQgbXVtYmFpkgEEY2FmZeABAA!16s%2Fg%2F11xd0zh8tz?entry=ttu&g_ep=EgoyMDI2MDMxOC4xIKXMDSoASAFQAw%3D%3D",False,False,0x3be7b19497d55d0d:0xa84a459ef8b43e85,Yummy Eggs,https://www.zomato.com/mumbai/yummy-eggs-mira-road,2924bdda8a51b29974ec1c4ef96d88819cc64496,"Shop 22, 4C, Elara, JP North, Mira Road, Mumbai",19.2818787,72.8862771,,,False,"Yummy Eggs, Shop 22, 4C, Elara, JP North, Mira Road, Mumbai"
"Om Shree Sainath Building, Vijay Nagar, Rhb Road, Mulund West, Mumbai",https://www.zomato.com/mumbai/satyam-foodcourt-3-mulund-west,4edab9d63ef009cf01de986a0623067215acc352,Satyam's Food Court,"
RHB Rd, Mulund West, Mumbai, Maharashtra 400080","https://www.google.com/maps/place/Satyam's+Food+Court/@19.1710039,72.9509717,17z/data=!3m1!4b1!4m6!3m5!1s0x3be7b8f0ea23a0dd:0x9b93f3a64aafcf56!8m2!3d19.1710039!4d72.9535466!16s%2Fg%2F1tl9l0xc?entry=ttu&g_ep=EgoyMDI2MDMxOC4xIKXMDSoASAFQAw%3D%3D",False,False,0x3be7b8f0ea23a0dd:0x9b93f3a64aafcf56,Satyam Foodcourt,https://www.zomato.com/mumbai/satyam-foodcourt-3-mulund-west,4edab9d63ef009cf01de986a0623067215acc352,"Om Shree Sainath Building, Vijay Nagar, Rhb Road, Mulund West, Mumbai",,,,,False,"Satyam Foodcourt, Om Shree Sainath Building, Vijay Nagar, Rhb Road, Mulund West, Mumbai"
"A/6, Royal Classic Phase D, Next To Citi Mall, Complex, Shastri Nagar, Andheri Lokhandwala, Andheri West, Mumbai",https://www.zomato.com/mumbai/zeki-community-bistro-bar-andheri-lokhandwala,e2b865c13b661d5b6f96a6281695603dca8aa2f2,Zeki - Community Bistro + Bar,"
A/6 , Royal Classic New Link Road , Phase D , Shastri Nagar, next to Citi Mall, Lokhandwala Complex, Andheri West, Mumbai, Maharashtra 400053","https://www.google.com/maps/place/Zeki+-+Community+Bistro+%2B+Bar/@19.1394215,72.8288519,17z/data=!3m2!4b1!5s0x3be7b63d2188359f:0xa0ecb2d517a46623!4m6!3m5!1s0x3be7b7a172f059cb:0xcb1fbd9cd9136139!8m2!3d19.1394215!4d72.8314268!16s%2Fg%2F11x5cc_ky2?entry=ttu&g_ep=EgoyMDI2MDMxOC4xIKXMDSoASAFQAw%3D%3D",True,False,0x3be7b63d2188359f:0xa0ecb2d517a46623,,,,,,,,,,
"174, Ward K/W, Aram Nagar 2, Jaiprakash Road, Versova, Andheri West, Mumbai",https://www.zomato.com/mumbai/lazzt-e-lucknow-1-versova,7100ed1c8d5fd20618d0b1879b2d5d33a7d516bb,Lazzat-e-lucknow,"
174, Aram Nagar Rd, Aram Nagar Part 2, Machlimar, Versova, Andheri West, Mumbai, Maharashtra 400061","https://www.google.com/maps/place/Lazzat-e-lucknow/@19.1318119,72.8087246,17z/data=!4m10!1m2!2m1!1sLazzt+-+E+-+Lucknow+174,+Ward+K%2FW,+Aram+Nagar+2,+Jaiprakash+Road,+Versova,+Andheri+West,+Mumbai!3m6!1s0x3be7b700276ad243:0x6e6ac66eb508e6e8!8m2!3d19.1318119!4d72.8132307!15sCl9MYXp6dCAtIEUgLSBMdWNrbm93IDE3NCwgV2FyZCBLL1csIEFyYW0gTmFnYXIgMiwgSmFpcHJha2FzaCBSb2FkLCBWZXJzb3ZhLCBBbmRoZXJpIFdlc3QsIE11bWJhaVpXIlVsYXp6dCBlIGx1Y2tub3cgMTc0IHdhcmQgayB3IGFyYW0gbmFnYXIgMiBqYWlwcmFrYXNoIHJvYWQgdmVyc292YSBhbmRoZXJpIHdlc3QgbXVtYmFpkgEKcmVzdGF1cmFudOABAA!16s%2Fg%2F11wp6_4nxz?entry=ttu&g_ep=EgoyMDI2MDMxOC4xIKXMDSoASAFQAw%3D%3D",False,False,0x3be7b700276ad243:0x6e6ac66eb508e6e8,Lazzt - E - Lucknow,https://www.zomato.com/mumbai/lazzt-e-lucknow-1-versova,7100ed1c8d5fd20618d0b1879b2d5d33a7d516bb,"174, Ward K/W, Aram Nagar 2, Jaiprakash Road, Versova, Andheri West, Mumbai",,,,,False,"Lazzt - E - Lucknow, 174, Ward K/W, Aram Nagar 2, Jaiprakash Road, Versova, Andheri West, Mumbai"
"Plot No 711, New Link Rd, Moxy, Andheri West, Mumbai, Andheri Lokhandwala, Andheri West, Mumbai",https://www.zomato.com/mumbai/moxy-sky-rooftop-bar-lounge-andheri-lokhandwala,27e6b2d01cda743584c3784ddb0ce9bee5a47d3b,Moxy Mumbai Andheri West,"
CTS No. 711, Plot No. B-38, Oshiwara, Andheri West, Mumbai, Maharashtra 400053","https://www.google.com/maps/place/Moxy+Mumbai+Andheri+West/@19.1388455,72.8308757,17z/data=!4m9!3m8!1s0x3be7b73c1a235711:0x8cb5d30c7e14609!5m2!4m1!1i2!8m2!3d19.1388455!4d72.8334506!16s%2Fg%2F11w7m5bwz9?entry=ttu&g_ep=EgoyMDI2MDMxOC4xIKXMDSoASAFQAw%3D%3D",False,False,0x3be7b73c1a235711:0x8cb5d30c7e14609,,,,,,,,,,
#NAME?,https://www.zomato.com/mumbai/era-veera-desai-area,2d16ff518a1b85c17250df42328f4c99e2d4ae8d,Era,"
Dalia Estate, C18, Off New Link Rd, near Yashraj Studios, Veera Desai Industrial Estate, Andheri West, Mumbai, Maharashtra 400053","https://www.google.com/maps/place/Era/@19.1361949,72.6890712,12z/data=!4m10!1m2!2m1!1sEra++%23NAME%3F!3m6!1s0x3be7b7f9133374c9:0x347db091ea4afcb7!8m2!3d19.1361949!4d72.8332668!15sCgtFcmEgICNOQU1FP1oKIghlcmEgbmFtZZIBA2JhcuABAA!16s%2Fg%2F11wfgm2z9f?entry=ttu&g_ep=EgoyMDI2MDMxOC4xIKXMDSoASAFQAw%3D%3D",False,False,0x3be7b7f9133374c9:0x347db091ea4afcb7,,,,,,,,,,
"Io World Drive, Maker Maxity, G-30, Ground Floor, Bandra Kurla Complex, Mumbai",https://www.zomato.com/mumbai/hylo-taproom-by-igloo-bandra-kurla-complex,c42a7ceae8f1402a8276aec0ed318327dda71d4b,HYLO Taproom by Igloo,"
Ground Floor, JIO World Drive, MAKER MAXITY, Hylo Taproom by Igloo, G-30, Bandra Kurla Complex, Bandra East, Mumbai, Maharashtra 400051","https://www.google.com/maps/place/HYLO+Taproom+by+Igloo/@19.0533946,72.8478665,17z/data=!3m2!4b1!5s0x3be7c920b1259a67:0x4729fba70bf514d7!4m6!3m5!1s0x3be7c9340826c4e1:0xf34606be7d8481d0!8m2!3d19.0533946!4d72.8504414!16s%2Fg%2F11xvnf18qj?entry=ttu&g_ep=EgoyMDI2MDMxOC4xIKXMDSoASAFQAw%3D%3D",True,False,0x3be7c920b1259a67:0x4729fba70bf514d7,,,,,,,,,,
"3rd Floor, R Mall, Kamgar Colony, Lal Bahadur Shastri Marg, Mulund West, Mumbai",https://www.zomato.com/mumbai/the-basileio-mulund-west,2535345d3946b197d037aa83de47b8f841223211,The Basileio,"
3rd Floor, R Mall, Lal Bahadur Shastri Marg, Kamgar Colony, Mulund West, Mumbai, Maharashtra 400080","https://www.google.com/maps/place/The+Basileio/@19.1840474,72.9487805,17z/data=!3m1!4b1!4m6!3m5!1s0x3be7b9007eaf84fd:0xa6207aa1eb7f72ff!8m2!3d19.1840474!4d72.9513554!16s%2Fg%2F11ygfrm1kf?entry=ttu&g_ep=EgoyMDI2MDMxOC4xIKXMDSoASAFQAw%3D%3D",True,False,0x3be7b9007eaf84fd:0xa6207aa1eb7f72ff,The Basileio,https://www.zomato.com/mumbai/the-basileio-mulund-west,2535345d3946b197d037aa83de47b8f841223211,"3rd Floor, R Mall, Kamgar Colony, Lal Bahadur Shastri Marg, Mulund West, Mumbai",19.1840474,72.9513554,,,False,"The Basileio, 3rd Floor, R Mall, Kamgar Colony, Lal Bahadur Shastri Marg, Mulund West, Mumbai"
"1st floor, Saphire Notandas Realty building, 1st Road & Swami Vivekananda Road Junction, S.V Road, Khar, Mumbai",https://www.zomato.com/mumbai/veranda-khar-khar,424c620610990485d5bdaa1acb75ff0d056095a6,Veranda Khar - All Day Dining & Cocktail Bar | Global Cuisine | Live Music Bar,"
Sapphire - Notandas Realty, 1st Road, &, Swami Vivekanand Rd, Junction, Khar West, Mumbai, Maharashtra 400052","https://www.google.com/maps/place/Veranda+Khar+-+All+Day+Dining+%26+Cocktail+Bar+%7C+Global+Cuisine+%7C+Live+Music+Bar/@19.0690671,72.8288585,16z/data=!3m1!5s0x3be7c90fd7e9c8f5:0x6cc100cc8b52abc8!4m10!1m2!2m1!1sVeranda+-+Khar+1st+floor,+Saphire+Notandas+Realty+building,+1st+Road+%26+Swami+Vivekananda+Road+Junction,+S.V+Road,+Khar,+Mumbai!3m6!1s0x3be7c953ac409b4d:0xd265ee4c3016b77e!8m2!3d19.071336!4d72.8377335!15sCn5WZXJhbmRhIC0gS2hhciAxc3QgZmxvb3IsIFNhcGhpcmUgTm90YW5kYXMgUmVhbHR5IGJ1aWxkaW5nLCAxc3QgUm9hZCAmIFN3YW1pIFZpdmVrYW5hbmRhIFJvYWQgSnVuY3Rpb24sIFMuViBSb2FkLCBLaGFyLCBNdW1iYWlaeCJ2dmVyYW5kYSBraGFyIDFzdCBmbG9vciBzYXBoaXJlIG5vdGFuZGFzIHJlYWx0eSBidWlsZGluZyAxc3Qgcm9hZCAmIHN3YW1pIHZpdmVrYW5hbmRhIHJvYWQganVuY3Rpb24gc3Ygcm9hZCBraGFyIG11bWJhaZIBCnJlc3RhdXJhbnSaAURDaTlEUVVsUlFVTnZaRU5vZEhsalJqbHZUMjFXTm1Jd09XdE5WemgwVG14Q05GVldWbnBoYkRreVZYcEZNMU15WXhBQuABAPoBBAgAEEU!16s%2Fg%2F11mcnh5cg7?entry=ttu&g_ep=EgoyMDI2MDMxOC4xIKXMDSoASAFQAw%3D%3D",False,False,0x3be7c90fd7e9c8f5:0x6cc100cc8b52abc8,,,,,,,,,,
"Shop 1 & 2, Plot 9/13/13A & 13B, Greenwoods Co Operative Housing Society, Sector 35E, Kharghar, Navi Mumbai",https://www.zomato.com/mumbai/persian-grill-kharghar-navi-mumbai,d796f1b9c13d0a61bbffdbe8224c5d5160a9d7e6,Persian Grill Kharghar,"
Greenwoods Apartment, Sector 34 E, Sector 35E, Kharghar, Panvel, Maharashtra 410210","https://www.google.com/maps/place/Persian+Grill+Kharghar/@19.0693749,73.0749983,17z/data=!3m1!4b1!4m6!3m5!1s0x3be7c1002bfaf649:0xb3bf10b8c9acacff!8m2!3d19.0693749!4d73.0775732!16s%2Fg%2F11xffkkhpl?entry=ttu&g_ep=EgoyMDI2MDMxOC4xIKXMDSoASAFQAw%3D%3D",True,False,0x3be7c1002bfaf649:0xb3bf10b8c9acacff,Persian Grill ,https://www.zomato.com/mumbai/persian-grill-kharghar-navi-mumbai,d796f1b9c13d0a61bbffdbe8224c5d5160a9d7e6,"Shop 1 & 2, Plot 9/13/13A & 13B, Greenwoods Co Operative Housing Society, Sector 35E, Kharghar, Navi Mumbai",19.0693749,73.0775732,,,False,"Persian Grill , Shop 1 & 2, Plot 9/13/13A & 13B, Greenwoods Co Operative Housing Society, Sector 35E, Kharghar, Navi Mumbai"
"4th Floor, C4, Sai Kanwal Complex, Opp Westside, DN Nagar Metro Station 6, 4 Bungalows, Mumbai",https://www.zomato.com/mumbai/tiara-4-bungalows,efe0fc5e2569bb1c075ddd46d3096200867eba2e,Tiara - Pure Veg Rooftop Lounge & Cafe,"
4th Floor, Sai Kanwal Corporation, HSG Society, 427/428, Sonal Co operative Hsg Society, Indira Nagar, Four Bungalows, Andheri West, Mumbai, Maharashtra 400053","https://www.google.com/maps/place/Tiara+-+Pure+Veg+Rooftop+Lounge+%26+Cafe/@19.1283194,72.811204,15z/data=!4m10!1m2!2m1!1sTiara++4th+Floor,+C4,+Sai+Kanwal+Complex,+Opp+Westside,+DN+Nagar+Metro+Station+6,+4+Bungalows,+Mumbai!3m6!1s0x3be7c99baceb0a65:0x43a49c766f9cfa2b!8m2!3d19.1283194!4d72.8292284!15sCmVUaWFyYSAgNHRoIEZsb29yLCBDNCwgU2FpIEthbndhbCBDb21wbGV4LCBPcHAgV2VzdHNpZGUsIEROIE5hZ2FyIE1ldHJvIFN0YXRpb24gNiwgNCBCdW5nYWxvd3MsIE11bWJhaVpgIl50aWFyYSA0dGggZmxvb3IgYzQgc2FpIGthbndhbCBjb21wbGV4IG9wcCB3ZXN0c2lkZSBkbiBuYWdhciBtZXRybyBzdGF0aW9uIDYgNCBidW5nYWxvd3MgbXVtYmFpkgEGbG91bmdl4AEA!16s%2Fg%2F11ydgblgp7?entry=ttu&g_ep=EgoyMDI2MDMxOC4xIKXMDSoASAFQAw%3D%3D",True,False,0x3be7c99baceb0a65:0x43a49c766f9cfa2b,Tiara ,https://www.zomato.com/mumbai/tiara-4-bungalows,efe0fc5e2569bb1c075ddd46d3096200867eba2e,"4th Floor, C4, Sai Kanwal Complex, Opp Westside, DN Nagar Metro Station 6, 4 Bungalows, Mumbai",19.1283194,72.82922839999999,,,False,"Tiara , 4th Floor, C4, Sai Kanwal Complex, Opp Westside, DN Nagar Metro Station 6, 4 Bungalows, Mumbai"
"112, Ward A, Mint Road, Fort, Mumbai",https://www.zomato.com/mumbai/house-of-cravings-fort,d69030068d40e668817c0eefe919be79946aef57,HOUSE OF CRAVINGS,"
112, Mint Rd, cst, Fort, Mumbai, Maharashtra 400001","https://www.google.com/maps/place/HOUSE+OF+CRAVINGS/@18.9353757,72.834308,17z/data=!3m1!4b1!4m6!3m5!1s0x3be7d14dd193b751:0x8fb5ceb2890ad987!8m2!3d18.9353757!4d72.8368829!16s%2Fg%2F11mdq418lz?entry=ttu&g_ep=EgoyMDI2MDMxOC4xIKXMDSoASAFQAw%3D%3D",True,False,0x3be7d14dd193b751:0x8fb5ceb2890ad987,House Of Cravings,https://www.zomato.com/mumbai/house-of-cravings-fort,d69030068d40e668817c0eefe919be79946aef57,"112, Ward A, Mint Road, Fort, Mumbai",18.9353757,72.83688289999999,,,False,"House Of Cravings, 112, Ward A, Mint Road, Fort, Mumbai"
"4th Floor, Infiniti Mall, Phase D, Shastri Nagar, Andheri Lokhandwala, Andheri West, Mumbai",https://www.zomato.com/mumbai/dave-busters-andheri-lokhandwala,d536af6ebfb5e7e39181f1dc96061b9a9b234fff,Dave & Buster's Mumbai,"
4th floor, Infiniti Mall, Phase D, Shastri Nagar, Andheri West, Mumbai, Maharashtra 400053","https://www.google.com/maps/place/Dave+%26+Buster's+Mumbai/@19.1413138,72.828562,17z/data=!3m2!4b1!5s0x3be7b65d6c87a27b:0x4cb7755feb9e5ca6!4m6!3m5!1s0x3be7b792c1fc922b:0x289d988cffdda1ce!8m2!3d19.1413138!4d72.8311369!16s%2Fg%2F11x967rm15?entry=ttu&g_ep=EgoyMDI2MDMxOC4xIKXMDSoASAFQAw%3D%3D",True,False,0x3be7b65d6c87a27b:0x4cb7755feb9e5ca6,,,,,,,,,,
"Shop G-4, Plot 18, Ground Floor, Sai Aaradhya, Sector-35/F-I, Kharghar, Navi Mumbai",https://www.zomato.com/mumbai/munchies-3-kharghar-navi-mumbai,e6fc03a46571b59d604b08a5215d5b22b3bd15b7,MUNCHIES Cafe,"
SHOP NO. 04, GROUND FLOOR, SAI AARADHYA BUILDING, PLOT NO 18, Sector 35F, Sector 35I, Kharghar, Panvel, Maharashtra 410210","https://www.google.com/maps/place/MUNCHIES+Cafe/@19.0694811,73.0708003,17z/data=!3m1!4b1!4m6!3m5!1s0x3be7c1f91a196aeb:0xe0480f4a8b5d1922!8m2!3d19.0694811!4d73.0733752!16s%2Fg%2F11xfh_792d?entry=ttu&g_ep=EgoyMDI2MDMxOC4xIKXMDSoASAFQAw%3D%3D",True,False,0x3be7c1f91a196aeb:0xe0480f4a8b5d1922,Munchies,https://www.zomato.com/mumbai/munchies-3-kharghar-navi-mumbai,e6fc03a46571b59d604b08a5215d5b22b3bd15b7,"Shop G-4, Plot 18, Ground Floor, Sai Aaradhya, Sector-35/F-I, Kharghar, Navi Mumbai",19.0694811,73.0733752,,,False,"Munchies, Shop G-4, Plot 18, Ground Floor, Sai Aaradhya, Sector-35/F-I, Kharghar, Navi Mumbai"
"S-36, Sky City Mall, Dattapada Road, Borivali East, Mumbai",https://www.zomato.com/mumbai/the-coffee-bean-tea-leaf-borivali-east,fadbfa17f71aadca2c7b36a543b622bc82544c9c,The Coffee Bean & Tea Leaf,"
2nd Floor, Skycity Mall, S-36, Western Express Hwy, Khande Rao Dongari, Borivali, Mumbai, Maharashtra 400066","https://www.google.com/maps/place/The+Coffee+Bean+%26+Tea+Leaf/@19.2237089,72.8613844,17z/data=!3m1!4b1!4m6!3m5!1s0x3be7b1002889558f:0x7e6009f405493025!8m2!3d19.2237089!4d72.8639593!16s%2Fg%2F11x8rb33v_?entry=ttu&g_ep=EgoyMDI2MDMxOC4xIKXMDSoASAFQAw%3D%3D",True,False,0x3be7b1002889558f:0x7e6009f405493025,The Coffee Bean & Tea Leaf,https://www.zomato.com/mumbai/the-coffee-bean-tea-leaf-borivali-east,fadbfa17f71aadca2c7b36a543b622bc82544c9c,"S-36, Sky City Mall, Dattapada Road, Borivali East, Mumbai",19.2237089,72.86395929999999,,,False,"The Coffee Bean & Tea Leaf, S-36, Sky City Mall, Dattapada Road, Borivali East, Mumbai"
"Shop 1, Flower Queen CHS Ltd, Manisha Nagar, Ward K/W, Veera Desai Area, Mumbai",https://www.zomato.com/mumbai/gen-z-adda-veera-desai-area,44fa694de44c74bf3817b9ea06ca29727c20b9a1,GEN Z ADDA JUHU,"
9, Gulmohar Rd, next to Tiwari Brothers, Model Town Society, Gulmohar Road, JVPD Scheme, Juhu, Mumbai, Maharashtra 400049","https://www.google.com/maps/place/GEN+Z+ADDA+JUHU/@19.114623,72.8253005,16z/data=!4m10!1m2!2m1!1sGen-Z+Adda+Shop+1,+Flower+Queen+CHS+Ltd,+Manisha+Nagar,+Ward+K%2FW,+Veera+Desai+Area,+Mumbai!3m6!1s0x3be7b7ad0c82f5b3:0x73c9f46658b00a84!8m2!3d19.114623!4d72.8343127!15sClpHZW4tWiBBZGRhIFNob3AgMSwgRmxvd2VyIFF1ZWVuIENIUyBMdGQsIE1hbmlzaGEgTmFnYXIsIFdhcmQgSy9XLCBWZWVyYSBEZXNhaSBBcmVhLCBNdW1iYWlaVyJVZ2VuIHogYWRkYSBzaG9wIDEgZmxvd2VyIHF1ZWVuIGNocyBsdGQgbWFuaXNoYSBuYWdhciB3YXJkIGsgdyB2ZWVyYSBkZXNhaSBhcmVhIG11bWJhaZIBCnJlc3RhdXJhbnTgAQA!16s%2Fg%2F11x8jwg0p5?entry=ttu&g_ep=EgoyMDI2MDMxOC4xIKXMDSoASAFQAw%3D%3D",False,False,0x3be7b7ad0c82f5b3:0x73c9f46658b00a84,Gen-Z Adda,https://www.zomato.com/mumbai/gen-z-adda-veera-desai-area,44fa694de44c74bf3817b9ea06ca29727c20b9a1,"Shop 1, Flower Queen CHS Ltd, Manisha Nagar, Ward K/W, Veera Desai Area, Mumbai",19.114623,72.8343127,,,False,"Gen-Z Adda, Shop 1, Flower Queen CHS Ltd, Manisha Nagar, Ward K/W, Veera Desai Area, Mumbai"
"Harun Khan Road, Malad West, Mumbai",https://www.zomato.com/mumbai/chef-james-korean-japanese-malad-west,8b82a16ff1cb05de18bd2e5bb069516932d65102,CHEF JAMES KITCHEN (MALAD),"
Olive Nest Hotel, Harun Khan Road, opposite Bombay Talkies Compound, Malad, Mamledarwadi, Malad West, Mumbai, Maharashtra 400064","https://www.google.com/maps/place/CHEF+JAMES+KITCHEN+(MALAD)/@19.1826938,72.8408196,17z/data=!3m1!4b1!4m6!3m5!1s0x3be7b73a785c9381:0xc3ce4de45018d9ce!8m2!3d19.1826938!4d72.8433945!16s%2Fg%2F11x6dj9wzs?entry=ttu&g_ep=EgoyMDI2MDMxOC4xIKXMDSoASAFQAw%3D%3D",False,False,0x3be7b73a785c9381:0xc3ce4de45018d9ce,Chef James Korean & Japanese,https://www.zomato.com/mumbai/chef-james-korean-japanese-malad-west,8b82a16ff1cb05de18bd2e5bb069516932d65102,"Harun Khan Road, Malad West, Mumbai",19.1826938,72.8433945,,,False,"Chef James Korean & Japanese, Harun Khan Road, Malad West, Mumbai"
"Shop 1, Sai Kuter, Near Toyota Showroom, Rajan Pada, PG Marg, Malad West, Mumbai",https://www.zomato.com/mumbai/malvani-tadka-matke-ka-zaika-malad-west,1d5c8998efed9917b8d08753ea632416ebb7f67a,Malvan Kinara,"
Sai Kuter, 1, P G Marg, near Toyota Showroom, Malad, Ratan Pada, Malad West, Mumbai, Maharashtra 400064","https://www.google.com/maps/place/Malvan+Kinara/@19.1821822,72.8323821,17z/data=!4m10!1m2!2m1!1sMalvani+Tadka+Matke+ka+Zaika+Shop+1,+Sai+Kuter,+Near+Toyota+Showroom,+Rajan+Pada,+PG+Marg,+Malad+West,+Mumbai!3m6!1s0x3be7b6f053abe567:0xf44953476bf8e0ce!8m2!3d19.1821822!4d72.8368882!15sCm1NYWx2YW5pIFRhZGthIE1hdGtlIGthIFphaWthIFNob3AgMSwgU2FpIEt1dGVyLCBOZWFyIFRveW90YSBTaG93cm9vbSwgUmFqYW4gUGFkYSwgUEcgTWFyZywgTWFsYWQgV2VzdCwgTXVtYmFpWmkiZ21hbHZhbmkgdGFka2EgbWF0a2Uga2EgemFpa2Egc2hvcCAxIHNhaSBrdXRlciBuZWFyIHRveW90YSBzaG93cm9vbSByYWphbiBwYWRhIHBnIG1hcmcgbWFsYWQgd2VzdCBtdW1iYWmSARJzZWFmb29kX3Jlc3RhdXJhbnSaASRDaGREU1VoTk1HOW5TMFZKUTBGblNVUnRiRmx4T1hkblJSQULgAQD6AQQIZRAg!16s%2Fg%2F12q4txtj9?entry=ttu&g_ep=EgoyMDI2MDMxOC4xIKXMDSoASAFQAw%3D%3D",False,False,0x3be7b6f053abe567:0xf44953476bf8e0ce,Malvani Tadka Matke ka Zaika,https://www.zomato.com/mumbai/malvani-tadka-matke-ka-zaika-malad-west,1d5c8998efed9917b8d08753ea632416ebb7f67a,"Shop 1, Sai Kuter, Near Toyota Showroom, Rajan Pada, PG Marg, Malad West, Mumbai",19.1822238,72.8369448,,,False,"Malvani Tadka Matke ka Zaika, Shop 1, Sai Kuter, Near Toyota Showroom, Rajan Pada, PG Marg, Malad West, Mumbai"
"Khande Rao Dongari, Borivali East, Mumbai",https://www.zomato.com/mumbai/olive-cafe-bar-borivali-east,56d5bf670d5c0304a16ea6d0d2dbd87f0424e5aa,"Olive Café & Bar, Borivali","
Khande Rao Dongari, Borivali East, Mumbai, Maharashtra 400066","https://www.google.com/maps/place/Olive+Caf%C3%A9+%26+Bar,+Borivali/@19.2231764,72.8617142,17z/data=!3m1!4b1!4m6!3m5!1s0x3be7b1096bf8bdb7:0xc3d48d36c01ac2c3!8m2!3d19.2231764!4d72.8642891!16s%2Fg%2F11yvfr3xsg?entry=ttu&g_ep=EgoyMDI2MDMxOC4xIKXMDSoASAFQAw%3D%3D",False,True,0x3be7b1096bf8bdb7:0xc3d48d36c01ac2c3,,,,,,,,,,
"201/202, Plot 9/9A, Midas Wing, MIDC Main Road, Near TTC Industrial Area, Belapur Road, Turbhe, Navi Mumbai",https://www.zomato.com/mumbai/kitebirds-experiencia-club-turbhe-navi-mumbai,d904e5226355149aeff60090e15f2f6bf71b67ee,Kitebirds Navi Mumbai,"
201/202, Midas Wing, PLAN M Business Park, Plot No. 9/9A, MIDC Main Rd, Thane - Belapur Rd, TTC Industrial Area, Turbhe, Navi Mumbai, Maharashtra 400703","https://www.google.com/maps/place/Kitebirds+Navi+Mumbai/@19.0714054,73.0169866,17z/data=!3m1!4b1!4m6!3m5!1s0x3be7c1253acd7513:0xad0b69104452d27b!8m2!3d19.0714054!4d73.0195615!16s%2Fg%2F11xrpg2wz5?entry=ttu&g_ep=EgoyMDI2MDMxOC4xIKXMDSoASAFQAw%3D%3D",False,False,0x3be7c1253acd7513:0xad0b69104452d27b,KITEBIRDS EXPERIENCIA CLUB,https://www.zomato.com/mumbai/kitebirds-experiencia-club-turbhe-navi-mumbai,d904e5226355149aeff60090e15f2f6bf71b67ee,"201/202, Plot 9/9A, Midas Wing, MIDC Main Road, Near TTC Industrial Area, Belapur Road, Turbhe, Navi Mumbai",19.0714054,73.0195615,,,False,"KITEBIRDS EXPERIENCIA CLUB, 201/202, Plot 9/9A, Midas Wing, MIDC Main Road, Near TTC Industrial Area, Belapur Road, Turbhe, Navi Mumbai"
"Terminal 2, C T S 1405 Part, Navpada, Maharaj, Vile Parle, Sakinaka, Mumbai",https://www.zomato.com/mumbai/samaa-fairmont-mumbai-sakinaka,ae60ff86a0d2811edc53811861c49eea91036689,Madeleine de Proust,"
C06 At, Chhatrapati Shivaji Maharaj International Airport Mumbai, Terminal 2, C T S No 1405 (Part, Navpada, Maharaj, Vile Parle, Mumbai, Maharashtra 400099","https://www.google.com/maps/place/Madeleine+de+Proust/@19.1022079,72.8743876,17z/data=!4m6!3m5!1s0x3be7c90052894f47:0x9d5350f0400f3142!8m2!3d19.102012!4d72.877087!16s%2Fg%2F11x5nnmx0z?entry=ttu&g_ep=EgoyMDI2MDMxOC4xIKXMDSoASAFQAw%3D%3D",False,False,0x3be7c90052894f47:0x9d5350f0400f3142,Madeleine de Proust - Fairmont Mumbai,https://www.zomato.com/mumbai/madeleine-de-proust-fairmont-mumbai-marol,544774158b7728c8684a371237e5a725719f8d8c,"Fairmont Mumbai, Lobby Level, T2-C06 AT C.T.S. 1405, Marol, Mumbai",19.102012,72.877087,,,False,"Madeleine de Proust - Fairmont Mumbai, Fairmont Mumbai, Lobby Level, T2-C06 AT C.T.S. 1405, Marol, Mumbai"
"Raheja Ascent, Sudam Kalu Ahire Marg, Ground Floor, Worli, Mumbai",https://www.zomato.com/mumbai/akina-1-worli,ecf431fd98d67b05016894df2f33adf306c481ed,Akina - Contemporary Asian Experience,"
Ground Floor, Ascent Worli, Sudam Kalu Ahire Marg, Worli, Mumbai, Maharashtra 400030","https://www.google.com/maps/place/Akina+-+Contemporary+Asian+Experience/@19.0079718,72.8158627,17z/data=!4m10!1m2!2m1!1sAkina+Raheja+Ascent,+Sudam+Kalu+Ahire+Marg,+Ground+Floor,+Worli,+Mumbai!3m6!1s0x3be7cf313768ae49:0x80822c1938e45b0c!8m2!3d19.0079718!4d72.8203688!15sCkdBa2luYSBSYWhlamEgQXNjZW50LCBTdWRhbSBLYWx1IEFoaXJlIE1hcmcsIEdyb3VuZCBGbG9vciwgV29ybGksIE11bWJhaVpFIkNha2luYSByYWhlamEgYXNjZW50IHN1ZGFtIGthbHUgYWhpcmUgbWFyZyBncm91bmQgZmxvb3Igd29ybGkgbXVtYmFpkgETamFwYW5lc2VfcmVzdGF1cmFudOABAA!16s%2Fg%2F11mklr8md4?entry=ttu&g_ep=EgoyMDI2MDMxOC4xIKXMDSoASAFQAw%3D%3D",True,False,0x3be7cf313768ae49:0x80822c1938e45b0c,Akina,https://www.zomato.com/mumbai/akina-1-worli,ecf431fd98d67b05016894df2f33adf306c481ed,"Raheja Ascent, Sudam Kalu Ahire Marg, Ground Floor, Worli, Mumbai",19.0079718,72.8203688,,,False,"Akina, Raheja Ascent, Sudam Kalu Ahire Marg, Ground Floor, Worli, Mumbai"
"Shop 3, Ground Floor, Varsha Building, Raheja Complex Road, Versova, Andheri West, Mumbai",https://www.zomato.com/mumbai/balora-versova,23f52f7daf133a780a24925482526ff597d37f49,Balora,"
Shop No. 3, Varsha Apartments, Raheja Complex Rd, Gharkul Society, Seven Bunglow, Andheri West, Mumbai, Maharashtra 400061","https://www.google.com/maps/place/Balora/@19.1284946,72.8148868,17z/data=!4m10!1m2!2m1!1sBalora+Shop+3,+Ground+Floor,+Varsha+Building,+Raheja+Complex+Road,+Versova,+Andheri+West,+Mumbai!3m6!1s0x3be7b79e7bafb433:0x5b76c29aa29f9376!8m2!3d19.1284946!4d72.8193929!15sCmBCYWxvcmEgU2hvcCAzLCBHcm91bmQgRmxvb3IsIFZhcnNoYSBCdWlsZGluZywgUmFoZWphIENvbXBsZXggUm9hZCwgVmVyc292YSwgQW5kaGVyaSBXZXN0LCBNdW1iYWlaXCJaYmFsb3JhIHNob3AgMyBncm91bmQgZmxvb3IgdmFyc2hhIGJ1aWxkaW5nIHJhaGVqYSBjb21wbGV4IHJvYWQgdmVyc292YSBhbmRoZXJpIHdlc3QgbXVtYmFpkgEGYmlzdHJv4AEA!16s%2Fg%2F11ymp99v4v?entry=ttu&g_ep=EgoyMDI2MDMxOC4xIKXMDSoASAFQAw%3D%3D",True,False,0x3be7b79e7bafb433:0x5b76c29aa29f9376,Balora,https://www.zomato.com/mumbai/balora-versova,23f52f7daf133a780a24925482526ff597d37f49,"Shop 3, Ground Floor, Varsha Building, Raheja Complex Road, Versova, Andheri West, Mumbai",19.1284946,72.8193929,,,False,"Balora, Shop 3, Ground Floor, Varsha Building, Raheja Complex Road, Versova, Andheri West, Mumbai"
"Plot 388, Gangawadi Signal, LBS Marg, Ghatkopar West, Mumbai",https://www.zomato.com/mumbai/currys-cocktails-1-ghatkopar-west,b1235c9241f2e3d9f849c5cb3e82ad899b801311,Curry's & Cocktails Kitchen And Bar,"
Gangawadi signal, Plot no 338, Lal Bahadur Shastri Marg, near Gopal Bhavan, Gangawadi, Ghatkopar West, Mumbai, Maharashtra 400086","https://www.google.com/maps/place/Curry's+%26+Cocktails+Kitchen+And+Bar/@19.0914148,72.9083163,17z/data=!3m1!4b1!4m6!3m5!1s0x3be7c7c173ee36ef:0x298f3f1f08cbcc6c!8m2!3d19.0914148!4d72.9108912!16s%2Fg%2F11yn5b0td0?entry=ttu&g_ep=EgoyMDI2MDMxOC4xIKXMDSoASAFQAw%3D%3D",True,False,0x3be7c7c173ee36ef:0x298f3f1f08cbcc6c,Curry's & Cocktails,https://www.zomato.com/mumbai/currys-cocktails-1-ghatkopar-west,b1235c9241f2e3d9f849c5cb3e82ad899b801311,"Plot 388, Gangawadi Signal, LBS Marg, Ghatkopar West, Mumbai",19.0914148,72.9108912,,,False,"Curry's & Cocktails, Plot 388, Gangawadi Signal, LBS Marg, Ghatkopar West, Mumbai"
"4th Floor, Phoenix Palladium, Gourmet Village, Lower Parel, Mumbai",https://www.zomato.com/mumbai/the-silver-train-a-royal-culinary-journey-1-lower-parel,668b51b1e59b23f2ff7c85b20c965d59f791f3eb,The Silver Train,"
4th Floor, West Zone, Gourmet Village Phoenix Palladium, Lower Parel, Mumbai, Maharashtra 400013","https://www.google.com/maps/place/The+Silver+Train/@18.9951002,72.8214639,17z/data=!3m1!4b1!4m6!3m5!1s0x3be7cf2cb9992fdd:0x9e9f080329a9395c!8m2!3d18.9951002!4d72.8240388!16s%2Fg%2F11xw9zx9zm?entry=ttu&g_ep=EgoyMDI2MDMxOC4xIKXMDSoASAFQAw%3D%3D",False,False,0x3be7cf2cb9992fdd:0x9e9f080329a9395c,The Silver Train - A Royal Culinary Journey,https://www.zomato.com/mumbai/the-silver-train-a-royal-culinary-journey-1-lower-parel,668b51b1e59b23f2ff7c85b20c965d59f791f3eb,"4th Floor, Phoenix Palladium, Gourmet Village, Lower Parel, Mumbai",18.9951002,72.8240388,,,False,"The Silver Train - A Royal Culinary Journey, 4th Floor, Phoenix Palladium, Gourmet Village, Lower Parel, Mumbai"
"692, Shop 3, Casabella Society, Khar, Mumbai",https://www.zomato.com/mumbai/dripface-coffee-1-khar,3c50e4e130aeab6eff5c726773d0e31cb9bd5b46,The Silver Train,"
Shop No 3, Casa Bella Society, 692, 15th, Khar Pali Rd, Khar West, Mumbai, Maharashtra 400052","https://www.google.com/maps/place/Dripface+Coffee+Khar/@19.0682587,72.8297442,17z/data=!3m1!4b1!4m6!3m5!1s0x3be7c9e1d8644983:0x8b3461f8a2dd8273!8m2!3d19.0682587!4d72.8323191!16s%2Fg%2F11ydn6pz95?entry=ttu&g_ep=EgoyMDI2MDMxOC4xIKXMDSoASAFQAw%3D%3D",False,False,0x3be7c9e1d8644983:0x8b3461f8a2dd8273,,,,,,,,,,
"Shop 1, Zindagi CHSL, Khar Pali Road, Khar, Mumbai",https://www.zomato.com/mumbai/hom-khar,140dd9e727a79c7c99e90641763b7860c0bf6f3b,HOM,"
682-691, Khar Pali Rd, 15th Rd, Bandra West, Mumbai, Maharashtra 400052","https://www.google.com/maps/place/HOM/@19.0683714,72.8274821,17z/data=!4m10!1m2!2m1!1sHOM+Shop+1,+Zindagi+CHSL,+Khar+Pali+Road,+Khar,+Mumbai!3m6!1s0x3be7c99ab5fdba87:0x4e3ca7016c6b0aa7!8m2!3d19.0683714!4d72.8319882!15sCjZIT00gU2hvcCAxLCBaaW5kYWdpIENIU0wsIEtoYXIgUGFsaSBSb2FkLCBLaGFyLCBNdW1iYWlaNCIyaG9tIHNob3AgMSB6aW5kYWdpIGNoc2wga2hhciBwYWxpIHJvYWQga2hhciBtdW1iYWmSAQpyZXN0YXVyYW504AEA!16s%2Fg%2F11xtykr0_h?entry=ttu&g_ep=EgoyMDI2MDMxOC4xIKXMDSoASAFQAw%3D%3D",True,False,0x3be7c99ab5fdba87:0x4e3ca7016c6b0aa7,,,,,,,,,,
"Plot No 31/A, opposite MAFCO Market, Sector 22, Vashi, Navi Mumbai",https://www.zomato.com/mumbai/klove-vashi-navi-mumbai,e3ae678a726ce74a9d290773a3b5005be2f7851f,Klove All Day Cafe And Bar,"
Yogi Executive Hotel, Plot No 31/A, MAFCO Rd, opposite MAFCO Market, Sector 22, Vashi, Navi Mumbai, Maharashtra 400703","https://www.google.com/maps/place/Klove+All+Day+Cafe+And+Bar/@19.0708309,73.0069511,17z/data=!3m1!4b1!4m6!3m5!1s0x3be7c182c1b7a399:0x631fe1c0da676acf!8m2!3d19.0708309!4d73.009526!16s%2Fg%2F11ykhthgp7?entry=ttu&g_ep=EgoyMDI2MDMxOC4xIKXMDSoASAFQAw%3D%3D",True,False,0x3be7c182c1b7a399:0x631fe1c0da676acf,,,,,,,,,,
"545, Ground Floor, Excel Entertainment Building, 33rd Road, Pali Hill, Bandra West, Mumbai",https://www.zomato.com/mumbai/house-of-paloma-pali-hill-bandra-west,e47d9270e58b23b2b31dc2d7df31f1cb122d31d4,House of Paloma Bandra,"
545 Excel Entertainment Ground Floor 33rd Road Near McDonald’s Linking Road Bandra, Pali Village, Khar West, Mumbai, Maharashtra 400052","https://www.google.com/maps/place/House+of+Paloma+Bandra/@19.0658583,72.8324586,17z/data=!3m1!4b1!4m6!3m5!1s0x3be7c9cb15e537e1:0x8f524d52155fe58!8m2!3d19.0658583!4d72.8350335!16s%2Fg%2F11xky04pzt?entry=ttu&g_ep=EgoyMDI2MDMxOC4xIKXMDSoASAFQAw%3D%3D",True,False,0x3be7c9cb15e537e1:0x8f524d52155fe58,House Of Paloma,https://www.zomato.com/mumbai/house-of-paloma-pali-hill-bandra-west,e47d9270e58b23b2b31dc2d7df31f1cb122d31d4,"545, Ground Floor, Excel Entertainment Building, 33rd Road, Pali Hill, Bandra West, Mumbai",19.0658583,72.8350335,,,False,"House Of Paloma, 545, Ground Floor, Excel Entertainment Building, 33rd Road, Pali Hill, Bandra West, Mumbai"
"462, Unit T-30, 3rd Floor, Phoenix Palladium Mall, Phoenix Mills Compound, Senapati Bapat Marg, Lower Parel, Mumbai",https://www.zomato.com/mumbai/siciliana-lower-parel,241e4858038593ba709cc2202efdfb1b339e187c,Siciliana,"
Unit No Third Floor, Gourmet Village, Phoenix Palladium, T-30, Senapati Bapat Marg, Lower Parel, Mumbai, Maharashtra 400013","https://www.google.com/maps/place/Siciliana/@18.9949492,72.8216036,17z/data=!3m1!4b1!4m6!3m5!1s0x3be7cf466a03e07b:0x88de34c96da5cb2c!8m2!3d18.9949492!4d72.8241785!16s%2Fg%2F11mysyh5y_?entry=ttu&g_ep=EgoyMDI2MDMxOC4xIKXMDSoASAFQAw%3D%3D",True,False,0x3be7cf466a03e07b:0x88de34c96da5cb2c,Siciliana,https://www.zomato.com/mumbai/siciliana-lower-parel,241e4858038593ba709cc2202efdfb1b339e187c,"462, Unit T-30, 3rd Floor, Phoenix Palladium Mall, Phoenix Mills Compound, Senapati Bapat Marg, Lower Parel, Mumbai",18.9949492,72.8241785,,,False,"Siciliana, 462, Unit T-30, 3rd Floor, Phoenix Palladium Mall, Phoenix Mills Compound, Senapati Bapat Marg, Lower Parel, Mumbai"
"Lower Ground Floor, The Platinum Hotel, DN Nagar, Azad Nagar, Mumbai",https://www.zomato.com/mumbai/cellarz-lounge-azad-nagar,a5b610cb430258c8fd48e9bc04d3ed4df7746cd0,Cellarz Lounge and Bar,"
The Platinum Hotel, opp. Apna Bazar Road, D.N.Nagar, Andheri West, Mumbai, Maharashtra 400053","https://www.google.com/maps/place/Cellarz+Lounge+and+Bar/@19.1276004,72.8300965,17z/data=!3m1!4b1!4m6!3m5!1s0x3be7b7814eed0941:0x93bba0bf6d9965e4!8m2!3d19.1276004!4d72.8326714!16s%2Fg%2F11yrdmtwy5?entry=ttu&g_ep=EgoyMDI2MDMxOC4xIKXMDSoASAFQAw%3D%3D",True,False,0x3be7b7814eed0941:0x93bba0bf6d9965e4,Cellarz Lounge,https://www.zomato.com/mumbai/cellarz-lounge-azad-nagar,a5b610cb430258c8fd48e9bc04d3ed4df7746cd0,"Lower Ground Floor, The Platinum Hotel, DN Nagar, Azad Nagar, Mumbai",19.1276004,72.8326714,,,False,"Cellarz Lounge, Lower Ground Floor, The Platinum Hotel, DN Nagar, Azad Nagar, Mumbai"
"Ground Floor, R City Mall, Unit G78, Lal Bahadur Shastri Marg, Ghatkopar West, Mumbai",https://www.zomato.com/mumbai/24k-kraft-brewzz-ghatkopar-west,732daa9ce67587e6e97eb8bdfe1001c041d43e3b,"24K Kraft Brewzz, Brewery restaurant, Ghatkopar, Mumbai","
Ground Floor, R City Mall, G0078, Lal Bahadur Shastri Marg, Amrut Nagar, Ghatkopar West, Mumbai, Maharashtra 400086","https://www.google.com/maps/place/24K+Kraft+Brewzz,+Brewery+restaurant,+Ghatkopar,+Mumbai/@19.1006734,72.9137362,17z/data=!3m1!4b1!4m6!3m5!1s0x3be7c7898a4a48b7:0xc823aeb4b16cbd8!8m2!3d19.1006734!4d72.9163111!16s%2Fg%2F11ymsnfwx3?entry=ttu&g_ep=EgoyMDI2MDMxOC4xIKXMDSoASAFQAw%3D%3D",True,False,0x3be7c7898a4a48b7:0xc823aeb4b16cbd8,24k Kraft brewzz,https://www.zomato.com/mumbai/24k-kraft-brewzz-ghatkopar-west,732daa9ce67587e6e97eb8bdfe1001c041d43e3b,"Ground Floor, R City Mall, Unit G78, Lal Bahadur Shastri Marg, Ghatkopar West, Mumbai",19.1006734,72.9163111,,,False,"24k Kraft brewzz, Ground Floor, R City Mall, Unit G78, Lal Bahadur Shastri Marg, Ghatkopar West, Mumbai"
"Mumbai - Goa Highway, Near Dixit Motors, Shirdhon, Chinchavan, Panvel, Navi Mumbai",https://www.zomato.com/mumbai/angrezi-dhaba-1-panvel-navi-mumbai,213bfbf8ee46b42deece753ab08f1ff4ddd6cb0d,DIXIT MOTORS,"
Survey NO. 204/1,204/2 and 167/7, Village Shirdon, Mumbai Goa Road, Dist, Taluka, Panvel, 410221","https://www.google.com/maps/place/DIXIT+MOTORS/@19.0094489,72.9918585,12z/data=!4m10!1m2!2m1!1sAngrezi+Dhaba+Mumbai+-+Goa+Highway,+Near+Dixit+Motors,+Shirdhon,+Chinchavan,+Panvel,+Navi+Mumbai!3m6!1s0x3be7e7b764047c13:0x2cd18c6be0e919cb!8m2!3d18.9227423!4d73.1249922!15sCmBBbmdyZXppIERoYWJhIE11bWJhaSAtIEdvYSBIaWdod2F5LCBOZWFyIERpeGl0IE1vdG9ycywgU2hpcmRob24sIENoaW5jaGF2YW4sIFBhbnZlbCwgTmF2aSBNdW1iYWlaWyJZYW5ncmV6aSBkaGFiYSBtdW1iYWkgZ29hIGhpZ2h3YXkgbmVhciBkaXhpdCBtb3RvcnMgc2hpcmRob24gY2hpbmNoYXZhbiBwYW52ZWwgbmF2aSBtdW1iYWmSAQx0cnVja19kZWFsZXKaASRDaGREU1VoTk1HOW5TMFZKUTBGblNVTlNiVTQzWVRablJSQULgAQD6AQQIABAq!16s%2Fg%2F11qp0fyr45?entry=ttu&g_ep=EgoyMDI2MDMxOC4xIKXMDSoASAFQAw%3D%3D",False,False,0x3be7e7b764047c13:0x2cd18c6be0e919cb,,,,,,,,,,
"Marriott Navi Mumbai, D 264 TTC Industrial Estate, Turbhe, Navi Mumbai",https://www.zomato.com/mumbai/the-greatroom-marriott-navi-mumbai-1-turbhe-navi-mumbai,93fb692c8f30c1be514370f8d7fd059c18ffb162,Navi Mumbai Marriott Hotel,"
D 264, Thane - Belapur Rd, TTC Estate, Turbhe MIDC, Turbhe, Navi Mumbai, Maharashtra 400703","https://www.google.com/maps/place/Navi+Mumbai+Marriott+Hotel/@19.0688564,73.0170867,17z/data=!4m9!3m8!1s0x3be7c3daebb7bdbd:0x77d1f743e1617645!5m2!4m1!1i2!8m2!3d19.0688564!4d73.0196616!16s%2Fg%2F11y4ncml4q?entry=ttu&g_ep=EgoyMDI2MDMxOC4xIKXMDSoASAFQAw%3D%3D",False,False,0x3be7c3daebb7bdbd:0x77d1f743e1617645,The Greatroom - Marriott Navi Mumbai,https://www.zomato.com/mumbai/the-greatroom-marriott-navi-mumbai-1-turbhe-navi-mumbai,93fb692c8f30c1be514370f8d7fd059c18ffb162,"Marriott Navi Mumbai, D 264 TTC Industrial Estate, Turbhe, Navi Mumbai",19.0688564,73.01966159999999,,,False,"The Greatroom - Marriott Navi Mumbai, Marriott Navi Mumbai, D 264 TTC Industrial Estate, Turbhe, Navi Mumbai"
"7, KM Munshi Marg, Chowpatty, Mumbai",https://www.zomato.com/mumbai/govindas-chowpatty,700b13e5fdcfffda70469599ac66700395927885,,,"https://www.google.com/maps/dir/Govindas+International-+The+Higher+Taste,+1,+KM+Munshi+Rd,+Babulnath,+Dadi+Sheth+Wadi,+Malabar+Hill,+Mumbai,+Maharashtra+400007/KM+Munshi+Rd,+Chowpatty,+Girgaon,+Mumbai,+Maharashtra+400007/@18.9573203,72.807802,17z/data=!3m1!4b1!4m13!4m12!1m5!1m1!1s0x3be7cfaad62b6029:0xcd6a61fff9103ce!2m2!1d72.809981!2d18.9575426!1m5!1m1!1s0x3be7ce0ebc001813:0xe57531858c247fe1!2m2!1d72.8107857!2d18.9571292?entry=ttu&g_ep=EgoyMDI2MDMxOC4xIKXMDSoASAFQAw%3D%3D",False,False,0x3be7cfaad62b6029:0xcd6a61fff9103ce,,,,,,,,,,
