poicode,day_type,total_count,total_estimated_visit
POI_IND_9999_0x3be7c9a60cdedbb3:0xd34eddc4325443f7,weekday,64,4137.0
POI_IND_9999_0x3be7c916fdc4cab1:0x95b07fcf915a6578,weekday,40,2185.0
POI_IND_9999_0x3be7c9abd33d5da5:0xbedf2d3d22c6c28e,weekend,13,358.0
POI_IND_9999_0x3be7b710aa7c2b9d:0x354b6bfc19ec240b,weekday,125,4835.0
POI_IND_9999_0x3be7c83a6c82b9d1:0x4ffaf30a62bfc880,weekend,168,2902.0
POI_IND_9999_0x3be7c9b66de51133:0x594af6c9fdcd3ed9,weekday,97,3318.0
POI_IND_9999_0x3be7c9b66de51133:0x594af6c9fdcd3ed9,weekend,60,1514.0
POI_IND_9999_0x3be7b1e3b59a761b:0xdd979e6bd375a01f,weekend,255,9145.0
POI_IND_9999_0x3be7c72a133bf1b5:0x63b60c0cd9965e13,weekday,238,5428.0
POI_IND_9999_0x3be7b7a75bd219d1:0x7d9e9bedb9e0de09,weekend,1590,42084.0
POI_IND_9999_0x3be7e86af54b0ecb:0x6114b608a82684cb,weekend,194,3120.0
POI_IND_9999_0x3be7c900566b4269:0xeb7a3be5e8dd40e6,weekday,28,1584.0
POI_IND_9999_0x3be7c8a50afcb3eb:0xf9e4412ce124db60,weekend,27,1077.0
POI_IND_9999_0x3be7c91e7aaaaaab:0x85a286c6fd596dfd,weekend,18,999.0
POI_IND_9999_0x3be7c9f7ab1d5cb3:0xa8e0a41f7e36892d,weekday,11,590.0
POI_IND_9999_0x3be7c152c3110947:0x9ff0a8402dbf1232,weekend,80,735.0
POI_IND_9999_0x3be7c152c3110947:0x9ff0a8402dbf1232,weekday,176,1667.0
POI_IND_9999_0x3bdd792d3488165f:0x77d1dc707d0d9a17,weekday,207,5465.0
POI_IND_9999_0x3be7b08af3992151:0x127613749165ff46,weekday,76,3407.0
POI_IND_9999_0x3be797a5f9e8f083:0x530b0ca4a6322b3a,weekend,458,5490.0
POI_IND_9999_0x3be7c133e76f1551:0x5a187694d064884c,weekend,73,405.0
POI_IND_9999_0x3be7b96dddafbfaf:0x2ce661da0a26d2f3,weekend,22,781.0
POI_IND_9999_0x3be7b96dddafbfaf:0x2ce661da0a26d2f3,weekday,47,1626.0
POI_IND_9999_0x3be7b7e1322b1c8f:0xb452b1fea891b817,weekday,73,2676.0
POI_IND_9999_0x3be7b7e1322b1c8f:0xb452b1fea891b817,weekend,11,654.0
POI_IND_9999_0x3be7c9d56d7a47a5:0x156a36da76230a3a,weekday,77,4412.0
POI_IND_9999_0x3be7c9d56d7a47a5:0x156a36da76230a3a,weekend,36,2189.0
POI_IND_9999_0x3be7ce1e8741d455:0xbe039e3af7a9bf98,weekend,18,798.0
POI_IND_9999_0x3be7d1dfff98895f:0x6709775df5649388,weekend,41,1215.0
POI_IND_9999_0x3be7c93af994a663:0x25357c252a027c10,weekday,135,6556.0
POI_IND_9999_0x3be7c914624db2cd:0xd7fc3cd65287330d,weekend,65,2077.0
POI_IND_9999_0x3be7cf76832d7e83:0xa0fa9eac27400a84,weekday,112,4299.0
POI_IND_9999_0x3be7b9a839d54a31:0xa2b73f6cf89728f1,weekday,214,10596.0
POI_IND_9999_0x3be7b9a839d54a31:0xa2b73f6cf89728f1,weekend,95,4784.0
POI_IND_9999_0x3be7c371eea5bfe5:0xa5792b0bd83e5cdd,weekday,50,1105.0
POI_IND_9999_0x3be7bbdfe2b98e37:0x8e7a793cd04a6607,weekday,113,6899.0
POI_IND_9999_0x3be7852a4072a809:0x1ca610ef9025a914,weekend,8,8.0
POI_IND_9999_0x3be79352cca43b4b:0x957547b0fa54d01f,weekday,157,5049.0
POI_IND_9999_0x3be7d1dc9f291335:0xa98b317ad41f9352,weekday,174,5830.0
POI_IND_9999_0x3be7d1dc9f291335:0xa98b317ad41f9352,weekend,31,759.0
POI_IND_9999_0x3be7d1c13c0ef937:0x30cfede9559a0db7,weekday,221,7562.0
POI_IND_9999_0x3be7aa288059f5e3:0xd5b653fc2cbabc8d,weekday,58,1351.0
POI_IND_9999_0x3be7aa288059f5e3:0xd5b653fc2cbabc8d,weekend,34,995.0
POI_IND_9999_0x3be7b85c433915b1:0x2469070a20f22cc6,weekend,113,5414.0
POI_IND_9999_0x3be7b10f10b8ef6d:0xa20e476739bac721,weekday,34,1510.0
POI_IND_9999_0x3be7b10f10b8ef6d:0xa20e476739bac721,weekend,24,1298.0
POI_IND_9999_0x3be7b7c4e7d752c7:0x47d97f6ac45f61b5,weekday,845,34127.0
POI_IND_9999_0x3be7b7c4e7d752c7:0x47d97f6ac45f61b5,weekend,457,18314.0
POI_IND_9999_0x3be7c87c55555555:0x4720c7587fd3e34,weekend,48,2775.0
POI_IND_9999_0x3be7c9007d1c1e9d:0x80c76a76602a24d6,weekend,96,3549.0
POI_IND_9999_0x3be7b97fd891be29:0x8d623f4a9654b966,weekend,14,803.0
POI_IND_9999_0x3be7d1c31474d0b3:0xc6a4c0da4ca73353,weekday,268,5647.0
POI_IND_9999_0x3be7d1da67679c35:0xc44096d9101d09c8,weekday,453,13737.0
POI_IND_9999_0x3be7b9e21e356c77:0x7aa21d50adaa0f5c,weekend,28,747.0
POI_IND_9999_0x3be7c17cac15aa57:0x26e477180ab16d57,weekend,1011,28294.0
POI_IND_9999_0x3be7c17cac15aa57:0x26e477180ab16d57,weekday,1920,49160.0
POI_IND_9999_0x3be795ca6cd64fff:0x6beac04d68a4a537,weekday,130,4493.0
POI_IND_9999_0x3be7d113c4fbac23:0x213026c1252e5bff,weekday,74,3008.0
POI_IND_9999_0x3be7b126cad90119:0xd70e9642abb69893,weekend,197,8063.0
POI_IND_9999_0x3be7b126cad90119:0xd70e9642abb69893,weekday,449,19048.0
POI_IND_9999_0x3be7949e3961e2f9:0x2856abe6f9da5e75,weekend,68,3933.0
POI_IND_9999_0x3be7b9b28db75669:0xd2775f79a6df85d3,weekend,127,4975.0
POI_IND_9999_0x3be7bb00512e347f:0x2f8a8a3f670d2ef,weekend,69,1994.0
POI_IND_9999_0x3be7bb00512e347f:0x2f8a8a3f670d2ef,weekday,163,3329.0
POI_IND_9999_0x3be79516dcba2bc5:0xeb25edcebf811989,weekday,87,3274.0
POI_IND_9999_0x3be7c0c504d81527:0xa7540bef39a52182,weekend,2,2.0
POI_IND_9999_0x3be7b940880cef0f:0x79f8d6da4c3d23e,weekend,142,6685.0
POI_IND_9999_0x3be79b549f67100f:0x972b49b1ac90eb9a,weekday,99,2997.0
POI_IND_9999_0x3be79b549f67100f:0x972b49b1ac90eb9a,weekend,20,869.0
POI_IND_9999_0x3be7d1c35c4fa691:0xc1ce95afc4fe5e3b,weekday,58,3333.0
POI_IND_9999_0x3be7c900c238ea01:0x321fbf7b9f200b8e,weekend,119,5101.0
POI_IND_9999_0x3be7b969b0ccfdc1:0xf1b6a4ce27897b1a,weekend,79,1702.0
POI_IND_9999_0x3be7b7a8ffdc7ea9:0x71ad31b973b7b95a,weekday,58,3088.0
POI_IND_9999_0x3be7c913086b5387:0x92fecf0ae6c51992,weekday,132,6270.0
POI_IND_9999_0x3be7a96c48346de9:0x61c09fc5ef252cb2,weekday,184,2034.0
POI_IND_9999_0x3be7b73d25d91db5:0x7be81e8c756523df,weekday,319,11570.0
POI_IND_9999_0x3be7c9075ca4405f:0x77920b6461aa6c96,weekday,128,4017.0
POI_IND_9999_0x3be7d1c06fffffff:0x375ff33a40669677,weekday,20,262.0
POI_IND_9999_0x3be7982101fe2bc5:0xc128f2742a14da2c,weekday,139,4997.0
POI_IND_9999_0x3be78584b9e57ccb:0xce11790a20db9e40,weekday,101,3267.0
POI_IND_9999_0x3be7c8e01d983e2f:0x8c21c577f5500826,weekday,150,4140.0
POI_IND_9999_0x3be7b64cb07a05dd:0x4c45ef2d2c6e1a70,weekday,131,6553.0
POI_IND_9999_0x3be7c816c187300d:0xca7e3d1ad60d8022,weekend,51,2635.0
POI_IND_9999_0x3be7c61e4cf6ac01:0xe6cd5b06827fa22,weekend,44,1387.0
POI_IND_9999_0x3be7c9b2e64cb2fd:0x37e2fd07d5930a79,weekend,68,1562.0
POI_IND_9999_0x3be7c833236a9813:0x62cf70c6a5bb0b06,weekend,58,3367.0
POI_IND_9999_0x3be7c8a645c07565:0x9617fecaf6c05090,weekend,385,15073.0
POI_IND_9999_0x3be7b7a84bc7bb29:0xd7df535480570426,weekday,154,5812.0
POI_IND_9999_0x3be7b7a84bc7bb29:0xd7df535480570426,weekend,91,3971.0
POI_IND_9999_0x3be7b622afffffff:0x363d9bb8e85550a4,weekday,166,2752.0
POI_IND_9999_0x3be7b874c2b9c043:0xeeb76b322653740d,weekend,153,5204.0
POI_IND_9999_0x3be7cef2f381a5fd:0x782a4e33b2538588,weekend,15,747.0
POI_IND_9999_0x3be7af9757d3963d:0x8f80ca142f5ca2f4,weekend,40,1486.0
POI_IND_9999_0x3be7b7cc5fd06251:0x33111ace810345a8,weekday,223,8806.0
POI_IND_9999_0x3be7b7c0ff4de383:0x82a240ef4c090f9c,weekday,101,3790.0
POI_IND_9999_0x3be7c900c542e3c1:0xa29698073a21da7f,weekend,594,25212.0
POI_IND_9999_0x3be7bbf82cb5251f:0xdc8ee80a7d8f875b,weekday,25,619.0
POI_IND_9999_0x3be7bbf82cb5251f:0xdc8ee80a7d8f875b,weekend,1,100.0
POI_IND_9999_0x3be7936664ce3dc3:0x882beea7bf3c0826,weekday,101,3260.0
POI_IND_9999_0x3be7936664ce3dc3:0x882beea7bf3c0826,weekend,26,1489.0
POI_IND_9999_0x3be7bf005667c8e3:0x5c6cb692963833f8,weekend,31,562.0
POI_IND_9999_0x3be7bf515fe5b349:0x8a5dfeae2fdc40e5,weekend,86,1523.0
POI_IND_9999_0x3be7b78d5aff42f9:0x77d449bcf17462fd,weekday,151,5221.0
POI_IND_9999_0x3be7b63e14ca5745:0xb77a42174dcd236f,weekday,40,2231.0
POI_IND_9999_0x3be7c60426670af9:0x32b82c50853b4b2c,weekday,96,5186.0
POI_IND_9999_0x3be7b18af7032b9d:0x6d39dc5bfe3ef220,weekend,145,5098.0
POI_IND_9999_0x3be7c8145cb7388b:0xc124c6735ae2edac,weekend,238,6748.0
POI_IND_9999_0x3be7b8f072d7dfd1:0xbbd0442fbbf7c3e1,weekday,555,14826.0
POI_IND_9999_0x3be7c6090a2ae135:0xb9536d527182bcc5,weekend,21,627.0
POI_IND_9999_0x3be7b70041243ea7:0x7e432967698300da,weekend,39,2505.0
POI_IND_9999_0x3be7b70865190877:0xb4177f8b7d4a69be,weekday,70,2007.0
POI_IND_9999_0x3be7c7d46e80b807:0xe50b159358ce7bf3,weekday,343,8718.0
POI_IND_9999_0x3be7c7d46e80b807:0xe50b159358ce7bf3,weekend,129,2673.0
POI_IND_9999_0x3be7b786fba1b3f1:0x6c248182cd4f9b7,weekday,127,6511.0
POI_IND_9999_0x3be7c1657267221b:0xd7df5a3472f2750e,weekend,20,575.0
POI_IND_9999_0x3be7af8dc0c98199:0xa7cc3a9e5ee5219b,weekend,46,2730.0
POI_IND_9999_0x3be7b9397be9f741:0x51a076cb01e2635d,weekend,86,2959.0
POI_IND_9999_0x3be7cf45f20fb1f3:0x8ea7dc4f5de5bda5,weekday,136,4514.0
POI_IND_9999_0x3be7ce8c8882b2ad:0x43e7339c8ffd9a13,weekend,143,5145.0
POI_IND_9999_0x3be7c921c157c1c3:0xff734fc4d0da7e1b,weekend,8,629.0
POI_IND_9999_0x3be7b7eb6df21871:0xa97a3f3d53d5d639,weekend,62,3136.0
POI_IND_9999_0x3be7b135b9dc17f1:0xd8007acf8637c6da,weekday,411,13835.0
POI_IND_9999_0x3be7b135b9dc17f1:0xd8007acf8637c6da,weekend,229,7272.0
POI_IND_9999_0x3be7c86ded542b17:0xa8f85d53671c7654,weekday,136,5599.0
POI_IND_9999_0x3be7b0d9fb01218f:0x2fd9b8c7ff9193f4,weekend,23,978.0
POI_IND_9999_0x3be7c823a20fced1:0x7357ff1643464e8,weekend,77,2273.0
POI_IND_9999_0x3be797a947c4d521:0xa1460c122cb5b178,weekday,293,6003.0
POI_IND_9999_0x3be7af83851fda31:0x6fce0f4c2ceae510,weekend,206,4420.0
POI_IND_9999_0x3be7c0e9e3007a7b:0xf6c5bf3090378bb8,weekday,23,498.0
POI_IND_9999_0x3be79364c4bc65e9:0xaf20ec4fa1187fdd,weekday,29,1932.0
POI_IND_9999_0x3be7c141233dfd5b:0xfa5049030446c801,weekend,232,1926.0
POI_IND_9999_0x3be7c82734053ead:0xa7aa95cb0d6eea57,weekday,89,2521.0
POI_IND_9999_0x3be7b77a40460c63:0x8b75b9a7b70d7849,weekday,230,10097.0
POI_IND_9999_0x3be7b61f05f35b71:0x9a41a64d0af93709,weekday,141,7123.0
POI_IND_9999_0x3be7c8e81185e7e3:0xacf7b26f032ae292,weekend,18,535.0
POI_IND_9999_0x3be7b7324b2264d1:0x485dce4c0be5b054,weekend,27,1230.0
POI_IND_9999_0x3be7c975d56a28a1:0xa34998b4692a472e,weekend,77,1376.0
POI_IND_9999_0x3be7bdf04a546aa5:0x40138ddb77f5f924,weekend,25,656.0
POI_IND_9999_0x3be7b05b255b1391:0x108b75aedc80e1c6,weekday,299,10720.0
POI_IND_9999_0x3be79411a2c764d1:0x53a713e62917f027,weekend,61,2651.0
POI_IND_9999_0x3be7c181e05cdab5:0x86cfda8dbac6b83d,weekend,49,1182.0
POI_IND_9999_0x3be7b9277b7cb5e7:0x75a8cdc7b437bd97,weekend,328,7959.0
POI_IND_9999_0x3be7c1476c5c98bd:0xd0d929fd1266235,weekend,166,3844.0
POI_IND_9999_0x3be7c8abc115a509:0xdb158b43394006bd,weekend,89,4039.0
POI_IND_9999_0x3be7b8f5b6cb36d3:0xe8677705e87a7858,weekend,27,842.0
POI_IND_9999_0x3be7b71ed51806a5:0x920a6e9a0fa6152e,weekday,134,5499.0
POI_IND_9999_0x3be7b71ed51806a5:0x920a6e9a0fa6152e,weekend,74,2970.0
POI_IND_9999_0x3be7d1c13dbce89f:0x5dde8d3f775fd0a7,weekend,78,2757.0
POI_IND_9999_0x3be7d1da6a3b63c1:0x2cd0e6a96b41de18,weekday,121,6406.0
POI_IND_9999_0x3be7d1da6a3b63c1:0x2cd0e6a96b41de18,weekend,41,2494.0
POI_IND_9999_0x3be7e9d2085e80e3:0x4644455f77367f57,weekend,89,1219.0
POI_IND_9999_0x3be7b1b638be92ed:0x1129e7bdf6d6a291,weekend,37,1036.0
POI_IND_9999_0x3be7b1b638be92ed:0x1129e7bdf6d6a291,weekday,119,4075.0
POI_IND_9999_0x3be7b7ecd2a591f5:0x984781dbc2e57bd,weekday,675,19417.0
POI_IND_9999_0x3be7b16b922e9ddb:0x20c152b8ad38fbd9,weekend,175,5913.0
POI_IND_9999_0x3be7c9d9d759a57f:0x570ef45cac4a5ba2,weekend,7,338.0
POI_IND_9999_0x3be7c717ed0e7bad:0xc13e0c843e699719,weekday,230,7220.0
POI_IND_9999_0x3be7c9fce134e3e5:0x82c75ef754a4c7a0,weekday,963,30483.0
POI_IND_9999_0x3be7c8ff00000001:0xaec90dc79783fc3f,weekday,41,2205.0
POI_IND_9999_0x3be7c8ff00000001:0xaec90dc79783fc3f,weekend,29,1692.0
POI_IND_9999_0x3be7c98b9c43dffd:0x9461bc7c60f5d18f,weekday,422,19408.0
POI_IND_9999_0x3be7c98b9c43dffd:0x9461bc7c60f5d18f,weekend,317,10180.0
POI_IND_9999_0x3be7b63cc1699017:0xcc1e8ff31e905738,weekend,142,1844.0
POI_IND_9999_0x3be7b12db869711b:0xe92959f0d354879f,weekday,98,5442.0
POI_IND_9999_0x3be7c99f97ca81ed:0xebc51f93f7c7d960,weekend,60,2636.0
POI_IND_9999_0x3be7b7e9c816756d:0xf5356a28a9ebf4c3,weekday,30,1200.0
POI_IND_9999_0x3be7b7e9c816756d:0xf5356a28a9ebf4c3,weekend,18,539.0
POI_IND_9999_0x3be7b7313ad6e75f:0xd6e59785ffb75257,weekday,254,6489.0
POI_IND_9999_0x3be7d1c323572785:0xf67c19526b8cc994,weekday,728,29748.0
POI_IND_9999_0x3be7c99824616e79:0xd8da52a80214c0f,weekend,14,606.0
POI_IND_9999_0x3be7c978048fc55f:0xc71ab6c6b4489cf4,weekend,32,984.0
POI_IND_9999_0x3be7c70fea8ce741:0x87a8017756b916b7,weekend,36,1934.0
POI_IND_9999_0x3be7b61cd80de561:0x71cecd018b3ebe92,weekday,201,6776.0
POI_IND_9999_0x3be7b1211b5ac3f3:0x9cfbad00aa070202,weekday,1125,26658.0
POI_IND_9999_0x3be87b390dba7653:0x8d2445cc5de470cc,weekday,91,1710.0
POI_IND_9999_0x3be87b390dba7653:0x8d2445cc5de470cc,weekend,48,1153.0
POI_IND_9999_0x3be7e9ca90c435ef:0x259777e13a6c9840,weekday,42,827.0
POI_IND_9999_0x3be79467680e3075:0x2a71a541ba31f5,weekday,365,16760.0
POI_IND_9999_0x3be7c0d141473e29:0xcd62f444016bdf68,weekday,302,2597.0
POI_IND_9999_0x3be7b94450bc584b:0x5c929e0e405242bf,weekday,134,5284.0
POI_IND_9999_0x3be7c1704b57b7e9:0xdd92e9bb6c74e4b3,weekday,24,202.0
POI_IND_9999_0x3be7b923d8d069ef:0xb000ee266605238e,weekend,184,8255.0
POI_IND_9999_0x3be7962747b2a75f:0x3788193662d97594,weekday,59,2064.0
POI_IND_9999_0x3be7962747b2a75f:0x3788193662d97594,weekend,12,353.0
POI_IND_9999_0x3be7ce12a9b29c15:0xdb6e05fed0388a41,weekend,68,3841.0
POI_IND_9999_0x3be7ce22107044f9:0xa9aff9e186a3530a,weekend,66,1936.0
POI_IND_9999_0x3be7d7f9d5053af7:0x685650e744cfb44,weekday,3,2.0
POI_IND_9999_0x3be7d7f9d5053af7:0x685650e744cfb44,weekend,2,2.0
POI_IND_9999_0x3be795839662f78f:0x8307144efc686228,weekend,115,1821.0
POI_IND_9999_0x3be795c11a161f2d:0xe3b8cc3fe0c89fcf,weekend,124,3808.0
POI_IND_9999_0x3be7c602d9b1d4db:0xe7f5dbe3ec80fb45,weekend,61,3647.0
POI_IND_9999_0x3be7b704fc381155:0x21992d9949a871ac,weekend,57,2974.0
POI_IND_9999_0x3be7c9cb4c0c6b6b:0x8c8c8969d013a87,weekday,215,9526.0
POI_IND_9999_0x3be7b916cbfc5225:0xc4400a9863d5c799,weekend,596,19890.0
POI_IND_9999_0x3be79581351f2469:0xc612d6c2657a2e01,weekday,60,689.0
POI_IND_9999_0x3be7bf06a283e347:0xcf27caa0d60a9391,weekday,66,3294.0
POI_IND_9999_0x3be7c863df525d9d:0x6f54e2faaf9f947b,weekday,77,3954.0
POI_IND_9999_0x3be7bed2ffffffff:0xed0e7b342aad301c,weekday,202,6785.0
POI_IND_9999_0x3be7c300651edbd7:0x97003bfe1277df89,weekend,17,487.0
POI_IND_9999_0x3be797754b1892d7:0x5e5aa17d8bc8ed39,weekend,41,272.0
POI_IND_9999_0x3be79592ff077155:0x9f43404a898161d4,weekend,62,1016.0
POI_IND_9999_0x3be7b1be67c06b5d:0xfdfb25b750679ef7,weekday,99,4070.0
POI_IND_9999_0x3be7c2532fffffff:0xb20591b7effeab27,weekend,24,598.0
POI_IND_9999_0x3be7c3cde10c17a1:0x2e4f0697a94a9c59,weekend,28,208.0
POI_IND_9999_0x3be7c37bfdcfd26b:0xc5959be228b2d4c5,weekend,257,3346.0
POI_IND_9999_0x3be7c94f0d61c165:0x4688ea5fb76ada02,weekday,108,3393.0
POI_IND_9999_0x3be7c9fe0412e6e3:0x3af2ac3257216a7e,weekday,104,4198.0
POI_IND_9999_0x3be7f3de872225a5:0xc972780fba8ac9ca,weekend,426,10276.0
POI_IND_9999_0x3be7c9f9976689e3:0x65fa8ec33ab59e9d,weekend,95,4952.0
POI_IND_9999_0x3be7c3d47ff8238d:0x1200fe19e33ec3f7,weekday,129,2787.0
POI_IND_9999_0x3be7c3d47ff8238d:0x1200fe19e33ec3f7,weekend,57,921.0
POI_IND_9999_0x3be7d18755a5ddf3:0x54e1c653396b391b,weekday,84,3202.0
POI_IND_9999_0x3be7cfab349c937b:0xf0d06e7065689190,weekend,10,9.0
POI_IND_9999_0x3be7cfab349c937b:0xf0d06e7065689190,weekday,25,263.0
POI_IND_9999_0x3be7c9388c9441bf:0x20883071c917c21b,weekend,8,545.0
POI_IND_9999_0x3be7c9388c9441bf:0x20883071c917c21b,weekday,44,2401.0
POI_IND_9999_0x3be7b77a549d4fab:0x1303763c4c57235f,weekday,169,4280.0
POI_IND_9999_0x3be7b77a549d4fab:0x1303763c4c57235f,weekend,98,1647.0
POI_IND_9999_0x3be7c90febdbbb0d:0xa0d346dce9055e28,weekend,15,760.0
POI_IND_9999_0x3be7c994afaff939:0x7e6118c795d0a889,weekday,61,1988.0
POI_IND_9999_0x3be7c912e59941f5:0x86cee354d608ec42,weekend,66,3095.0
POI_IND_9999_0x3be7c3dbfbc666b1:0x47e11a52a8454cf,weekend,47,531.0
POI_IND_9999_0x3be7c35e8c00c523:0x6fa6356a4291681b,weekday,90,1264.0
POI_IND_9999_0x3be7ce8796fc6aed:0xa8f11316d3c1da57,weekend,36,1803.0
POI_IND_9999_0x3be7c976293de911:0x844b1c44fce88e40,weekday,58,2262.0
POI_IND_9999_0x3be7d1e6fe5d672d:0xa2afe2ae1e76ac35,weekday,61,2520.0
POI_IND_9999_0x3be7ce430eb7f191:0xae06636597fc7506,weekday,260,10191.0
POI_IND_9999_0x3be7ce430eb7f191:0xae06636597fc7506,weekend,96,3730.0
POI_IND_9999_0x3be7ce8c60c1a6cd:0x99d779c187855b53,weekday,162,4078.0
POI_IND_9999_0x3be7ce6d55f8b475:0x10fe8224fdbb7918,weekend,105,4661.0
POI_IND_9999_0x3be7d1bf688ad76d:0x5de7d9f716ffb71e,weekend,20,474.0
POI_IND_9999_0x3be7b122e8e08d33:0x715146335c98ccfc,weekend,19,907.0
POI_IND_9999_0x3be7b1206339ab27:0x4ef91fb1a538cacc,weekend,439,15599.0
POI_IND_9999_0x3be7c627288c44b3:0x9ea97a0251b96c16,weekend,156,7809.0
POI_IND_9999_0x3be7b7346b65e457:0x34e39c1295315a82,weekday,259,10851.0
POI_IND_9999_0x3be7c9182c920e5f:0xf7912509065991d0,weekday,58,1917.0
POI_IND_9999_0x3be7c9182c920e5f:0xf7912509065991d0,weekend,3,201.0
POI_IND_9999_0x3be7c173c3a4c3cf:0xfd3fdfbb9c230164,weekday,15,188.0
POI_IND_9999_0x3be7bf025681cbd7:0x206a48306234d5ae,weekday,223,2958.0
POI_IND_9999_0x3be7bdad5bdf37eb:0xf2db0562939bb8c5,weekend,89,1981.0
POI_IND_9999_0x3be7c304fffb8fbf:0xa23ab64d4474dc2e,weekend,100,1363.0
POI_IND_9999_0x3be7e9b290fb11a7:0xc63c83598d29db35,weekend,36,415.0
POI_IND_9999_0x3be7bff72093c583:0x5fbfbe31acd3c5db,weekend,123,1765.0
POI_IND_9999_0x3be7c141b96fdd2f:0x26797b33c92d0d63,weekend,38,940.0
POI_IND_9999_0x3be7c3c19bd40e17:0xce70bd12df293151,weekday,43,1500.0
POI_IND_9999_0x3be7c31ca025e8b1:0xc2006f8cd1ff46d3,weekday,45,755.0
POI_IND_9999_0x3be7c352843d146f:0x87bb4bc7c3d1dc25,weekend,89,818.0
POI_IND_9999_0x3be7ce7a4653635d:0x74c5b7f1a94e8a40,weekday,32,1404.0
POI_IND_9999_0x3be7d1dd5837994f:0x11a3ed8ec200c858,weekend,13,654.0
POI_IND_9999_0x3be7c86cda0af0b9:0x8523ee43a08403d2,weekend,26,909.0
POI_IND_9999_0x3be7b1944fe1d0bb:0xb8fb5f115470c2d,weekday,455,7858.0
POI_IND_9999_0x3be7b18ccaa74e13:0xeffee4e853855216,weekend,29,1403.0
POI_IND_9999_0x3be7b195068c94c1:0x6b610c676c4e919,weekend,227,7856.0
POI_IND_9999_0x3be7c86cc4f55adf:0x6268cce8619c7927,weekday,98,2587.0
POI_IND_9999_0x3be7c86cc4f55adf:0x6268cce8619c7927,weekend,17,524.0
POI_IND_9999_0x3be7b7562790a60f:0x5083863c686486da,weekday,186,6684.0
POI_IND_9999_0x3be7abf7ab079f7f:0xf6d94c87000e4f9a,weekend,172,2903.0
POI_IND_9999_0x3be7c9bf40c4ed19:0xa25d3b05259a616c,weekend,186,2397.0
POI_IND_9999_0x3be7c7cca2de3747:0xe95347de2b09716f,weekend,91,5103.0
POI_IND_9999_0x3be7ce0d165595d9:0xf5e3e581369494be,weekend,104,3020.0
POI_IND_9999_0x3be7ce28b5ea3945:0x19da1d8f43d864a5,weekday,256,8350.0
POI_IND_9999_0x3be7ce28b5ea3945:0x19da1d8f43d864a5,weekend,103,2684.0
POI_IND_9999_0x3be7cfe1de5cd917:0xfc91b326e8eb1f5d,weekend,2,101.0
POI_IND_9999_0x3be7bb4b4461eba9:0x85a6b647c2edecf7,weekday,97,5723.0
POI_IND_9999_0x3be79540ed78d74f:0x5f7c5d78dbc9357,weekday,144,1945.0
POI_IND_9999_0x3be7b911e3ffd789:0x31f5020a522c37da,weekend,31,923.0
POI_IND_9999_0x3be7bd6a32df9c99:0x5be6b34e652993a5,weekday,40,639.0
POI_IND_9999_0x3be7bd6a32df9c99:0x5be6b34e652993a5,weekend,25,493.0
POI_IND_9999_0x3be7c1e2610bd04d:0xc6092407be743969,weekday,131,2845.0
POI_IND_9999_0x3be7b1b5e71c8c4b:0x1155d60d3582da94,weekday,400,7547.0
POI_IND_9999_0x3be7b1b5e71c8c4b:0x1155d60d3582da94,weekend,125,3210.0
POI_IND_9999_0x3be7b1594de99551:0xfa2b7f5ec2f52abf,weekend,131,3401.0
POI_IND_9999_0x3be7c14e96633393:0x7dfc6558237a4bd5,weekday,427,9797.0
POI_IND_9999_0x3be7b6ee0655b047:0x6d37d7deaba160eb,weekday,478,15713.0
POI_IND_9999_0x3be7c92081e865e7:0x9ea8136650a2dca0,weekday,54,1380.0
POI_IND_9999_0x3be7b7b955555555:0xf904c9756d3c06d3,weekday,184,9669.0
POI_IND_9999_0x3be7b7b955555555:0xf904c9756d3c06d3,weekend,82,5167.0
POI_IND_9999_0x3be7c62fb687b31b:0xcc4126f955ecdf68,weekday,45,2336.0
POI_IND_9999_0x3be7c9d410605bb9:0x1754b34a366f051,weekend,142,4329.0
POI_IND_9999_0x3be7b063388a27e1:0xc820b9dc20386ee4,weekday,59,2606.0
POI_IND_9999_0x3be7b92daeb4a1e5:0x91516eb292282138,weekday,179,8959.0
POI_IND_9999_0x3be7b1502f9ba977:0x95be0717edafb16f,weekday,123,7317.0
POI_IND_9999_0x3be7b8aaa9cbb967:0xc0645a51e51ae8b,weekday,7,23.0
POI_IND_9999_0x3be7bf81b19c4bcd:0x9402d29d680a92e9,weekday,21,547.0
POI_IND_9999_0x3be7b63cfbf4a9af:0x97f3de7b29340d96,weekend,54,2765.0
POI_IND_9999_0x3be7c9a60cdedbb3:0xd34eddc4325443f7,weekend,33,2124.0
POI_IND_9999_0x3be7c916fdc4cab1:0x95b07fcf915a6578,weekend,11,565.0
POI_IND_9999_0x3be7b64714187a05:0xc598cf4d0a7e38fd,weekday,201,5738.0
POI_IND_9999_0x3be7b64714187a05:0xc598cf4d0a7e38fd,weekend,104,2613.0
POI_IND_9999_0x3be7b17d5987a3cb:0x5afe78c10c37db5,weekday,527,22290.0
POI_IND_9999_0x3be7c7cd845de3a9:0x24405ab862c8eb10,weekend,59,2796.0
POI_IND_9999_0x3be7b1e3b59a761b:0xdd979e6bd375a01f,weekday,570,21236.0
POI_IND_9999_0x3be7b7a75bd219d1:0x7d9e9bedb9e0de09,weekday,2634,75140.0
POI_IND_9999_0x3be7c9c304783a55:0xb12f52b2c8daf8b6,weekend,208,7369.0
POI_IND_9999_0x3be7c91e7aaaaaab:0x85a286c6fd596dfd,weekday,55,2778.0
POI_IND_9999_0x3be7c610342e7c6b:0x2853abd7d95d2933,weekend,74,2822.0
POI_IND_9999_0x3be7c9f7ab1d5cb3:0xa8e0a41f7e36892d,weekend,6,307.0
POI_IND_9999_0x3be7c16e4767bde7:0x33c936a2178f88ac,weekend,57,599.0
POI_IND_9999_0x3be7c115a2e2eb3d:0xc6155a8027d88062,weekday,128,3967.0
POI_IND_9999_0x3be7950f66260a7d:0x420a641838f9c291,weekday,24,740.0
POI_IND_9999_0x3bdd792d3488165f:0x77d1dc707d0d9a17,weekend,65,1719.0
POI_IND_9999_0x3be7c133e76f1551:0x5a187694d064884c,weekday,141,1211.0
POI_IND_9999_0x3be7c9d98e255e55:0x2be693621d065797,weekend,53,1745.0
POI_IND_9999_0x3be7ce1e8741d455:0xbe039e3af7a9bf98,weekday,63,2600.0
POI_IND_9999_0x3be7d1e96fffffff:0x5d6c2fe528bcb0ae,weekday,4,70.0
POI_IND_9999_0x3be7d193eaaaaaab:0x5024a2892339143e,weekday,28,1111.0
POI_IND_9999_0x3be7c93af994a663:0x25357c252a027c10,weekend,61,3553.0
POI_IND_9999_0x3be7cff2042e5083:0x2363d345d43707fa,weekday,149,4098.0
POI_IND_9999_0x3be7c371eea5bfe5:0xa5792b0bd83e5cdd,weekend,12,273.0
POI_IND_9999_0x3be7c3acca162291:0xae8718f3af0ba07b,weekday,163,3328.0
POI_IND_9999_0x3be7cedb15bab29f:0x11008c611d9ddbe0,weekend,217,8325.0
POI_IND_9999_0x3be7ced18f339c9d:0xc9b6fd38834dd75b,weekday,69,2345.0
POI_IND_9999_0x3be7d193ead72833:0x563afcec3276c805,weekday,384,7629.0
POI_IND_9999_0x3be7c9007cf4e791:0xc55252d326e339e1,weekend,51,2325.0
POI_IND_9999_0x3be7c9007cf4e791:0xc55252d326e339e1,weekday,105,3943.0
POI_IND_9999_0x3be7b7bbfdb7f0fb:0x64d578c241c8bed1,weekday,123,5831.0
POI_IND_9999_0x3be7c87c55555555:0x4720c7587fd3e34,weekday,106,5678.0
POI_IND_9999_0x3be7c778be26ed61:0xaccd5d806a046068,weekend,10,200.0
POI_IND_9999_0x3be7c9007d1c1e9d:0x80c76a76602a24d6,weekday,195,7428.0
POI_IND_9999_0x3be7cf04a438511f:0x8669418c69b2593f,weekend,80,2435.0
POI_IND_9999_0x3be7cf04a438511f:0x8669418c69b2593f,weekday,151,6370.0
POI_IND_9999_0x3be7a7f48e2b3af7:0x9f8c7d84771bcfc6,weekend,32,723.0
POI_IND_9999_0x3be7b9e21e356c77:0x7aa21d50adaa0f5c,weekday,94,4036.0
POI_IND_9999_0x3be7ba898009feb1:0xf19bfa7dc485b029,weekday,27,1890.0
POI_IND_9999_0x3be7c398d314deb7:0x61e4d451dbbc88b,weekday,83,1503.0
POI_IND_9999_0x3be7cf006a33331d:0x20662a75d8e9a8bf,weekend,384,12299.0
POI_IND_9999_0x3be7b9b28db75669:0xd2775f79a6df85d3,weekday,263,10145.0
POI_IND_9999_0x3be791bd75504a81:0x60fec22520565f0,weekend,10,6.0
POI_IND_9999_0x3be7c1566d4240b5:0x7a4389a569638f82,weekday,591,14721.0
POI_IND_9999_0x3be7ce58633ae553:0x4afee3e112440e0a,weekday,131,4866.0
POI_IND_9999_0x3be7ce58633ae553:0x4afee3e112440e0a,weekend,60,2689.0
POI_IND_9999_0x3be7d1c35c4fa691:0xc1ce95afc4fe5e3b,weekend,6,295.0
POI_IND_9999_0x3be7c93d17e2e4a5:0x62f92678f8dbb1a8,weekend,78,2967.0
POI_IND_9999_0x3be7c8abcf7563b3:0xf855775da04723ea,weekend,71,3280.0
POI_IND_9999_0x3be7b73d25d91db5:0x7be81e8c756523df,weekend,150,4410.0
POI_IND_9999_0x3be7b6e29d28df55:0x38a8f2338ba78f94,weekday,121,4098.0
POI_IND_9999_0x3be7d1c06fffffff:0x375ff33a40669677,weekend,29,595.0
POI_IND_9999_0x3be7b1dd58098249:0x8a101869501232cd,weekday,104,2803.0
POI_IND_9999_0x3be7c3e7b7a21651:0xf60b0a4fb5e59ef2,weekend,84,759.0
POI_IND_9999_0x3be7bcf85609d311:0x7b38cbb6fa4d71c1,weekday,12,624.0
POI_IND_9999_0x3be7c61e4cf6ac01:0xe6cd5b06827fa22,weekday,102,3651.0
POI_IND_9999_0x3be7c931e2ea19d3:0x2e3ad8a770e4d836,weekday,104,3252.0
POI_IND_9999_0x3be7c92f56907b43:0xaac10c11e57e01b8,weekend,27,910.0
POI_IND_9999_0x3be7b8fbc310fbff:0xb779ada218bc88cc,weekday,63,3689.0
POI_IND_9999_0x3be7b622afffffff:0x363d9bb8e85550a4,weekend,58,2077.0
POI_IND_9999_0x3be7b874c2b9c043:0xeeb76b322653740d,weekday,356,13266.0
POI_IND_9999_0x3be7c60666aa0125:0x5fe58861f47d23c9,weekday,38,2033.0
POI_IND_9999_0x3be7ce13b2202ceb:0x7feb7258bd74f62d,weekday,1368,23467.0
POI_IND_9999_0x3be7cf76b2b15585:0xc00a0c1de7bd2695,weekday,754,23046.0
POI_IND_9999_0x3be7cf76b2b15585:0xc00a0c1de7bd2695,weekend,312,7823.0
POI_IND_9999_0x3be7cef2f381a5fd:0x782a4e33b2538588,weekday,34,1463.0
POI_IND_9999_0x3be7cf60bd793f3b:0x20569f82ed652f61,weekday,272,7909.0
POI_IND_9999_0x3be7cf60bd793f3b:0x20569f82ed652f61,weekend,79,2799.0
POI_IND_9999_0x3be7b8ac921ad97b:0xb61760e598c816c2,weekday,210,3361.0
POI_IND_9999_0x3be7c88839ffac6f:0xf904a2af23155dcf,weekday,191,7950.0
POI_IND_9999_0x3be7c88839ffac6f:0xf904a2af23155dcf,weekend,98,3743.0
POI_IND_9999_0x3be7c900c542e3c1:0xa29698073a21da7f,weekday,1190,52294.0
POI_IND_9999_0x3be7bb646fcf8877:0x73ad7bbc49792b52,weekday,804,39369.0
POI_IND_9999_0x3be795001d90fc5d:0x840d9579ec884524,weekend,276,2719.0
POI_IND_9999_0x3be795001d90fc5d:0x840d9579ec884524,weekday,510,5526.0
POI_IND_9999_0x3be7b93c43a5f8a7:0xa4dc7d3e06971a02,weekend,43,1372.0
POI_IND_9999_0x3be7c814fd1d66e1:0x623f3d1bd91b1f0e,weekend,232,5395.0
POI_IND_9999_0x3be7b0e499bf2d87:0x46c635eb3d8add1a,weekend,44,1816.0
POI_IND_9999_0x3be7c8145cb7388b:0xc124c6735ae2edac,weekday,892,19411.0
POI_IND_9999_0x3be7b7992e021b0d:0xaa0fea79c7f9d084,weekday,632,17172.0
POI_IND_9999_0x3be7c9b82a9e4e3d:0x861ebb3708a64291,weekend,48,827.0
POI_IND_9999_0x3be7b70865190877:0xb4177f8b7d4a69be,weekend,39,1021.0
POI_IND_9999_0x3be71fb4a8e6bead:0x4e0ac200fb25344e,weekend,138,5261.0
POI_IND_9999_0x3be703a726e4f19f:0xb759e3759ed4fe55,weekday,73,2330.0
POI_IND_9999_0x3be7b50bf9cfbe41:0xb6acfc1aa272dd8f,weekday,8,556.0
POI_IND_9999_0x3be7c82f0f34a29b:0x7e9a07a1da31e342,weekday,599,19335.0
POI_IND_9999_0x3be7b8f0ea23a0dd:0x9b93f3a64aafcf56,weekday,64,2749.0
POI_IND_9999_0x3be7cf45f20fb1f3:0x8ea7dc4f5de5bda5,weekend,72,3039.0
POI_IND_9999_0x3be7c7aa1a69380f:0x99fe06ee6c7177a6,weekday,28,729.0
POI_IND_9999_0x3be7c91040f672c7:0xd78b978a480a2246,weekend,31,1862.0
POI_IND_9999_0x3be7c91040f672c7:0xd78b978a480a2246,weekday,66,3823.0
POI_IND_9999_0x3be79185e5cf2439:0x821b141e20007462,weekend,6,234.0
POI_IND_9999_0x3be7ce6743f65149:0xfa45d5f62fa794d4,weekday,1797,66994.0
POI_IND_9999_0x3be7cee7607c27a9:0xfc044c780c3e0cbf,weekday,126,5259.0
POI_IND_9999_0x3be7d13c1abc5e8d:0x35306f3e0fd872bb,weekend,43,2000.0
POI_IND_9999_0x3be7ce7539eb6125:0x619614b420b0f9fe,weekend,367,11620.0
POI_IND_9999_0x3be7ce7539eb6125:0x619614b420b0f9fe,weekday,789,22940.0
POI_IND_9999_0x3be7cfeb7dcd8909:0x8dbfd5b2d376138a,weekend,136,6332.0
POI_IND_9999_0x3be7c9e97da00a65:0x2e4ad0b6b7b845b7,weekend,100,1755.0
POI_IND_9999_0x3be7c7392047b205:0xc94e12a6b64a7996,weekend,10,93.0
POI_IND_9999_0x3be7c86ded542b17:0xa8f85d53671c7654,weekend,51,2085.0
POI_IND_9999_0x3be7b79a8f2c20fb:0xf55560589f04e65,weekday,38,1270.0
POI_IND_9999_0x3be7ab85fa8ffff1:0xe9cfdb6c812df0d,weekday,65,874.0
POI_IND_9999_0x3be7af83851fda31:0x6fce0f4c2ceae510,weekday,314,9151.0
POI_IND_9999_0x3be7c0e9e3007a7b:0xf6c5bf3090378bb8,weekend,16,272.0
POI_IND_9999_0x3be7937fe0904a05:0x2c77541adaeb133c,weekday,24,1491.0
POI_IND_9999_0x3be7c1b167a43a4d:0x80fae26b5936af49,weekend,57,655.0
POI_IND_9999_0x3be7b8b482af9325:0x4638a2a087ee6d76,weekend,175,5445.0
POI_IND_9999_0x3be7b61f05f35b71:0x9a41a64d0af93709,weekend,83,3219.0
POI_IND_9999_0x3be7b6cb98d2cd87:0x1ef60da033d84d3f,weekday,966,23769.0
POI_IND_9999_0x3be7b6de35ac8b73:0xc33180c3a1b9b80e,weekend,76,4777.0
POI_IND_9999_0x3be7b7324b2264d1:0x485dce4c0be5b054,weekday,66,3308.0
POI_IND_9999_0x3be7c1b9513d9b83:0x9794116e60f2cdc1,weekend,3,10.0
POI_IND_9999_0x3be7bdf04a546aa5:0x40138ddb77f5f924,weekday,65,1431.0
POI_IND_9999_0x3be7c1476c5c98bd:0xd0d929fd1266235,weekday,541,10288.0
POI_IND_9999_0x3be7b6143b6e3ad3:0xe8e29a42e83bac81,weekend,265,8563.0
POI_IND_9999_0x3be7c834f95fffcd:0xf1fe542081ae685a,weekday,91,3819.0
POI_IND_9999_0x3be7b63cc1699017:0xcc1e8ff31e905738,weekday,421,6380.0
POI_IND_9999_0x3be7c83c25dd979b:0xa7e7f01390523190,weekday,78,4746.0
POI_IND_9999_0x3be7b6cf86371ba1:0xfcde917f4ee69e28,weekend,18,478.0
POI_IND_9999_0x3be7b12db869711b:0xe92959f0d354879f,weekend,58,3099.0
POI_IND_9999_0x3be7af8efbc552cd:0x66efea9b75a832e2,weekday,1056,22970.0
POI_IND_9999_0x3be7af8efbc552cd:0x66efea9b75a832e2,weekend,594,11482.0
POI_IND_9999_0x3be7b7523045100f:0xe1fba600d12599f2,weekend,56,3352.0
POI_IND_9999_0x3be7c9b3d9d7c441:0xe1d09538df23f0a,weekend,100,4202.0
POI_IND_9999_0x3be7b0e7157dccdf:0xbc216552c4433a5,weekend,21,597.0
POI_IND_9999_0x3be7b1211b5ac3f3:0x9cfbad00aa070202,weekend,519,14238.0
POI_IND_9999_0x3be7e9ca90c435ef:0x259777e13a6c9840,weekend,16,148.0
POI_IND_9999_0x3be7b902949c39b9:0x9309cfd25d100cd0,weekend,6,303.0
POI_IND_9999_0x3be7ce6c6924fe9b:0xcd822a0b86bed901,weekend,256,7442.0
POI_IND_9999_0x3be7cebe44b677e9:0xee45f422590daed8,weekday,132,5407.0
POI_IND_9999_0x3be7c85bdab95dbb:0x3691c3dcd4c789d7,weekday,54,1274.0
POI_IND_9999_0x3be7cf06d05d215b:0x7c6bd19ead7cb238,weekend,13,741.0
POI_IND_9999_0x3be7bb499ceda2a9:0x457a7605ee78d9c7,weekday,41,1954.0
POI_IND_9999_0x3be7cfe55d23eeab:0xc9e2e2f5784d0bd9,weekday,109,4817.0
POI_IND_9999_0x3be7cf8770ac9ef1:0x342699330631adf2,weekend,76,2071.0
POI_IND_9999_0x3be7b7256c920c2b:0xe164cea8c8fb2ff1,weekend,30,1506.0
POI_IND_9999_0x3be7c602d9b1d4db:0xe7f5dbe3ec80fb45,weekday,205,10583.0
POI_IND_9999_0x3be7c9f6482b779d:0x64c45839713a92f2,weekend,1,100.0
POI_IND_9999_0x3be7b704fc381155:0x21992d9949a871ac,weekday,150,8110.0
POI_IND_9999_0x3be7c9cb4c0c6b6b:0x8c8c8969d013a87,weekend,148,5408.0
POI_IND_9999_0x3be7c879c66594ed:0x309fc2a868e1a520,weekday,111,4785.0
POI_IND_9999_0x3be7c8369344fddb:0x86f5035f54ead593,weekend,39,1768.0
POI_IND_9999_0x3be7b70807ffba35:0xf31efe2b9619b631,weekend,67,3379.0
POI_IND_9999_0x3be7953b2527e355:0x4b37ce63fa6a51b,weekday,189,2307.0
POI_IND_9999_0x3be7c0d17e4910a9:0x4bc0979a2d07642b,weekday,100,827.0
POI_IND_9999_0x3be7b22570b958dd:0xe42fc9e144f83e75,weekday,46,3412.0
POI_IND_9999_0x3be79581351f2469:0xc612d6c2657a2e01,weekend,20,297.0
POI_IND_9999_0x3be7961b3da2aff1:0x10835f5f8b74f86b,weekday,94,3080.0
POI_IND_9999_0x3be7961b3da2aff1:0x10835f5f8b74f86b,weekend,48,1045.0
POI_IND_9999_0x3be7c863df525d9d:0x6f54e2faaf9f947b,weekend,51,3107.0
POI_IND_9999_0x3be7c300651edbd7:0x97003bfe1277df89,weekday,50,1269.0
POI_IND_9999_0x3be7bbf02c8b33c3:0x7e2e7dab5bec94ff,weekend,124,5052.0
POI_IND_9999_0x3be7bfdf5fb2984f:0xa0b183a2612571e0,weekday,71,1207.0
POI_IND_9999_0x3be7b1be67c06b5d:0xfdfb25b750679ef7,weekend,48,1834.0
POI_IND_9999_0x3be7c3584d302c47:0x603cf94dbe119741,weekday,47,800.0
POI_IND_9999_0x3be7c3584d302c47:0x603cf94dbe119741,weekend,22,577.0
POI_IND_9999_0x3be7c0facd914a03:0xadb9f59bc03b7d9e,weekend,21,433.0
POI_IND_9999_0x3be7b9011ca43f05:0xde526f84246f654d,weekday,67,2556.0
POI_IND_9999_0x3be7c9f9976689e3:0x65fa8ec33ab59e9d,weekday,174,7826.0
POI_IND_9999_0x3be7d18755a5ddf3:0x54e1c653396b391b,weekend,18,1400.0
POI_IND_9999_0x3be7b71856aa36ef:0x22b77fcf5f68b658,weekday,60,2940.0
POI_IND_9999_0x3be7c9cc5cc9b395:0x81eebf1346226fe7,weekend,64,1802.0
POI_IND_9999_0x3be7c90febdbbb0d:0xa0d346dce9055e28,weekday,29,1307.0
POI_IND_9999_0x3be7c9a73072c263:0xac5e24fe2dc9e741,weekend,38,796.0
POI_IND_9999_0x3be7c994afaff939:0x7e6118c795d0a889,weekend,32,709.0
POI_IND_9999_0x3be7b784f702cabb:0x955a9d85ce421a47,weekday,188,8760.0
POI_IND_9999_0x3be7c7d2dfddaf7b:0x97675a3d9137d846,weekend,280,8155.0
POI_IND_9999_0x3be7c7d2dfddaf7b:0x97675a3d9137d846,weekday,531,19194.0
POI_IND_9999_0x3be7c3dbfbc666b1:0x47e11a52a8454cf,weekday,70,1160.0
POI_IND_9999_0x3be7bb042126393b:0xa9556b96071a880b,weekday,42,2106.0
POI_IND_9999_0x3be7bb042126393b:0xa9556b96071a880b,weekend,9,413.0
POI_IND_9999_0x3be7ce8796fc6aed:0xa8f11316d3c1da57,weekday,111,4665.0
POI_IND_9999_0x3be7c976293de911:0x844b1c44fce88e40,weekend,42,1287.0
POI_IND_9999_0x3be7c92c65bdc5cb:0xe998bde5bd87fd6e,weekend,129,4018.0
POI_IND_9999_0x3be7cfe9cf3ad6d7:0x78ad5cf086be8ff6,weekend,60,2859.0
POI_IND_9999_0x3be7ce6d55f8b475:0x10fe8224fdbb7918,weekday,308,12287.0
POI_IND_9999_0x3be7cf323d901be5:0x4b020a7767df35d0,weekend,32,895.0
POI_IND_9999_0x3be7b122e8e08d33:0x715146335c98ccfc,weekday,20,1022.0
POI_IND_9999_0x3be7b1206339ab27:0x4ef91fb1a538cacc,weekday,946,33782.0
POI_IND_9999_0x3be7bf025681cbd7:0x206a48306234d5ae,weekend,109,1457.0
POI_IND_9999_0x3be7bdad5bdf37eb:0xf2db0562939bb8c5,weekday,151,4293.0
POI_IND_9999_0x3be7c304fffb8fbf:0xa23ab64d4474dc2e,weekday,177,2281.0
POI_IND_9999_0x3be7e9b290fb11a7:0xc63c83598d29db35,weekday,86,1341.0
POI_IND_9999_0x3be7e1d88c08563b:0xe460850cddd48a1a,weekend,28,1323.0
POI_IND_9999_0x3be7e1d88c08563b:0xe460850cddd48a1a,weekday,73,2908.0
POI_IND_9999_0x3be7c141b96fdd2f:0x26797b33c92d0d63,weekday,66,829.0
POI_IND_9999_0x3be7bbd07d1cadaf:0xe3f726bbea5f8be,weekend,3,300.0
POI_IND_9999_0x3be7c3c19bd40e17:0xce70bd12df293151,weekend,35,981.0
POI_IND_9999_0x3be7c352843d146f:0x87bb4bc7c3d1dc25,weekday,193,2164.0
POI_IND_9999_0x3be7ce7a4653635d:0x74c5b7f1a94e8a40,weekend,17,604.0
POI_IND_9999_0x3be7ce0e0ebe4e95:0x1b1f6f572b6ad9a7,weekday,134,5670.0
POI_IND_9999_0x3be7ce8ba2a8a937:0xfca635cabe5e733d,weekend,45,1032.0
POI_IND_9999_0x3be7d1dd5837994f:0x11a3ed8ec200c858,weekday,114,2941.0
POI_IND_9999_0x3be7b61c2056d2dd:0x4e8d474731030c3,weekday,150,6136.0
POI_IND_9999_0x3be7c86cda0af0b9:0x8523ee43a08403d2,weekday,105,3835.0
POI_IND_9999_0x3be79424aa391843:0x4a844b5c26f03cce,weekday,52,1517.0
POI_IND_9999_0x3be7b7562790a60f:0x5083863c686486da,weekend,45,2121.0
POI_IND_9999_0x3be7c844460a0e15:0xf9ed2761111a03f,weekday,85,3268.0
POI_IND_9999_0x3be7c9002444b393:0x27796b138de89e91,weekday,71,3243.0
POI_IND_9999_0x3be7ce13cb6e1a31:0x7a7ad4596391c363,weekday,1861,34719.0
POI_IND_9999_0x3be7d1e70776872b:0xf383e32b9921b7c0,weekday,378,12419.0
POI_IND_9999_0x3be7c0c5aa72b741:0xae4492e317ad3197,weekday,21,618.0
POI_IND_9999_0x3be7b938ef540a91:0x33ac08d2621afb6f,weekday,1365,55365.0
POI_IND_9999_0x3be7b938ef540a91:0x33ac08d2621afb6f,weekend,631,27274.0
POI_IND_9999_0x3be7bbe3c9555555:0x1f17194a23753e2c,weekend,53,1766.0
POI_IND_9999_0x3be7c931c0460845:0x2204bc44e89bdda,weekday,182,7264.0
POI_IND_9999_0x3be7b6ee0655b047:0x6d37d7deaba160eb,weekend,383,15361.0
POI_IND_9999_0x3be7c92081e865e7:0x9ea8136650a2dca0,weekend,30,392.0
POI_IND_9999_0x3be7c9005f1a7955:0x7a085462da293594,weekend,178,8065.0
POI_IND_9999_0x3be7bbe02b4b9dc9:0x75a1e7a1c24e6706,weekend,92,3323.0
POI_IND_9999_0x3be7c9d410605bb9:0x1754b34a366f051,weekday,292,8565.0
POI_IND_9999_0x3be7b1f37a8be47f:0xcc77007f2ff5b001,weekday,931,31188.0
POI_IND_9999_0x3be7931a09ea7e4b:0x942c445b77ff005,weekend,13,332.0
POI_IND_9999_0x3be7b063388a27e1:0xc820b9dc20386ee4,weekend,22,1589.0
POI_IND_9999_0x3be7b92daeb4a1e5:0x91516eb292282138,weekend,80,3793.0
POI_IND_9999_0x3be7b08a6495baed:0x2c461ae7a48972c1,weekend,84,3648.0
POI_IND_9999_0x3be7b96a1ff97daf:0xe85f63e9c9a52887,weekday,624,16537.0
POI_IND_9999_0x3be7b8aaa9cbb967:0xc0645a51e51ae8b,weekend,4,199.0
POI_IND_9999_0x3be7bf81b19c4bcd:0x9402d29d680a92e9,weekend,17,209.0
POI_IND_9999_0x3be7b93193929809:0xe7d70864f2b98a43,weekday,325,14691.0
POI_IND_9999_0x3be7b63cfbf4a9af:0x97f3de7b29340d96,weekday,103,5609.0
POI_IND_9999_0x3be7b965d53f19cb:0xb15ed0cc90a8a92e,weekend,19,766.0
POI_IND_9999_0x3be7b965d53f19cb:0xb15ed0cc90a8a92e,weekday,41,1503.0
POI_IND_9999_0x3be7b17d5987a3cb:0x5afe78c10c37db5,weekend,292,11693.0
POI_IND_9999_0x3be7b6500b80301f:0x91b2574693df926a,weekday,48,1739.0
POI_IND_9999_0x3be7b710aa7c2b9d:0x354b6bfc19ec240b,weekend,75,3048.0
POI_IND_9999_0x3be7c83a6c82b9d1:0x4ffaf30a62bfc880,weekday,207,3762.0
POI_IND_9999_0x3be7c7cd845de3a9:0x24405ab862c8eb10,weekday,103,4663.0
POI_IND_9999_0x3be7c92ba233a8e3:0x2b8c73038f7f67c5,weekday,300,10499.0
POI_IND_9999_0x3be7c72a133bf1b5:0x63b60c0cd9965e13,weekend,75,691.0
POI_IND_9999_0x3be7e86af54b0ecb:0x6114b608a82684cb,weekday,466,6806.0
POI_IND_9999_0x3be7950f66260a7d:0x420a641838f9c291,weekend,39,1318.0
POI_IND_9999_0x3be797a5f9e8f083:0x530b0ca4a6322b3a,weekday,876,9567.0
POI_IND_9999_0x3be7bc1f77c1381d:0x31ed4856a1852be1,weekend,69,1553.0
POI_IND_9999_0x3be7c32764cbed53:0x338981e131dd0faf,weekend,40,455.0
POI_IND_9999_0x3be7c32764cbed53:0x338981e131dd0faf,weekday,60,828.0
POI_IND_9999_0x3be7c9d98e255e55:0x2be693621d065797,weekday,211,6510.0
POI_IND_9999_0x3be7d1dfff98895f:0x6709775df5649388,weekday,145,3137.0
POI_IND_9999_0x3be7cff2042e5083:0x2363d345d43707fa,weekend,90,2384.0
POI_IND_9999_0x3be7c3acca162291:0xae8718f3af0ba07b,weekend,39,822.0
POI_IND_9999_0x3be7852a4072a809:0x1ca610ef9025a914,weekday,19,595.0
POI_IND_9999_0x3be7b14019196d85:0x6885e9e67c11c237,weekend,22,1153.0
POI_IND_9999_0x3be7b14019196d85:0x6885e9e67c11c237,weekday,61,3220.0
POI_IND_9999_0x3be7ced18f339c9d:0xc9b6fd38834dd75b,weekend,52,1700.0
POI_IND_9999_0x3be7cf4845b86309:0xb95407b2aeeec934,weekday,577,11445.0
POI_IND_9999_0x3be7ced26e4f589f:0x84e2e6d9d48e7272,weekend,180,4917.0
POI_IND_9999_0x3be7c839e1a89b8b:0x7b75dbb5618e7a6a,weekend,22,1224.0
POI_IND_9999_0x3be7c9e9632fa767:0xa041ed4ba454f492,weekday,415,15242.0
POI_IND_9999_0x3be7cf76915da3b3:0xf82d647589847aa5,weekend,83,2514.0
POI_IND_9999_0x3be7a7f48e2b3af7:0x9f8c7d84771bcfc6,weekday,24,853.0
POI_IND_9999_0x3be7d1c31474d0b3:0xc6a4c0da4ca73353,weekend,48,1820.0
POI_IND_9999_0x3be7c92d2f259e75:0x8a15312176c02e05,weekend,138,6842.0
POI_IND_9999_0x3be7d1da67679c35:0xc44096d9101d09c8,weekend,99,2879.0
POI_IND_9999_0x3be796847456cb03:0x65ccc3f2e49de55,weekday,110,1295.0
POI_IND_9999_0x3be7b9c4451b7f93:0x42d86dc6fee4f0cb,weekday,42,1196.0
POI_IND_9999_0x3be7c398d314deb7:0x61e4d451dbbc88b,weekend,53,1061.0
POI_IND_9999_0x3be795ca6cd64fff:0x6beac04d68a4a537,weekend,66,2199.0
POI_IND_9999_0x3be7d1187337b6d3:0x976acfa735e1db18,weekday,229,10927.0
POI_IND_9999_0x3be7d113c4fbac23:0x213026c1252e5bff,weekend,29,1354.0
POI_IND_9999_0x3be7b19b26911a49:0xdf908203e89eaf59,weekday,63,686.0
POI_IND_9999_0x3be7b19b26911a49:0xdf908203e89eaf59,weekend,39,15.0
POI_IND_9999_0x3be7949e3961e2f9:0x2856abe6f9da5e75,weekday,87,3732.0
POI_IND_9999_0x3be7e9ba1939175d:0xeb0dd51f81a6e1b9,weekday,973,5435.0
POI_IND_9999_0x3be7e9ba1939175d:0xeb0dd51f81a6e1b9,weekend,549,4022.0
POI_IND_9999_0x3be7943476c5f0b9:0xe5113bfe88121773,weekend,32,473.0
POI_IND_9999_0x3be795ffc1b56ca9:0x846b5df6c2d494f6,weekday,563,5820.0
POI_IND_9999_0x3be7bb007a1d4e7d:0x6cec5ffe89d47ead,weekday,3,300.0
POI_IND_9999_0x3be7c900c238ea01:0x321fbf7b9f200b8e,weekday,298,15766.0
POI_IND_9999_0x3be7b969b0ccfdc1:0xf1b6a4ce27897b1a,weekday,154,2256.0
POI_IND_9999_0x3be7b7a8ffdc7ea9:0x71ad31b973b7b95a,weekend,23,1138.0
POI_IND_9999_0x3be7c913086b5387:0x92fecf0ae6c51992,weekend,67,3392.0
POI_IND_9999_0x3be7b6e29d28df55:0x38a8f2338ba78f94,weekend,56,1928.0
POI_IND_9999_0x3be7c9075ca4405f:0x77920b6461aa6c96,weekend,36,1061.0
POI_IND_9999_0x3be7b1dd58098249:0x8a101869501232cd,weekend,82,1027.0
POI_IND_9999_0x3be7982101fe2bc5:0xc128f2742a14da2c,weekend,65,2921.0
POI_IND_9999_0x3be78584b9e57ccb:0xce11790a20db9e40,weekend,53,1433.0
POI_IND_9999_0x3be7c87d617af739:0xb6e39058e3a4d0c2,weekend,288,6278.0
POI_IND_9999_0x3be7c94496c50709:0xadf21df8300a8e72,weekday,241,12037.0
POI_IND_9999_0x3be7c94496c50709:0xadf21df8300a8e72,weekend,95,5444.0
POI_IND_9999_0x3be7c816c187300d:0xca7e3d1ad60d8022,weekday,103,5055.0
POI_IND_9999_0x3be7c9874d9e0eb3:0x9d3864fdf1206fa9,weekend,98,3086.0
POI_IND_9999_0x3be7c931e2ea19d3:0x2e3ad8a770e4d836,weekend,31,1665.0
POI_IND_9999_0x3be7c92f56907b43:0xaac10c11e57e01b8,weekday,33,1604.0
POI_IND_9999_0x3be7c8a645c07565:0x9617fecaf6c05090,weekday,693,30899.0
POI_IND_9999_0x3be7b8fbc310fbff:0xb779ada218bc88cc,weekend,32,1739.0
POI_IND_9999_0x3be7b7f9133374c9:0x347db091ea4afcb7,weekend,35,1358.0
POI_IND_9999_0x3be7b7f9133374c9:0x347db091ea4afcb7,weekday,107,3664.0
POI_IND_9999_0x3be7c921941768e7:0x947bf469c871912d,weekday,67,3163.0
POI_IND_9999_0x3be7ce0d1657baa7:0xe7c6df380000d322,weekend,200,5803.0
POI_IND_9999_0x3be7cf5c055139df:0x14ab5ea0793d9288,weekend,17,638.0
POI_IND_9999_0x3be7cf5c055139df:0x14ab5ea0793d9288,weekday,27,1502.0
POI_IND_9999_0x3be79b5a6755280b:0x8313aee81bd8a3f0,weekday,3,67.0
POI_IND_9999_0x3be7af9757d3963d:0x8f80ca142f5ca2f4,weekday,43,1402.0
POI_IND_9999_0x3be7af7a7b3e3139:0xe0d81a487d60c092,weekday,124,1480.0
POI_IND_9999_0x3be7b1ecb8c65505:0xd08ece2df3c9b9f4,weekday,274,12168.0
POI_IND_9999_0x3be7b1ecb8c65505:0xd08ece2df3c9b9f4,weekend,95,3658.0
POI_IND_9999_0x3be7ed9507e71473:0x5d787112f4d316d,weekend,6,193.0
POI_IND_9999_0x3be7b8ac921ad97b:0xb61760e598c816c2,weekend,102,1985.0
POI_IND_9999_0x3be7bb646fcf8877:0x73ad7bbc49792b52,weekend,459,20969.0
POI_IND_9999_0x3be7b93c43a5f8a7:0xa4dc7d3e06971a02,weekday,145,7010.0
POI_IND_9999_0x3be7c9bafa8f1a5b:0x3460b90ce8567048,weekday,38,1622.0
POI_IND_9999_0x3be7b63e14ca5745:0xb77a42174dcd236f,weekend,26,1385.0
POI_IND_9999_0x3be7b0e499bf2d87:0x46c635eb3d8add1a,weekday,54,2359.0
POI_IND_9999_0x3be7b18af7032b9d:0x6d39dc5bfe3ef220,weekday,230,8897.0
POI_IND_9999_0x3be7b766a56ca8bf:0xe25efec0392a06d7,weekday,560,13187.0
POI_IND_9999_0x3be7c6090a2ae135:0xb9536d527182bcc5,weekday,78,2630.0
POI_IND_9999_0x3be7c9a615952a4d:0x1338f13eef9dec39,weekday,102,4874.0
POI_IND_9999_0x3be7c9a615952a4d:0x1338f13eef9dec39,weekend,58,1803.0
POI_IND_9999_0x3be7c90e3749f5e3:0xe72c052a5819603c,weekend,27,1874.0
POI_IND_9999_0x3be7c1657267221b:0xd7df5a3472f2750e,weekday,31,603.0
POI_IND_9999_0x3be7af8dc0c98199:0xa7cc3a9e5ee5219b,weekday,154,6629.0
POI_IND_9999_0x3be7b50bf9cfbe41:0xb6acfc1aa272dd8f,weekend,17,537.0
POI_IND_9999_0x3be7b9397be9f741:0x51a076cb01e2635d,weekday,105,5968.0
POI_IND_9999_0x3be7c82f0f34a29b:0x7e9a07a1da31e342,weekend,190,4676.0
POI_IND_9999_0x3be7b8f0ea23a0dd:0x9b93f3a64aafcf56,weekend,21,1408.0
POI_IND_9999_0x3be7c9076f2a6cf9:0xd8fe559665b77695,weekend,36,1795.0
POI_IND_9999_0x3be79185e5cf2439:0x821b141e20007462,weekday,15,1104.0
POI_IND_9999_0x3be7cee7607c27a9:0xfc044c780c3e0cbf,weekend,53,2948.0
POI_IND_9999_0x3be7cf0079952dfb:0xa0b92bfb69d2b604,weekend,120,3785.0
POI_IND_9999_0x3be7cf0079952dfb:0xa0b92bfb69d2b604,weekday,267,12279.0
POI_IND_9999_0x3be7c7bd87f8cc61:0xd368aab1b48aada5,weekend,61,2398.0
POI_IND_9999_0x3be7c7bd87f8cc61:0xd368aab1b48aada5,weekday,138,4311.0
POI_IND_9999_0x3be7c921c157c1c3:0xff734fc4d0da7e1b,weekday,14,989.0
POI_IND_9999_0x3be7c901fd3e6509:0xa83f51669f63dddb,weekend,79,3229.0
POI_IND_9999_0x3be7b7eb6df21871:0xa97a3f3d53d5d639,weekday,238,6405.0
POI_IND_9999_0x3be7c9e97da00a65:0x2e4ad0b6b7b845b7,weekday,158,4590.0
POI_IND_9999_0x3be7b7fc410d2bcd:0xa9d9903577b67e20,weekend,36,1909.0
POI_IND_9999_0x3be7c7392047b205:0xc94e12a6b64a7996,weekday,34,1609.0
POI_IND_9999_0x3be7b6142bf84e0f:0x2c324754ab01e591,weekend,65,3098.0
POI_IND_9999_0x3be7b79a8f2c20fb:0xf55560589f04e65,weekend,13,622.0
POI_IND_9999_0x3be7b79158b93933:0xf18fe4811f060797,weekend,56,1808.0
POI_IND_9999_0x3be7ab85fa8ffff1:0xe9cfdb6c812df0d,weekend,15,371.0
POI_IND_9999_0x3be7c1454dbeb08f:0x5acd1cbaa1ca6a1f,weekday,57,845.0
POI_IND_9999_0x3be7c141233dfd5b:0xfa5049030446c801,weekday,412,2797.0
POI_IND_9999_0x3be7b8b482af9325:0x4638a2a087ee6d76,weekday,345,9697.0
POI_IND_9999_0x3be7b77a40460c63:0x8b75b9a7b70d7849,weekend,78,3293.0
POI_IND_9999_0x3be7c97990298573:0x8864953a5483d8ca,weekday,115,3427.0
POI_IND_9999_0x3be7c975d56a28a1:0xa34998b4692a472e,weekday,420,6273.0
POI_IND_9999_0x3be7b04dcf060caf:0xee387a5cac7fbed2,weekday,307,10434.0
POI_IND_9999_0x3be7b04dcf060caf:0xee387a5cac7fbed2,weekend,121,5334.0
POI_IND_9999_0x3be79411a2c764d1:0x53a713e62917f027,weekday,141,4042.0
POI_IND_9999_0x3be7b9277b7cb5e7:0x75a8cdc7b437bd97,weekday,891,24739.0
POI_IND_9999_0x3be7c7e1317ec3dd:0xd77f911aadb9f605,weekend,58,1595.0
POI_IND_9999_0x3be7d1c13dbce89f:0x5dde8d3f775fd0a7,weekday,216,5948.0
POI_IND_9999_0x3be7e9d2085e80e3:0x4644455f77367f57,weekday,186,2343.0
POI_IND_9999_0x3be7b7ecd2a591f5:0x984781dbc2e57bd,weekend,279,9697.0
POI_IND_9999_0x3be7c8412eddfbc3:0x7229d46e0d5d6715,weekday,115,4137.0
POI_IND_9999_0x3be7c717ed0e7bad:0xc13e0c843e699719,weekend,92,4348.0
POI_IND_9999_0x3be7c834f95fffcd:0xf1fe542081ae685a,weekend,35,1957.0
POI_IND_9999_0x3be7b6cf86371ba1:0xfcde917f4ee69e28,weekday,22,254.0
POI_IND_9999_0x3be7c9c776b3dfad:0x26abc6a51abf15e1,weekday,107,4193.0
POI_IND_9999_0x3be7c914959faa07:0xfc8692373c801a9b,weekday,1,1.0
POI_IND_9999_0x3be7c99f97ca81ed:0xebc51f93f7c7d960,weekday,147,3258.0
POI_IND_9999_0x3be7d1c323572785:0xf67c19526b8cc994,weekend,109,4261.0
POI_IND_9999_0x3be7c9e8f86df953:0xf4ce007ee683a98,weekend,16,1291.0
POI_IND_9999_0x3be7b63f04f8e7b5:0x1ae5c6bdc0dee2a,weekend,36,1695.0
POI_IND_9999_0x3be7b63f04f8e7b5:0x1ae5c6bdc0dee2a,weekday,127,4999.0
POI_IND_9999_0x3be7c99824616e79:0xd8da52a80214c0f,weekday,27,1413.0
POI_IND_9999_0x3be7b7e450b3668b:0x8a75285b3b18eb2e,weekend,143,4823.0
POI_IND_9999_0x3be7c788be17468d:0x8a31c239ed4f797,weekday,308,7600.0
POI_IND_9999_0x3be7c70fea8ce741:0x87a8017756b916b7,weekday,84,3295.0
POI_IND_9999_0x3be7c9b3d9d7c441:0xe1d09538df23f0a,weekday,171,7628.0
POI_IND_9999_0x3be7c97fc0faa1df:0x43954ff88ae715bd,weekday,437,15495.0
POI_IND_9999_0x3be7c9122b921bd9:0xd63399906379bdaf,weekday,14,326.0
POI_IND_9999_0x3be7ae76ea47b04d:0x1e77f0cfe92ff923,weekday,6,55.0
POI_IND_9999_0x3be7b902949c39b9:0x9309cfd25d100cd0,weekday,17,1071.0
POI_IND_9999_0x3be7c0d141473e29:0xcd62f444016bdf68,weekend,158,1214.0
POI_IND_9999_0x3be7b94450bc584b:0x5c929e0e405242bf,weekend,97,4761.0
POI_IND_9999_0x3be7c1704b57b7e9:0xdd92e9bb6c74e4b3,weekend,8,79.0
POI_IND_9999_0x3be7b923d8d069ef:0xb000ee266605238e,weekday,341,14637.0
POI_IND_9999_0x3be7cebe44b677e9:0xee45f422590daed8,weekend,50,2144.0
POI_IND_9999_0x3be7c8c53e2f135d:0x4c8feba5dfc3cd55,weekend,102,3635.0
POI_IND_9999_0x3be7c85bdab95dbb:0x3691c3dcd4c789d7,weekend,3,201.0
POI_IND_9999_0x3be7cf3715554455:0x727124b60a34c6b3,weekend,34,865.0
POI_IND_9999_0x3be7cf3715554455:0x727124b60a34c6b3,weekday,105,2700.0
POI_IND_9999_0x3be795839662f78f:0x8307144efc686228,weekday,214,3229.0
POI_IND_9999_0x3be795c11a161f2d:0xe3b8cc3fe0c89fcf,weekday,370,11304.0
POI_IND_9999_0x3be7bb499ceda2a9:0x457a7605ee78d9c7,weekend,22,1671.0
POI_IND_9999_0x3be7cf8770ac9ef1:0x342699330631adf2,weekday,161,5239.0
POI_IND_9999_0x3be7b7256c920c2b:0xe164cea8c8fb2ff1,weekday,57,2680.0
POI_IND_9999_0x3be7c7ed07c1a1ff:0xfcde880ed9a9ef08,weekend,184,7326.0
POI_IND_9999_0x3be7c8369344fddb:0x86f5035f54ead593,weekday,123,3289.0
POI_IND_9999_0x3be7b70807ffba35:0xf31efe2b9619b631,weekday,137,5683.0
POI_IND_9999_0x3be795c415ebd8b5:0xe2e59ea4812d5c85,weekend,100,4051.0
POI_IND_9999_0x3be7953b2527e355:0x4b37ce63fa6a51b,weekend,103,614.0
POI_IND_9999_0x3be7c0d17e4910a9:0x4bc0979a2d07642b,weekend,49,242.0
POI_IND_9999_0x3be7b22570b958dd:0xe42fc9e144f83e75,weekend,47,1842.0
POI_IND_9999_0x3be7bed2ffffffff:0xed0e7b342aad301c,weekend,76,2741.0
POI_IND_9999_0x3be7ed6cbcca432f:0x7d74b7e482c59555,weekday,16,699.0
POI_IND_9999_0x3be7958b494635a7:0x48967856d05524ce,weekend,103,707.0
POI_IND_9999_0x3be7c14a2193cee9:0xf5db803fc8629856,weekend,322,5213.0
POI_IND_9999_0x3be7bbf02c8b33c3:0x7e2e7dab5bec94ff,weekday,326,12882.0
POI_IND_9999_0x3be7bb442adadbed:0x7b50b2e75e8cde4d,weekday,41,2177.0
POI_IND_9999_0x3be79592ff077155:0x9f43404a898161d4,weekday,119,1259.0
POI_IND_9999_0x3be7bfdf5fb2984f:0xa0b183a2612571e0,weekend,21,557.0
POI_IND_9999_0x3be7c3cde10c17a1:0x2e4f0697a94a9c59,weekday,71,497.0
POI_IND_9999_0x3be7c37bfdcfd26b:0xc5959be228b2d4c5,weekday,427,6201.0
POI_IND_9999_0x3be7c3dd290a1531:0x2934f3b31dc8ad2f,weekend,14,203.0
POI_IND_9999_0x3be7b723993dd103:0xc8261768f51ae209,weekend,115,4270.0
POI_IND_9999_0x3be7c0facd914a03:0xadb9f59bc03b7d9e,weekday,79,971.0
POI_IND_9999_0x3be7b9011ca43f05:0xde526f84246f654d,weekend,28,1555.0
POI_IND_9999_0x3be7f3de872225a5:0xc972780fba8ac9ca,weekday,589,18164.0
POI_IND_9999_0x3be797b236afaafb:0x7d4e5b732479fe5f,weekend,16,221.0
POI_IND_9999_0x3be7c143888433f5:0x6b79feef09cc9e38,weekday,79,1440.0
POI_IND_9999_0x3be7b92ea6784ab9:0x4cf2fce0c3eae24d,weekend,102,3677.0
POI_IND_9999_0x3be7cedb77aaea29:0x77411cc8d480e12,weekday,274,8559.0
POI_IND_9999_0x3be7960585f8a441:0x93c8b4361a702124,weekend,18,159.0
POI_IND_9999_0x3be7c31aa0bae4b5:0xaea3e14b7e91caea,weekend,4,70.0
POI_IND_9999_0x3be7c31aa0bae4b5:0xaea3e14b7e91caea,weekday,10,276.0
POI_IND_9999_0x3be7cfea0d79f7b9:0xd9e5eb00b1d11ffe,weekend,20,986.0
POI_IND_9999_0x3be7cfea0d79f7b9:0xd9e5eb00b1d11ffe,weekday,24,1371.0
POI_IND_9999_0x3be7b71856aa36ef:0x22b77fcf5f68b658,weekend,42,2724.0
POI_IND_9999_0x3be7c82d43737809:0x670e14b45fcaa6ff,weekend,112,6085.0
POI_IND_9999_0x3be7c86d8cf49237:0x7544812168e3975d,weekday,579,27349.0
POI_IND_9999_0x3be7c86d8cf49237:0x7544812168e3975d,weekend,193,8818.0
POI_IND_9999_0x3be7957c068c85b1:0xccfb1de5e6cad25a,weekend,26,464.0
POI_IND_9999_0x3be7c35e8c00c523:0x6fa6356a4291681b,weekend,36,675.0
POI_IND_9999_0x3be7c92c65bdc5cb:0xe998bde5bd87fd6e,weekday,246,8123.0
POI_IND_9999_0x3be7d1e6fe5d672d:0xa2afe2ae1e76ac35,weekend,47,1901.0
POI_IND_9999_0x3be7ce8c60c1a6cd:0x99d779c187855b53,weekend,81,1845.0
POI_IND_9999_0x3be7b7da38a14e5f:0x354e5870a07a48a5,weekday,218,6577.0
POI_IND_9999_0x3be7b7da38a14e5f:0x354e5870a07a48a5,weekend,160,5475.0
POI_IND_9999_0x3be7c7fa7b484a51:0x9fd2625926345508,weekday,758,24428.0
POI_IND_9999_0x3be7c7fa7b484a51:0x9fd2625926345508,weekend,435,14816.0
POI_IND_9999_0x3be7b0c24fc62a8d:0x590d707bd0000000,weekend,738,17053.0
POI_IND_9999_0x3be7b0c24fc62a8d:0x590d707bd0000000,weekday,1231,35720.0
POI_IND_9999_0x3be7c173c3a4c3cf:0xfd3fdfbb9c230164,weekend,6,202.0
POI_IND_9999_0x3be7957c83940b5f:0x37c652956ec89df5,weekend,37,1137.0
POI_IND_9999_0x3be7cfa002066c41:0xf695f4aa893b2435,weekend,107,3747.0
POI_IND_9999_0x3be7bff72093c583:0x5fbfbe31acd3c5db,weekday,340,3151.0
POI_IND_9999_0x3be7ce8ba2a8a937:0xfca635cabe5e733d,weekday,144,4186.0
POI_IND_9999_0x3be7b61c2056d2dd:0x4e8d474731030c3,weekend,55,3234.0
POI_IND_9999_0x3be79424aa391843:0x4a844b5c26f03cce,weekend,20,807.0
POI_IND_9999_0x3be7b068fc1e75c9:0x713a9367a40b42f8,weekday,111,4851.0
POI_IND_9999_0x3be7b068fc1e75c9:0x713a9367a40b42f8,weekend,63,2199.0
POI_IND_9999_0x3be7cecf425c4799:0x56f3115acac8a501,weekday,65,1788.0
POI_IND_9999_0x3be7b18ccaa74e13:0xeffee4e853855216,weekday,48,2763.0
POI_IND_9999_0x3be7c9001b0caa0b:0x145919c0f5601933,weekend,11,725.0
POI_IND_9999_0x3be7c9002444b393:0x27796b138de89e91,weekend,26,1321.0
POI_IND_9999_0x3be7c96b6a300277:0xbc3a3c573edbc20a,weekday,31,1971.0
POI_IND_9999_0x3be7ce13cb6e1a31:0x7a7ad4596391c363,weekend,945,11443.0
POI_IND_9999_0x3be7ce0d165595d9:0xf5e3e581369494be,weekday,205,6851.0
POI_IND_9999_0x3be7d1e70776872b:0xf383e32b9921b7c0,weekend,102,4694.0
POI_IND_9999_0x3be7cfe1de5cd917:0xfc91b326e8eb1f5d,weekday,8,101.0
POI_IND_9999_0x3be79540ed78d74f:0x5f7c5d78dbc9357,weekend,71,860.0
POI_IND_9999_0x3be7b911e3ffd789:0x31f5020a522c37da,weekday,63,2415.0
POI_IND_9999_0x3be7c144497c0001:0x321e7981d902856e,weekday,693,6278.0
POI_IND_9999_0x3be7c300682612fd:0xf557cf2227969602,weekday,222,4166.0
POI_IND_9999_0x3be7c300682612fd:0xf557cf2227969602,weekend,145,2021.0
POI_IND_9999_0x3be795d3fc3970ef:0x50d6818f13d79313,weekend,109,2391.0
POI_IND_9999_0x3be795d3fc3970ef:0x50d6818f13d79313,weekday,232,5343.0
POI_IND_9999_0x3be7bba6fceeae77:0x8c3b547ede00019c,weekday,39,2080.0
POI_IND_9999_0x3be7c14e96633393:0x7dfc6558237a4bd5,weekend,158,2971.0
POI_IND_9999_0x3be7bbe3c9555555:0x1f17194a23753e2c,weekday,164,4839.0
POI_IND_9999_0x3be7c931c0460845:0x2204bc44e89bdda,weekend,97,4115.0
POI_IND_9999_0x3be7c78bc293eb79:0x2e80d365543bdb3a,weekend,37,1128.0
POI_IND_9999_0x3be7b76d2e1332f3:0x4f39efcbe478facd,weekday,1021,21515.0
POI_IND_9999_0x3be7931a09ea7e4b:0x942c445b77ff005,weekday,20,591.0
POI_IND_9999_0x3be7c15543b9790b:0xee4f55f76ae54c73,weekday,92,2136.0
POI_IND_9999_0x3be7c0d74211320f:0x41e1ff6df345e83b,weekend,64,705.0
POI_IND_9999_0x3be7b1502f9ba977:0x95be0717edafb16f,weekend,71,4321.0
POI_IND_9999_0x3be7b96a1ff97daf:0xe85f63e9c9a52887,weekend,300,7786.0
POI_IND_9999_0x3be7b93193929809:0xe7d70864f2b98a43,weekend,159,6789.0
POI_IND_9999_0x3be7c9abd33d5da5:0xbedf2d3d22c6c28e,weekday,33,1407.0
POI_IND_9999_0x3be7b6500b80301f:0x91b2574693df926a,weekend,42,1744.0
POI_IND_9999_0x3be7c92ba233a8e3:0x2b8c73038f7f67c5,weekend,69,3453.0
POI_IND_9999_0x3be7c900566b4269:0xeb7a3be5e8dd40e6,weekend,14,605.0
POI_IND_9999_0x3be7c9c304783a55:0xb12f52b2c8daf8b6,weekday,424,19695.0
POI_IND_9999_0x3be7c8a50afcb3eb:0xf9e4412ce124db60,weekday,63,3520.0
POI_IND_9999_0x3be7c610342e7c6b:0x2853abd7d95d2933,weekday,127,5224.0
POI_IND_9999_0x3be7c16e4767bde7:0x33c936a2178f88ac,weekday,87,1214.0
POI_IND_9999_0x3be7c115a2e2eb3d:0xc6155a8027d88062,weekend,33,599.0
POI_IND_9999_0x3be7b08af3992151:0x127613749165ff46,weekend,40,1829.0
POI_IND_9999_0x3be7bc1f77c1381d:0x31ed4856a1852be1,weekday,107,3595.0
POI_IND_9999_0x3be7d1e96fffffff:0x5d6c2fe528bcb0ae,weekend,2,144.0
POI_IND_9999_0x3be7d193eaaaaaab:0x5024a2892339143e,weekend,8,351.0
POI_IND_9999_0x3be7c914624db2cd:0xd7fc3cd65287330d,weekday,81,4270.0
POI_IND_9999_0x3be7cf76832d7e83:0xa0fa9eac27400a84,weekend,29,1312.0
POI_IND_9999_0x3be7bbdfe2b98e37:0x8e7a793cd04a6607,weekend,53,2741.0
POI_IND_9999_0x3be79352cca43b4b:0x957547b0fa54d01f,weekend,93,2660.0
POI_IND_9999_0x3be7cedb15bab29f:0x11008c611d9ddbe0,weekday,422,15263.0
POI_IND_9999_0x3be7d1c13c0ef937:0x30cfede9559a0db7,weekend,108,4228.0
POI_IND_9999_0x3be7cf4845b86309:0xb95407b2aeeec934,weekend,300,6250.0
POI_IND_9999_0x3be7d193ead72833:0x563afcec3276c805,weekend,194,3693.0
POI_IND_9999_0x3be7ced26e4f589f:0x84e2e6d9d48e7272,weekday,456,9751.0
POI_IND_9999_0x3be7b85c433915b1:0x2469070a20f22cc6,weekday,223,10826.0
POI_IND_9999_0x3be7b7bbfdb7f0fb:0x64d578c241c8bed1,weekend,69,2442.0
POI_IND_9999_0x3be7c839e1a89b8b:0x7b75dbb5618e7a6a,weekday,91,3754.0
POI_IND_9999_0x3be7c9e9632fa767:0xa041ed4ba454f492,weekend,208,8662.0
POI_IND_9999_0x3be7c778be26ed61:0xaccd5d806a046068,weekday,20,596.0
POI_IND_9999_0x3be7cf76915da3b3:0xf82d647589847aa5,weekday,184,6288.0
POI_IND_9999_0x3be7b97fd891be29:0x8d623f4a9654b966,weekday,33,1513.0
POI_IND_9999_0x3be7c92d2f259e75:0x8a15312176c02e05,weekday,430,19024.0
POI_IND_9999_0x3be796847456cb03:0x65ccc3f2e49de55,weekend,45,678.0
POI_IND_9999_0x3be7b9c4451b7f93:0x42d86dc6fee4f0cb,weekend,11,706.0
POI_IND_9999_0x3be7ba898009feb1:0xf19bfa7dc485b029,weekend,7,581.0
POI_IND_9999_0x3be7d1187337b6d3:0x976acfa735e1db18,weekend,57,2464.0
POI_IND_9999_0x3be7cf006a33331d:0x20662a75d8e9a8bf,weekday,765,27271.0
POI_IND_9999_0x3be7cf50e45060d9:0x122b5bd788ae942f,weekend,12,347.0
POI_IND_9999_0x3be7cf50e45060d9:0x122b5bd788ae942f,weekday,17,311.0
POI_IND_9999_0x3be7c1687ff3e3ef:0xe294b773ecf2b495,weekend,41,1750.0
POI_IND_9999_0x3be7c1687ff3e3ef:0xe294b773ecf2b495,weekday,98,3753.0
POI_IND_9999_0x3be7943476c5f0b9:0xe5113bfe88121773,weekday,81,1957.0
POI_IND_9999_0x3be795ffc1b56ca9:0x846b5df6c2d494f6,weekend,246,2847.0
POI_IND_9999_0x3be791bd75504a81:0x60fec22520565f0,weekday,12,132.0
POI_IND_9999_0x3be7b9aa159fb303:0x7ba4778c30f8de72,weekday,205,6851.0
POI_IND_9999_0x3be7b9aa159fb303:0x7ba4778c30f8de72,weekend,102,2927.0
POI_IND_9999_0x3be7c1566d4240b5:0x7a4389a569638f82,weekend,221,5830.0
POI_IND_9999_0x3be79516dcba2bc5:0xeb25edcebf811989,weekend,40,1313.0
POI_IND_9999_0x3be7c0c504d81527:0xa7540bef39a52182,weekday,7,281.0
POI_IND_9999_0x3be7b940880cef0f:0x79f8d6da4c3d23e,weekday,426,16415.0
POI_IND_9999_0x3be7c93d17e2e4a5:0x62f92678f8dbb1a8,weekday,117,5191.0
POI_IND_9999_0x3be7a96c48346de9:0x61c09fc5ef252cb2,weekend,112,1066.0
POI_IND_9999_0x3be7c8abcf7563b3:0xf855775da04723ea,weekday,195,10410.0
POI_IND_9999_0x3be7c3e7b7a21651:0xf60b0a4fb5e59ef2,weekday,178,1471.0
POI_IND_9999_0x3be7bcf85609d311:0x7b38cbb6fa4d71c1,weekend,6,184.0
POI_IND_9999_0x3be7c9a5fc446a8f:0x34328a9ccb4a5c6d,weekend,125,5941.0
POI_IND_9999_0x3be7c9a5fc446a8f:0x34328a9ccb4a5c6d,weekday,367,16206.0
POI_IND_9999_0x3be7c8e01d983e2f:0x8c21c577f5500826,weekend,29,1226.0
POI_IND_9999_0x3be7b64cb07a05dd:0x4c45ef2d2c6e1a70,weekend,62,3328.0
POI_IND_9999_0x3be7c87d617af739:0xb6e39058e3a4d0c2,weekday,440,11486.0
POI_IND_9999_0x3be7c9874d9e0eb3:0x9d3864fdf1206fa9,weekday,218,9659.0
POI_IND_9999_0x3be7c9b2e64cb2fd:0x37e2fd07d5930a79,weekday,263,8152.0
POI_IND_9999_0x3be7c833236a9813:0x62cf70c6a5bb0b06,weekday,152,7218.0
POI_IND_9999_0x3be7c60666aa0125:0x5fe58861f47d23c9,weekend,34,1228.0
POI_IND_9999_0x3be7ce13b2202ceb:0x7feb7258bd74f62d,weekend,555,7289.0
POI_IND_9999_0x3be7c921941768e7:0x947bf469c871912d,weekend,22,927.0
POI_IND_9999_0x3be7ce0d1657baa7:0xe7c6df380000d322,weekday,441,13940.0
POI_IND_9999_0x3be79b5a6755280b:0x8313aee81bd8a3f0,weekend,3,3.0
POI_IND_9999_0x3be7af7a7b3e3139:0xe0d81a487d60c092,weekend,41,324.0
POI_IND_9999_0x3be7b7cc5fd06251:0x33111ace810345a8,weekend,89,3169.0
POI_IND_9999_0x3be7b7c0ff4de383:0x82a240ef4c090f9c,weekend,30,1209.0
POI_IND_9999_0x3be7bf005667c8e3:0x5c6cb692963833f8,weekday,85,2297.0
POI_IND_9999_0x3be7bf515fe5b349:0x8a5dfeae2fdc40e5,weekday,151,2340.0
POI_IND_9999_0x3be7b78d5aff42f9:0x77d449bcf17462fd,weekend,59,2662.0
POI_IND_9999_0x3be7c9bafa8f1a5b:0x3460b90ce8567048,weekend,40,1656.0
POI_IND_9999_0x3be7c814fd1d66e1:0x623f3d1bd91b1f0e,weekday,599,16849.0
POI_IND_9999_0x3be7c60426670af9:0x32b82c50853b4b2c,weekend,81,2273.0
POI_IND_9999_0x3be7b8f072d7dfd1:0xbbd0442fbbf7c3e1,weekend,212,7449.0
POI_IND_9999_0x3be7b766a56ca8bf:0xe25efec0392a06d7,weekend,243,7189.0
POI_IND_9999_0x3be7b7992e021b0d:0xaa0fea79c7f9d084,weekend,265,9035.0
POI_IND_9999_0x3be7b70041243ea7:0x7e432967698300da,weekday,54,3184.0
POI_IND_9999_0x3be7c9ee5723f635:0xef43868b7e8544e7,weekday,280,9561.0
POI_IND_9999_0x3be7c9ee5723f635:0xef43868b7e8544e7,weekend,46,1960.0
POI_IND_9999_0x3be7c9b82a9e4e3d:0x861ebb3708a64291,weekday,84,4443.0
POI_IND_9999_0x3be7c9d4ca04a90b:0x1947d7ec28e60662,weekday,368,11489.0
POI_IND_9999_0x3be7c9d4ca04a90b:0x1947d7ec28e60662,weekend,152,6034.0
POI_IND_9999_0x3be7c90e3749f5e3:0xe72c052a5819603c,weekday,80,4909.0
POI_IND_9999_0x3be7b786fba1b3f1:0x6c248182cd4f9b7,weekend,83,4075.0
POI_IND_9999_0x3be71fb4a8e6bead:0x4e0ac200fb25344e,weekday,341,9475.0
POI_IND_9999_0x3be703a726e4f19f:0xb759e3759ed4fe55,weekend,32,1105.0
POI_IND_9999_0x3be7c9076f2a6cf9:0xd8fe559665b77695,weekday,161,6091.0
POI_IND_9999_0x3be7ce8c8882b2ad:0x43e7339c8ffd9a13,weekday,255,7828.0
POI_IND_9999_0x3be7c7aa1a69380f:0x99fe06ee6c7177a6,weekend,5,148.0
POI_IND_9999_0x3be7ce6743f65149:0xfa45d5f62fa794d4,weekend,790,28903.0
POI_IND_9999_0x3be7d13c1abc5e8d:0x35306f3e0fd872bb,weekday,236,8056.0
POI_IND_9999_0x3be7cfeb7dcd8909:0x8dbfd5b2d376138a,weekday,325,14535.0
POI_IND_9999_0x3be7c901fd3e6509:0xa83f51669f63dddb,weekday,166,5070.0
POI_IND_9999_0x3be7b7fc410d2bcd:0xa9d9903577b67e20,weekday,64,2566.0
POI_IND_9999_0x3be7b0d9fb01218f:0x2fd9b8c7ff9193f4,weekday,49,2123.0
POI_IND_9999_0x3be7b6142bf84e0f:0x2c324754ab01e591,weekday,109,5474.0
POI_IND_9999_0x3be7b79158b93933:0xf18fe4811f060797,weekday,131,3890.0
POI_IND_9999_0x3be7c823a20fced1:0x7357ff1643464e8,weekday,230,7566.0
POI_IND_9999_0x3be797a947c4d521:0xa1460c122cb5b178,weekend,98,1947.0
POI_IND_9999_0x3be7937fe0904a05:0x2c77541adaeb133c,weekend,10,648.0
POI_IND_9999_0x3be79364c4bc65e9:0xaf20ec4fa1187fdd,weekend,23,1599.0
POI_IND_9999_0x3be7c1454dbeb08f:0x5acd1cbaa1ca6a1f,weekend,26,692.0
POI_IND_9999_0x3be7c1b167a43a4d:0x80fae26b5936af49,weekday,92,805.0
POI_IND_9999_0x3be7c82734053ead:0xa7aa95cb0d6eea57,weekend,54,1497.0
POI_IND_9999_0x3be7b6cb98d2cd87:0x1ef60da033d84d3f,weekend,559,15567.0
POI_IND_9999_0x3be7c97990298573:0x8864953a5483d8ca,weekend,48,1618.0
POI_IND_9999_0x3be7b6de35ac8b73:0xc33180c3a1b9b80e,weekday,209,10311.0
POI_IND_9999_0x3be7c8e81185e7e3:0xacf7b26f032ae292,weekday,83,2541.0
POI_IND_9999_0x3be7c1b9513d9b83:0x9794116e60f2cdc1,weekday,15,481.0
POI_IND_9999_0x3be7b05b255b1391:0x108b75aedc80e1c6,weekend,142,5885.0
POI_IND_9999_0x3be7c181e05cdab5:0x86cfda8dbac6b83d,weekday,84,2788.0
POI_IND_9999_0x3be7c7e1317ec3dd:0xd77f911aadb9f605,weekday,105,2609.0
POI_IND_9999_0x3be7c8abc115a509:0xdb158b43394006bd,weekday,93,5655.0
POI_IND_9999_0x3be7b8f5b6cb36d3:0xe8677705e87a7858,weekday,53,1607.0
POI_IND_9999_0x3be7b16b922e9ddb:0x20c152b8ad38fbd9,weekday,328,12919.0
POI_IND_9999_0x3be7c9d9d759a57f:0x570ef45cac4a5ba2,weekday,21,886.0
POI_IND_9999_0x3be7c8412eddfbc3:0x7229d46e0d5d6715,weekend,50,1305.0
POI_IND_9999_0x3be7c9fce134e3e5:0x82c75ef754a4c7a0,weekend,428,13129.0
POI_IND_9999_0x3be7b6143b6e3ad3:0xe8e29a42e83bac81,weekday,623,15408.0
POI_IND_9999_0x3be7c83c25dd979b:0xa7e7f01390523190,weekend,22,1332.0
POI_IND_9999_0x3be7c9c776b3dfad:0x26abc6a51abf15e1,weekend,35,1409.0
POI_IND_9999_0x3be7b7313ad6e75f:0xd6e59785ffb75257,weekend,122,3108.0
POI_IND_9999_0x3be7c9e8f86df953:0xf4ce007ee683a98,weekday,31,1534.0
POI_IND_9999_0x3be7b731cf53bc5f:0xcfb8701f9cb2f050,weekend,91,5215.0
POI_IND_9999_0x3be7b731cf53bc5f:0xcfb8701f9cb2f050,weekday,196,10852.0
POI_IND_9999_0x3be7c978048fc55f:0xc71ab6c6b4489cf4,weekday,89,3073.0
POI_IND_9999_0x3be7b7523045100f:0xe1fba600d12599f2,weekday,109,5611.0
POI_IND_9999_0x3be7b7e450b3668b:0x8a75285b3b18eb2e,weekday,288,13406.0
POI_IND_9999_0x3be7c788be17468d:0x8a31c239ed4f797,weekend,72,2567.0
POI_IND_9999_0x3be7b61cd80de561:0x71cecd018b3ebe92,weekend,91,2849.0
POI_IND_9999_0x3be7b0e7157dccdf:0xbc216552c4433a5,weekday,103,4119.0
POI_IND_9999_0x3be7c97fc0faa1df:0x43954ff88ae715bd,weekend,151,5649.0
POI_IND_9999_0x3be7c9122b921bd9:0xd63399906379bdaf,weekend,10,648.0
POI_IND_9999_0x3be7ae76ea47b04d:0x1e77f0cfe92ff923,weekend,10,543.0
POI_IND_9999_0x3be79467680e3075:0x2a71a541ba31f5,weekend,247,11557.0
POI_IND_9999_0x3be7ce6c6924fe9b:0xcd822a0b86bed901,weekday,536,19417.0
POI_IND_9999_0x3be7ce12a9b29c15:0xdb6e05fed0388a41,weekday,164,8278.0
POI_IND_9999_0x3be7c8c53e2f135d:0x4c8feba5dfc3cd55,weekday,192,8576.0
POI_IND_9999_0x3be7ce22107044f9:0xa9aff9e186a3530a,weekday,162,3880.0
POI_IND_9999_0x3be7cf06d05d215b:0x7c6bd19ead7cb238,weekday,22,722.0
POI_IND_9999_0x3be7cfe55d23eeab:0xc9e2e2f5784d0bd9,weekend,27,1821.0
POI_IND_9999_0x3be7bd8ba5350a85:0xd79458db32a1108c,weekday,69,1715.0
POI_IND_9999_0x3be7bd8ba5350a85:0xd79458db32a1108c,weekend,39,711.0
POI_IND_9999_0x3be7b74f0e09abcb:0x28a75b46caa34724,weekday,92,4415.0
POI_IND_9999_0x3be7b74f0e09abcb:0x28a75b46caa34724,weekend,52,2399.0
POI_IND_9999_0x3be7c9f6482b779d:0x64c45839713a92f2,weekday,1,1.0
POI_IND_9999_0x3be7c879c66594ed:0x309fc2a868e1a520,weekend,65,2406.0
POI_IND_9999_0x3be7c7ed07c1a1ff:0xfcde880ed9a9ef08,weekday,470,17501.0
POI_IND_9999_0x3be795c415ebd8b5:0xe2e59ea4812d5c85,weekday,175,5477.0
POI_IND_9999_0x3be7b916cbfc5225:0xc4400a9863d5c799,weekday,958,40936.0
POI_IND_9999_0x3be7bf06a283e347:0xcf27caa0d60a9391,weekend,25,1645.0
POI_IND_9999_0x3be7ed6cbcca432f:0x7d74b7e482c59555,weekend,9,288.0
POI_IND_9999_0x3be7e99ce0a24e99:0xcf974fbd3f17354,weekday,18,457.0
POI_IND_9999_0x3be7e99ce0a24e99:0xcf974fbd3f17354,weekend,27,327.0
POI_IND_9999_0x3be7958b494635a7:0x48967856d05524ce,weekday,175,1504.0
POI_IND_9999_0x3be7c14a2193cee9:0xf5db803fc8629856,weekday,597,11903.0
POI_IND_9999_0x3be797754b1892d7:0x5e5aa17d8bc8ed39,weekday,64,697.0
POI_IND_9999_0x3be7bb442adadbed:0x7b50b2e75e8cde4d,weekend,22,1210.0
POI_IND_9999_0x3be7c2532fffffff:0xb20591b7effeab27,weekday,115,1576.0
POI_IND_9999_0x3be7c3dd290a1531:0x2934f3b31dc8ad2f,weekday,30,580.0
POI_IND_9999_0x3be7c94f0d61c165:0x4688ea5fb76ada02,weekend,90,2657.0
POI_IND_9999_0x3be7b723993dd103:0xc8261768f51ae209,weekday,317,13692.0
POI_IND_9999_0x3be7c9fe0412e6e3:0x3af2ac3257216a7e,weekend,53,1684.0
POI_IND_9999_0x3be7e98b286ce709:0x1c19e9588afbc0c2,weekday,77,1448.0
POI_IND_9999_0x3be7e98b286ce709:0x1c19e9588afbc0c2,weekend,19,637.0
POI_IND_9999_0x3be797b236afaafb:0x7d4e5b732479fe5f,weekday,25,294.0
POI_IND_9999_0x3be7c143888433f5:0x6b79feef09cc9e38,weekend,39,562.0
POI_IND_9999_0x3be7b92ea6784ab9:0x4cf2fce0c3eae24d,weekday,274,8903.0
POI_IND_9999_0x3be7cedb77aaea29:0x77411cc8d480e12,weekend,98,2685.0
POI_IND_9999_0x3be7960585f8a441:0x93c8b4361a702124,weekday,39,1222.0
POI_IND_9999_0x3be7c9cc5cc9b395:0x81eebf1346226fe7,weekday,190,5897.0
POI_IND_9999_0x3be7c82d43737809:0x670e14b45fcaa6ff,weekday,342,18048.0
POI_IND_9999_0x3be7c9a73072c263:0xac5e24fe2dc9e741,weekday,89,1933.0
POI_IND_9999_0x3be7c912e59941f5:0x86cee354d608ec42,weekday,127,5835.0
POI_IND_9999_0x3be7b784f702cabb:0x955a9d85ce421a47,weekend,101,4475.0
POI_IND_9999_0x3be7957c068c85b1:0xccfb1de5e6cad25a,weekday,70,1636.0
POI_IND_9999_0x3be7d1993d3b240b:0xce599722d5d55eeb,weekday,120,4791.0
POI_IND_9999_0x3be7d1993d3b240b:0xce599722d5d55eeb,weekend,34,1140.0
POI_IND_9999_0x3be7cfe9cf3ad6d7:0x78ad5cf086be8ff6,weekday,209,6275.0
POI_IND_9999_0x3be7cf323d901be5:0x4b020a7767df35d0,weekday,89,4216.0
POI_IND_9999_0x3be7d1bf688ad76d:0x5de7d9f716ffb71e,weekday,42,1517.0
POI_IND_9999_0x3be7c627288c44b3:0x9ea97a0251b96c16,weekday,306,13513.0
POI_IND_9999_0x3be7b7346b65e457:0x34e39c1295315a82,weekend,79,3301.0
POI_IND_9999_0x3be7957c83940b5f:0x37c652956ec89df5,weekday,72,2160.0
POI_IND_9999_0x3be7c38542c1074b:0xfed1150c2ec7a4ca,weekend,26,212.0
POI_IND_9999_0x3be7c38542c1074b:0xfed1150c2ec7a4ca,weekday,26,623.0
POI_IND_9999_0x3be7cfa002066c41:0xf695f4aa893b2435,weekday,213,7511.0
POI_IND_9999_0x3be7bbd07d1cadaf:0xe3f726bbea5f8be,weekday,30,1347.0
POI_IND_9999_0x3be7c31ca025e8b1:0xc2006f8cd1ff46d3,weekend,13,164.0
POI_IND_9999_0x3be7ce0e0ebe4e95:0x1b1f6f572b6ad9a7,weekend,39,2130.0
POI_IND_9999_0x3be7b1944fe1d0bb:0xb8fb5f115470c2d,weekend,157,2895.0
POI_IND_9999_0x3be7b04799a8813d:0x4ee480b7e16af53b,weekend,122,5887.0
POI_IND_9999_0x3be7b04799a8813d:0x4ee480b7e16af53b,weekday,341,13638.0
POI_IND_9999_0x3be7cecf425c4799:0x56f3115acac8a501,weekend,28,1045.0
POI_IND_9999_0x3be7b195068c94c1:0x6b610c676c4e919,weekday,549,16627.0
POI_IND_9999_0x3be7c9001b0caa0b:0x145919c0f5601933,weekday,17,790.0
POI_IND_9999_0x3be7c844460a0e15:0xf9ed2761111a03f,weekend,34,1430.0
POI_IND_9999_0x3be7abf7ab079f7f:0xf6d94c87000e4f9a,weekday,367,4180.0
POI_IND_9999_0x3be7c9bf40c4ed19:0xa25d3b05259a616c,weekday,371,6031.0
POI_IND_9999_0x3be7c96b6a300277:0xbc3a3c573edbc20a,weekend,12,209.0
POI_IND_9999_0x3be7c7cca2de3747:0xe95347de2b09716f,weekday,143,6913.0
POI_IND_9999_0x3be7c9ac513882c3:0x93956dfd3e8a4dcc,weekday,172,6296.0
POI_IND_9999_0x3be7c9ac513882c3:0x93956dfd3e8a4dcc,weekend,104,4294.0
POI_IND_9999_0x3be7bb4b4461eba9:0x85a6b647c2edecf7,weekend,63,3984.0
POI_IND_9999_0x3be7c0c5aa72b741:0xae4492e317ad3197,weekend,5,22.0
POI_IND_9999_0x3be7c144497c0001:0x321e7981d902856e,weekend,284,1839.0
POI_IND_9999_0x3be793815d403303:0x39921daa4794c626,weekend,73,3139.0
POI_IND_9999_0x3be793815d403303:0x39921daa4794c626,weekday,90,4022.0
POI_IND_9999_0x3be7c1e2610bd04d:0xc6092407be743969,weekend,27,1324.0
POI_IND_9999_0x3be7bba6fceeae77:0x8c3b547ede00019c,weekend,14,376.0
POI_IND_9999_0x3be7b1594de99551:0xfa2b7f5ec2f52abf,weekday,163,7015.0
POI_IND_9999_0x3be7c62fb687b31b:0xcc4126f955ecdf68,weekend,23,1059.0
POI_IND_9999_0x3be7c9005f1a7955:0x7a085462da293594,weekday,402,16566.0
POI_IND_9999_0x3be7c78bc293eb79:0x2e80d365543bdb3a,weekday,59,1637.0
POI_IND_9999_0x3be7bbe02b4b9dc9:0x75a1e7a1c24e6706,weekday,157,5052.0
POI_IND_9999_0x3be7b60fa977dd83:0x504f973f3b5d9668,weekday,31,1151.0
POI_IND_9999_0x3be7b60fa977dd83:0x504f973f3b5d9668,weekend,14,761.0
POI_IND_9999_0x3be7b76d2e1332f3:0x4f39efcbe478facd,weekend,533,11054.0
POI_IND_9999_0x3be7b1f37a8be47f:0xcc77007f2ff5b001,weekend,515,16609.0
POI_IND_9999_0x3be7c15543b9790b:0xee4f55f76ae54c73,weekend,69,1040.0
POI_IND_9999_0x3be7c0d74211320f:0x41e1ff6df345e83b,weekday,128,1335.0
POI_IND_9999_0x3be7b08a6495baed:0x2c461ae7a48972c1,weekday,189,10117.0
POI_IND_9999_0x3be779e44aa8f92b:0x62b489ebb30b6b21,weekday,19,909.0
POI_IND_9999_0x3be779e44aa8f92b:0x62b489ebb30b6b21,weekend,5,391.0
POI_IND_9999_0x3be7959722dfbe7f:0x3a29dac2db96af7e,weekday,134,2047.0
POI_IND_9999_0x3be7959722dfbe7f:0x3a29dac2db96af7e,weekend,70,1284.0
POI_IND_9999_0x3be7a980d611ef5f:0xbcbf1abab8043f9c,weekend,49,1247.0
POI_IND_9999_0x3be7b73e368b0899:0xb47daf530f8e7e90,weekday,631,26526.0
POI_IND_9999_0x3be7b73e368b0899:0xb47daf530f8e7e90,weekend,211,9222.0
POI_IND_9999_0x3be7b7ca3b2e224d:0xabe67892f7218ee9,weekday,498,4217.0
POI_IND_9999_0x3be7b1569f0bf11b:0x22d3fe4b0f47d546,weekday,435,10883.0
POI_IND_9999_0x3be7b1569f0bf11b:0x22d3fe4b0f47d546,weekend,188,5615.0
POI_IND_9999_0x3be7b73676f0a9e5:0x747d462429eef295,weekend,2,2.0
POI_IND_9999_0x3be7c95021a04b5f:0x1e122adaa621ca8c,weekday,22,1312.0
POI_IND_9999_0x3be7c95021a04b5f:0x1e122adaa621ca8c,weekend,8,677.0
POI_IND_9999_0x3be7c9e924068fdf:0x918f9aff5bda3e94,weekday,608,21832.0
POI_IND_9999_0x3be7c9d70feb50b9:0x4fb58f04952ed30,weekday,82,3996.0
POI_IND_9999_0x3be7a996e1520ecf:0xfd4881e8d388460c,weekend,49,787.0
POI_IND_9999_0x3be7958dfa61c95b:0xa3dbecf4753f407f,weekday,91,2202.0
POI_IND_9999_0x3be7c1355e6e117b:0x35e6abf6f52360d3,weekend,22,577.0
POI_IND_9999_0x3be7cf2d87e6a455:0x90422785635c150c,weekday,68,3701.0
POI_IND_9999_0x3be794433b97ac4b:0x74e7b504e2f2389d,weekend,78,4072.0
POI_IND_9999_0x3be7bbee510b01c1:0x2a099c359ad83e4e,weekday,41,1763.0
POI_IND_9999_0x3be7bbee510b01c1:0x2a099c359ad83e4e,weekend,15,906.0
POI_IND_9999_0x3be79721db0c9f9b:0xfa671d11ec120548,weekday,90,2042.0
POI_IND_9999_0x3be7954c289c0c27:0xd45938b8b635ddf7,weekend,14,363.0
POI_IND_9999_0x3be7c3beb0099967:0xfc9677dbd6ef83e3,weekday,44,409.0
POI_IND_9999_0x3be7c3dd598bf8fb:0xbaa26a7540c7b488,weekday,78,942.0
POI_IND_9999_0x3be7b95e5b38f443:0xb68c064e692495c5,weekday,59,2467.0
POI_IND_9999_0x3be7ab692bc5e96b:0x4c3263e61434233d,weekday,3,96.0
POI_IND_9999_0x3be7c9fddceeafa9:0xb6d238bebc0e2d5f,weekend,43,2588.0
POI_IND_9999_0x3be7b6eeb5e6f079:0x4c99a1a5a93ba4f7,weekday,363,9907.0
POI_IND_9999_0x3be7c87d6e276f49:0x1798bb223c64bdee,weekday,182,6042.0
POI_IND_9999_0x3be7c9ff010a0e77:0x840044b83199643,weekday,327,12212.0
POI_IND_9999_0x3be7c9ff010a0e77:0x840044b83199643,weekend,115,5608.0
POI_IND_9999_0x3be7cefae0efc52d:0x1678f65a7674011f,weekend,493,18242.0
POI_IND_9999_0x3be7ce43584e1e2f:0xd549ad3e2248487,weekend,14,603.0
POI_IND_9999_0x3be7b702bae86b4b:0x3672bc3953ec819e,weekend,87,2576.0
POI_IND_9999_0x3be7c82d5d9c21f1:0x8d02432464ad1583,weekend,38,1228.0
POI_IND_9999_0x3be7b19f7f38231f:0x5ab73781c3786c26,weekday,91,5332.0
POI_IND_9999_0x3be7b7004e1d1efd:0x89ad248342ef51cd,weekend,47,1762.0
POI_IND_9999_0x3be7b7004e1d1efd:0x89ad248342ef51cd,weekday,126,4872.0
POI_IND_9999_0x3be7c94067acddff:0x4c222cb57961bd6d,weekend,92,3930.0
POI_IND_9999_0x3be7c842bab4e71f:0x3f43a5b564965e6,weekday,50,2444.0
POI_IND_9999_0x3be7b0eceba54341:0x24922b6434ffc263,weekday,876,34229.0
POI_IND_9999_0x3be7c99454009a2b:0xa311598954cb2ff9,weekday,252,7419.0
POI_IND_9999_0x3be7c852501cdfb3:0xa11faa32c1f3641f,weekday,78,3530.0
POI_IND_9999_0x3be7c852501cdfb3:0xa11faa32c1f3641f,weekend,20,1046.0
POI_IND_9999_0x3be7af8e82b2f0b9:0xaf02e995d75a2d9d,weekday,438,10041.0
POI_IND_9999_0x3be795a10e6c69a9:0x210cdeaca61bc0b6,weekday,348,6458.0
POI_IND_9999_0x3be79757cbecaaff:0xf75371ec8b74eef0,weekend,37,1054.0
POI_IND_9999_0x3be79757cbecaaff:0xf75371ec8b74eef0,weekday,84,1496.0
POI_IND_9999_0x3be7dccb2874f96f:0xd63c113e080242c5,weekday,36,642.0
POI_IND_9999_0x3be7b71d251920a3:0xd19dd9cadb4089ca,weekend,32,1210.0
POI_IND_9999_0x3be7c99824616e79:0xa01db96507bcb46,weekend,108,2537.0
POI_IND_9999_0x3be7b9cad8998ee1:0xe9aed6352cdffd7b,weekday,6,456.0
POI_IND_9999_0x3be7940368d88fcb:0x65c865ec017b5a20,weekend,571,14041.0
POI_IND_9999_0x3be7c3368bec43d1:0xcf976c7bfb7442ef,weekday,26,550.0
POI_IND_9999_0x3be7bc3d9b96d541:0x1bf3da3a9b26389b,weekday,350,8546.0
POI_IND_9999_0x3be7ceecd68df409:0xe893108f5be12ef5,weekend,54,2228.0
POI_IND_9999_0x3be7d1c4c24ac8c3:0x11b977e760c16a4d,weekend,179,4157.0
POI_IND_9999_0x3be79451f0ee0111:0xa7fb4752a1825dd5,weekday,41,1436.0
POI_IND_9999_0x3be7c326ecc0c4d9:0x5e543eb3e99f11de,weekend,292,1922.0
POI_IND_9999_0x3be7c9a070a0e325:0x77982dd9adee6e08,weekday,1812,28661.0
POI_IND_9999_0x3be7c9a070a0e325:0x77982dd9adee6e08,weekend,921,12382.0
POI_IND_9999_0x3be7c90043eff459:0xe3d0656e5813180f,weekend,50,2104.0
POI_IND_9999_0x3be7c95d6bc28651:0xba086868d7a13d14,weekday,60,2690.0
POI_IND_9999_0x3be7c7be6a130b4f:0x5002516c40af96b3,weekend,117,4414.0
POI_IND_9999_0x3be7b6ff31661971:0x1e2daf245ac43e84,weekday,48,2106.0
POI_IND_9999_0x3be7c7d459f0a52b:0x683eb0c037781809,weekday,117,5936.0
POI_IND_9999_0x3be7c9924b46f86d:0x4faa6851cacfe623,weekday,155,6001.0
POI_IND_9999_0x3be7c90e6568fbe1:0xe329c41865fd108f,weekend,122,4380.0
POI_IND_9999_0x3be7b6589dcbfca9:0x26d544b94f4d482b,weekday,46,2627.0
POI_IND_9999_0x3be795289cdcaaf3:0x61d04ddca34a76d,weekend,39,787.0
POI_IND_9999_0x3be7b8eed7183af1:0x916c66b244e2bb13,weekday,2250,65381.0
POI_IND_9999_0x3be7d1dd5ef5d4b7:0xb6d62728620ec684,weekday,492,18072.0
POI_IND_9999_0x3be7cfbd33b270e5:0xfa9cfcfb7cf4faa7,weekend,113,5547.0
POI_IND_9999_0x3be7c908a0a494fb:0x2158c696d1deeed4,weekday,899,30551.0
POI_IND_9999_0x3be7c8fe202a2443:0x6ee359458d28ed34,weekday,23,836.0
POI_IND_9999_0x3be7b700087f6f55:0xd24d2611de680bc5,weekend,26,1104.0
POI_IND_9999_0x3be7b700087f6f55:0xd24d2611de680bc5,weekday,46,1247.0
POI_IND_9999_0x3be7c39f3ef50ab7:0x148c110e38295acc,weekday,169,2185.0
POI_IND_9999_0x3be7d1c0e1f70c81:0xa4af0ea659cee664,weekend,66,2373.0
POI_IND_9999_0x3be79508206a6247:0x5a897eedb6a4c5ba,weekday,63,3058.0
POI_IND_9999_0x3be7b03014acdcd7:0x7dca8a1b07ca3b96,weekend,35,2040.0
POI_IND_9999_0x3be795939afd049b:0xe557e9adda8d8b67,weekend,47,864.0
POI_IND_9999_0x3be7b0f37607c657:0x8b1d735b872f52e9,weekend,16,349.0
POI_IND_9999_0x3be7b907b73e1509:0xc96074b720b1cbc7,weekday,433,16966.0
POI_IND_9999_0x3be79460d32c2b47:0x7b5339920357ff2e,weekend,80,4048.0
POI_IND_9999_0x3be7b963d87204b5:0xe5215b4e68501ba8,weekday,19,253.0
POI_IND_9999_0x3be7b963d87204b5:0xe5215b4e68501ba8,weekend,6,105.0
POI_IND_9999_0x3be7c14408ceb981:0x1ce32a44c24e0092,weekend,40,1192.0
POI_IND_9999_0x3be7cf001600eb3f:0x2dc46339ef53096b,weekend,51,2710.0
POI_IND_9999_0x3be7ce13af978acf:0x8c4f61e8fa9c44da,weekend,158,3305.0
POI_IND_9999_0x3be7b7338b892e13:0xe062ce65fb6eb55d,weekend,4,225.0
POI_IND_9999_0x3a35e54988ce8c69:0x9c0d1b573a855ba0,weekday,48,2563.0
POI_IND_9999_0x3a35e54988ce8c69:0x9c0d1b573a855ba0,weekend,67,3748.0
POI_IND_9999_0x3be7b92397fd1d9b:0x85cb5e7e52758267,weekend,4,76.0
POI_IND_9999_0x3be7c3388aa38b6b:0x47a1cfd530bc62df,weekend,8,170.0
POI_IND_9999_0x3be7bbdfd73970ed:0x34d3144e442209a0,weekend,37,1258.0
POI_IND_9999_0x3be795bfa2711999:0xf1dc73e204657b67,weekend,90,305.0
POI_IND_9999_0x3be7c13772206b13:0x57f7f7e85e0a5e8a,weekend,23,649.0
POI_IND_9999_0x3be7c173c016e81b:0x71ca15eefa089cb1,weekday,24,769.0
POI_IND_9999_0x3be7b3005d6bdb01:0xdd30152500a1278f,weekday,22,724.0
POI_IND_9999_0x3be7c9c69d47f031:0x29f6147b117cce8d,weekday,57,3531.0
POI_IND_9999_0x3be7ce0d5cb4aa01:0xb75075a71a870fb5,weekday,111,4209.0
POI_IND_9999_0x3be7cfc4f8606e05:0xc5e9c8475139055a,weekday,687,15383.0
POI_IND_9999_0x3be7bb07ebfc4b5d:0x83197757876ac4d6,weekend,92,4253.0
POI_IND_9999_0x3be792ccfe5e5cff:0xcf28f1f38aae5fdc,weekend,7,436.0
POI_IND_9999_0x3be7944a78256393:0x25ac6a8df881d6cd,weekend,136,1328.0
POI_IND_9999_0x3be7b1003f7011c5:0x45164fd0624b8c05,weekday,41,2312.0
POI_IND_9999_0x3be793322131d5b1:0x49d538f3be11da44,weekday,113,5700.0
POI_IND_9999_0x3be793322131d5b1:0x49d538f3be11da44,weekend,74,2911.0
POI_IND_9999_0x3be7bbd1d9edbb21:0xaa636d1359614032,weekend,44,1501.0
POI_IND_9999_0x3be7b9740787c779:0x7d51ece036ac2c2b,weekend,144,4293.0
POI_IND_9999_0x3be7957978a85f3d:0x4b23b87f78edac93,weekday,38,1583.0
POI_IND_9999_0x3be7957978a85f3d:0x4b23b87f78edac93,weekend,26,971.0
POI_IND_9999_0x3be7c0e8946c6cb7:0xee236edeba5ff88e,weekday,23,335.0
POI_IND_9999_0x3be7b02b890eb763:0x1a13be1dc6b2de52,weekend,128,6486.0
POI_IND_9999_0x3be7b85107f53897:0x32755e87119ff54c,weekday,104,6298.0
POI_IND_9999_0x3be7c676d68cac05:0x626ece517e361ff5,weekday,968,19239.0
POI_IND_9999_0x3be7b3b9e6fca12d:0xb426a31d81e4cc55,weekend,46,2057.0
POI_IND_9999_0x3be7c61fa7917df9:0x51e2df8b5f6cb0ad,weekend,676,14860.0
POI_IND_9999_0x3be7c9018047693d:0xeb39b487ac58d685,weekday,244,8797.0
POI_IND_9999_0x3be7d1994f9000df:0xa11737cb8605223d,weekend,13,656.0
POI_IND_9999_0x3be7bd49afd65d71:0x94b56a9c76764b13,weekend,7,78.0
POI_IND_9999_0x3be7bfcbbce1519d:0xdec2fd25f32d3211,weekend,62,2337.0
POI_IND_9999_0x3be7b13554489a77:0x7694f81631cf756a,weekend,32,1871.0
POI_IND_9999_0x3be7c14cfa4692ef:0x33ad28ebfd8233fd,weekday,283,6822.0
POI_IND_9999_0x3be7d1d25f59499d:0x6a89b1178a56e13,weekend,69,2270.0
POI_IND_9999_0x3bae16773e7dc413:0x46098eee49dc03f2,weekday,148,4657.0
POI_IND_9999_0x3be7d1c165f702e3:0x5901986cafee237,weekend,30,1256.0
POI_IND_9999_0x3be7bf17cf08ad3b:0x13f8e35e2b2a0d36,weekday,12,327.0
POI_IND_9999_0x3be7c1205f3da1ed:0xc090177f38a1296c,weekend,31,695.0
POI_IND_9999_0x3be7b7783b33bcef:0x78601c998d77d384,weekend,343,10896.0
POI_IND_9999_0x3be7c82d7d330aa5:0x93ef74873ce6d907,weekend,208,8701.0
POI_IND_9999_0x3be7b7731f1bb147:0xffe007eca70c0d10,weekend,25,1484.0
POI_IND_9999_0x3be7b6f11f1fd7e1:0xf655123da322651,weekday,443,17348.0
POI_IND_9999_0x3be7c3abd414d187:0x74dfead1bd28d7fe,weekday,25,888.0
POI_IND_9999_0x3be7c3abd414d187:0x74dfead1bd28d7fe,weekend,18,445.0
POI_IND_9999_0x3be7b9206b2ea61f:0xffb2d93e84e20ddf,weekday,279,9868.0
POI_IND_9999_0x3be797ae9b5ac26d:0x56cc90624413fb98,weekday,28,972.0
POI_IND_9999_0x3be7be9632692161:0xd00cca35b2df2d6a,weekday,116,5413.0
POI_IND_9999_0x3be7b7cd3c1ca8fb:0x6908c5be489e608,weekend,30,1033.0
POI_IND_9999_0x3be7b0e05e0cb687:0xa07ca668e7475b1f,weekend,19,634.0
POI_IND_9999_0x3be7b63fd72de173:0xfa58aaf3beb2bff7,weekday,165,3722.0
POI_IND_9999_0x3be7af8e886992bb:0x54d2bf766b462a83,weekend,16,214.0
POI_IND_9999_0x3be7b6bd98dfd361:0x1860b4dc2e3394d8,weekend,30,1019.0
POI_IND_9999_0x3be7c9748d3eb87d:0x5e1a8463640f3aa6,weekend,22,1349.0
POI_IND_9999_0x3be7c7faba248e0f:0xc301438716b6356c,weekend,39,2131.0
POI_IND_9999_0x3be7c7faba248e0f:0xc301438716b6356c,weekday,58,3080.0
POI_IND_9999_0x3be7c96f4976c4f5:0x68af6c21957690fc,weekday,148,3271.0
POI_IND_9999_0x3be7ce1837b2403b:0xf272b67167648c56,weekend,106,2451.0
POI_IND_9999_0x3be7ce8af24717d9:0xae1b5b0526d83ff6,weekend,22,700.0
POI_IND_9999_0x3be7bd2591a2a921:0xed5776284fd16fcc,weekday,349,8294.0
POI_IND_9999_0x3be71f2e6a5be7c1:0xf925454b7c6221db,weekday,127,2735.0
POI_IND_9999_0x3be7cfb2b2cecf1d:0x2e38ae8a46314d57,weekday,966,53954.0
POI_IND_9999_0x3be7d10046e4fbcb:0xf2053438f8c73ea5,weekday,918,30690.0
POI_IND_9999_0x3be7c9290c2cc021:0xa6ac362d8d5a0211,weekday,151,4443.0
POI_IND_9999_0x3be7ce8c350898ed:0x664c7200a24a00a9,weekday,102,2791.0
POI_IND_9999_0x3be7b10060e82695:0x4b5ebd041ff7190f,weekday,659,8332.0
POI_IND_9999_0x3be7b7d9de1c5d0f:0x89d77768d9be3936,weekend,35,1339.0
POI_IND_9999_0x3be7b7d9de1c5d0f:0x89d77768d9be3936,weekday,91,3235.0
POI_IND_9999_0x3be7c3dcc4f86099:0xe5719336eb61eaa1,weekday,204,4286.0
POI_IND_9999_0x3be7c15c41f0e853:0x30e33fc0207c6238,weekend,88,2121.0
POI_IND_9999_0x3be7d1594d90c0eb:0x9293cfa6dccc988a,weekend,191,5955.0
POI_IND_9999_0x3be7cf2b056971dd:0x17970f504574fd63,weekday,150,2129.0
POI_IND_9999_0x3be7c1f4c9307f59:0x27ce37dba5408d4c,weekend,111,1736.0
POI_IND_9999_0x3be7bece4bd93a3b:0x3f18e72d4c2947e2,weekend,98,3832.0
POI_IND_9999_0x3be7bece4bd93a3b:0x3f18e72d4c2947e2,weekday,314,12581.0
POI_IND_9999_0x3be7c0a85a701f0d:0xbc99a332bc66649c,weekday,24,480.0
POI_IND_9999_0x3be7c0a85a701f0d:0xbc99a332bc66649c,weekend,5,92.0
POI_IND_9999_0x3be7943984ee4685:0xc48dcc43613d7ec1,weekday,18,852.0
POI_IND_9999_0x3be7943984ee4685:0xc48dcc43613d7ec1,weekend,4,301.0
POI_IND_9999_0x3be7c1a88cabb313:0x6cb03db4e5015162,weekend,6,127.0
POI_IND_9999_0x3be7c9b6ce72e349:0xf9ce8b7f8f850492,weekday,138,5869.0
POI_IND_9999_0x3be7b6f6a0ff064b:0x68d79cdaf27e77e8,weekday,16,777.0
POI_IND_9999_0x3be7c9ea43970135:0xd3df0da63634b3ce,weekend,51,3111.0
POI_IND_9999_0x3be7b7fda494a497:0xbcf59eaf1338c0f0,weekend,40,2061.0
POI_IND_9999_0x3be7c7cf53dd3ff7:0xfdfc0cca55975303,weekend,353,7866.0
POI_IND_9999_0x3be7c7cf53dd3ff7:0xfdfc0cca55975303,weekday,603,11263.0
POI_IND_9999_0x3be7b6049cb4817b:0x88a2047b95626ca7,weekday,28,1096.0
POI_IND_9999_0x3be7b70016edf539:0xb5a421d2c1e5c7d8,weekday,1970,60918.0
POI_IND_9999_0x3be7b045b503ff63:0x69e4e028b0000000,weekend,41,501.0
POI_IND_9999_0x3be7b92fd54e23cd:0x5ff0379b338db057,weekend,61,2370.0
POI_IND_9999_0x3be7c3b3878b9669:0x6ededadcdb5ff3f,weekday,118,1782.0
POI_IND_9999_0x3be7b621132f5e5d:0x88e4fb7b38b752fd,weekday,794,25821.0
POI_IND_9999_0x3be7b85fdeccd827:0xabe216e2319f7e99,weekend,910,27381.0
POI_IND_9999_0x3be7c7ce6324c725:0x9fdf4dd48096a0ea,weekend,16,780.0
POI_IND_9999_0x3be7c3d12193838f:0x88908ab285c23909,weekend,39,586.0
POI_IND_9999_0x3be7c1318f6ee679:0xa76b3a61c672551e,weekend,29,298.0
POI_IND_9999_0x3be7c630acbd75f5:0x27dee286409ad58a,weekday,316,16188.0
POI_IND_9999_0x3be7c630acbd75f5:0x27dee286409ad58a,weekend,145,7823.0
POI_IND_9999_0x3be7c3fe9accf1e1:0xb04092b5794f9266,weekend,101,1556.0
POI_IND_9999_0x3be7c97c13d1e693:0x314f1bab417e8c9b,weekday,922,38414.0
POI_IND_9999_0x3be7c887f75f975d:0x51e4f55b766383bc,weekend,202,5562.0
POI_IND_9999_0x3be7b719799c1d7f:0x6f8c31bccde682c8,weekend,44,1131.0
POI_IND_9999_0x3be7c9a283677415:0x42b78a4372fe272f,weekend,30,1481.0
POI_IND_9999_0x3be7c9a99b81772d:0xa07b2428e500dd8e,weekday,108,4433.0
POI_IND_9999_0x3be7b79c41d57323:0x8ff68c2e0abd5314,weekend,51,2065.0
POI_IND_9999_0x3be7c8721daf31a5:0x1b952a70b2008d5e,weekend,146,5596.0
POI_IND_9999_0x3be7b1b077570d1d:0x8f31dcb6caf94b1d,weekend,52,3210.0
POI_IND_9999_0x3be7c9103beb716f:0x26b9ea876aaeed4d,weekday,104,3824.0
POI_IND_9999_0x3be7c80e022ed17d:0xc31de4c48c4b453a,weekday,17,1018.0
POI_IND_9999_0x3be7c83263614715:0x5fef63353e20e47c,weekend,151,6554.0
POI_IND_9999_0x3be7b900a0764e31:0xdb55dfaee9ec1425,weekday,150,6178.0
POI_IND_9999_0x3be7b900a0764e31:0xdb55dfaee9ec1425,weekend,74,3613.0
POI_IND_9999_0x3be79592210269db:0xfaa41ea5e7a9c11,weekday,153,6543.0
POI_IND_9999_0x3be7bb84b98c4b3f:0xc4700e7d98f55c10,weekend,48,1205.0
POI_IND_9999_0x3be7bb84b98c4b3f:0xc4700e7d98f55c10,weekday,82,2528.0
POI_IND_9999_0x3be7b9025d083143:0xaf0248ff94b34206,weekend,339,13937.0
POI_IND_9999_0x3be79488bdc9c967:0xdb0905f7ff0f8590,weekday,147,7533.0
POI_IND_9999_0x3be7c9af3ce9a44b:0xa85878f0f375780,weekday,40,1691.0
POI_IND_9999_0x3be7b7a673b4d497:0xa9d7eda8790a426a,weekend,154,4957.0
POI_IND_9999_0x3be7b7a673b4d497:0xa9d7eda8790a426a,weekday,190,8086.0
POI_IND_9999_0x3be7d1c137810ea3:0x21384737f2ec91e2,weekend,444,14407.0
POI_IND_9999_0x3be7d1c0c51d3d5d:0x8056578ab9a503e2,weekend,38,1490.0
POI_IND_9999_0x3be7cefda194d46b:0x99e837db56cbbcf6,weekday,119,4972.0
POI_IND_9999_0x3be793cea9c0b4b9:0x6decceaa41f2c327,weekday,75,3825.0
POI_IND_9999_0x3be7b0442e2ea6c1:0xd1d189cf129cb7e3,weekday,114,3377.0
POI_IND_9999_0x3be7b0442e2ea6c1:0xd1d189cf129cb7e3,weekend,46,1342.0
POI_IND_9999_0x3be7b95e233c7c75:0x2e34f5b136b7eff9,weekday,122,5741.0
POI_IND_9999_0x3be7972d87d7cb91:0xe6c5bae1da157146,weekend,58,771.0
POI_IND_9999_0x3be7ce94aef6cb1f:0x6c3424e07ab6a91e,weekday,376,13337.0
POI_IND_9999_0x3be7cf2b87e600fb:0x1d5b3da1210bbd55,weekday,1213,21059.0
POI_IND_9999_0x3be7c849d319e5a3:0x7173d7093a2c8b,weekend,76,1539.0
POI_IND_9999_0x3be7c90012e53b09:0x198b5343e87f2bdd,weekend,12,423.0
POI_IND_9999_0x3be7c3804b6fbd6d:0x81cabe3f7442cfdc,weekday,122,2154.0
POI_IND_9999_0x3be7cfae08b874d9:0x2ce661d0fd56e791,weekday,102,4188.0
POI_IND_9999_0x3be7cfae08b874d9:0x2ce661d0fd56e791,weekend,92,3346.0
POI_IND_9999_0x3be7d1000abb2203:0xa13594975a3cf854,weekday,421,17605.0
POI_IND_9999_0x3be7d1ef269603a9:0xdb819dad6a500149,weekday,60,2731.0
POI_IND_9999_0x3be7afffdf043f7d:0x2efef55daa3aa2fb,weekend,150,5713.0
POI_IND_9999_0x3be7afffdf043f7d:0x2efef55daa3aa2fb,weekday,316,11019.0
POI_IND_9999_0x3be7bfdf9456683b:0xd971c8da78c8fd3,weekday,37,486.0
POI_IND_9999_0x3be795d164ede539:0xefdd3da6d1ba7e8b,weekday,288,6592.0
POI_IND_9999_0x3be795d164ede539:0xefdd3da6d1ba7e8b,weekend,125,3196.0
POI_IND_9999_0x3be7c97460593921:0xe2c24e7cb355862a,weekday,237,9895.0
POI_IND_9999_0x3be7b70009ff82a1:0x6457b0c7f4db95a0,weekend,335,9580.0
POI_IND_9999_0x3be7b70009ff82a1:0x6457b0c7f4db95a0,weekday,629,20071.0
POI_IND_9999_0x3be7b938d112601d:0x4de847b690501268,weekday,89,3763.0
POI_IND_9999_0x3be7c9171852cae5:0x52077a73b863fb8c,weekend,149,4890.0
POI_IND_9999_0x3be7c62e0ba492b9:0xf4867dc13fb23793,weekend,135,5118.0
POI_IND_9999_0x3be7b8ffb93bec45:0x14bb6b7151ad7d5e,weekday,316,8567.0
POI_IND_9999_0x3be7b8ffb93bec45:0x14bb6b7151ad7d5e,weekend,151,4669.0
POI_IND_9999_0x3be7bf4ca5555557:0x63f745203036ba66,weekend,889,16422.0
POI_IND_9999_0x3be7b93f85bd6afd:0xae75a749406933ae,weekday,385,16915.0
POI_IND_9999_0x3be7b90016f47c15:0x9931f881caef9b00,weekend,7,371.0
POI_IND_9999_0x3be7958a77089d9f:0x9976e86f776d03a1,weekend,99,1186.0
POI_IND_9999_0x3be795b635ffef5d:0xc3f89ef83243975a,weekend,22,1102.0
POI_IND_9999_0x3be7b90b1a6f2d0f:0xc1315189c9295382,weekend,39,1224.0
POI_IND_9999_0x3be7b1005de9d0ab:0xd55a8304f9f87df4,weekend,407,13725.0
POI_IND_9999_0x3be7c9bdc1e4737f:0xcb8f2550ac24cca0,weekday,211,7245.0
POI_IND_9999_0x3be7c88cabc37395:0x3b5605717ba8f3d2,weekend,41,2331.0
POI_IND_9999_0x3be7c88cabc37395:0x3b5605717ba8f3d2,weekday,120,5859.0
POI_IND_9999_0x3be7c9f34da49d31:0x20c147f8b3caba19,weekday,143,3694.0
POI_IND_9999_0x3be7b9ebbdbf153d:0x97df5d78bc080f18,weekday,201,10907.0
POI_IND_9999_0x3be7c7f276bcf02d:0xa1548a649ba7f2b3,weekend,369,12002.0
POI_IND_9999_0x3be7c7a367935ec9:0x356f5edbd5768964,weekend,48,1904.0
POI_IND_9999_0x3be7b6eb8fffffff:0xdc320b711aa017e,weekend,51,1311.0
POI_IND_9999_0x3be7b6eb8fffffff:0xdc320b711aa017e,weekday,78,2713.0
POI_IND_9999_0x3be7c9e924068fdf:0x918f9aff5bda3e94,weekend,317,9231.0
POI_IND_9999_0x3be7c9a9c5d6b84d:0x50211bba103c4c00,weekend,43,1299.0
POI_IND_9999_0x3be7a996e1520ecf:0xfd4881e8d388460c,weekday,80,1061.0
POI_IND_9999_0x3be7958dfa61c95b:0xa3dbecf4753f407f,weekend,110,1996.0
POI_IND_9999_0x3be7c1355e6e117b:0x35e6abf6f52360d3,weekday,172,2218.0
POI_IND_9999_0x3be7c136b2c080cb:0x7bf61fedbf46d7be,weekday,133,2750.0
POI_IND_9999_0x3be7954c289c0c27:0xd45938b8b635ddf7,weekday,12,190.0
POI_IND_9999_0x3be7bf1e1a841a6b:0x3c0235dabfdcbfe,weekend,18,324.0
POI_IND_9999_0x3be7e867dba39597:0x2ecd17abd0615f1a,weekday,382,3888.0
POI_IND_9999_0x3be7b119064f9941:0x9583b3f994716920,weekday,902,26063.0
POI_IND_9999_0x3be7b1ff781a72a5:0x9580fa104b378657,weekend,90,2749.0
POI_IND_9999_0x3be7c3bed1110455:0x8ea1ac301043306,weekday,38,652.0
POI_IND_9999_0x3be7c9fddceeafa9:0xb6d238bebc0e2d5f,weekday,99,5796.0
POI_IND_9999_0x3be7b13d23a47f17:0x9496bf7c12fca6e3,weekend,29,1011.0
POI_IND_9999_0x3be7c90002bfeab3:0xd99c6eae5bf2e29b,weekday,301,10939.0
POI_IND_9999_0x3be7b7b69f942349:0xe9c691195d45c837,weekend,243,7191.0
POI_IND_9999_0x3be7c95c8354142d:0x92af9234a913cac2,weekend,22,799.0
POI_IND_9999_0x3be7b97e6f6bcea7:0x183ac05a58d7cf02,weekend,116,5576.0
POI_IND_9999_0x3be7cf16d63ed019:0x32b2f9ecc3bf0568,weekday,260,9916.0
POI_IND_9999_0x3be7cf16d63ed019:0x32b2f9ecc3bf0568,weekend,73,3318.0
POI_IND_9999_0x3be7b910cc3dff6f:0x1b83dd9eb66c8cf0,weekend,58,2588.0
POI_IND_9999_0x3be7cefae0efc52d:0x1678f65a7674011f,weekday,1183,43772.0
POI_IND_9999_0x3be7b1764bc6949f:0x277004c2bf665b5f,weekend,251,10877.0
POI_IND_9999_0x3be7b702bae86b4b:0x3672bc3953ec819e,weekday,99,3656.0
POI_IND_9999_0x3be7b19f7f38231f:0x5ab73781c3786c26,weekend,48,2899.0
POI_IND_9999_0x3be7c9a022029873:0x4d8b8600cbb4ddb2,weekend,7,298.0
POI_IND_9999_0x3be7c602adf39237:0x23eeb6439050eb26,weekday,781,31923.0
POI_IND_9999_0x3be7b763adb72207:0x6b6d3dcc51407177,weekday,317,9120.0
POI_IND_9999_0x3be7b763adb72207:0x6b6d3dcc51407177,weekend,57,2900.0
POI_IND_9999_0x3be7c8a936ddecc5:0x47d6039a8acbd79b,weekend,346,15963.0
POI_IND_9999_0x3be7b6e8d69845cb:0x9837399643369e66,weekday,202,6541.0
POI_IND_9999_0x3be7c9c4b295cd61:0x951e2533b5cd6af5,weekend,59,3398.0
POI_IND_9999_0x3be7af8e82b2f0b9:0xaf02e995d75a2d9d,weekend,187,4540.0
POI_IND_9999_0x3be795a10e6c69a9:0x210cdeaca61bc0b6,weekend,123,2231.0
POI_IND_9999_0x3be7c3c3b04b8ff5:0xa6850acf9b62ab62,weekend,79,1624.0
POI_IND_9999_0x3be7c9654c65e3d1:0x44243010eaee1af7,weekday,18,906.0
POI_IND_9999_0x3be7b691289a9ca1:0x26ccf45e19e8d3fb,weekend,91,3976.0
POI_IND_9999_0x3be7b691289a9ca1:0x26ccf45e19e8d3fb,weekday,148,5578.0
POI_IND_9999_0x3be7b9e318d181ed:0x704a020e04aa4c7c,weekend,48,2118.0
POI_IND_9999_0x3be7c8ce141f2319:0x561b7533b7ec45d,weekend,68,3487.0
POI_IND_9999_0x3be7c8ce141f2319:0x561b7533b7ec45d,weekday,110,5642.0
POI_IND_9999_0x3be7b10f0603ff47:0x6a98b4f6a7703476,weekday,646,19621.0
POI_IND_9999_0x3be7b9e7936c4ec5:0xa33e62a11d1664a9,weekend,50,1497.0
POI_IND_9999_0x3be7b9e7936c4ec5:0xa33e62a11d1664a9,weekday,109,3794.0
POI_IND_9999_0x3be7c3173664abab:0xa194e0bb48549d0c,weekday,364,6775.0
POI_IND_9999_0x3be7cecd6ca83131:0xb7179138ec9c4e7f,weekday,212,5821.0
POI_IND_9999_0x3be7c852830023b1:0x8e730e970d732319,weekend,11,645.0
POI_IND_9999_0x3be7b11956ab8791:0xbdf9824938b28980,weekday,1727,46140.0
POI_IND_9999_0x3be7b11956ab8791:0xbdf9824938b28980,weekend,829,19862.0
POI_IND_9999_0x3be7b0e2c92613d3:0xa6ae61919d1df690,weekend,269,8004.0
POI_IND_9999_0x3be7b0e2c92613d3:0xa6ae61919d1df690,weekday,470,15606.0
POI_IND_9999_0x3be7c7d459f0a52b:0x683eb0c037781809,weekend,59,3546.0
POI_IND_9999_0x3be7b6e51a5c72df:0x27de10eaaf24b1b1,weekday,123,5036.0
POI_IND_9999_0x3be7c90e6568fbe1:0xe329c41865fd108f,weekday,219,8447.0
POI_IND_9999_0x3be7b6589dcbfca9:0x26d544b94f4d482b,weekend,40,1875.0
POI_IND_9999_0x3be7c253b28c9f6d:0xeab440481e1c6cfa,weekend,17,455.0
POI_IND_9999_0x3be7bbca3ad35885:0xa56016b309645e16,weekday,93,4915.0
POI_IND_9999_0x3be7bbca3ad35885:0xa56016b309645e16,weekend,77,2545.0
POI_IND_9999_0x3be7ce40a68568dd:0x75a63c164c4e209d,weekday,290,9624.0
POI_IND_9999_0x3be7cf6a42eb035f:0xdac83b5d36b3f94c,weekend,744,24172.0
POI_IND_9999_0x3be7cfbd33b270e5:0xfa9cfcfb7cf4faa7,weekday,208,9562.0
POI_IND_9999_0x3be7c92b8878e667:0x8cb945c564df187,weekend,143,4115.0
POI_IND_9999_0x3be7ce240e79e523:0xe21df5b9df295b2f,weekday,480,21514.0
POI_IND_9999_0x3be7cf67d30ec5b9:0x67b922c7076a4b41,weekend,31,915.0
POI_IND_9999_0x3be7c96d08669301:0x6fba0d7e69e534ab,weekday,137,3916.0
POI_IND_9999_0x3be7c96d08669301:0x6fba0d7e69e534ab,weekend,73,2908.0
POI_IND_9999_0x3be7c9264e1fb17b:0x80d559a1e0d246bd,weekend,27,846.0
POI_IND_9999_0x3be7c78bea8a9d45:0x6c3a6a350b0848d4,weekday,129,5888.0
POI_IND_9999_0x3be7b794220c12d3:0x6413e852d7ea5618,weekday,512,14377.0
POI_IND_9999_0x3be7c39f3ef50ab7:0x148c110e38295acc,weekend,67,1316.0
POI_IND_9999_0x3be795939afd049b:0xe557e9adda8d8b67,weekday,129,1811.0
POI_IND_9999_0x3be7bd51bc96ef65:0x77019d7aa2b4d875,weekday,2,31.0
POI_IND_9999_0x3be7b0f37607c657:0x8b1d735b872f52e9,weekday,31,708.0
POI_IND_9999_0x3be7bb09ea2851b5:0x16c412f91c5c85d0,weekday,101,3769.0
POI_IND_9999_0x3be79460d32c2b47:0x7b5339920357ff2e,weekday,171,6845.0
POI_IND_9999_0x3be7c6b42eca1f6f:0xef0d4a589922ab22,weekday,272,4497.0
POI_IND_9999_0x3be7c6b42eca1f6f:0xef0d4a589922ab22,weekend,139,2222.0
POI_IND_9999_0x3be7d19241e88f99:0xdceebdf7208a7da1,weekday,159,4113.0
POI_IND_9999_0x3be7d19241e88f99:0xdceebdf7208a7da1,weekend,53,1775.0
POI_IND_9999_0x3be7af7899b53623:0xecb3b7b5677b328f,weekend,14,1349.0
POI_IND_9999_0x3be7c7e450c9d06b:0x85b18d2fd99c270,weekend,27,1691.0
POI_IND_9999_0x3be7b722e731380b:0x492a272c7851b432,weekend,75,1157.0
POI_IND_9999_0x3be7b722e731380b:0x492a272c7851b432,weekday,148,5310.0
POI_IND_9999_0x3be7c9b58199f215:0xdf6eb600d57ccb8c,weekday,291,8205.0
POI_IND_9999_0x3be7c9b58199f215:0xdf6eb600d57ccb8c,weekend,140,3851.0
POI_IND_9999_0x3be7c3388aa38b6b:0x47a1cfd530bc62df,weekday,27,479.0
POI_IND_9999_0x3be7bbe3cd9a736f:0xe6d96fb558053e98,weekend,131,5195.0
POI_IND_9999_0x3be7c13772206b13:0x57f7f7e85e0a5e8a,weekday,36,1378.0
POI_IND_9999_0x3be7c920bc0ce0b3:0x4ca108fc4abc12dc,weekend,29,1268.0
POI_IND_9999_0x3be7c9c69d47f031:0x29f6147b117cce8d,weekend,42,2854.0
POI_IND_9999_0x3be7b71c8853068b:0xc5e2e25ae3b9563a,weekend,89,2555.0
POI_IND_9999_0x3be7c956f626d055:0xef570a313fbfb9ac,weekend,68,2807.0
POI_IND_9999_0x3be7ce6ac79b143b:0x712b6526068e0764,weekend,133,2271.0
POI_IND_9999_0x3be7ce0d5cb4aa01:0xb75075a71a870fb5,weekend,44,2061.0
POI_IND_9999_0x3be7b92ccc2fb263:0x7c2fbb1e22dc49c8,weekend,94,4041.0
POI_IND_9999_0x3be7b0681ba0219b:0x19102850e17107d6,weekday,268,9712.0
POI_IND_9999_0x3be7c34f66ca1c51:0xc0be2527b9a6fb85,weekday,179,2972.0
POI_IND_9999_0x3be7c3e80aa49561:0xb5c19a5eff9b60b2,weekend,89,1239.0
POI_IND_9999_0x3be7cfdb6d93308d:0xd86cdfcd52b521a4,weekday,487,19687.0
POI_IND_9999_0x3be797007e0576f1:0x7023c18dcebb5267,weekend,652,8926.0
POI_IND_9999_0x3be7bb07ebfc4b5d:0x83197757876ac4d6,weekday,116,6290.0
POI_IND_9999_0x3be79586b4c2adc7:0xc5073011c960c318,weekend,112,1420.0
POI_IND_9999_0x3be792ccfe5e5cff:0xcf28f1f38aae5fdc,weekday,40,1841.0
POI_IND_9999_0x3be71e57ebf89c3d:0x90bfaf104f6a3c9d,weekday,719,8635.0
POI_IND_9999_0x3be7c3dca4d06015:0x5786c7ccc88ab89c,weekday,87,1840.0
POI_IND_9999_0x3be7c0e8946c6cb7:0xee236edeba5ff88e,weekend,11,180.0
POI_IND_9999_0x3be7bd7769905965:0x52b5fca4317ee0dd,weekend,143,3287.0
POI_IND_9999_0x3be7b02b890eb763:0x1a13be1dc6b2de52,weekday,182,9664.0
POI_IND_9999_0x3be7af256a82633f:0xe03d3136d96e4007,weekday,4661,188128.0
POI_IND_9999_0x3be7c9d574261499:0x1a622b9325d947e2,weekend,19,581.0
POI_IND_9999_0x3be7c7d8aee076e9:0xc54fbd3ff364801c,weekday,190,8967.0
POI_IND_9999_0x3be7b85107f53897:0x32755e87119ff54c,weekend,21,1414.0
POI_IND_9999_0x3be7b3b9e6fca12d:0xb426a31d81e4cc55,weekday,111,3690.0
POI_IND_9999_0x3be7c61fa7917df9:0x51e2df8b5f6cb0ad,weekday,1314,28246.0
POI_IND_9999_0x3be7c9018047693d:0xeb39b487ac58d685,weekend,117,4288.0
POI_IND_9999_0x3be7ce932dbddb97:0xa5a72b3a708e66f8,weekend,20,1053.0
POI_IND_9999_0x3be7bb80c6ebebd1:0xa41129daee945a08,weekend,1,1.0
POI_IND_9999_0x3be7b9b68fd4cd8b:0x25044a8667c5bf6b,weekend,24,1208.0
POI_IND_9999_0x3be7943bc9e81b0b:0xa0f42796a8da8f13,weekday,79,2422.0
POI_IND_9999_0x3be7b99f687f0577:0x80c4869bb1c9449b,weekday,80,3992.0
POI_IND_9999_0x3be7bfcbbce1519d:0xdec2fd25f32d3211,weekday,154,5616.0
POI_IND_9999_0x3be7c14cfa4692ef:0x33ad28ebfd8233fd,weekend,68,1396.0
POI_IND_9999_0x3be7c9b5c5fd1f3b:0x18393cc90ffc197b,weekend,497,21177.0
POI_IND_9999_0x3be7a97181cd4e69:0x38cd28906c5be4b4,weekend,167,2331.0
POI_IND_9999_0x3be7a97181cd4e69:0x38cd28906c5be4b4,weekday,222,4577.0
POI_IND_9999_0x3be7b8b4e8e89e29:0x2e64ce29b2fa3e74,weekend,68,3497.0
POI_IND_9999_0x3be7bb58eff51113:0x38ff7b9fb397e030,weekend,137,2259.0
POI_IND_9999_0x3be7c73a866ecb37:0x566d78c582f44106,weekend,963,29337.0
POI_IND_9999_0x3be7c73a866ecb37:0x566d78c582f44106,weekday,2201,57605.0
POI_IND_9999_0x3be7b6f11f1fd7e1:0xf655123da322651,weekend,159,7129.0
POI_IND_9999_0x3be7b9206b2ea61f:0xffb2d93e84e20ddf,weekend,57,2696.0
POI_IND_9999_0x3be791014f04f4cb:0xdc74382259f0ddfb,weekend,14,570.0
POI_IND_9999_0x3be7932b3fd8b081:0x982cea8fa0b85b1,weekend,28,1625.0
POI_IND_9999_0x3be7b93c9ce2845f:0xa90822dcdae3aeee,weekday,123,5451.0
POI_IND_9999_0x3be79823b1b229c5:0xb24072e338229d16,weekend,2,101.0
POI_IND_9999_0x3be7b7cd3c1ca8fb:0x6908c5be489e608,weekday,80,2796.0
POI_IND_9999_0x3be7b63fd72de173:0xfa58aaf3beb2bff7,weekend,88,2889.0
POI_IND_9999_0x3be7c96f4976c4f5:0x68af6c21957690fc,weekend,103,1659.0
POI_IND_9999_0x3be7ce8af24717d9:0xae1b5b0526d83ff6,weekday,92,1163.0
POI_IND_9999_0x3be7c7c6ecc78977:0xa5b85e9f2731e5d1,weekday,24,1427.0
POI_IND_9999_0x3be7c87164fbb5e7:0x93705c0aa703d239,weekday,278,13244.0
POI_IND_9999_0x3be7c87164fbb5e7:0x93705c0aa703d239,weekend,152,7942.0
POI_IND_9999_0x3be7b8fbcc5dd3b3:0x8e587c139866507,weekend,200,8178.0
POI_IND_9999_0x3be7b124c3cabf01:0xe4e5bc1ed49dbfc7,weekend,34,1533.0
POI_IND_9999_0x3be7bd2591a2a921:0xed5776284fd16fcc,weekend,170,4116.0
POI_IND_9999_0x3be71f2e6a5be7c1:0xf925454b7c6221db,weekend,53,1001.0
POI_IND_9999_0x3be7ce11ff636d53:0x2d03392c149a3759,weekday,424,17179.0
POI_IND_9999_0x3be7b80060f2fa67:0x7981ebf961dd5da5,weekday,77,2476.0
POI_IND_9999_0x3be7b9396f739c77:0x50dadb0e5c58ca9c,weekday,165,8103.0
POI_IND_9999_0x3be7b9396f739c77:0x50dadb0e5c58ca9c,weekend,111,5021.0
POI_IND_9999_0x3be7bf007f8d792b:0x4ee9b0398f1d0d27,weekday,120,3915.0
POI_IND_9999_0x3be7bf007f8d792b:0x4ee9b0398f1d0d27,weekend,34,1981.0
POI_IND_9999_0x3be7c3dcc4f86099:0xe5719336eb61eaa1,weekend,80,2043.0
POI_IND_9999_0x3be7b10024d5fab9:0x44c75eaf40922863,weekday,1,1.0
POI_IND_9999_0x3be7c15c41f0e853:0x30e33fc0207c6238,weekday,165,4701.0
POI_IND_9999_0x3be7cf3ac99549f3:0xb757eaf23fea2b45,weekday,449,16740.0
POI_IND_9999_0x3be7cf3ac99549f3:0xb757eaf23fea2b45,weekend,170,5979.0
POI_IND_9999_0x3be7d1594d90c0eb:0x9293cfa6dccc988a,weekday,411,12170.0
POI_IND_9999_0x3be785e723f72aa3:0x38c15dc95381156a,weekend,41,881.0
POI_IND_9999_0x3be7bb2d0cfe7d4f:0x4d6dd9ab7b1f88a5,weekday,33,2003.0
POI_IND_9999_0x3be79414d6f32f3b:0xc1a9b011c44124fb,weekend,208,10540.0
POI_IND_9999_0x3be7c1a88cabb313:0x6cb03db4e5015162,weekday,44,1587.0
POI_IND_9999_0x3be7c9b6ce72e349:0xf9ce8b7f8f850492,weekend,39,1979.0
POI_IND_9999_0x3be7b7fda494a497:0xbcf59eaf1338c0f0,weekday,117,5723.0
POI_IND_9999_0x3be7b6049cb4817b:0x88a2047b95626ca7,weekend,18,771.0
POI_IND_9999_0x3be7b76e64ca2a4d:0x1fa04430291cba5e,weekday,72,4096.0
POI_IND_9999_0x3be7c6272704f723:0xbe15d7f153ba27bd,weekend,33,2368.0
POI_IND_9999_0x3be7b6f7ac3e0385:0x39781a61ee7abf5c,weekday,41,2276.0
POI_IND_9999_0x3be7b6f7ac3e0385:0x39781a61ee7abf5c,weekend,26,1625.0
POI_IND_9999_0x3be7c3b3878b9669:0x6ededadcdb5ff3f,weekend,35,795.0
POI_IND_9999_0x3be7c9b3f8b5e5e1:0x77575fa98360d30,weekday,841,31764.0
POI_IND_9999_0x3be7b70bf0660de9:0x1e1a9adc936f79bb,weekday,85,3104.0
POI_IND_9999_0x3be7c7fbcb82aa69:0x89f9638c5f5d2498,weekend,78,3415.0
POI_IND_9999_0x3be7c1318f6ee679:0xa76b3a61c672551e,weekday,41,219.0
POI_IND_9999_0x3be7c87c70e584bb:0x9f57cc814ecdde09,weekend,31,1033.0
POI_IND_9999_0x3be7b85da8f48a0b:0x5aaab5571a54918,weekend,39,2046.0
POI_IND_9999_0x3be7c90e373f495f:0x278650b72af736c1,weekday,77,3611.0
POI_IND_9999_0x3be7c97c13d1e693:0x314f1bab417e8c9b,weekend,417,17063.0
POI_IND_9999_0x3be7c909e9d4d267:0x1c035054ddb23d00,weekend,61,3011.0
POI_IND_9999_0x3be7b11d8d196d03:0x6301de6d77dde3ee,weekday,288,6719.0
POI_IND_9999_0x3be7c7f09fb05a17:0xe258893437690639,weekend,77,1477.0
POI_IND_9999_0x3be7ced629e15f11:0x5cf143b3f20db131,weekend,41,2078.0
POI_IND_9999_0x3be7b7ed0ec649e5:0x755db5916d8c4f8b,weekday,217,9023.0
POI_IND_9999_0x3be7b7ed0ec649e5:0x755db5916d8c4f8b,weekend,81,3395.0
POI_IND_9999_0x3be7c9cf7db1b385:0x2decfa02191963d9,weekend,61,2476.0
POI_IND_9999_0x3be7b1580fc7ec09:0x35aa1fa5649bec2d,weekend,251,9219.0
POI_IND_9999_0x3be7b13affffffff:0x972a9ded0ed54132,weekday,197,7806.0
POI_IND_9999_0x3be7953cc80009e3:0xe1d6be18473c972e,weekend,54,1302.0
POI_IND_9999_0x3be79592210269db:0xfaa41ea5e7a9c11,weekend,73,3623.0
POI_IND_9999_0x3be7c1141353f691:0x858a1b3b6ecd16c6,weekday,42,1323.0
POI_IND_9999_0x3be7c15d0f1c9a3d:0x2bff833b67cd3aba,weekday,130,1822.0
POI_IND_9999_0x3be7b935396b751b:0x243f8cdab1160e82,weekend,571,15628.0
POI_IND_9999_0x3be7b731132286c9:0xcd4219a5e0b205e4,weekday,1096,39236.0
POI_IND_9999_0x3be7b731132286c9:0xcd4219a5e0b205e4,weekend,527,19621.0
POI_IND_9999_0x3be7c9abbfcbd45d:0xf5182b03c86518b,weekday,128,4565.0
POI_IND_9999_0x3be7c8a0848f9843:0x282e125cbd66bbcf,weekend,31,862.0
POI_IND_9999_0x3be7c8a0848f9843:0x282e125cbd66bbcf,weekday,120,3330.0
POI_IND_9999_0x3be7c7cfaaaaaaab:0xe138828d3641dc06,weekday,491,11805.0
POI_IND_9999_0x3be7c7cfaaaaaaab:0xe138828d3641dc06,weekend,205,7248.0
POI_IND_9999_0x3be7c1cf9a04d89f:0xccb910f42b853b69,weekday,456,11020.0
POI_IND_9999_0x3be7b195ceaa684d:0xf26a84e4a99ccf38,weekend,23,694.0
POI_IND_9999_0x3be7b195ceaa684d:0xf26a84e4a99ccf38,weekday,33,1016.0
POI_IND_9999_0x3be7bf99bd3104ed:0x5a93f61e9a9166db,weekday,299,3274.0
POI_IND_9999_0x3be79581acac4c1f:0xb6d46fe97e7609a8,weekday,31,1065.0
POI_IND_9999_0x3be7cf9bd2965b37:0xb1b994ae3843a2f8,weekday,469,18260.0
POI_IND_9999_0x3be7cef38d80694d:0x6e701b3f3f2d9777,weekend,132,6130.0
POI_IND_9999_0x3be7cef38d80694d:0x6e701b3f3f2d9777,weekday,359,11862.0
POI_IND_9999_0x3be7c91d06b7297f:0xf9eda5e8b551704d,weekday,26,1002.0
POI_IND_9999_0x3be7c91d06b7297f:0xf9eda5e8b551704d,weekend,43,1480.0
POI_IND_9999_0x3be7c849d319e5a3:0x7173d7093a2c8b,weekday,156,2112.0
POI_IND_9999_0x3be7b7cdd3d111ab:0xd0f72bd3f67c8e44,weekday,50,2160.0
POI_IND_9999_0x3be7c9006d491371:0x582d2165770bf1f8,weekday,922,38414.0
POI_IND_9999_0x3be7c90012e53b09:0x198b5343e87f2bdd,weekday,22,839.0
POI_IND_9999_0x3be7cf23d904a86f:0xab9e76632020be85,weekday,785,24231.0
POI_IND_9999_0x3be7c30535fedfd3:0x7ab09fa4a87a24e0,weekend,11,283.0
POI_IND_9999_0x3be7cf11ef503517:0x677c4378765552a9,weekend,24,1098.0
POI_IND_9999_0x3be7d1000abb2203:0xa13594975a3cf854,weekend,230,10415.0
POI_IND_9999_0x3be7d1ef269603a9:0xdb819dad6a500149,weekend,40,1986.0
POI_IND_9999_0x3be71d652dccf067:0x7e1d71e17c9f586d,weekend,13,179.0
POI_IND_9999_0x3be7c1c7914f4915:0x9f5148010af6b13b,weekday,132,3115.0
POI_IND_9999_0x3be7959d5ed9c94f:0x6163469e5f523e66,weekend,23,577.0
POI_IND_9999_0x3be7bba396674b8b:0x8546eae0ee50532f,weekend,54,2891.0
POI_IND_9999_0x3be7c82bb3f96bdd:0x1dbf258b9124c1e5,weekday,237,12931.0
POI_IND_9999_0x3be7c9b89300ec5b:0xcfbb40f6827b0366,weekday,72,4548.0
POI_IND_9999_0x3be7c97f64cc09e1:0x4dc3b7b23830e400,weekday,775,24183.0
POI_IND_9999_0x3be7b8f95adc6309:0x9929fceea13f86e1,weekend,83,3060.0
POI_IND_9999_0x3be7b7aa9aab732b:0x2e7bd6bb4da52a7c,weekday,97,4219.0
POI_IND_9999_0x3be7c90670fb5329:0xc143fea0f720713a,weekend,6,302.0
POI_IND_9999_0x3be7c9171852cae5:0x52077a73b863fb8c,weekday,268,12019.0
POI_IND_9999_0x3be7c97a1a8a75d7:0xeaf1fe2b543c4a4a,weekday,575,22441.0
POI_IND_9999_0x3be7c97a1a8a75d7:0xeaf1fe2b543c4a4a,weekend,166,5093.0
POI_IND_9999_0x3be7c834b67dc485:0xbcd967e1ea68882,weekday,115,2900.0
POI_IND_9999_0x3be7bf4ca5555557:0x63f745203036ba66,weekday,1643,33683.0
POI_IND_9999_0x3be7c3acd6e998fb:0x3921bb9acc2a1e3c,weekday,202,3578.0
POI_IND_9999_0x3be7bba3e446c843:0x97d07c86b1a7c021,weekend,341,12052.0
POI_IND_9999_0x3be795b45de4d025:0x1b5a04a7f083cce4,weekday,138,3690.0
POI_IND_9999_0x3be795b635ffef5d:0xc3f89ef83243975a,weekday,70,2235.0
POI_IND_9999_0x3be7c9bdc1e4737f:0xcb8f2550ac24cca0,weekend,79,2796.0
POI_IND_9999_0x3be7c994d7e20789:0xbcd8b9c91da20da,weekend,104,3015.0
POI_IND_9999_0x3be7c7939b61de3d:0xbfcf53192dcb76f4,weekday,224,4480.0
POI_IND_9999_0x3be7c61fabd10ec9:0x192eaa9a161091ff,weekday,1024,26562.0
POI_IND_9999_0x3be7b76d0943b6d7:0xfb5ce8200d335fe7,weekday,54,2170.0
POI_IND_9999_0x3be7b76d0943b6d7:0xfb5ce8200d335fe7,weekend,31,1813.0
POI_IND_9999_0x3be7b7006227cd75:0x12672ea349983986,weekend,61,3108.0
POI_IND_9999_0x3be7b6448bbb4183:0x12a4e2c10bf2ac51,weekend,485,11715.0
POI_IND_9999_0x3be7c832386b42d5:0x6fd22191d3347b00,weekend,17,1064.0
POI_IND_9999_0x3be7c6283fd4a329:0x63e0802da5a9b42f,weekday,41,1555.0
POI_IND_9999_0x3be7c611b4251927:0xabc7129f0871fafe,weekday,84,3964.0
POI_IND_9999_0x3be7b7ca3b2e224d:0xabe67892f7218ee9,weekend,112,2500.0
POI_IND_9999_0x3be7b73676f0a9e5:0x747d462429eef295,weekday,36,1892.0
POI_IND_9999_0x3be7b9ebbdbf153d:0x97df5d78bc080f18,weekend,106,3986.0
POI_IND_9999_0x3be7c7a367935ec9:0x356f5edbd5768964,weekday,87,4630.0
POI_IND_9999_0x3be7c7c6191dd001:0x99abd79fb9a65461,weekday,138,5372.0
POI_IND_9999_0x3be7c7c6191dd001:0x99abd79fb9a65461,weekend,41,1222.0
POI_IND_9999_0x3be7c9d70feb50b9:0x4fb58f04952ed30,weekend,25,1521.0
POI_IND_9999_0x3be7c136b2c080cb:0x7bf61fedbf46d7be,weekend,84,1713.0
POI_IND_9999_0x3be7cf2d87e6a455:0x90422785635c150c,weekend,39,2495.0
POI_IND_9999_0x3be7bb3d14c3d26d:0x61bb21ac78f981fb,weekday,77,4105.0
POI_IND_9999_0x3be794433b97ac4b:0x74e7b504e2f2389d,weekday,226,10562.0
POI_IND_9999_0x3be7c31d42d0e829:0x2e6fa3b3164722f7,weekday,49,1261.0
POI_IND_9999_0x3be7c3beb0099967:0xfc9677dbd6ef83e3,weekend,12,482.0
POI_IND_9999_0x3be7c3dd598bf8fb:0xbaa26a7540c7b488,weekend,58,949.0
POI_IND_9999_0x3be7bf1e1a841a6b:0x3c0235dabfdcbfe,weekday,64,1041.0
POI_IND_9999_0x3be7b95e5b38f443:0xb68c064e692495c5,weekend,40,1364.0
POI_IND_9999_0x3be7e95e985cc519:0x170fb370542cbaec,weekend,49,742.0
POI_IND_9999_0x3be7e95e985cc519:0x170fb370542cbaec,weekday,90,1621.0
POI_IND_9999_0x3be7b046c96ee529:0xb66ba926f851a439,weekday,275,11665.0
POI_IND_9999_0x3be7b046c96ee529:0xb66ba926f851a439,weekend,80,3960.0
POI_IND_9999_0x3be7c146e8f5c213:0xd70d92c30209df79,weekend,80,1056.0
POI_IND_9999_0x3be7b119064f9941:0x9583b3f994716920,weekend,419,10944.0
POI_IND_9999_0x3be7b1ff781a72a5:0x9580fa104b378657,weekday,264,12985.0
POI_IND_9999_0x3be7c1e86763fa07:0x63282148f5af34b6,weekday,38,570.0
POI_IND_9999_0x3be7c3bed1110455:0x8ea1ac301043306,weekend,17,311.0
POI_IND_9999_0x3be7c9229da23671:0x654b1e33281739e9,weekend,39,2309.0
POI_IND_9999_0x3be7b13d23a47f17:0x9496bf7c12fca6e3,weekday,47,2321.0
POI_IND_9999_0x3be7b6237af8a8c3:0xb90419d4ebf72d56,weekend,192,4863.0
POI_IND_9999_0x3be7b7b69f942349:0xe9c691195d45c837,weekday,491,14077.0
POI_IND_9999_0x3be7b6eeb5e6f079:0x4c99a1a5a93ba4f7,weekend,218,5728.0
POI_IND_9999_0x3be7c95c8354142d:0x92af9234a913cac2,weekday,37,1408.0
POI_IND_9999_0x3be7c87d6e276f49:0x1798bb223c64bdee,weekend,107,2593.0
POI_IND_9999_0x3be7b910cc3dff6f:0x1b83dd9eb66c8cf0,weekday,97,5827.0
POI_IND_9999_0x3be7b0e6955490f7:0x5b5e22fb8dd0ef50,weekend,37,1724.0
POI_IND_9999_0x3be7c82d5d9c21f1:0x8d02432464ad1583,weekday,152,5331.0
POI_IND_9999_0x3be7b7c75c3db51d:0xca17a7e406e9c3d9,weekday,181,11008.0
POI_IND_9999_0x3be7c602adf39237:0x23eeb6439050eb26,weekend,408,15692.0
POI_IND_9999_0x3be7c8a936ddecc5:0x47d6039a8acbd79b,weekday,802,38284.0
POI_IND_9999_0x3be7c835ca54dbc3:0x3550a2d135083a46,weekend,82,2777.0
POI_IND_9999_0x3be7b12ba503a971:0x7f14d35ef51e62df,weekend,27,1002.0
POI_IND_9999_0x3be7c9f98af419c7:0x7a95ed5776018191,weekend,147,5307.0
POI_IND_9999_0x3be7c9c4b295cd61:0x951e2533b5cd6af5,weekday,115,7298.0
POI_IND_9999_0x3be7c3c3b04b8ff5:0xa6850acf9b62ab62,weekday,139,2439.0
POI_IND_9999_0x3be7bf4a27c798b3:0x462dcf0d3d70a074,weekday,16,298.0
POI_IND_9999_0x3be7bf4a27c798b3:0x462dcf0d3d70a074,weekend,11,181.0
POI_IND_9999_0x3be7dccb2874f96f:0xd63c113e080242c5,weekend,24,592.0
POI_IND_9999_0x3be7c99824616e79:0xa01db96507bcb46,weekday,292,7374.0
POI_IND_9999_0x3be7b9e318d181ed:0x704a020e04aa4c7c,weekday,102,5517.0
POI_IND_9999_0x3be7c9a5a0f1c3b5:0x5d6c0d9c814ae886,weekend,21,1235.0
POI_IND_9999_0x3be7958a9afd7507:0xda09a35d711b5958,weekday,150,2420.0
POI_IND_9999_0x3be7b9916ee18287:0x53cb1e35e1c062c1,weekday,248,11694.0
POI_IND_9999_0x3be7d1003712bd7f:0xed8874ea8af92970,weekday,1413,35824.0
POI_IND_9999_0x3be7b10f0603ff47:0x6a98b4f6a7703476,weekend,265,7503.0
POI_IND_9999_0x3be7c131690e632f:0x241ca27e98f6a17e,weekday,203,4654.0
POI_IND_9999_0x3be7c3173664abab:0xa194e0bb48549d0c,weekend,110,2904.0
POI_IND_9999_0x3be7d1c4c24ac8c3:0x11b977e760c16a4d,weekday,504,11910.0
POI_IND_9999_0x3be79451f0ee0111:0xa7fb4752a1825dd5,weekend,16,141.0
POI_IND_9999_0x3be7c326ecc0c4d9:0x5e543eb3e99f11de,weekday,626,3548.0
POI_IND_9999_0x3be7d120679f3af5:0xf891c891e8e6e5b,weekday,78,2412.0
POI_IND_9999_0x3be7d120679f3af5:0xf891c891e8e6e5b,weekend,17,857.0
POI_IND_9999_0x3be7c852830023b1:0x8e730e970d732319,weekday,44,1263.0
POI_IND_9999_0x3be7c994993d5555:0x139c126516d79367,weekday,103,3238.0
POI_IND_9999_0x3be7c95d6bc28651:0xba086868d7a13d14,weekend,31,1583.0
POI_IND_9999_0x3be7c7be6a130b4f:0x5002516c40af96b3,weekday,188,8498.0
POI_IND_9999_0x3be7b6ff31661971:0x1e2daf245ac43e84,weekend,28,1578.0
POI_IND_9999_0x3be7c745b0fc85a7:0xdcb498282e5ca045,weekend,75,1753.0
POI_IND_9999_0x3be7b6e51a5c72df:0x27de10eaaf24b1b1,weekend,51,1933.0
POI_IND_9999_0x3be7c9924b46f86d:0x4faa6851cacfe623,weekend,90,2209.0
POI_IND_9999_0x3be7b9397ae48f65:0x779f847d7cfef9d5,weekday,211,11622.0
POI_IND_9999_0x3be7b9397ae48f65:0x779f847d7cfef9d5,weekend,120,5490.0
POI_IND_9999_0x3be7c253b28c9f6d:0xeab440481e1c6cfa,weekday,41,1193.0
POI_IND_9999_0x3be7b23e59af398f:0x65ff16d7857d8894,weekday,32,1397.0
POI_IND_9999_0x3be7b8eed7183af1:0x916c66b244e2bb13,weekend,1262,32919.0
POI_IND_9999_0x3be7cf6f740ba1ed:0xad94ccfc35ab8616,weekday,149,6432.0
POI_IND_9999_0x3be7cf6a42eb035f:0xdac83b5d36b3f94c,weekday,1605,59583.0
POI_IND_9999_0x3be7d1dd5ef5d4b7:0xb6d62728620ec684,weekend,110,5373.0
POI_IND_9999_0x3be7c92b8878e667:0x8cb945c564df187,weekday,221,7010.0
POI_IND_9999_0x3be7ce240e79e523:0xe21df5b9df295b2f,weekend,160,6567.0
POI_IND_9999_0x3be7c78bea8a9d45:0x6c3a6a350b0848d4,weekend,77,4094.0
POI_IND_9999_0x3be7c908a0a494fb:0x2158c696d1deeed4,weekend,384,11102.0
POI_IND_9999_0x3be7b7e54419bcc1:0x86a95768af538853,weekday,32,1505.0
POI_IND_9999_0x3be7c85201f95023:0x12e89df34aa79e71,weekend,40,2092.0
POI_IND_9999_0x3be7c85201f95023:0x12e89df34aa79e71,weekday,154,6226.0
POI_IND_9999_0x3be7e8798d6cf5c9:0x9beb4c9b03ed5e07,weekend,69,2066.0
POI_IND_9999_0x3be7ced27051f6dd:0xdd2b10b52301aeee,weekend,53,2755.0
POI_IND_9999_0x3be7ced27051f6dd:0xdd2b10b52301aeee,weekday,160,8643.0
POI_IND_9999_0x3be7b03014acdcd7:0x7dca8a1b07ca3b96,weekday,60,3333.0
POI_IND_9999_0x3be7bb09ea2851b5:0x16c412f91c5c85d0,weekend,55,1942.0
POI_IND_9999_0x3be7b907b73e1509:0xc96074b720b1cbc7,weekend,241,8386.0
POI_IND_9999_0x3be7cf001600eb3f:0x2dc46339ef53096b,weekday,102,4732.0
POI_IND_9999_0x3be7ce13af978acf:0x8c4f61e8fa9c44da,weekday,414,9405.0
POI_IND_9999_0x3be7c78ae8723065:0xe333f0e830d7b98d,weekend,49,2811.0
POI_IND_9999_0x3be7b92397fd1d9b:0x85cb5e7e52758267,weekday,12,605.0
POI_IND_9999_0x3be7bbdfd73970ed:0x34d3144e442209a0,weekday,68,2397.0
POI_IND_9999_0x3be795bfa2711999:0xf1dc73e204657b67,weekday,172,852.0
POI_IND_9999_0x3be7954d86f131af:0x58de85a31d6c60e8,weekend,39,538.0
POI_IND_9999_0x3be7c173c016e81b:0x71ca15eefa089cb1,weekend,9,376.0
POI_IND_9999_0x3be7c920bc0ce0b3:0x4ca108fc4abc12dc,weekday,184,7422.0
POI_IND_9999_0x3be7c99e2b37df49:0x9b12d8308e4e3b10,weekday,51,2693.0
POI_IND_9999_0x3be7c99e2b37df49:0x9b12d8308e4e3b10,weekend,14,1118.0
POI_IND_9999_0x3be7b71c8853068b:0xc5e2e25ae3b9563a,weekday,234,6633.0
POI_IND_9999_0x3be7b86e222c8365:0x120594ba151916d5,weekday,69,4601.0
POI_IND_9999_0x3be7c956f626d055:0xef570a313fbfb9ac,weekday,160,6059.0
POI_IND_9999_0x3be7ce6ac79b143b:0x712b6526068e0764,weekday,242,6144.0
POI_IND_9999_0x3be7c8c9aaaaaaab:0x1bb62c4150224982,weekday,334,16816.0
POI_IND_9999_0x3be7c3e80aa49561:0xb5c19a5eff9b60b2,weekday,125,1876.0
POI_IND_9999_0x3be7c14e64c4d731:0x8cc91650541ee54,weekday,170,3559.0
POI_IND_9999_0x3be7c14e64c4d731:0x8cc91650541ee54,weekend,30,393.0
POI_IND_9999_0x3be7cf7221c49047:0xb2e109015b54698a,weekend,14,546.0
POI_IND_9999_0x3be7cf83d1a3c1b3:0x14f5a25e32fc6aba,weekend,251,8642.0
POI_IND_9999_0x3be7c0c5f6e44f33:0xb819b58d6a3a7a67,weekday,42,498.0
POI_IND_9999_0x3be79586b4c2adc7:0xc5073011c960c318,weekday,305,2625.0
POI_IND_9999_0x3be7b1003f7011c5:0x45164fd0624b8c05,weekend,14,675.0
POI_IND_9999_0x3be7bbd1d9edbb21:0xaa636d1359614032,weekday,63,1621.0
POI_IND_9999_0x3be7b9740787c779:0x7d51ece036ac2c2b,weekday,515,14715.0
POI_IND_9999_0x3be7c3ee997dc6e7:0xe46751ba956e4186,weekend,21,287.0
POI_IND_9999_0x3be7c3ee997dc6e7:0xe46751ba956e4186,weekday,57,1295.0
POI_IND_9999_0x3be71e57ebf89c3d:0x90bfaf104f6a3c9d,weekend,399,3815.0
POI_IND_9999_0x3be7d1e0b398291f:0x798f63a7f235139c,weekend,122,4304.0
POI_IND_9999_0x3be7c3dca4d06015:0x5786c7ccc88ab89c,weekend,25,760.0
POI_IND_9999_0x3be7c169ee010071:0x77eca38eceb0d6f5,weekday,78,1706.0
POI_IND_9999_0x3be7c97c29023901:0xe71b7ee37ac1ed43,weekend,31,1991.0
POI_IND_9999_0x3be7d1994f9000df:0xa11737cb8605223d,weekday,103,3912.0
POI_IND_9999_0x3be7bb80c6ebebd1:0xa41129daee945a08,weekday,11,628.0
POI_IND_9999_0x3be7b9b68fd4cd8b:0x25044a8667c5bf6b,weekday,104,3095.0
POI_IND_9999_0x3be7943bc9e81b0b:0xa0f42796a8da8f13,weekend,36,886.0
POI_IND_9999_0x3be7bd49afd65d71:0x94b56a9c76764b13,weekday,19,170.0
POI_IND_9999_0x3be7c92955eede4d:0xcac92a2664fc1b31,weekday,185,5296.0
POI_IND_9999_0x3be7c9b5c5fd1f3b:0x18393cc90ffc197b,weekday,1115,49763.0
POI_IND_9999_0x3be7c3e41bf5f75f:0x9feb3f86571f1302,weekday,29,869.0
POI_IND_9999_0x3be7d1d25f59499d:0x6a89b1178a56e13,weekday,319,10489.0
POI_IND_9999_0x3be7d1956fd83725:0xd565cbc2b1d8df1a,weekend,57,2550.0
POI_IND_9999_0x3be7d1956fd83725:0xd565cbc2b1d8df1a,weekday,167,7192.0
POI_IND_9999_0x3be7d1c165f702e3:0x5901986cafee237,weekday,97,5660.0
POI_IND_9999_0x3be7bb58eff51113:0x38ff7b9fb397e030,weekday,70,4557.0
POI_IND_9999_0x3be7b7783b33bcef:0x78601c998d77d384,weekday,725,19916.0
POI_IND_9999_0x3be7c82d7d330aa5:0x93ef74873ce6d907,weekday,479,17338.0
POI_IND_9999_0x3be7b7002d2f7fdd:0x2c369b50cde8dc58,weekend,253,6922.0
POI_IND_9999_0x3be7b7731f1bb147:0xffe007eca70c0d10,weekday,120,5256.0
POI_IND_9999_0x3be791014f04f4cb:0xdc74382259f0ddfb,weekday,33,841.0
POI_IND_9999_0x3be7b91c3a774ccb:0x3e3317a1cac10327,weekend,161,4466.0
POI_IND_9999_0x3be7932b3fd8b081:0x982cea8fa0b85b1,weekday,57,1446.0
POI_IND_9999_0x3be7be9632692161:0xd00cca35b2df2d6a,weekend,57,1351.0
POI_IND_9999_0x3be7b93c9ce2845f:0xa90822dcdae3aeee,weekend,52,2978.0
POI_IND_9999_0x3be79823b1b229c5:0xb24072e338229d16,weekday,14,704.0
POI_IND_9999_0x3be7b0e05e0cb687:0xa07ca668e7475b1f,weekday,28,724.0
POI_IND_9999_0x3be7c953675a5d2d:0x9ce57434212fc604,weekend,63,2813.0
POI_IND_9999_0x3be7c953675a5d2d:0x9ce57434212fc604,weekday,77,3244.0
POI_IND_9999_0x3be7cfb304908a53:0xf990d57a2aa50fab,weekday,405,11032.0
POI_IND_9999_0x3be7af8e886992bb:0x54d2bf766b462a83,weekday,69,1137.0
POI_IND_9999_0x3be7b6bd98dfd361:0x1860b4dc2e3394d8,weekday,55,1158.0
POI_IND_9999_0x3be7c9748d3eb87d:0x5e1a8463640f3aa6,weekday,90,3676.0
POI_IND_9999_0x3be7b11e3398596b:0x207b377cde447634,weekend,29,1455.0
POI_IND_9999_0x3be7ce1837b2403b:0xf272b67167648c56,weekday,279,5078.0
POI_IND_9999_0x3be7c7c6ecc78977:0xa5b85e9f2731e5d1,weekend,14,714.0
POI_IND_9999_0x3be7b8fbcc5dd3b3:0x8e587c139866507,weekday,444,20480.0
POI_IND_9999_0x3be7b124c3cabf01:0xe4e5bc1ed49dbfc7,weekday,85,4704.0
POI_IND_9999_0x3be79502251cce0b:0x96cb14fe293e6b84,weekday,248,8668.0
POI_IND_9999_0x3be7c9d366414d5d:0xf4e57cf5fbba1f89,weekend,38,1483.0
POI_IND_9999_0x3be7c1f4c9307f59:0x27ce37dba5408d4c,weekday,317,4975.0
POI_IND_9999_0x3be785e723f72aa3:0x38c15dc95381156a,weekday,89,2839.0
POI_IND_9999_0x3be7b76e64ca2a4d:0x1fa04430291cba5e,weekend,32,1764.0
POI_IND_9999_0x3be7b70016edf539:0xb5a421d2c1e5c7d8,weekend,838,26337.0
POI_IND_9999_0x3be7c6272704f723:0xbe15d7f153ba27bd,weekday,89,4167.0
POI_IND_9999_0x3be7c93914e07f6b:0xc287224df40e5cf6,weekday,142,2363.0
POI_IND_9999_0x3be7c93914e07f6b:0xc287224df40e5cf6,weekend,47,857.0
POI_IND_9999_0x3be7b045b503ff63:0x69e4e028b0000000,weekday,66,1132.0
POI_IND_9999_0x3be7b92fd54e23cd:0x5ff0379b338db057,weekday,124,4282.0
POI_IND_9999_0x3be7b6f120bd65ef:0x1f1f1cae37ff91c8,weekend,203,6586.0
POI_IND_9999_0x3be7b0e06708b8c7:0xfa7e6b2d66efb426,weekday,922,25247.0
POI_IND_9999_0x3be7b9764ccd6bd5:0xfaab1634c31996c,weekday,44,2125.0
POI_IND_9999_0x3be7b9764ccd6bd5:0xfaab1634c31996c,weekend,30,976.0
POI_IND_9999_0x3be7b638f641b6bf:0x2e208a3eba2a19a7,weekday,134,3710.0
POI_IND_9999_0x3be7c7fbcb82aa69:0x89f9638c5f5d2498,weekday,258,10156.0
POI_IND_9999_0x3be7b85fdeccd827:0xabe216e2319f7e99,weekday,1605,52439.0
POI_IND_9999_0x3be7b3479e87c997:0x99224bf73730f563,weekend,34,633.0
POI_IND_9999_0x3be7b3479e87c997:0x99224bf73730f563,weekday,43,762.0
POI_IND_9999_0x3be7c90e373f495f:0x278650b72af736c1,weekend,20,1108.0
POI_IND_9999_0x3be7c887f75f975d:0x51e4f55b766383bc,weekday,334,7829.0
POI_IND_9999_0x3be7b7895b775889:0x1651c2b9d314ace,weekend,20,1081.0
POI_IND_9999_0x3be7b7895b775889:0x1651c2b9d314ace,weekday,47,1601.0
POI_IND_9999_0x3be7b749b5d7d5d1:0x6cb9f769976f8426,weekday,27,1781.0
POI_IND_9999_0x3be7c9a99b81772d:0xa07b2428e500dd8e,weekend,72,3552.0
POI_IND_9999_0x3be7c941b4afca5b:0xd730d9b9722622cb,weekday,41,1071.0
POI_IND_9999_0x3be7b11d8d196d03:0x6301de6d77dde3ee,weekend,169,4176.0
POI_IND_9999_0x3be7c7f09fb05a17:0xe258893437690639,weekday,348,6645.0
POI_IND_9999_0x3be7b79c41d57323:0x8ff68c2e0abd5314,weekday,87,4064.0
POI_IND_9999_0x3be7ced629e15f11:0x5cf143b3f20db131,weekday,109,4524.0
POI_IND_9999_0x3be7c9cf7db1b385:0x2decfa02191963d9,weekday,119,5052.0
POI_IND_9999_0x3be7c74c28d17af5:0x466b256c1addd746,weekday,57,2675.0
POI_IND_9999_0x3be7b1580fc7ec09:0x35aa1fa5649bec2d,weekday,421,17059.0
POI_IND_9999_0x3be7c9103beb716f:0x26b9ea876aaeed4d,weekend,38,2070.0
POI_IND_9999_0x3be7c9c4ebc70c7d:0xb2c9c473630321cf,weekday,52,3174.0
POI_IND_9999_0x3be7c9c4ebc70c7d:0xb2c9c473630321cf,weekend,23,1348.0
POI_IND_9999_0x3be7c80e022ed17d:0xc31de4c48c4b453a,weekend,21,1062.0
POI_IND_9999_0x3be7c83263614715:0x5fef63353e20e47c,weekday,440,17536.0
POI_IND_9999_0x3be7c38c17f6620b:0xb62651931c17c85e,weekend,33,362.0
POI_IND_9999_0x3be7c814f7c69ea9:0xdc4fa2e463be417,weekend,33,1960.0
POI_IND_9999_0x3be7b13affffffff:0x972a9ded0ed54132,weekend,50,2260.0
POI_IND_9999_0x3be7953cc80009e3:0xe1d6be18473c972e,weekday,172,4161.0
POI_IND_9999_0x3be794eac0756647:0xcba19f6224727641,weekend,7,504.0
POI_IND_9999_0x3be794eac0756647:0xcba19f6224727641,weekday,10,469.0
POI_IND_9999_0x3be7bba50e85faf7:0x1f351d678ce769d8,weekend,47,1737.0
POI_IND_9999_0x3be7bba50e85faf7:0x1f351d678ce769d8,weekday,53,1617.0
POI_IND_9999_0x3be7bda908a74cd9:0xc03645c2acec0bde,weekend,5,206.0
POI_IND_9999_0x3be7bda908a74cd9:0xc03645c2acec0bde,weekday,10,346.0
POI_IND_9999_0x3be7958576d83d0b:0x7ecfcacfa682e32e,weekday,304,2322.0
POI_IND_9999_0x3be7958576d83d0b:0x7ecfcacfa682e32e,weekend,133,1070.0
POI_IND_9999_0x3be7b9025d083143:0xaf0248ff94b34206,weekday,1010,39233.0
POI_IND_9999_0x3be7c15d0f1c9a3d:0x2bff833b67cd3aba,weekend,26,217.0
POI_IND_9999_0x3be7c3afaf0b2ccf:0xa3bb23df83757d6a,weekend,29,752.0
POI_IND_9999_0x3be7c3afaf0b2ccf:0xa3bb23df83757d6a,weekday,159,2859.0
POI_IND_9999_0x3be7c9abbfcbd45d:0xf5182b03c86518b,weekend,15,1023.0
POI_IND_9999_0x3be7d1c137810ea3:0x21384737f2ec91e2,weekday,949,30150.0
POI_IND_9999_0x3be793cea9c0b4b9:0x6decceaa41f2c327,weekend,40,2281.0
POI_IND_9999_0x3be7b95e233c7c75:0x2e34f5b136b7eff9,weekend,75,4103.0
POI_IND_9999_0x3be7972d87d7cb91:0xe6c5bae1da157146,weekday,137,2765.0
POI_IND_9999_0x3be79581acac4c1f:0xb6d46fe97e7609a8,weekend,14,598.0
POI_IND_9999_0x3be7bbd334fcb0ad:0x7ede4b273700fcfe,weekday,27,1268.0
POI_IND_9999_0x3be7ce94aef6cb1f:0x6c3424e07ab6a91e,weekend,143,5512.0
POI_IND_9999_0x3be7ce732186fa03:0x777d54959977c9e7,weekend,33,1478.0
POI_IND_9999_0x3be7ce57c288e8f5:0x1124d5ee572edbb0,weekday,196,5385.0
POI_IND_9999_0x3be7ce57c288e8f5:0x1124d5ee572edbb0,weekend,53,1789.0
POI_IND_9999_0x3be7cef021ea40b7:0x35cabdf264de6026,weekday,241,9846.0
POI_IND_9999_0x3be7c9006d491371:0x582d2165770bf1f8,weekend,417,17063.0
POI_IND_9999_0x3be7cf23d904a86f:0xab9e76632020be85,weekend,428,13468.0
POI_IND_9999_0x3be7c3804b6fbd6d:0x81cabe3f7442cfdc,weekend,29,374.0
POI_IND_9999_0x3be7c30535fedfd3:0x7ab09fa4a87a24e0,weekday,40,654.0
POI_IND_9999_0x3be7cf11ef503517:0x677c4378765552a9,weekday,67,3429.0
POI_IND_9999_0x3be7ce1e68ed4d6d:0xedeba9733f92e5e2,weekday,46,2128.0
POI_IND_9999_0x3be7ce1e68ed4d6d:0xedeba9733f92e5e2,weekend,34,1293.0
POI_IND_9999_0x3be7c1c7914f4915:0x9f5148010af6b13b,weekend,62,1798.0
POI_IND_9999_0x3be7c82bb3f96bdd:0x1dbf258b9124c1e5,weekend,80,4474.0
POI_IND_9999_0x3be7c9b89300ec5b:0xcfbb40f6827b0366,weekend,24,1534.0
POI_IND_9999_0x3be7c9ab494d99f9:0xe187202a2d951274,weekday,483,5323.0
POI_IND_9999_0x3be7c97460593921:0xe2c24e7cb355862a,weekend,83,3822.0
POI_IND_9999_0x3be7b8fbd6999cff:0x16ca2ed827841339,weekday,290,10497.0
POI_IND_9999_0x3be7b8fbd6999cff:0x16ca2ed827841339,weekend,97,3976.0
POI_IND_9999_0x3be7b938d112601d:0x4de847b690501268,weekend,27,1503.0
POI_IND_9999_0x3be7b8f95adc6309:0x9929fceea13f86e1,weekday,175,8484.0
POI_IND_9999_0x3be7c9d3cc0aa281:0x4a4121f9948753b5,weekend,29,871.0
POI_IND_9999_0x3be7b7aa9aab732b:0x2e7bd6bb4da52a7c,weekend,57,3196.0
POI_IND_9999_0x3be7c62e0ba492b9:0xf4867dc13fb23793,weekday,515,19122.0
POI_IND_9999_0x3be7b6df5e8b9237:0xc58754e5e987be93,weekday,33,1985.0
POI_IND_9999_0x3be7b6df5e8b9237:0xc58754e5e987be93,weekend,19,552.0
POI_IND_9999_0x3be791c7751adfeb:0x6883c00b2fa8bf56,weekday,65,1251.0
POI_IND_9999_0x3be791a78d1075d7:0x9300d65b326b8bbd,weekday,1,67.0
POI_IND_9999_0x3be7c3acd6e998fb:0x3921bb9acc2a1e3c,weekend,72,927.0
POI_IND_9999_0x3be7bba3e446c843:0x97d07c86b1a7c021,weekday,664,23542.0
POI_IND_9999_0x3be7c13b29e80425:0x4728e43e3396f7ef,weekend,49,950.0
POI_IND_9999_0x3be7b90b1a6f2d0f:0xc1315189c9295382,weekday,68,2761.0
POI_IND_9999_0x3be7b1005de9d0ab:0xd55a8304f9f87df4,weekday,673,26299.0
POI_IND_9999_0x3be7b7006227cd75:0x12672ea349983986,weekday,251,7897.0
POI_IND_9999_0x3be7c6283fd4a329:0x63e0802da5a9b42f,weekend,22,507.0
POI_IND_9999_0x3be7c9f34da49d31:0x20c147f8b3caba19,weekend,43,1256.0
POI_IND_9999_0x3be7a980d611ef5f:0xbcbf1abab8043f9c,weekday,131,2192.0
POI_IND_9999_0x3be7c7f276bcf02d:0xa1548a649ba7f2b3,weekday,593,18463.0
POI_IND_9999_0x3be7c9a9c5d6b84d:0x50211bba103c4c00,weekday,46,1780.0
POI_IND_9999_0x3be796e5843bb543:0xcfa2817dc7b71c56,weekday,3,102.0
POI_IND_9999_0x3be7bb3d14c3d26d:0x61bb21ac78f981fb,weekend,34,1857.0
POI_IND_9999_0x3be7c31d42d0e829:0x2e6fa3b3164722f7,weekend,20,706.0
POI_IND_9999_0x3be79721db0c9f9b:0xfa671d11ec120548,weekend,48,1161.0
POI_IND_9999_0x3be7e867dba39597:0x2ecd17abd0615f1a,weekend,174,2076.0
POI_IND_9999_0x3be7d1d981951fe7:0xcacbde10af0db255,weekday,434,8380.0
POI_IND_9999_0x3be7d1d981951fe7:0xcacbde10af0db255,weekend,194,2949.0
POI_IND_9999_0x3be7c146e8f5c213:0xd70d92c30209df79,weekday,239,3603.0
POI_IND_9999_0x3be7c1e86763fa07:0x63282148f5af34b6,weekend,21,569.0
POI_IND_9999_0x3be7ab692bc5e96b:0x4c3263e61434233d,weekend,2,64.0
POI_IND_9999_0x3be7c9229da23671:0x654b1e33281739e9,weekday,380,6629.0
POI_IND_9999_0x3be7b6237af8a8c3:0xb90419d4ebf72d56,weekday,481,12528.0
POI_IND_9999_0x3be7c90002bfeab3:0xd99c6eae5bf2e29b,weekend,165,6467.0
POI_IND_9999_0x3be7b97e6f6bcea7:0x183ac05a58d7cf02,weekday,194,7669.0
POI_IND_9999_0x3be7c7cdeb4ed99f:0xf4882e58b42b51fa,weekday,580,21134.0
POI_IND_9999_0x3be7c7cdeb4ed99f:0xf4882e58b42b51fa,weekend,251,8113.0
POI_IND_9999_0x3be7ce43584e1e2f:0xd549ad3e2248487,weekday,82,3633.0
POI_IND_9999_0x3be7b0e6955490f7:0x5b5e22fb8dd0ef50,weekday,49,2691.0
POI_IND_9999_0x3be7b1764bc6949f:0x277004c2bf665b5f,weekday,309,16796.0
POI_IND_9999_0x3be7b7c75c3db51d:0xca17a7e406e9c3d9,weekend,90,4854.0
POI_IND_9999_0x3be7c9e1f31bc755:0x4ea4362942ce50e3,weekday,12,642.0
POI_IND_9999_0x3be7c9e1f31bc755:0x4ea4362942ce50e3,weekend,18,740.0
POI_IND_9999_0x3be7c9a022029873:0x4d8b8600cbb4ddb2,weekday,25,599.0
POI_IND_9999_0x3be7c620a0d29437:0x4a02392635008546,weekend,92,2862.0
POI_IND_9999_0x3be7c620a0d29437:0x4a02392635008546,weekday,183,4830.0
POI_IND_9999_0x3be7c94067acddff:0x4c222cb57961bd6d,weekday,97,3500.0
POI_IND_9999_0x3be7c835ca54dbc3:0x3550a2d135083a46,weekday,214,7422.0
POI_IND_9999_0x3be7b12ba503a971:0x7f14d35ef51e62df,weekday,53,2500.0
POI_IND_9999_0x3be7c9f98af419c7:0x7a95ed5776018191,weekday,236,10445.0
POI_IND_9999_0x3be7b6e8d69845cb:0x9837399643369e66,weekend,32,1604.0
POI_IND_9999_0x3be7c842bab4e71f:0x3f43a5b564965e6,weekend,6,293.0
POI_IND_9999_0x3be7b0eceba54341:0x24922b6434ffc263,weekend,478,16631.0
POI_IND_9999_0x3be7b73a11b5c883:0x3972cb010a65ec29,weekday,196,4362.0
POI_IND_9999_0x3be7b73a11b5c883:0x3972cb010a65ec29,weekend,115,2568.0
POI_IND_9999_0x3be7c99454009a2b:0xa311598954cb2ff9,weekend,106,3506.0
POI_IND_9999_0x3be7b71d251920a3:0xd19dd9cadb4089ca,weekday,97,2709.0
POI_IND_9999_0x3be7c9654c65e3d1:0x44243010eaee1af7,weekend,14,569.0
POI_IND_9999_0x3be7c9a5a0f1c3b5:0x5d6c0d9c814ae886,weekday,69,3493.0
POI_IND_9999_0x3be7958a9afd7507:0xda09a35d711b5958,weekend,79,954.0
POI_IND_9999_0x3be7b9916ee18287:0x53cb1e35e1c062c1,weekend,96,4367.0
POI_IND_9999_0x3be7b9cad8998ee1:0xe9aed6352cdffd7b,weekend,3,131.0
POI_IND_9999_0x3be7d1003712bd7f:0xed8874ea8af92970,weekend,390,8165.0
POI_IND_9999_0x3be7940368d88fcb:0x65c865ec017b5a20,weekday,865,28303.0
POI_IND_9999_0x3be7c3368bec43d1:0xcf976c7bfb7442ef,weekend,7,486.0
POI_IND_9999_0x3be7c131690e632f:0x241ca27e98f6a17e,weekend,97,1994.0
POI_IND_9999_0x3be7bc3d9b96d541:0x1bf3da3a9b26389b,weekend,154,3574.0
POI_IND_9999_0x3be7cecd6ca83131:0xb7179138ec9c4e7f,weekend,75,2172.0
POI_IND_9999_0x3be7ceecd68df409:0xe893108f5be12ef5,weekday,190,8883.0
POI_IND_9999_0x3be7b750bbcdefbb:0xed70f6232f2c4aaa,weekday,169,6061.0
POI_IND_9999_0x3be7b750bbcdefbb:0xed70f6232f2c4aaa,weekend,49,1930.0
POI_IND_9999_0x3be7c90043eff459:0xe3d0656e5813180f,weekday,125,4535.0
POI_IND_9999_0x3be7c994993d5555:0x139c126516d79367,weekend,70,2806.0
POI_IND_9999_0x3be7c9b150a7ce7b:0xac43f7399a8497fb,weekday,247,11100.0
POI_IND_9999_0x3be7c9b150a7ce7b:0xac43f7399a8497fb,weekend,125,5120.0
POI_IND_9999_0x3be7c745b0fc85a7:0xdcb498282e5ca045,weekday,117,4223.0
POI_IND_9999_0x3be7c9702115ae93:0x358f35bea2f5b2e9,weekday,502,12855.0
POI_IND_9999_0x3be7c9702115ae93:0x358f35bea2f5b2e9,weekend,288,5349.0
POI_IND_9999_0x3be7b7ea98569465:0x715fde6d5c668d9c,weekend,513,18570.0
POI_IND_9999_0x3be7b7ea98569465:0x715fde6d5c668d9c,weekday,1120,47871.0
POI_IND_9999_0x3be795289cdcaaf3:0x61d04ddca34a76d,weekday,96,1516.0
POI_IND_9999_0x3be7b23e59af398f:0x65ff16d7857d8894,weekend,15,704.0
POI_IND_9999_0x3be7cf6f740ba1ed:0xad94ccfc35ab8616,weekend,38,2115.0
POI_IND_9999_0x3be7ce40a68568dd:0x75a63c164c4e209d,weekend,149,5285.0
POI_IND_9999_0x3be7cf67d30ec5b9:0x67b922c7076a4b41,weekday,74,2524.0
POI_IND_9999_0x3be7c9264e1fb17b:0x80d559a1e0d246bd,weekday,48,2256.0
POI_IND_9999_0x3be7c8fe202a2443:0x6ee359458d28ed34,weekend,9,401.0
POI_IND_9999_0x3be7b7e54419bcc1:0x86a95768af538853,weekend,29,1160.0
POI_IND_9999_0x3be7b794220c12d3:0x6413e852d7ea5618,weekend,321,7350.0
POI_IND_9999_0x3be7e8798d6cf5c9:0x9beb4c9b03ed5e07,weekday,198,4602.0
POI_IND_9999_0x3be7d1c0e1f70c81:0xa4af0ea659cee664,weekday,98,5368.0
POI_IND_9999_0x3be79508206a6247:0x5a897eedb6a4c5ba,weekend,36,1826.0
POI_IND_9999_0x3be7c14408ceb981:0x1ce32a44c24e0092,weekday,79,1418.0
POI_IND_9999_0x3be7af7899b53623:0xecb3b7b5677b328f,weekday,38,2097.0
POI_IND_9999_0x3be7c7006fffd497:0x19cbd94a1ce08dd,weekend,25,1023.0
POI_IND_9999_0x3be7c7006fffd497:0x19cbd94a1ce08dd,weekday,90,3126.0
POI_IND_9999_0x3be7b7338b892e13:0xe062ce65fb6eb55d,weekday,12,660.0
POI_IND_9999_0x3be7c7e450c9d06b:0x85b18d2fd99c270,weekday,57,3089.0
POI_IND_9999_0x3be7c78ae8723065:0xe333f0e830d7b98d,weekday,118,5604.0
POI_IND_9999_0x3be7b92272021c5f:0x9dbaeb1280fa4d18,weekday,249,8539.0
POI_IND_9999_0x3be7b92272021c5f:0x9dbaeb1280fa4d18,weekend,128,5216.0
POI_IND_9999_0x3be7bbe3cd9a736f:0xe6d96fb558053e98,weekday,303,12808.0
POI_IND_9999_0x3be7954d86f131af:0x58de85a31d6c60e8,weekday,99,1354.0
POI_IND_9999_0x3be7b3005d6bdb01:0xdd30152500a1278f,weekend,21,615.0
POI_IND_9999_0x3be7b952dc98a1dd:0x565ccf04e37afd67,weekday,72,2594.0
POI_IND_9999_0x3be7b952dc98a1dd:0x565ccf04e37afd67,weekend,30,1327.0
POI_IND_9999_0x3be7b86e222c8365:0x120594ba151916d5,weekend,40,2213.0
POI_IND_9999_0x3be7c90abf04af83:0xc4c627f1157758,weekday,145,2694.0
POI_IND_9999_0x3be7c90abf04af83:0xc4c627f1157758,weekend,91,1728.0
POI_IND_9999_0x3be7cfc4f8606e05:0xc5e9c8475139055a,weekend,275,6512.0
POI_IND_9999_0x3be7c8c9aaaaaaab:0x1bb62c4150224982,weekend,236,8603.0
POI_IND_9999_0x3be7c9330506d981:0x7761d788f2c74ea2,weekday,149,7597.0
POI_IND_9999_0x3be7c9330506d981:0x7761d788f2c74ea2,weekend,51,2730.0
POI_IND_9999_0x3be7b92ccc2fb263:0x7c2fbb1e22dc49c8,weekday,235,8232.0
POI_IND_9999_0x3be7b0681ba0219b:0x19102850e17107d6,weekend,106,5344.0
POI_IND_9999_0x3be7c34f66ca1c51:0xc0be2527b9a6fb85,weekend,51,752.0
POI_IND_9999_0x3be7cf7221c49047:0xb2e109015b54698a,weekday,30,1579.0
POI_IND_9999_0x3be7cf83d1a3c1b3:0x14f5a25e32fc6aba,weekday,620,20811.0
POI_IND_9999_0x3be7cfdb6d93308d:0xd86cdfcd52b521a4,weekend,182,8112.0
POI_IND_9999_0x3be7c0c5f6e44f33:0xb819b58d6a3a7a67,weekend,27,319.0
POI_IND_9999_0x3be797007e0576f1:0x7023c18dcebb5267,weekday,1492,18186.0
POI_IND_9999_0x3be7944a78256393:0x25ac6a8df881d6cd,weekday,405,4788.0
POI_IND_9999_0x3be71d0015a9d893:0x512f3ff7fa6764de,weekday,66,515.0
POI_IND_9999_0x3be71d0015a9d893:0x512f3ff7fa6764de,weekend,38,304.0
POI_IND_9999_0x3be7d1e0b398291f:0x798f63a7f235139c,weekday,268,9714.0
POI_IND_9999_0x3be7c169ee010071:0x77eca38eceb0d6f5,weekend,30,601.0
POI_IND_9999_0x3be7bd7769905965:0x52b5fca4317ee0dd,weekday,388,8934.0
POI_IND_9999_0x3be795006a2aaf55:0x4b58a10be7271900,weekday,157,1268.0
POI_IND_9999_0x3be795006a2aaf55:0x4b58a10be7271900,weekend,106,722.0
POI_IND_9999_0x3be7af256a82633f:0xe03d3136d96e4007,weekend,2129,92848.0
POI_IND_9999_0x3be7c9d574261499:0x1a622b9325d947e2,weekday,25,789.0
POI_IND_9999_0x3be7c97c29023901:0xe71b7ee37ac1ed43,weekday,100,5527.0
POI_IND_9999_0x3be7c7d8aee076e9:0xc54fbd3ff364801c,weekend,56,2718.0
POI_IND_9999_0x3be7c676d68cac05:0x626ece517e361ff5,weekend,349,9751.0
POI_IND_9999_0x3be7ce932dbddb97:0xa5a72b3a708e66f8,weekday,74,4498.0
POI_IND_9999_0x3be7b99f687f0577:0x80c4869bb1c9449b,weekend,43,1785.0
POI_IND_9999_0x3be7b13554489a77:0x7694f81631cf756a,weekday,45,2025.0
POI_IND_9999_0x3be7c92955eede4d:0xcac92a2664fc1b31,weekend,72,3165.0
POI_IND_9999_0x3be7c3e41bf5f75f:0x9feb3f86571f1302,weekend,15,275.0
POI_IND_9999_0x3bae16773e7dc413:0x46098eee49dc03f2,weekend,78,1824.0
POI_IND_9999_0x3be7bf17cf08ad3b:0x13f8e35e2b2a0d36,weekend,5,42.0
POI_IND_9999_0x3be7c1205f3da1ed:0xc090177f38a1296c,weekday,39,677.0
POI_IND_9999_0x3be7b8b4e8e89e29:0x2e64ce29b2fa3e74,weekday,187,9830.0
POI_IND_9999_0x3be7c3a9bcd5387f:0x8e6f9d8d287d49dc,weekday,240,4535.0
POI_IND_9999_0x3be7c3a9bcd5387f:0x8e6f9d8d287d49dc,weekend,63,1322.0
POI_IND_9999_0x3be7b7002d2f7fdd:0x2c369b50cde8dc58,weekday,483,15104.0
POI_IND_9999_0x3be797ae9b5ac26d:0x56cc90624413fb98,weekend,16,499.0
POI_IND_9999_0x3be7b91c3a774ccb:0x3e3317a1cac10327,weekday,378,11555.0
POI_IND_9999_0x3be795000cc20cb9:0x360c77ee33c5f3fb,weekday,126,5997.0
POI_IND_9999_0x3be795000cc20cb9:0x360c77ee33c5f3fb,weekend,43,2214.0
POI_IND_9999_0x3be7af79a4885eff:0x7ec799fb3e2d7b44,weekday,529,13777.0
POI_IND_9999_0x3be7af79a4885eff:0x7ec799fb3e2d7b44,weekend,299,7688.0
POI_IND_9999_0x3be7cfb304908a53:0xf990d57a2aa50fab,weekend,160,4042.0
POI_IND_9999_0x3be7b11e3398596b:0x207b377cde447634,weekday,43,2039.0
POI_IND_9999_0x3be79502251cce0b:0x96cb14fe293e6b84,weekend,133,6370.0
POI_IND_9999_0x3be7ce11ff636d53:0x2d03392c149a3759,weekend,266,10105.0
POI_IND_9999_0x3be7ce8fb09e4355:0x37c7f4de8506d6dd,weekday,534,17011.0
POI_IND_9999_0x3be7ce8fb09e4355:0x37c7f4de8506d6dd,weekend,216,7901.0
POI_IND_9999_0x3be7cfb2b2cecf1d:0x2e38ae8a46314d57,weekend,372,20780.0
POI_IND_9999_0x3be7d10046e4fbcb:0xf2053438f8c73ea5,weekend,140,5139.0
POI_IND_9999_0x3be7c9290c2cc021:0xa6ac362d8d5a0211,weekend,88,2102.0
POI_IND_9999_0x3be7ce8c350898ed:0x664c7200a24a00a9,weekend,23,899.0
POI_IND_9999_0x3be7b80060f2fa67:0x7981ebf961dd5da5,weekend,38,2228.0
POI_IND_9999_0x3be7c9d366414d5d:0xf4e57cf5fbba1f89,weekday,69,2433.0
POI_IND_9999_0x3be7b10060e82695:0x4b5ebd041ff7190f,weekend,228,3788.0
POI_IND_9999_0x3be7cf2b056971dd:0x17970f504574fd63,weekend,19,1205.0
POI_IND_9999_0x3be7bb2d0cfe7d4f:0x4d6dd9ab7b1f88a5,weekend,16,689.0
POI_IND_9999_0x3be79414d6f32f3b:0xc1a9b011c44124fb,weekday,397,18961.0
POI_IND_9999_0x3be7b6f6a0ff064b:0x68d79cdaf27e77e8,weekend,9,558.0
POI_IND_9999_0x3be7c9ea43970135:0xd3df0da63634b3ce,weekday,109,6085.0
POI_IND_9999_0x3be7b866f03f7c3d:0x86d7cadff7cc571e,weekend,67,2302.0
POI_IND_9999_0x3be7b866f03f7c3d:0x86d7cadff7cc571e,weekday,97,4128.0
POI_IND_9999_0x3be7b720129c8f8d:0x47fc5ca1fc20c7a7,weekday,64,2575.0
POI_IND_9999_0x3be7b720129c8f8d:0x47fc5ca1fc20c7a7,weekend,26,1206.0
POI_IND_9999_0x3be7c9b3f8b5e5e1:0x77575fa98360d30,weekend,409,12219.0
POI_IND_9999_0x3be7b6f120bd65ef:0x1f1f1cae37ff91c8,weekday,442,13581.0
POI_IND_9999_0x3be7b621132f5e5d:0x88e4fb7b38b752fd,weekend,357,12381.0
POI_IND_9999_0x3be7b0e06708b8c7:0xfa7e6b2d66efb426,weekend,495,13390.0
POI_IND_9999_0x3be7b70bf0660de9:0x1e1a9adc936f79bb,weekend,41,1545.0
POI_IND_9999_0x3be7b638f641b6bf:0x2e208a3eba2a19a7,weekend,57,1775.0
POI_IND_9999_0x3be7c7ce6324c725:0x9fdf4dd48096a0ea,weekday,29,921.0
POI_IND_9999_0x3be7c3d12193838f:0x88908ab285c23909,weekday,80,695.0
POI_IND_9999_0x3be7c87c70e584bb:0x9f57cc814ecdde09,weekday,93,4466.0
POI_IND_9999_0x3be7b85da8f48a0b:0x5aaab5571a54918,weekday,81,4776.0
POI_IND_9999_0x3be7b6fcbcfa335b:0xaf522ca2ba0f14c6,weekend,94,5940.0
POI_IND_9999_0x3be7b6fcbcfa335b:0xaf522ca2ba0f14c6,weekday,237,13257.0
POI_IND_9999_0x3be7c3fe9accf1e1:0xb04092b5794f9266,weekday,268,3028.0
POI_IND_9999_0x3be7b749b5d7d5d1:0x6cb9f769976f8426,weekend,13,886.0
POI_IND_9999_0x3be7b719799c1d7f:0x6f8c31bccde682c8,weekday,91,2886.0
POI_IND_9999_0x3be7c909e9d4d267:0x1c035054ddb23d00,weekday,130,6587.0
POI_IND_9999_0x3be7c9a283677415:0x42b78a4372fe272f,weekday,74,2781.0
POI_IND_9999_0x3be7c904f4cc29ef:0x8e3acf5f4e95e266,weekend,255,7847.0
POI_IND_9999_0x3be7c904f4cc29ef:0x8e3acf5f4e95e266,weekday,469,15163.0
POI_IND_9999_0x3be7c941b4afca5b:0xd730d9b9722622cb,weekend,11,429.0
POI_IND_9999_0x3be7c74c28d17af5:0x466b256c1addd746,weekend,32,1073.0
POI_IND_9999_0x3be7c8721daf31a5:0x1b952a70b2008d5e,weekday,418,15412.0
POI_IND_9999_0x3be7b1b077570d1d:0x8f31dcb6caf94b1d,weekday,130,7310.0
POI_IND_9999_0x3be7c38c17f6620b:0xb62651931c17c85e,weekday,92,1160.0
POI_IND_9999_0x3be7c814f7c69ea9:0xdc4fa2e463be417,weekday,92,4500.0
POI_IND_9999_0x3be7c1141353f691:0x858a1b3b6ecd16c6,weekend,27,492.0
POI_IND_9999_0x3be7b15c923d90cf:0xaaca1e5b0d23c3df,weekday,84,2568.0
POI_IND_9999_0x3be7b15c923d90cf:0xaaca1e5b0d23c3df,weekend,49,1502.0
POI_IND_9999_0x3be79488bdc9c967:0xdb0905f7ff0f8590,weekend,118,3605.0
POI_IND_9999_0x3be7c9af3ce9a44b:0xa85878f0f375780,weekend,10,602.0
POI_IND_9999_0x3be7b935396b751b:0x243f8cdab1160e82,weekday,1044,28342.0
POI_IND_9999_0x3be7d1c0c51d3d5d:0x8056578ab9a503e2,weekday,113,3870.0
POI_IND_9999_0x3be7cefda194d46b:0x99e837db56cbbcf6,weekend,71,2556.0
POI_IND_9999_0x3be7ce2100f20047:0x86fe53a771f46839,weekday,92,2605.0
POI_IND_9999_0x3be7ce2100f20047:0x86fe53a771f46839,weekend,42,1113.0
POI_IND_9999_0x3be7c1cf9a04d89f:0xccb910f42b853b69,weekend,203,4934.0
POI_IND_9999_0x3be7bf99bd3104ed:0x5a93f61e9a9166db,weekend,129,874.0
POI_IND_9999_0x3be7bbd334fcb0ad:0x7ede4b273700fcfe,weekend,31,2105.0
POI_IND_9999_0x3be7ce732186fa03:0x777d54959977c9e7,weekday,98,3285.0
POI_IND_9999_0x3be7cf9bd2965b37:0xb1b994ae3843a2f8,weekend,184,6370.0
POI_IND_9999_0x3be7cedbaf70b90d:0xcd44b3aff755989a,weekday,474,19961.0
POI_IND_9999_0x3be7cedbaf70b90d:0xcd44b3aff755989a,weekend,192,8470.0
POI_IND_9999_0x3be7cef021ea40b7:0x35cabdf264de6026,weekend,100,4161.0
POI_IND_9999_0x3be7cf2b87e600fb:0x1d5b3da1210bbd55,weekend,712,10044.0
POI_IND_9999_0x3be7b7cdd3d111ab:0xd0f72bd3f67c8e44,weekend,23,1375.0
POI_IND_9999_0x3be7b90176966a11:0xa9f0c73bb1420731,weekday,127,6055.0
POI_IND_9999_0x3be7b90176966a11:0xa9f0c73bb1420731,weekend,38,2056.0
POI_IND_9999_0x3be7b78e44439597:0xdec21ff4c13b69d1,weekday,43,2060.0
POI_IND_9999_0x3be7b78e44439597:0xdec21ff4c13b69d1,weekend,20,384.0
POI_IND_9999_0x3be71d652dccf067:0x7e1d71e17c9f586d,weekday,31,958.0
POI_IND_9999_0x3be7bfdf9456683b:0xd971c8da78c8fd3,weekend,7,299.0
POI_IND_9999_0x3be7959d5ed9c94f:0x6163469e5f523e66,weekday,67,1430.0
POI_IND_9999_0x3be7bba396674b8b:0x8546eae0ee50532f,weekday,94,4192.0
POI_IND_9999_0x3be7c9ab494d99f9:0xe187202a2d951274,weekend,211,2390.0
POI_IND_9999_0x3be7c97f64cc09e1:0x4dc3b7b23830e400,weekend,348,10157.0
POI_IND_9999_0x3be7c9d3cc0aa281:0x4a4121f9948753b5,weekday,75,2656.0
POI_IND_9999_0x3be7c90670fb5329:0xc143fea0f720713a,weekday,21,1364.0
POI_IND_9999_0x3be7c834b67dc485:0xbcd967e1ea68882,weekend,35,1040.0
POI_IND_9999_0x3be791c7751adfeb:0x6883c00b2fa8bf56,weekend,52,769.0
POI_IND_9999_0x3be7b93f85bd6afd:0xae75a749406933ae,weekend,156,6439.0
POI_IND_9999_0x3be7c13b29e80425:0x4728e43e3396f7ef,weekday,150,1362.0
POI_IND_9999_0x3be7b90016f47c15:0x9931f881caef9b00,weekday,11,841.0
POI_IND_9999_0x3be7958a77089d9f:0x9976e86f776d03a1,weekday,114,1268.0
POI_IND_9999_0x3be795b45de4d025:0x1b5a04a7f083cce4,weekend,109,2711.0
POI_IND_9999_0x3be7b74ded608ff5:0x430b9d65f126fc19,weekend,13,972.0
POI_IND_9999_0x3be7b74ded608ff5:0x430b9d65f126fc19,weekday,41,1903.0
POI_IND_9999_0x3be7c952200b712b:0x7bd9bfd250a0be85,weekday,180,8063.0
POI_IND_9999_0x3be7c952200b712b:0x7bd9bfd250a0be85,weekend,76,3349.0
POI_IND_9999_0x3be7c8a0044bf36f:0x47811222b5d0e5e6,weekday,90,3862.0
POI_IND_9999_0x3be7c8a0044bf36f:0x47811222b5d0e5e6,weekend,67,2117.0
POI_IND_9999_0x3be7c994d7e20789:0xbcd8b9c91da20da,weekday,267,8363.0
POI_IND_9999_0x3be7c7939b61de3d:0xbfcf53192dcb76f4,weekend,90,1621.0
POI_IND_9999_0x3be7c61fabd10ec9:0x192eaa9a161091ff,weekend,538,11552.0
POI_IND_9999_0x3be7b6448bbb4183:0x12a4e2c10bf2ac51,weekday,1136,26208.0
POI_IND_9999_0x3be7c832386b42d5:0x6fd22191d3347b00,weekday,98,4955.0
POI_IND_9999_0x3be7c611b4251927:0xabc7129f0871fafe,weekend,30,1065.0
POI_IND_9999_0x3be7b60362b39b85:0x9b8fe1557a04618b,weekday,602,16285.0
POI_IND_9999_0x3be7c8f130000001:0xf87673e06aca5d42,weekday,201,9893.0
POI_IND_9999_0x3be7b74d0d6d38ff:0x8d413d6dad50abce,weekend,83,3998.0
POI_IND_9999_0x3be7b1fa3b0a6cf7:0xd9e15ec7682bbe44,weekend,89,3271.0
POI_IND_9999_0x3be7c9b150a7ce7b:0x5c608d2c4abba640,weekend,24,925.0
POI_IND_9999_0x3be7c7cb51e4b769:0x1cee401cf755899f,weekday,219,9082.0
POI_IND_9999_0x3be7c872bc7043df:0x6e061bfbe36e27a6,weekday,206,7649.0
POI_IND_9999_0x3be7cff1e28604b1:0x92a087f9b6ad89f7,weekday,220,8347.0
POI_IND_9999_0x3be7cedc5189de17:0x3895ff797125a0b9,weekend,447,10770.0
POI_IND_9999_0x3be7b725fff36593:0xd811ff25d154ac25,weekday,155,6636.0
POI_IND_9999_0x3be7c8eeb55875b3:0xc8da7d47cb24a8c0,weekend,221,5867.0
POI_IND_9999_0x3be7936b19b89e0d:0x944e719820b21232,weekday,19,822.0
POI_IND_9999_0x3be7bd9b43a4c485:0x513ceb6459002bd1,weekday,67,1126.0
POI_IND_9999_0x3be7b04f5bba3497:0xcbee3ea3f97ef8f9,weekday,2146,79600.0
POI_IND_9999_0x3be7bf50736ca515:0x1f070bbd8d41f751,weekend,282,4847.0
POI_IND_9999_0x3be7bf006905aeb1:0x55710357e4eca1e5,weekday,292,6968.0
POI_IND_9999_0x3be79361602c73d5:0x83442ba70cb7d951,weekday,95,5211.0
POI_IND_9999_0x3be7958aa7f83d85:0x3167b18f4f45fbbc,weekday,153,2420.0
POI_IND_9999_0x3be793003e59c241:0xeed9a93431023e6a,weekday,14,873.0
POI_IND_9999_0x3be7bf004f8fde81:0x518b902c326bc8c8,weekday,465,5643.0
POI_IND_9999_0x3be7c3000ba6d4b9:0xafd770bd6b614b3,weekend,53,848.0
POI_IND_9999_0x3be7c14714979845:0x773ee4511b87af8e,weekday,203,5980.0
POI_IND_9999_0x3be7c3c3307931df:0xb43e5f553426395b,weekday,327,1969.0
POI_IND_9999_0x3be7ed55939748c9:0x72bcb40e5dcee5b3,weekday,97,4298.0
POI_IND_9999_0x3be7b96324ea6103:0x2bccfb9435eb9385,weekday,712,30160.0
POI_IND_9999_0x3be7930cb3dbca65:0xb33783df8d405026,weekend,14,986.0
POI_IND_9999_0x3be795c6c994cd39:0x394a65cf28e957f7,weekend,99,2661.0
POI_IND_9999_0x3be7ce0cbed13c25:0xcccd603868a3d11a,weekday,164,4647.0
POI_IND_9999_0x3be7ce11f86e09b3:0x7d50a8a335537da0,weekend,63,3499.0
POI_IND_9999_0x3be7d1c34895ab79:0x22b1c0dca90c51e3,weekend,7,463.0
POI_IND_9999_0x3be7c95022672f03:0xa6ac6c0757efe70f,weekday,222,983.0
POI_IND_9999_0x3be7c95022672f03:0xa6ac6c0757efe70f,weekend,79,1005.0
POI_IND_9999_0x3be7b85e5f761c6b:0x77c5c2ab7f59d2e6,weekday,280,12230.0
POI_IND_9999_0x3be7b12b52ac6b5b:0x642ef4204d26f4b1,weekday,365,14912.0
POI_IND_9999_0x3be7a8c250b6be4f:0x75cc93cdd0e3760e,weekend,332,13269.0
POI_IND_9999_0x3be7cede78ac4371:0x3c501c67068ae596,weekday,175,5051.0
POI_IND_9999_0x3be7cede78ac4371:0x3c501c67068ae596,weekend,45,1598.0
POI_IND_9999_0x3be7cf29c0d30255:0xde19efed6b31b244,weekend,53,2206.0
POI_IND_9999_0x3be7cf8917e14b17:0x6d3306c72ac27502,weekend,32,918.0
POI_IND_9999_0x3be7c9006531d4a9:0xfdba69b72e2af81d,weekday,200,7000.0
POI_IND_9999_0x3be7b767c6281857:0x84edc59f041a75b8,weekend,43,1647.0
POI_IND_9999_0x3be7b7145f52b7ff:0xebfa5f082f74e51d,weekday,280,5653.0
POI_IND_9999_0x3be7c9a19e149143:0xa673e7bd894b0401,weekday,50,2408.0
POI_IND_9999_0x3be7c9000a3b175d:0x2f289a5ec6292a35,weekend,52,1942.0
POI_IND_9999_0x3be7b64c2f983f51:0xdf64d26e6994c4fc,weekday,152,8205.0
POI_IND_9999_0x3be7b7bc7a951977:0xfe6fb3317236c938,weekday,385,17532.0
POI_IND_9999_0x3be7b7bc7a951977:0xfe6fb3317236c938,weekend,231,9366.0
POI_IND_9999_0x3be7b6034770c06f:0x91663497eab95a48,weekend,22,609.0
POI_IND_9999_0x3be7b732afe88cb1:0xe649fd05aaa1d14a,weekend,73,2669.0
POI_IND_9999_0x3be7c90023688d55:0xd7dbf86e00108f8,weekend,61,2660.0
POI_IND_9999_0x3be7c927c779e91f:0x8787f3c14789db71,weekend,16,846.0
POI_IND_9999_0x3be7b0fda26c15f5:0x286d70e28ceab37,weekend,87,2768.0
POI_IND_9999_0x3be7c395a1392215:0x75c73ed7824937c,weekend,11,212.0
POI_IND_9999_0x3be7c14cf7690c3d:0x4c9dbde502e6a8fe,weekend,101,1035.0
POI_IND_9999_0x3be7941719eecd31:0x24a2aad7fe2adfc5,weekend,51,2477.0
POI_IND_9999_0x3be799ebf7bc1dd7:0xa8b387c429826425,weekend,46,2038.0
POI_IND_9999_0x3be7ba897e29e29d:0xf38ee77a2ab557d0,weekday,29,1523.0
POI_IND_9999_0x3be795d261d689a1:0x956e9d74d8f5bddf,weekend,242,7161.0
POI_IND_9999_0x3be795d261d689a1:0x956e9d74d8f5bddf,weekday,681,20656.0
POI_IND_9999_0x3be7d1da3afdb27f:0xe0781a662aed053d,weekday,299,10189.0
POI_IND_9999_0x3be7b1eb203695ff:0x550430ddbf42c804,weekend,670,15965.0
POI_IND_9999_0x3be7c86a8f54295d:0xe8c04bcb2073fed2,weekday,30,1774.0
POI_IND_9999_0x3be7c86a8f54295d:0xe8c04bcb2073fed2,weekend,14,975.0
POI_IND_9999_0x3be7c7cd855b4137:0xe070362306f7f1f8,weekday,270,12826.0
POI_IND_9999_0x3be7c7e4faf12427:0xfe6c51a30610eebd,weekend,41,1063.0
POI_IND_9999_0x3be7c7e4faf12427:0xfe6c51a30610eebd,weekday,162,4640.0
POI_IND_9999_0x3be7c9984340fa9b:0x242435186a314311,weekday,16,582.0
POI_IND_9999_0x3be7b775e33673c3:0x83b4d25d2b16b789,weekend,34,966.0
POI_IND_9999_0x3be7c9e962e79db9:0x6c9c28a70c47c027,weekday,99,3079.0
POI_IND_9999_0x3be7c9e962e79db9:0x6c9c28a70c47c027,weekend,39,905.0
POI_IND_9999_0x3be7b7a06d356ba5:0xe4a0f956ee805d92,weekday,167,7938.0
POI_IND_9999_0x3be7b7a06d356ba5:0xe4a0f956ee805d92,weekend,63,2952.0
POI_IND_9999_0x3be7b7c379a6844f:0x1f01acf23c35c46f,weekday,123,5724.0
POI_IND_9999_0x3be7c9b6c4fa0b37:0x8578bbe962e4f831,weekend,53,1745.0
POI_IND_9999_0x3be7c8275b76bb2b:0x74cd690feb5926c0,weekday,112,4755.0
POI_IND_9999_0x3be7c924da68848f:0x4a185623eaf030fd,weekday,14,927.0
POI_IND_9999_0x3be7c780db586f71:0x1a9574ed2c5e8631,weekend,36,1541.0
POI_IND_9999_0x3be7b336d0850a71:0x57193d5c1568edf4,weekday,16,700.0
POI_IND_9999_0x3be795ca992f680f:0x32d89e8d96a702c,weekday,182,4461.0
POI_IND_9999_0x3be7c146f9bf8c8d:0xddfb47797fb3883d,weekend,18,200.0
POI_IND_9999_0x3be7ce6c5cde1ded:0x7902f654187909f0,weekday,872,28434.0
POI_IND_9999_0x3be7bd6a2725b4a5:0x27242b65d41d24c1,weekday,103,1768.0
POI_IND_9999_0x3be7949dc3b651db:0xef279fa8d5598ed0,weekday,104,6020.0
POI_IND_9999_0x3be7949dc3b651db:0xef279fa8d5598ed0,weekend,45,3651.0
POI_IND_9999_0x3be7cf4859b98957:0x351ceec4dbfc5793,weekend,74,2938.0
POI_IND_9999_0x3be7cf17a48c7e17:0xd2572a6fdbbcd9cb,weekday,985,36213.0
POI_IND_9999_0x3be7c83640be1427:0x66a11c178cdc3396,weekday,63,2319.0
POI_IND_9999_0x3be7c787e26d1ccf:0x1d7fa1dd02b27434,weekend,412,12020.0
POI_IND_9999_0x3be7c618d9df4c39:0xba7acab95c391308,weekday,199,5293.0
POI_IND_9999_0x3be7c618d9df4c39:0xba7acab95c391308,weekend,84,2426.0
POI_IND_9999_0x3be7cedaf778daa7:0xda9e6c618aaedac6,weekday,242,6302.0
POI_IND_9999_0x3be7c78f57844ee1:0xd56feecbc5f0362a,weekday,144,7611.0
POI_IND_9999_0x3be7b8fbd5f92d2f:0xbcd3d502efdb4de6,weekday,437,12212.0
POI_IND_9999_0x3be7b63c5dde6425:0x78f3f6fc8b314536,weekday,158,4999.0
POI_IND_9999_0x3be7e9fdb479e83d:0xe7552c1e98c1efea,weekday,124,2745.0
POI_IND_9999_0x3be77fbb0bae9cf5:0x32a0ba6b494f968,weekday,22,540.0
POI_IND_9999_0x3be7bb00302717eb:0x2519a3ca0ba5247,weekday,82,1771.0
POI_IND_9999_0x3be7c11f070059a7:0x27b655a2b78920c6,weekday,161,4561.0
POI_IND_9999_0x3be7c995667c50e7:0xb3511a6b349ef870,weekend,56,3385.0
POI_IND_9999_0x3be7c90029a90c85:0xa61ecb45ec9374f5,weekend,47,1875.0
POI_IND_9999_0x3be7c905043e9803:0x50ce31914ae186df,weekday,158,3285.0
POI_IND_9999_0x3be7ce1171a5ae35:0x9a080c64e3a0c278,weekend,105,2563.0
POI_IND_9999_0x3be7d100a0c754ad:0x22b5205d73f42312,weekend,22,1321.0
POI_IND_9999_0x3be795bdab89508f:0x28d1b159ebb1ed12,weekday,1147,6485.0
POI_IND_9999_0x3be7ba9cfdb3ceeb:0xe27371d452040396,weekday,62,3007.0
POI_IND_9999_0x3be7afcfb4dfc2ad:0x892552a112ee1a64,weekday,300,5601.0
POI_IND_9999_0x3be7c9a4e8c2cb93:0x41e1c967fa3e0c91,weekday,177,6915.0
POI_IND_9999_0x3be7bf5ab9bf341f:0x7171db0472d0fc0b,weekend,8,199.0
POI_IND_9999_0x3be7bb0033b2c47f:0x873273e1d5275b7e,weekend,159,4791.0
POI_IND_9999_0x3be7bb0033b2c47f:0x873273e1d5275b7e,weekday,258,9386.0
POI_IND_9999_0x3be7c1cb4d0e00ef:0x812c3c9eb086b64b,weekend,50,915.0
POI_IND_9999_0x3be795644c911b33:0x12cfa540daa19f1,weekend,100,832.0
POI_IND_9999_0x3be7d1e65933ff2d:0xa26cabde8d5d5c91,weekday,858,31722.0
POI_IND_9999_0x3be7cf866d1aafe5:0xc3097c165aaa87b2,weekend,145,3510.0
POI_IND_9999_0x3be7c30000441ed7:0x721812bb9c16a23e,weekday,59,1934.0
POI_IND_9999_0x3be7c30000441ed7:0x721812bb9c16a23e,weekend,37,1443.0
POI_IND_9999_0x3be7b08a855deeeb:0xa8f33ca7aa12562f,weekday,239,10113.0
POI_IND_9999_0x3be7c0c62032cbf5:0x791b16b06c7d154d,weekend,42,914.0
POI_IND_9999_0x3be7bed2ba155545:0x23d8ecbd59af069,weekday,109,5550.0
POI_IND_9999_0x3be7967fb19d7b39:0xc054f62114296adf,weekend,107,2260.0
POI_IND_9999_0x3be7967fb19d7b39:0xc054f62114296adf,weekday,281,6376.0
POI_IND_9999_0x3be7b0f30d1b7e41:0xf14a0d8599bb44dc,weekday,96,4492.0
POI_IND_9999_0x3be7ce79b5585c77:0xf3e6742339784ffe,weekend,22,1508.0
POI_IND_9999_0x3be7c9fc250fbc9d:0xd80e5057eaebc3d1,weekday,1442,62091.0
POI_IND_9999_0x3be7cf61595f9679:0x7a31e77e47452a4c,weekday,78,3549.0
POI_IND_9999_0x3be7d1ec03a13f3b:0xec05a6e412c6b9de,weekend,12,451.0
POI_IND_9999_0x3be7d1dc9e55a795:0xf11256967539e4d1,weekday,60,1597.0
POI_IND_9999_0x3be799bb3aa7c29b:0xed83726a7e72ed0c,weekend,31,1664.0
POI_IND_9999_0x3be799bb3aa7c29b:0xed83726a7e72ed0c,weekday,64,2302.0
POI_IND_9999_0x3be7959116427fcb:0xfbfceeb2a31ca06b,weekend,36,701.0
POI_IND_9999_0x3be7b047cb6edc55:0xdb678e7d31a8c42,weekday,95,3816.0
POI_IND_9999_0x3be7c90069e2d2c5:0xa06a9b443026d05,weekday,88,4445.0
POI_IND_9999_0x3be7c90069e2d2c5:0xa06a9b443026d05,weekend,46,1984.0
POI_IND_9999_0x3be7c70019a66515:0x1de4a9877afe840c,weekday,90,5219.0
POI_IND_9999_0x3be7b1cb5795e515:0x4a30c8d76f482b9f,weekday,447,11069.0
POI_IND_9999_0x3be7bd2039090abd:0xf9fffca28d27ca07,weekday,81,1741.0
POI_IND_9999_0x3be7bd2039090abd:0xf9fffca28d27ca07,weekend,41,718.0
POI_IND_9999_0x3be7b02a38855ec1:0x6ba29a8e333bd159,weekday,43,1072.0
POI_IND_9999_0x3be7cf568a821f09:0xf47578e29eb289b2,weekday,168,8525.0
POI_IND_9999_0x3be7cf583d3cb7c7:0xe56ab24270115347,weekday,281,11964.0
POI_IND_9999_0x3be7b65ae6d3a897:0x2d76252043ce5aef,weekend,168,5689.0
POI_IND_9999_0x3be7b783bc4573bb:0xefc55e89c644aaf9,weekend,135,4965.0
POI_IND_9999_0x3be7b06af48b4ff5:0xf3710589f82ae7a8,weekend,118,4061.0
POI_IND_9999_0x3be7b75eb43cd253:0x215dae572936396e,weekend,135,4740.0
POI_IND_9999_0x3be7b7f2ce5c1d2b:0xc1c9aace5a3c5c5d,weekend,342,11406.0
POI_IND_9999_0x3be7b7604df9db1d:0x34c1b76409394126,weekend,988,22906.0
POI_IND_9999_0x3be7c3828efd4d4f:0x8199c5ec94dfbc36,weekend,40,1122.0
POI_IND_9999_0x3be7b05c0eec0e5d:0x7bc223270b2a3c72,weekday,889,22598.0
POI_IND_9999_0x3be7c3e79fbfd255:0x6a4703f8e0fd0457,weekend,36,841.0
POI_IND_9999_0x3be7b02e0653210b:0x9e60bedfa41c50b6,weekend,34,1602.0
POI_IND_9999_0x3be7b16713687cc3:0x16eb9c1cb083bf42,weekend,53,3071.0
POI_IND_9999_0x3be7b7c73257583b:0x7bd3fb240327cd9,weekday,152,4514.0
POI_IND_9999_0x3be7b7c73257583b:0x7bd3fb240327cd9,weekend,73,2194.0
POI_IND_9999_0x3be7b9275ea3e8ff:0x927c1695ba05bf1c,weekday,255,9276.0
POI_IND_9999_0x3be7b10053817533:0xa11ea6b87462db56,weekday,152,3920.0
POI_IND_9999_0x3be795000bdfa391:0xf5f9eda944870cad,weekday,1,1.0
POI_IND_9999_0x3be7b905e82a78b3:0xbad11322f2d2bd8,weekday,45,1916.0
POI_IND_9999_0x3be7b905e82a78b3:0xbad11322f2d2bd8,weekend,17,112.0
POI_IND_9999_0x3be7bec036b0f7d3:0x85be86624344465d,weekend,9,599.0
POI_IND_9999_0x3be7b0468cc6981d:0xde248081f660a41e,weekend,33,2054.0
POI_IND_9999_0x3be7b742f375bc37:0xf2ca27a496a06b0b,weekday,89,5116.0
POI_IND_9999_0x3be7c9002a3a0b57:0x38bf07d2b19236d3,weekday,91,3422.0
POI_IND_9999_0x3be7c61e4a408a41:0x5aa088dfc7864ffe,weekday,165,6604.0
POI_IND_9999_0x3be7b9e1b699b10d:0x4b89356402ac0a63,weekday,301,13830.0
POI_IND_9999_0x3be7b9e600e192c7:0xcf1ef093ae6db9cc,weekend,296,9590.0
POI_IND_9999_0x3be7c91699e07137:0x13291b15bb71f44,weekday,148,7371.0
POI_IND_9999_0x3be7c7c7acb51031:0x33ebe32308810bba,weekend,294,14381.0
POI_IND_9999_0x3be795781e6af931:0x4e607391d0928a6a,weekday,64,2291.0
POI_IND_9999_0x3be7c3bd9ac49973:0x61c6d0c6b87a86e8,weekday,139,2347.0
POI_IND_9999_0x3be7cedb5fcebfdd:0x33b836b26dca8542,weekday,188,7398.0
POI_IND_9999_0x3be7cedb5fcebfdd:0x33b836b26dca8542,weekend,91,3263.0
POI_IND_9999_0x3be7c9cfa156b279:0xff7cb66c09171b99,weekday,209,4616.0
POI_IND_9999_0x3be7c9cfa156b279:0xff7cb66c09171b99,weekend,59,1831.0
POI_IND_9999_0x3be7c7898f61250f:0x6feb80511aae694d,weekday,170,6823.0
POI_IND_9999_0x3be7b72767abcd71:0x4e3236064c02bb46,weekend,287,7194.0
POI_IND_9999_0x3be7c926bb0a01c1:0xcf070960bb8e230d,weekend,36,1533.0
POI_IND_9999_0x3be7b7acd5b733ed:0x493e271ad9deec95,weekday,174,9804.0
POI_IND_9999_0x3be7b7b421b68c0f:0x17a2007a72423130,weekend,47,1843.0
POI_IND_9999_0x3be79381a41f8eb5:0x3de0eaac47a52be0,weekday,299,7054.0
POI_IND_9999_0x3be7b0f39c50a7a1:0x51356f4b625cd493,weekday,66,1147.0
POI_IND_9999_0x3be7ce11c24417b9:0x47acdfda1c7321ad,weekday,185,7129.0
POI_IND_9999_0x3be7ce11c24417b9:0x47acdfda1c7321ad,weekend,56,2764.0
POI_IND_9999_0x3be7d1240667dbd7:0x5c1af0bef5298072,weekend,65,1662.0
POI_IND_9999_0x3be7d1436c95fa97:0x79354ca843b9d1cf,weekday,25,2154.0
POI_IND_9999_0x3be7d1436c95fa97:0x79354ca843b9d1cf,weekend,5,302.0
POI_IND_9999_0x3be7cef644fed911:0xbbef2cc6aa52ba3e,weekday,102,3317.0
POI_IND_9999_0x3be7b65b2026b4a5:0xc3179d1bedce65b6,weekday,132,5623.0
POI_IND_9999_0x3be7b862294be87f:0xb9f3872a829f1d1e,weekend,23,1222.0
POI_IND_9999_0x3be7b862294be87f:0xb9f3872a829f1d1e,weekday,93,5306.0
POI_IND_9999_0x3be7b8642c7e1c47:0xef37ab6fe913663,weekend,137,4825.0
POI_IND_9999_0x3be7c86a851b641b:0x4d013b2cf566b1bf,weekday,131,5943.0
POI_IND_9999_0x3be7c86a851b641b:0x4d013b2cf566b1bf,weekend,69,3179.0
POI_IND_9999_0x3be7b65ae14321b7:0x59a9c2e0c4adb8c6,weekday,155,7640.0
POI_IND_9999_0x3be7c9ccaf4920d9:0x2b69972f54f4e6ff,weekday,146,4294.0
POI_IND_9999_0x3be7b76207f582f1:0x157bbf5b67832f2b,weekend,29,1222.0
POI_IND_9999_0x3be7b76207f582f1:0x157bbf5b67832f2b,weekday,80,2852.0
POI_IND_9999_0x3be7cff12a2207d5:0x73b3f5df0615e537,weekday,186,6448.0
POI_IND_9999_0x3be7b02a67fbdee5:0x942d69b7e0c3fc40,weekday,950,28539.0
POI_IND_9999_0x3be79391255d2f4f:0xb7c5e850905fc05,weekday,60,2113.0
POI_IND_9999_0x3be7c3b3860ffe95:0xc42a5c7425115866,weekend,2,21.0
POI_IND_9999_0x3be7b04de37076d7:0xefe141bbbccc2862,weekend,37,675.0
POI_IND_9999_0x3be795dc19419b8d:0xecefddfe5566ea37,weekend,25,810.0
POI_IND_9999_0x3be796273e8fd879:0x80065544b215c40b,weekend,65,3321.0
POI_IND_9999_0x3be7b7164fe869c9:0xd9f8da3f36eb3c2d,weekend,26,862.0
POI_IND_9999_0x3be7c88d0446cd13:0x8a7b82d9ffc466fd,weekend,53,1480.0
POI_IND_9999_0x3be7b798421508af:0x70ef108942166b47,weekend,37,2178.0
POI_IND_9999_0x3be7b798421508af:0x70ef108942166b47,weekday,99,3273.0
POI_IND_9999_0x3be7d1a1a34425bb:0xb6ff2ecd1f987fad,weekday,1175,30206.0
POI_IND_9999_0x3be7d1a1a34425bb:0xb6ff2ecd1f987fad,weekend,301,7269.0
POI_IND_9999_0x3be793b0b79d34af:0x5c32e82f531307fd,weekend,3,163.0
POI_IND_9999_0x3be7945c112eab5f:0xb0922b11a4b66d54,weekend,93,2459.0
POI_IND_9999_0x3be797178b0f5e23:0x8ec07e78f71c1d1e,weekend,491,6261.0
POI_IND_9999_0x3be7955e60e3ddf3:0x230b8297602b6351,weekday,52,1703.0
POI_IND_9999_0x3be7c88440000013:0xb0b54b9dee8b1510,weekend,446,17367.0
POI_IND_9999_0x3be7c9bbd1072bbd:0x44a0ca9f7b9665db,weekend,788,24062.0
POI_IND_9999_0x3be7c99824616e79:0x943f749fba76c05e,weekday,40,1753.0
POI_IND_9999_0x3be7c99824616e79:0x943f749fba76c05e,weekend,13,404.0
POI_IND_9999_0x3be7c9b5d31e4e9f:0xa66a663540b8ca49,weekday,25,1474.0
POI_IND_9999_0x3be7b7988ef2fbd5:0xab6356f1720ad8f6,weekend,404,7983.0
POI_IND_9999_0x3be7c6019121bf75:0x215a99fc195d6e41,weekday,54,2194.0
POI_IND_9999_0x3be7c9575e031b9b:0x6a50e8493695fb4d,weekday,153,5271.0
POI_IND_9999_0x3be7c3de38a349e9:0x7cc04450b39c6969,weekday,15,355.0
POI_IND_9999_0x3be7cf21727d5445:0x4f10a651c59017df,weekday,112,2847.0
POI_IND_9999_0x3be7c359eddc6635:0x74ddadc6dd2faafc,weekend,34,638.0
POI_IND_9999_0x3be7c359eddc6635:0x74ddadc6dd2faafc,weekday,96,1510.0
POI_IND_9999_0x3be7958f9ab7b1e3:0x74ee3770a285196a,weekend,54,556.0
POI_IND_9999_0x3be7b9273aa3419b:0x7cd2954ff8c7aeaa,weekend,70,3534.0
POI_IND_9999_0x3be7c93f1d80cd7f:0x2ff095a088915d81,weekend,82,4064.0
POI_IND_9999_0x3be7b7c7edc8c9bb:0x33016b570a7ce543,weekday,51,3082.0
POI_IND_9999_0x3be7c94709994f15:0xbbc0becf5b6d3c1a,weekday,52,636.0
POI_IND_9999_0x3be7b10040a9bd53:0x8ec5f2e0dcc750b0,weekday,320,14478.0
POI_IND_9999_0x3be7cf5650e2d933:0xbd9e1443c3f1f0b3,weekday,224,9025.0
POI_IND_9999_0x3be7cf5650e2d933:0xbd9e1443c3f1f0b3,weekend,151,5512.0
POI_IND_9999_0x3be7c93183138d3f:0x8e132f773c4ca9a8,weekday,154,6457.0
POI_IND_9999_0x3be7b93d1b249ccb:0x56bd960a97c7a4f,weekend,508,15104.0
POI_IND_9999_0x3be7c9fdad56933d:0x739ae124c324076e,weekend,81,2665.0
POI_IND_9999_0x3be7c90061457b6d:0x73d3f267c61c98b2,weekend,14,801.0
POI_IND_9999_0x3be7b12e479f614b:0xd78d69252b5a1a11,weekday,61,4023.0
POI_IND_9999_0x3be7b12e479f614b:0xd78d69252b5a1a11,weekend,43,2446.0
POI_IND_9999_0x3be7b124c4f5cc4d:0xb9051297ea55ea67,weekday,101,4771.0
POI_IND_9999_0x3be7b124c4f5cc4d:0xb9051297ea55ea67,weekend,45,2450.0
POI_IND_9999_0x3be7d17a54072cef:0x854a618ec44c3c59,weekend,55,2134.0
POI_IND_9999_0x3be7c830efe67973:0x580ec1f4abf43154,weekday,114,3003.0
POI_IND_9999_0x3be7c830efe67973:0x580ec1f4abf43154,weekend,38,1939.0
POI_IND_9999_0x3be7c9b150a7ce7b:0x5c608d2c4abba640,weekday,87,3721.0
POI_IND_9999_0x3be7b7a8ffdc7ea9:0x745ef84d7f68a893,weekend,29,1431.0
POI_IND_9999_0x3be7b7a8ffdc7ea9:0x745ef84d7f68a893,weekday,133,6830.0
POI_IND_9999_0x3be7b7c1622fec41:0xf75242a519362628,weekday,95,3929.0
POI_IND_9999_0x3be7c880b480a43f:0xa2f174aacdb20e86,weekend,150,7317.0
POI_IND_9999_0x3be7c880b480a43f:0xa2f174aacdb20e86,weekday,300,15399.0
POI_IND_9999_0x3be7b7a75ea079dd:0x4af49888afc6c4b2,weekend,1157,36342.0
POI_IND_9999_0x3be7c7cb51e4b769:0x1cee401cf755899f,weekend,97,4144.0
POI_IND_9999_0x3be7b6229776d285:0x228c1af336ec1309,weekend,80,4027.0
POI_IND_9999_0x3be7c872bc7043df:0x6e061bfbe36e27a6,weekend,81,3600.0
POI_IND_9999_0x3be7c9c85fba2775:0xe609b548bf4f3787,weekend,23,1129.0
POI_IND_9999_0x3be7c80f74b9250f:0x6c84c00381cf808b,weekend,357,6839.0
POI_IND_9999_0x3be7b13e2bf85bbf:0x229a7ba79cbc8738,weekend,242,10985.0
POI_IND_9999_0x3be7b13e2bf85bbf:0x229a7ba79cbc8738,weekday,437,17434.0
POI_IND_9999_0x3be793819ccf6201:0xb0c76d50eeb4350a,weekday,97,2890.0
POI_IND_9999_0x3be793819ccf6201:0xb0c76d50eeb4350a,weekend,59,2645.0
POI_IND_9999_0x3be7936b19b89e0d:0x944e719820b21232,weekend,11,281.0
POI_IND_9999_0x3be7bd9b43a4c485:0x513ceb6459002bd1,weekend,28,691.0
POI_IND_9999_0x3be797a446d384c3:0xe4879f3892438773,weekend,270,7214.0
POI_IND_9999_0x3be7bf006905aeb1:0x55710357e4eca1e5,weekend,69,1040.0
POI_IND_9999_0x3be7b9347377f5d3:0x588e04a05fb6e6a5,weekday,213,9282.0
POI_IND_9999_0x3be7c1358611df07:0xa62b93447eeb3c0e,weekend,17,577.0
POI_IND_9999_0x3be7c12367d2ba57:0x8fd235a7bc25cfac,weekday,199,3838.0
POI_IND_9999_0x3be7c12367d2ba57:0x8fd235a7bc25cfac,weekend,90,1837.0
POI_IND_9999_0x3be7c3c3307931df:0xb43e5f553426395b,weekend,150,855.0
POI_IND_9999_0x3be7b0f39d8f94b3:0xc747bc104d9b2514,weekday,82,3124.0
POI_IND_9999_0x3be7b1d20780a709:0x5a93f4c7850b055a,weekday,205,5176.0
POI_IND_9999_0x3be7e9109396612b:0x966cae4107dc60a0,weekend,144,388.0
POI_IND_9999_0x3be7c137544b15f1:0xc370b711f2e50540,weekday,59,1682.0
POI_IND_9999_0x3be7c137544b15f1:0xc370b711f2e50540,weekend,17,264.0
POI_IND_9999_0x3be795980eda3f89:0x6fa89b9986935498,weekday,70,903.0
POI_IND_9999_0x3be7bb95216da195:0xd0855ca4091826ba,weekend,105,3671.0
POI_IND_9999_0x3be7ce11f86e09b3:0x7d50a8a335537da0,weekday,159,5961.0
POI_IND_9999_0x3be7d1c34895ab79:0x22b1c0dca90c51e3,weekday,128,6020.0
POI_IND_9999_0x3be7c9149f41a6bb:0x74665fccd70273bc,weekday,3,171.0
POI_IND_9999_0x3be7c91bdfb828cd:0x2aa41d9490bb7db5,weekend,60,2960.0
POI_IND_9999_0x3be7b7a012f3c535:0x597fbfc1dbca7512,weekday,2920,78598.0
POI_IND_9999_0x3be7b7a012f3c535:0x597fbfc1dbca7512,weekend,1503,40998.0
POI_IND_9999_0x3be7c93e67737047:0x403c5cb89a340e76,weekday,215,9403.0
POI_IND_9999_0x3be7b701648ae499:0x9a30184a91233be3,weekend,33,2132.0
POI_IND_9999_0x3be7b701648ae499:0x9a30184a91233be3,weekday,139,6281.0
POI_IND_9999_0x3be7b85e5f761c6b:0x77c5c2ab7f59d2e6,weekend,220,7788.0
POI_IND_9999_0x3be7c9dbadb09d39:0x969fb64e4b924906,weekday,125,3897.0
POI_IND_9999_0x3be7b12b52ac6b5b:0x642ef4204d26f4b1,weekend,197,8311.0
POI_IND_9999_0x3be7c9c03053fe57:0x1931cf470d26ecc7,weekday,103,4527.0
POI_IND_9999_0x3be7b6e2b939e1af:0xc91fbaff4c2bf8b4,weekday,98,2695.0
POI_IND_9999_0x3be71da6abb3b1c9:0xb9a32d4f572b97a,weekday,47,1835.0
POI_IND_9999_0x3be7aec0fadbda89:0xf5ee528d749aab1c,weekday,926,21785.0
POI_IND_9999_0x3be7a8c250b6be4f:0x75cc93cdd0e3760e,weekday,795,30689.0
POI_IND_9999_0x3be7ce0d5b1aacbd:0x2aab05eedf042fbb,weekday,346,12653.0
POI_IND_9999_0x3be7d10696e478ed:0x23466f98316a0d4e,weekday,62,2190.0
POI_IND_9999_0x3be7d10696e478ed:0x23466f98316a0d4e,weekend,9,695.0
POI_IND_9999_0x3be7cf9d2a9cee07:0x85aec37b12cab58a,weekend,291,8584.0
POI_IND_9999_0x3be7cf29c0d30255:0xde19efed6b31b244,weekday,121,4060.0
POI_IND_9999_0x3be795a339985e1f:0x83e52bfb2395070b,weekend,441,4454.0
POI_IND_9999_0x3be797fc89aa6375:0xbddf22f5a1103fa4,weekend,8,406.0
POI_IND_9999_0x3be7c9a19e149143:0xa673e7bd894b0401,weekend,48,1955.0
POI_IND_9999_0x3be7b745c8a1b043:0xb7ff9a28e8d781c3,weekend,261,7054.0
POI_IND_9999_0x3be7c91fd051de1d:0x6b24fc9ab779ee6e,weekend,47,2405.0
POI_IND_9999_0x3be7b6034770c06f:0x91663497eab95a48,weekday,29,1319.0
POI_IND_9999_0x3be7b732afe88cb1:0xe649fd05aaa1d14a,weekday,130,5707.0
POI_IND_9999_0x3be7c927c779e91f:0x8787f3c14789db71,weekday,52,2311.0
POI_IND_9999_0x3be7d1c0fb6b23a9:0x1ccd311198f0c5a2,weekend,89,3759.0
POI_IND_9999_0x3be7d1c0fb6b23a9:0x1ccd311198f0c5a2,weekday,130,6832.0
POI_IND_9999_0x3be7c30078daa8af:0x8f0d4a0788750c6d,weekday,216,3614.0
POI_IND_9999_0x3be795dbb9691b91:0x68ccd8db4b13fd13,weekday,150,2510.0
POI_IND_9999_0x3be7941719eecd31:0x24a2aad7fe2adfc5,weekday,109,4436.0
POI_IND_9999_0x3be7bd8ac8de8371:0xc771e097bd08910b,weekday,202,8732.0
POI_IND_9999_0x3be7bd8ac8de8371:0xc771e097bd08910b,weekend,80,3471.0
POI_IND_9999_0x3be7d1da3afdb27f:0xe0781a662aed053d,weekend,61,2290.0
POI_IND_9999_0x3be7cfaa127c8f61:0x767372fa60f754b2,weekend,45,2458.0
POI_IND_9999_0x3be7b77190a1ffdf:0xed831765e4473149,weekday,169,5248.0
POI_IND_9999_0x3be7c972a10ce2bf:0xd048a2ab79a10b35,weekday,284,12152.0
POI_IND_9999_0x3be7c972a10ce2bf:0xd048a2ab79a10b35,weekend,147,6457.0
POI_IND_9999_0x3be7b1eb203695ff:0x550430ddbf42c804,weekday,1046,26600.0
POI_IND_9999_0x3be7c9984340fa9b:0x242435186a314311,weekend,17,381.0
POI_IND_9999_0x3be7b16da5e4b8b5:0xef4a28970af8f10a,weekday,369,19629.0
POI_IND_9999_0x3be7c8275b76bb2b:0x74cd690feb5926c0,weekend,63,3574.0
POI_IND_9999_0x3be7b336d0850a71:0x57193d5c1568edf4,weekend,10,400.0
POI_IND_9999_0x3be7bb6d9639a055:0xfb42eb7e0c26e0a7,weekday,23,924.0
POI_IND_9999_0x3be7c146f9bf8c8d:0xddfb47797fb3883d,weekday,30,480.0
POI_IND_9999_0x3be7b1660dc4cfe9:0x7a19120bf550ef80,weekday,243,8623.0
POI_IND_9999_0x3be7b1660dc4cfe9:0x7a19120bf550ef80,weekend,107,4441.0
POI_IND_9999_0x3be79925c5017447:0xe81088983dcc8863,weekday,6,238.0
POI_IND_9999_0x3be7c83640be1427:0x66a11c178cdc3396,weekend,33,1304.0
POI_IND_9999_0x3be7c86d106ecde3:0x28cf20dba037b46a,weekend,42,1759.0
POI_IND_9999_0x3be7c962477f5c21:0x6eb1dab0627acbd8,weekend,35,1371.0
POI_IND_9999_0x3be7b8fbd5f92d2f:0xbcd3d502efdb4de6,weekend,166,5672.0
POI_IND_9999_0x3be7e9fdb479e83d:0xe7552c1e98c1efea,weekend,59,1371.0
POI_IND_9999_0x3be7d1db86cb7aa7:0x950b65f21118600b,weekday,24,1430.0
POI_IND_9999_0x3be7bbcf848c77a5:0x4c1790f834e2256c,weekday,51,3349.0
POI_IND_9999_0x3be7bbcf848c77a5:0x4c1790f834e2256c,weekend,21,1082.0
POI_IND_9999_0x3be7c11f070059a7:0x27b655a2b78920c6,weekend,72,1619.0
POI_IND_9999_0x3be7cf4dd79976a3:0x8ae15efc7345357e,weekend,79,2352.0
POI_IND_9999_0x3be7d1d98eead881:0x7cc1a5550de388f6,weekday,122,5513.0
POI_IND_9999_0x3be7b7f425f686f5:0xe04b1352c83346fc,weekend,11,489.0
POI_IND_9999_0x3be7b3de7d41c811:0xc123c735c9b3ca74,weekday,4,4.0
POI_IND_9999_0x3be7b3de7d41c811:0xc123c735c9b3ca74,weekend,3,102.0
POI_IND_9999_0x3be7c90029a90c85:0xa61ecb45ec9374f5,weekday,74,2494.0
POI_IND_9999_0x3be7cf9757ef9283:0x703616f751b735a6,weekday,271,11222.0
POI_IND_9999_0x3be7cf9757ef9283:0x703616f751b735a6,weekend,62,2999.0
POI_IND_9999_0x3be7d100a0c754ad:0x22b5205d73f42312,weekday,35,1182.0
POI_IND_9999_0x3be7b9d440291ba9:0xca8902d12f55df75,weekday,121,8505.0
POI_IND_9999_0x3be7b08a902caf25:0x80244a6c83fd606b,weekend,32,1402.0
POI_IND_9999_0x3be795644c911b33:0x12cfa540daa19f1,weekday,169,1729.0
POI_IND_9999_0x3be7c99fce541413:0x664b6f3a94e3fdf2,weekend,31,1483.0
POI_IND_9999_0x3be795013737631b:0xe6901270fa9d1ff6,weekend,2,87.0
POI_IND_9999_0x3be797ef42e4eff3:0x2b82736be5866b0e,weekend,4,103.0
POI_IND_9999_0x3be7cefd98002ccf:0x768a191e1d6413e2,weekday,688,21623.0
POI_IND_9999_0x3be7bf8960971a95:0xf4ba01f918ea1384,weekday,178,4832.0
POI_IND_9999_0x3be7b08a855deeeb:0xa8f33ca7aa12562f,weekend,114,6046.0
POI_IND_9999_0x3be7bed2ba155545:0x23d8ecbd59af069,weekend,58,2918.0
POI_IND_9999_0x3be7b9d2d4f56bed:0x4f96ca1879360691,weekday,201,9209.0
POI_IND_9999_0x3be7b9d2d4f56bed:0x4f96ca1879360691,weekend,87,3662.0
POI_IND_9999_0x3be7b02f1494195d:0xc8521194c8e6dc9b,weekday,580,17032.0
POI_IND_9999_0x3be7c9c90a4ab9ad:0x392a6b2e98662790,weekday,217,8245.0
POI_IND_9999_0x3be7ced14218f28b:0x8074e2db40855e2f,weekend,181,5991.0
POI_IND_9999_0x3be7b1bce5890f0b:0x73dc2520546b6923,weekend,300,9228.0
POI_IND_9999_0x3be7b876e371b68b:0xcf98e6d28c5d2c18,weekend,106,3597.0
POI_IND_9999_0x3be7c75edc293857:0xd505717afda3ff16,weekend,49,2014.0
POI_IND_9999_0x3be7b7f73675c153:0x20521257020eaff,weekend,48,2714.0
POI_IND_9999_0x3be7c80e4557b8c5:0xc9f3453625967182,weekday,21,612.0
POI_IND_9999_0x3be7b15ca8550253:0xfe1a4dbc8ece8310,weekday,577,17557.0
POI_IND_9999_0x3be7cf568a821f09:0xf47578e29eb289b2,weekend,61,3681.0
POI_IND_9999_0x3be7b6f0d1e8ac9d:0x449a92aa8c0d528d,weekend,107,3690.0
POI_IND_9999_0x3be7b63c9b326155:0x5386f3d95c059048,weekday,113,3019.0
POI_IND_9999_0x3be7b63c9b326155:0x5386f3d95c059048,weekend,20,272.0
POI_IND_9999_0x3be7c9e12b6d09bb:0x30f09bd486beaa4,weekday,198,8366.0
POI_IND_9999_0x3be7c9e12b6d09bb:0x30f09bd486beaa4,weekend,72,2666.0
POI_IND_9999_0x3be7c863e8557381:0xb31b6fd19a1dfff4,weekend,60,2071.0
POI_IND_9999_0x3be7b7e9573a0cad:0x8e8d6e5717ee7be1,weekday,172,5939.0
POI_IND_9999_0x3be7b6379aaaaaab:0x204c9175902277cb,weekday,215,5813.0
POI_IND_9999_0x3be7b6379aaaaaab:0x204c9175902277cb,weekend,110,3056.0
POI_IND_9999_0x3be7c9a143ffa273:0xec5689473e7a6de6,weekend,141,4435.0
POI_IND_9999_0x3be7c9a6fd005a73:0x1f422c75c6212f4c,weekday,190,10182.0
POI_IND_9999_0x3be7c96f0849c345:0x6e0276cc57b4b0ab,weekday,93,5398.0
POI_IND_9999_0x3be7b13affffffff:0xf22dcacfcf21cbfa,weekend,835,29013.0
POI_IND_9999_0x3be71cc297535fb5:0xd94ee337fd90f816,weekend,519,6925.0
POI_IND_9999_0x3be7c9a2a9fa620b:0x6d4348a182244a0e,weekend,66,2091.0
POI_IND_9999_0x3be7b75eb43cd253:0x215dae572936396e,weekday,375,15836.0
POI_IND_9999_0x3be7b75f0c709e65:0x166fcd59a9d4c1be,weekday,86,4640.0
POI_IND_9999_0x3be7b64c2ea3d18b:0xedbc64de46889c9b,weekend,117,5375.0
POI_IND_9999_0x3be7b7f2ce5c1d2b:0xc1c9aace5a3c5c5d,weekday,860,28829.0
POI_IND_9999_0x3be7bd090f57aaf5:0xeb2eb27d5ec9e69d,weekend,253,4364.0
POI_IND_9999_0x3be7c3584ecde8b1:0xfd9d2123a56dd318,weekend,210,5622.0
POI_IND_9999_0x3be7c3e79fbfd255:0x6a4703f8e0fd0457,weekday,50,1083.0
POI_IND_9999_0x3be7ede0c0d5f28d:0x8e4447350c0dcad0,weekend,92,3528.0
POI_IND_9999_0x3be7ede0c0d5f28d:0x8e4447350c0dcad0,weekday,216,8115.0
POI_IND_9999_0x3be7b16713687cc3:0x16eb9c1cb083bf42,weekday,60,3739.0
POI_IND_9999_0x3be7b707d17e69c1:0x24225f696faafac2,weekend,313,8041.0
POI_IND_9999_0x3be7c99bc873d559:0xdcbe3f734bfda958,weekday,142,4883.0
POI_IND_9999_0x3be7b70bd52a6abd:0xf3457676c98de805,weekend,23,1576.0
POI_IND_9999_0x3be7b0e2ddf18cad:0x2e572370e3ada6d0,weekday,926,19162.0
POI_IND_9999_0x3be7b0e2ddf18cad:0x2e572370e3ada6d0,weekend,531,9043.0
POI_IND_9999_0x3be7b9eac1ccdfc9:0x100f3be75e2a850,weekday,569,20303.0
POI_IND_9999_0x3be7bdfc0fe9d4f7:0xbb8a8bea6c557c24,weekend,2,101.0
POI_IND_9999_0x3be7b9275ea3e8ff:0x927c1695ba05bf1c,weekend,107,3606.0
POI_IND_9999_0x3be7c1470dadc057:0xe4053239c4f77b5a,weekday,116,1799.0
POI_IND_9999_0x3be7bd64001e4447:0xdd774c1f14985661,weekday,16,95.0
POI_IND_9999_0x3be7ed368ddca475:0x875b438e336fb35c,weekday,1,1.0
POI_IND_9999_0x3be7934418ce9b63:0xc3d35e7135233acf,weekday,161,2317.0
POI_IND_9999_0x3be7c14e932b1ff7:0x96fb63946cffd04e,weekend,28,669.0
POI_IND_9999_0x3be7c14e932b1ff7:0x96fb63946cffd04e,weekday,31,1074.0
POI_IND_9999_0x3be7b65b456ea2bf:0xb234dd12a4816790,weekend,148,5678.0
POI_IND_9999_0x3be7c9002a3a0b57:0x38bf07d2b19236d3,weekend,42,1481.0
POI_IND_9999_0x3be7c61e4a408a41:0x5aa088dfc7864ffe,weekend,52,1696.0
POI_IND_9999_0x3be7c9d5299d4ab7:0x1bb13036ba37110e,weekday,187,8066.0
POI_IND_9999_0x3be7c9946d3c5285:0xa9d747d9bd3e1be8,weekday,191,5685.0
POI_IND_9999_0x3be7bfd247f48717:0x90ed8af6d6e8748f,weekend,5,80.0
POI_IND_9999_0x3be7b9bff99a6627:0xe7e9b463f761fbef,weekday,836,28949.0
POI_IND_9999_0x3be7b9e600e192c7:0xcf1ef093ae6db9cc,weekday,951,24711.0
POI_IND_9999_0x3be7953ea3554867:0xebbcabdda3b65002,weekend,104,1565.0
POI_IND_9999_0x3be79515402ac13d:0xbd73d5a0087cb1a9,weekday,80,4036.0
POI_IND_9999_0x3be7c14eeaaaaaab:0xddc770373020466f,weekend,28,572.0
POI_IND_9999_0x3be78d5474fe47d1:0x337503986b88327c,weekday,1,1.0
POI_IND_9999_0x3be7d77eadcb63c9:0xb6465ebabeccb6d9,weekday,33,321.0
POI_IND_9999_0x3be7b6bc7f75e841:0x105e2e66fa02a083,weekend,22,1256.0
POI_IND_9999_0x3be7b6bc7f75e841:0x105e2e66fa02a083,weekday,68,3037.0
POI_IND_9999_0x3be7d1c11028e021:0xe8f80087e87eab67,weekend,65,2280.0
POI_IND_9999_0x3be7b1d1438443d1:0x9e1f66bb7e8404ab,weekday,172,7741.0
POI_IND_9999_0x3be7b1d1438443d1:0x9e1f66bb7e8404ab,weekend,71,2654.0
POI_IND_9999_0x3be7cf6d431be0a3:0x7bc234f8843211f3,weekend,408,6441.0
POI_IND_9999_0x3be7b72f9373c295:0x6ae0b77e71538ff6,weekday,125,3983.0
POI_IND_9999_0x3be7b3216b2d63d5:0x72f26122d3753fa2,weekend,2,200.0
POI_IND_9999_0x3be7c9dd3812c1f5:0xc635dfe3a843596f,weekday,38,2359.0
POI_IND_9999_0x3be7c972e372dc89:0x7119512c355de576,weekend,110,2585.0
POI_IND_9999_0x3be7b7bb85acc585:0xe71213de92da3416,weekday,1269,26643.0
POI_IND_9999_0x3be7b7bb85acc585:0xe71213de92da3416,weekend,606,12047.0
POI_IND_9999_0x3be7c9b4370182c5:0x6b63e2ee13bf7a51,weekday,336,11770.0
POI_IND_9999_0x3be7c15e342b1d1d:0xc594b35c0013a877,weekday,288,3435.0
POI_IND_9999_0x3be7b95be6e58483:0xc0667fd6354253d9,weekend,56,1932.0
POI_IND_9999_0x3be7cfc075d93651:0xd988555cdc595101,weekend,289,5084.0
POI_IND_9999_0x3be7cef644fed911:0xbbef2cc6aa52ba3e,weekend,37,1012.0
POI_IND_9999_0x3be7b70b7454e789:0x875cb700d529c47,weekday,55,2257.0
POI_IND_9999_0x3be7b6d8c1038955:0x49df047bfeffff66,weekend,129,5314.0
POI_IND_9999_0x3be7b6d8c1038955:0x49df047bfeffff66,weekday,251,11569.0
POI_IND_9999_0x3be7c8ec2e893a25:0x8f200694d75bd87f,weekend,3,116.0
POI_IND_9999_0x3be7c57677c99c27:0xa8ad946809685893,weekday,287,13537.0
POI_IND_9999_0x3be7c9ccaf4920d9:0x2b69972f54f4e6ff,weekend,66,2591.0
POI_IND_9999_0x3be7c8659f44aaf1:0x3239b0609d4a5365,weekday,206,6343.0
POI_IND_9999_0x3be7cf21727d5445:0xd65cc0447b771683,weekday,433,18423.0
POI_IND_9999_0x3be7ce3ef1c61219:0x7964717f5de53d91,weekday,453,13658.0
POI_IND_9999_0x3be7cff12a2207d5:0x73b3f5df0615e537,weekend,132,4551.0
POI_IND_9999_0x3be79391255d2f4f:0xb7c5e850905fc05,weekend,30,1426.0
POI_IND_9999_0x3be7bf6659754e5b:0xe3e46af24d760f9b,weekend,13,237.0
POI_IND_9999_0x3be7bf6659754e5b:0xe3e46af24d760f9b,weekday,34,482.0
POI_IND_9999_0x3be7b9e7560eaa5b:0xe4bb2e5c61eea393,weekday,1834,43994.0
POI_IND_9999_0x3be7b02916b19f95:0x69ff2533157b9704,weekday,242,12364.0
POI_IND_9999_0x3be7b02916b19f95:0x69ff2533157b9704,weekend,108,5581.0
POI_IND_9999_0x3be7b04de37076d7:0xefe141bbbccc2862,weekday,82,1947.0
POI_IND_9999_0x3be7cfc089ca50ff:0xc273c4be894dd27c,weekday,662,25853.0
POI_IND_9999_0x3be7cf0012e16e91:0x2831f371865c26a6,weekday,939,18693.0
POI_IND_9999_0x3be7b8624ec794c3:0xd0fe454f293f27a6,weekday,55,3039.0
POI_IND_9999_0x3be7c90a4bcbc8cb:0xc0dc4ce4e290d47c,weekday,109,3804.0
POI_IND_9999_0x3be7c90a4bcbc8cb:0xc0dc4ce4e290d47c,weekend,42,1037.0
POI_IND_9999_0x3be7cf0070ebf053:0x3f5fe7f94c52b7cc,weekday,30,1377.0
POI_IND_9999_0x3be7d1dcbea6be7f:0x45a6cae61ba5b1de,weekend,12,763.0
POI_IND_9999_0x3be7c92dac1b289d:0x879f4dfa9727d9d0,weekend,26,1301.0
POI_IND_9999_0x3be7c92dac1b289d:0x879f4dfa9727d9d0,weekday,76,3721.0
POI_IND_9999_0x3be7945c112eab5f:0xb0922b11a4b66d54,weekday,207,6637.0
POI_IND_9999_0x3be797178b0f5e23:0x8ec07e78f71c1d1e,weekday,796,11306.0
POI_IND_9999_0x3be7955e60e3ddf3:0x230b8297602b6351,weekend,28,805.0
POI_IND_9999_0x3be7c3c107a5e5bb:0x6ec396db06d9a971,weekend,107,800.0
POI_IND_9999_0x3be7c88440000013:0xb0b54b9dee8b1510,weekday,886,36903.0
POI_IND_9999_0x3be7b75dc75fb493:0x817a94a996ca2179,weekend,35,1461.0
POI_IND_9999_0x3be7b75dc75fb493:0x817a94a996ca2179,weekday,89,3740.0
POI_IND_9999_0x3be7c9bbd1072bbd:0x44a0ca9f7b9665db,weekday,2130,71710.0
POI_IND_9999_0x3be7b700285213c3:0xe00351bca7b0d8b4,weekend,213,5905.0
POI_IND_9999_0x3be7b15f8d7e0c25:0x9010a592a263627c,weekend,49,1206.0
POI_IND_9999_0x3be7c9634995f9bb:0x8b2c0d6e5bd6039b,weekday,427,9811.0
POI_IND_9999_0x3be7c9b5d31e4e9f:0xa66a663540b8ca49,weekend,12,611.0
POI_IND_9999_0x3be7c975299e8b7b:0x5c1e38cdfb178af0,weekend,70,3329.0
POI_IND_9999_0x3be7c6019121bf75:0x215a99fc195d6e41,weekend,21,1046.0
POI_IND_9999_0x3be7c9575e031b9b:0x6a50e8493695fb4d,weekend,75,1483.0
POI_IND_9999_0x3be79418a822a3bd:0x4e945822e4195925,weekend,16,240.0
POI_IND_9999_0x3be79418a822a3bd:0x4e945822e4195925,weekday,28,1114.0
POI_IND_9999_0x3be7bbb701aeb163:0xeb3fd4ecd95b6d09,weekend,12,363.0
POI_IND_9999_0x3be7bbb701aeb163:0xeb3fd4ecd95b6d09,weekday,23,823.0
POI_IND_9999_0x3be7c25259a49fc3:0x4d7356a85ba35217,weekday,24,481.0
POI_IND_9999_0x3be7ed4bc8be83c5:0xc98625e17a4a4733,weekday,122,4105.0
POI_IND_9999_0x3be7b93c2ae9bb19:0xa6bce0059888057f,weekday,241,9114.0
POI_IND_9999_0x3be7bb90caf77b51:0x213bc890c22ca912,weekend,3,300.0
POI_IND_9999_0x3be7c9f7cb5006db:0x17b1cc7317842ad4,weekday,193,10055.0
POI_IND_9999_0x3be7bf5c3341b807:0x691e302311329ba6,weekday,36,1197.0
POI_IND_9999_0x3be7c9ae81b1f825:0x515a216360c1e667,weekend,45,2161.0
POI_IND_9999_0x3be7b7c7edc8c9bb:0x33016b570a7ce543,weekend,22,1360.0
POI_IND_9999_0x3be7c7bf4876ad67:0xfdc000394740b943,weekday,37,1847.0
POI_IND_9999_0x3be7b7760d1e9e41:0xa44b7c0b4fa3096,weekend,42,1812.0
POI_IND_9999_0x3be7c94709994f15:0xbbc0becf5b6d3c1a,weekend,29,1335.0
POI_IND_9999_0x3be7c9aca86d8675:0x79a559235dace0d5,weekday,335,15856.0
POI_IND_9999_0x3be7b79fcc81e8c5:0x17fa0f99c68af630,weekday,607,20537.0
POI_IND_9999_0x3be7c742bf839f1d:0x5617440a72252100,weekday,62,1984.0
POI_IND_9999_0x3be7b0d73f3b64bb:0x6029da0bebe2828,weekday,337,13824.0
POI_IND_9999_0x3be7b6de7e311279:0x80729f948952ac28,weekend,41,1027.0
POI_IND_9999_0x3be7c792367a2041:0x912af218cd12e8b7,weekend,265,8346.0
POI_IND_9999_0x3be7c82aca3214fd:0x4b931dee55307cc6,weekday,226,6187.0
POI_IND_9999_0x3be7c82aca3214fd:0x4b931dee55307cc6,weekend,94,2878.0
POI_IND_9999_0x3be7d17a54072cef:0x854a618ec44c3c59,weekday,231,7137.0
POI_IND_9999_0x3be7c8d7abbea4ff:0x2dc483bf3e52e725,weekday,56,2090.0
POI_IND_9999_0x3be7c7ae2de8a8df:0xa9f72a12941bc8ce,weekday,270,5694.0
POI_IND_9999_0x3be7c7ae2de8a8df:0xa9f72a12941bc8ce,weekend,92,2230.0
POI_IND_9999_0x3be7b12d489a77cf:0x8a62585fb7b6de4a,weekday,34,2433.0
POI_IND_9999_0x3be7c94f731e8d61:0x7ae2f2cfb614b74b,weekday,323,11204.0
POI_IND_9999_0x3be7c94f731e8d61:0x7ae2f2cfb614b74b,weekend,194,4785.0
POI_IND_9999_0x3be7c913a0c40509:0x3687ed2bbd96cc0d,weekend,78,3701.0
POI_IND_9999_0x3be7c913a0c40509:0x3687ed2bbd96cc0d,weekday,144,6133.0
POI_IND_9999_0x3be7ce96a74ffab5:0x11788fc3fa9984b3,weekday,132,3929.0
POI_IND_9999_0x3be7cff1e28604b1:0x92a087f9b6ad89f7,weekend,93,4136.0
POI_IND_9999_0x3be7c8eeb55875b3:0xc8da7d47cb24a8c0,weekday,422,13226.0
POI_IND_9999_0x3be795d056a4f3d7:0x95203a96a4f9e6fa,weekend,79,1480.0
POI_IND_9999_0x3be79534b7b359a3:0xfa95916bb6326e06,weekday,44,2070.0
POI_IND_9999_0x3be79381a6a36aa5:0x4daa24e7196aaf99,weekday,120,4388.0
POI_IND_9999_0x3be7b10043f7de43:0xb21182ad2af497f,weekday,107,2433.0
POI_IND_9999_0x3be7b10043f7de43:0xb21182ad2af497f,weekend,42,843.0
POI_IND_9999_0x3be7c34e7ace0eb3:0x3afecddefc158fdd,weekend,18,291.0
POI_IND_9999_0x3be7c34e7ace0eb3:0x3afecddefc158fdd,weekday,25,667.0
POI_IND_9999_0x3be7bb1c3253563f:0xa4581f6d67599046,weekend,508,8933.0
POI_IND_9999_0x3be7958aa7f83d85:0x3167b18f4f45fbbc,weekend,59,876.0
POI_IND_9999_0x3be793003e59c241:0xeed9a93431023e6a,weekend,8,538.0
POI_IND_9999_0x3be7bf004f8fde81:0x518b902c326bc8c8,weekend,218,3149.0
POI_IND_9999_0x3be7bbde1b9acf5d:0xb30ff17130f2cc4e,weekday,193,5043.0
POI_IND_9999_0x3be7bbde1b9acf5d:0xb30ff17130f2cc4e,weekend,68,2444.0
POI_IND_9999_0x3be7c30066218819:0x665e29636268046f,weekday,621,13535.0
POI_IND_9999_0x3be7c1358611df07:0xa62b93447eeb3c0e,weekday,172,1409.0
POI_IND_9999_0x3be7ed55939748c9:0x72bcb40e5dcee5b3,weekend,48,2268.0
POI_IND_9999_0x3be7b1d20780a709:0x5a93f4c7850b055a,weekend,88,3302.0
POI_IND_9999_0x3be7930cb3dbca65:0xb33783df8d405026,weekday,58,3856.0
POI_IND_9999_0x3be7e9109396612b:0x966cae4107dc60a0,weekday,324,1360.0
POI_IND_9999_0x3be7d1af76f9923d:0xfbeaf2dbb498b6e7,weekend,57,2379.0
POI_IND_9999_0x3be795f4c6f67ef7:0xc592a053bcc0164,weekend,7,550.0
POI_IND_9999_0x3be795f4c6f67ef7:0xc592a053bcc0164,weekday,3,58.0
POI_IND_9999_0x3be7cf2c101d7649:0xd1dc7fc6d5eccbfc,weekday,54,3294.0
POI_IND_9999_0x3be7b16e8f5dec77:0x91dd70e2f4e887d6,weekday,80,3700.0
POI_IND_9999_0x3be7c900326aa277:0x811f92c4d3116811,weekday,111,3348.0
POI_IND_9999_0x3be7c995e487917d:0xd538fb093390389,weekday,190,10431.0
POI_IND_9999_0x3be7c995e487917d:0xd538fb093390389,weekend,143,5281.0
POI_IND_9999_0x3be7b8efe852ac21:0xb551f82012adecea,weekend,39,2178.0
POI_IND_9999_0x3be7b8efe852ac21:0xb551f82012adecea,weekday,125,6900.0
POI_IND_9999_0x3be7c9c03053fe57:0x1931cf470d26ecc7,weekend,34,1514.0
POI_IND_9999_0x3be7b6e2b939e1af:0xc91fbaff4c2bf8b4,weekend,31,917.0
POI_IND_9999_0x3be71da6abb3b1c9:0xb9a32d4f572b97a,weekend,22,467.0
POI_IND_9999_0x3be7cedc9bfa4fe7:0x1214b6ef1174c500,weekend,140,4588.0
POI_IND_9999_0x3be7cf9d2a9cee07:0x85aec37b12cab58a,weekday,782,20993.0
POI_IND_9999_0x3be7ce8a8957a3ad:0xd7a20512d5a96ee1,weekday,572,8144.0
POI_IND_9999_0x3be7b6589c407ef1:0xe93d015f26a2d490,weekend,112,3017.0
POI_IND_9999_0x3be7c9006531d4a9:0xfdba69b72e2af81d,weekend,78,3831.0
POI_IND_9999_0x3be7c9a5ea498fb7:0xb431b48458249ca0,weekday,259,9417.0
POI_IND_9999_0x3be7c9a5ea498fb7:0xb431b48458249ca0,weekend,69,2325.0
POI_IND_9999_0x3be7b9f9ed50a32d:0x1b4e3c8f56ba2add,weekday,69,3742.0
POI_IND_9999_0x3be7c9000a3b175d:0x2f289a5ec6292a35,weekday,82,4393.0
POI_IND_9999_0x3be7c7e483ff7bc5:0x4aedaa4c28e9096e,weekday,261,10142.0
POI_IND_9999_0x3be7c804dc695b67:0x798f1b3a08ba717e,weekend,583,14252.0
POI_IND_9999_0x3be7c804dc695b67:0x798f1b3a08ba717e,weekday,1155,30899.0
POI_IND_9999_0x3be7b7003b623209:0x39160d023e2a29fd,weekday,17,463.0
POI_IND_9999_0x3be7b7003b623209:0x39160d023e2a29fd,weekend,9,386.0
POI_IND_9999_0x3be7b64c2f983f51:0xdf64d26e6994c4fc,weekend,49,2706.0
POI_IND_9999_0x3be7c91fd051de1d:0x6b24fc9ab779ee6e,weekday,279,6895.0
POI_IND_9999_0x3be7c93c0c2ca3bb:0xe79c92cf8871d579,weekday,121,4653.0
POI_IND_9999_0x3be7c90023688d55:0xd7dbf86e00108f8,weekday,102,5413.0
POI_IND_9999_0x3be7c30078daa8af:0x8f0d4a0788750c6d,weekend,80,1761.0
POI_IND_9999_0x3be7bf7d9371625f:0xc73f5bf42a2b0008,weekend,198,6231.0
POI_IND_9999_0x3be795dbb9691b91:0x68ccd8db4b13fd13,weekend,70,1704.0
POI_IND_9999_0x3be799ebf7bc1dd7:0xa8b387c429826425,weekday,105,4642.0
POI_IND_9999_0x3be7ba897e29e29d:0xf38ee77a2ab557d0,weekend,11,788.0
POI_IND_9999_0x3be7cecf6be3e423:0xe047353c77a2614c,weekday,91,3334.0
POI_IND_9999_0x3be7cecf6be3e423:0xe047353c77a2614c,weekend,39,1501.0
POI_IND_9999_0x3be7aeb92a446ddd:0xe63b669dafb500f1,weekday,50,1246.0
POI_IND_9999_0x3be7b775e33673c3:0x83b4d25d2b16b789,weekday,96,3093.0
POI_IND_9999_0x3be7b8765bc7db81:0x6e43c1482a59ab71,weekday,433,16154.0
POI_IND_9999_0x3be7b16da5e4b8b5:0xef4a28970af8f10a,weekend,227,10174.0
POI_IND_9999_0x3be7c9b6c4fa0b37:0x8578bbe962e4f831,weekday,211,6510.0
POI_IND_9999_0x3be7c924da68848f:0x4a185623eaf030fd,weekend,10,615.0
POI_IND_9999_0x3be7c780db586f71:0x1a9574ed2c5e8631,weekday,78,2840.0
POI_IND_9999_0x3be7bb6d9639a055:0xfb42eb7e0c26e0a7,weekend,12,109.0
POI_IND_9999_0x3be795b3ebcf6a41:0xfa359d94b69d9e81,weekend,71,1129.0
POI_IND_9999_0x3be7b9c42fc762a3:0x302d385efadb71ac,weekend,12,896.0
POI_IND_9999_0x3be7ab3ebd208fa3:0x85e1d9ebe9787c98,weekday,2,2.0
POI_IND_9999_0x3be7b9877db7687d:0xcbea27fdb4cf7f78,weekday,254,9872.0
POI_IND_9999_0x3be7b9877db7687d:0xcbea27fdb4cf7f78,weekend,105,5052.0
POI_IND_9999_0x3be79925c5017447:0xe81088983dcc8863,weekend,1,79.0
POI_IND_9999_0x3be7c12440ee77e3:0xdde978c0d9885cc,weekday,336,5657.0
POI_IND_9999_0x3be7c12440ee77e3:0xdde978c0d9885cc,weekend,92,1369.0
POI_IND_9999_0x3be7c16ba639530f:0x8e5633555c06e5f9,weekday,70,997.0
POI_IND_9999_0x3be7c16ba639530f:0x8e5633555c06e5f9,weekend,20,543.0
POI_IND_9999_0x3be7ce867aa462f7:0x7163257680c33d79,weekday,122,7452.0
POI_IND_9999_0x3be7ce867aa462f7:0x7163257680c33d79,weekend,48,2155.0
POI_IND_9999_0x3be7baa422438f0d:0x832b23dfe641cc08,weekend,9,160.0
POI_IND_9999_0x3be7c9bf807d38d9:0xe86ea7728f8661c4,weekend,10,704.0
POI_IND_9999_0x3be7c60e2ae09ad3:0xb3ca4697a2c51008,weekend,57,2444.0
POI_IND_9999_0x3be7c787e26d1ccf:0x1d7fa1dd02b27434,weekday,922,24827.0
POI_IND_9999_0x3be7c962477f5c21:0x6eb1dab0627acbd8,weekday,200,8162.0
POI_IND_9999_0x3be7cedaf778daa7:0xda9e6c618aaedac6,weekend,132,3071.0
POI_IND_9999_0x3be7b63c5dde6425:0x78f3f6fc8b314536,weekend,53,1815.0
POI_IND_9999_0x3be7cf33e3f27a03:0x962caeb87d90b4f7,weekday,1096,29540.0
POI_IND_9999_0x3be77fbb0bae9cf5:0x32a0ba6b494f968,weekend,1,54.0
POI_IND_9999_0x3be7bb00302717eb:0x2519a3ca0ba5247,weekend,36,912.0
POI_IND_9999_0x3be7c3523ccb5193:0xdbd27685ba13323e,weekend,23,139.0
POI_IND_9999_0x3be79440db315a3b:0xd1d3df7080fe6dad,weekday,82,3799.0
POI_IND_9999_0x3be79440db315a3b:0xd1d3df7080fe6dad,weekend,36,1732.0
POI_IND_9999_0x3be7cf4dd79976a3:0x8ae15efc7345357e,weekday,178,4222.0
POI_IND_9999_0x3be7c8523d053da7:0xcae6909096ec9d6a,weekend,18,752.0
POI_IND_9999_0x3be7c8eea58dd9ab:0xb9a6111e2710c7de,weekday,102,4934.0
POI_IND_9999_0x3be7c92df97ce6b3:0x4557466448f346b6,weekend,14,864.0
POI_IND_9999_0x3be7c92df97ce6b3:0x4557466448f346b6,weekday,38,2025.0
POI_IND_9999_0x3be795bdab89508f:0x28d1b159ebb1ed12,weekend,450,2574.0
POI_IND_9999_0x3be7b9d440291ba9:0xca8902d12f55df75,weekend,69,4842.0
POI_IND_9999_0x3be7afcfb4dfc2ad:0x892552a112ee1a64,weekend,157,3794.0
POI_IND_9999_0x3be7bf5ab9bf341f:0x7171db0472d0fc0b,weekday,11,228.0
POI_IND_9999_0x3be7b08a902caf25:0x80244a6c83fd606b,weekday,51,2410.0
POI_IND_9999_0x3be7c1cb4d0e00ef:0x812c3c9eb086b64b,weekday,132,2712.0
POI_IND_9999_0x3be7c1f3e38611e1:0x17a32a9c2164e7dd,weekend,18,278.0
POI_IND_9999_0x3be7bd013da1476b:0xb393b479a7244536,weekend,22,870.0
POI_IND_9999_0x3be795013737631b:0xe6901270fa9d1ff6,weekday,14,410.0
POI_IND_9999_0x3be7d1e65933ff2d:0xa26cabde8d5d5c91,weekend,356,12653.0
POI_IND_9999_0x3be797ef42e4eff3:0x2b82736be5866b0e,weekday,2,101.0
POI_IND_9999_0x3be7b924487dd125:0xa635ab67f241a059,weekday,205,8167.0
POI_IND_9999_0x3be7b924487dd125:0xa635ab67f241a059,weekend,89,3421.0
POI_IND_9999_0x3be7943e983f1413:0xf0bb2d9a3f616738,weekend,18,976.0
POI_IND_9999_0x3be7b92219d8112d:0x6d95527a0cd6cfd8,weekday,628,10962.0
POI_IND_9999_0x3be7c1eadd74984b:0x8436e71853ffa407,weekday,313,6918.0
POI_IND_9999_0x3be7bf8960971a95:0xf4ba01f918ea1384,weekend,79,2396.0
POI_IND_9999_0x3be7bd4e2ff80809:0xcb1e3d55c841c63,weekday,32,587.0
POI_IND_9999_0x3be7bd4e2ff80809:0xcb1e3d55c841c63,weekend,27,1285.0
POI_IND_9999_0x3be7b0f30d1b7e41:0xf14a0d8599bb44dc,weekend,54,2049.0
POI_IND_9999_0x3be7c90b8dd05785:0x8e2180e75feee4d6,weekend,48,1650.0
POI_IND_9999_0x3be7cf61595f9679:0x7a31e77e47452a4c,weekend,37,2102.0
POI_IND_9999_0x3be7d1ec03a13f3b:0xec05a6e412c6b9de,weekday,62,2742.0
POI_IND_9999_0x3be7ce71c7c00b11:0x53c761ab9b23313e,weekday,76,2238.0
POI_IND_9999_0x3be7ce71c7c00b11:0x53c761ab9b23313e,weekend,32,1242.0
POI_IND_9999_0x3be7cf838450ce8b:0xe6b9d29419f2cb0,weekend,29,921.0
POI_IND_9999_0x3be7ce1a06b8fddd:0xc46ef84f839f4e7c,weekday,206,6449.0
POI_IND_9999_0x3be7d1dc9e55a795:0xf11256967539e4d1,weekend,33,1037.0
POI_IND_9999_0x3be7cf1fede8e3d3:0x5ac217d169e043a5,weekend,34,1618.0
POI_IND_9999_0x3be7b98f47e7ca1d:0xfdd0d31cf147c4ba,weekday,418,9883.0
POI_IND_9999_0x3be7959116427fcb:0xfbfceeb2a31ca06b,weekday,55,917.0
POI_IND_9999_0x3be7b047cb6edc55:0xdb678e7d31a8c42,weekend,51,1815.0
POI_IND_9999_0x3be7c70019a66515:0x1de4a9877afe840c,weekend,42,2034.0
POI_IND_9999_0x3be7b7f73675c153:0x20521257020eaff,weekday,132,8162.0
POI_IND_9999_0x3be7c982a79f1d7f:0x727177576000b475,weekday,91,3993.0
POI_IND_9999_0x3be7c982a79f1d7f:0x727177576000b475,weekend,38,1021.0
POI_IND_9999_0x3be7b1cb5795e515:0x4a30c8d76f482b9f,weekend,195,5658.0
POI_IND_9999_0x3be7b02a38855ec1:0x6ba29a8e333bd159,weekend,16,878.0
POI_IND_9999_0x3be7c80e4557b8c5:0xc9f3453625967182,weekend,7,555.0
POI_IND_9999_0x3be7c88c50b2814d:0xa700fde0f697cce2,weekday,1418,57196.0
POI_IND_9999_0x3be7c9e8ad36e715:0x7d7e574f5521bf30,weekday,115,5545.0
POI_IND_9999_0x3be7c96679ecff3d:0x157d2909b12ddc95,weekend,485,14963.0
POI_IND_9999_0x3be7c863e8557381:0xb31b6fd19a1dfff4,weekday,110,5499.0
POI_IND_9999_0x3be7b7e9573a0cad:0x8e8d6e5717ee7be1,weekend,38,1272.0
POI_IND_9999_0x3be7b8ff8379c5ff:0x193c38d139a7d1d5,weekday,1566,46143.0
POI_IND_9999_0x3be7cf583d3cb7c7:0xe56ab24270115347,weekend,136,6043.0
POI_IND_9999_0x3be7c9a143ffa273:0xec5689473e7a6de6,weekday,243,10383.0
POI_IND_9999_0x3be7c96f0849c345:0x6e0276cc57b4b0ab,weekend,36,1827.0
POI_IND_9999_0x3be7b13affffffff:0xf22dcacfcf21cbfa,weekday,1710,68259.0
POI_IND_9999_0x3be796e3b940a7cb:0xd2a2832f73b6f7c1,weekend,1,100.0
POI_IND_9999_0x3be7950072a10c6b:0x5f6f6e696ca730dd,weekend,6,203.0
POI_IND_9999_0x3be7b06af48b4ff5:0xf3710589f82ae7a8,weekday,307,11319.0
POI_IND_9999_0x3be7b75f0c709e65:0x166fcd59a9d4c1be,weekend,25,1491.0
POI_IND_9999_0x3be7b7c5fc0379d3:0x7c654e195dc237fb,weekend,26,522.0
POI_IND_9999_0x3be7b6e09a608e7d:0x1c54c5f5ec943d77,weekend,159,4579.0
POI_IND_9999_0x3be7c0dbcab9b791:0x8a226601986900d0,weekday,388,1776.0
POI_IND_9999_0x3be7c0dbcab9b791:0x8a226601986900d0,weekend,310,1392.0
POI_IND_9999_0x3be7b9a048e64be9:0xe93ca914f4103a59,weekend,199,7043.0
POI_IND_9999_0x3be7b9a048e64be9:0xe93ca914f4103a59,weekday,646,17815.0
POI_IND_9999_0x3be7c15b009b7b57:0xb998adc1946c5bf2,weekend,10,583.0
POI_IND_9999_0x3be7c15b009b7b57:0xb998adc1946c5bf2,weekday,34,1376.0
POI_IND_9999_0x3be7b9172c56f2b7:0xb231f999fba0d047,weekend,53,2522.0
POI_IND_9999_0x3be7b9172c56f2b7:0xb231f999fba0d047,weekday,141,5390.0
POI_IND_9999_0x3be7c3828efd4d4f:0x8199c5ec94dfbc36,weekday,125,2427.0
POI_IND_9999_0x3be87bb10678bb0d:0x813311bb86c80da7,weekend,81,1668.0
POI_IND_9999_0x3be7b707d17e69c1:0x24225f696faafac2,weekday,610,15580.0
POI_IND_9999_0x3be7c7cdc503d12b:0x4cbe78ce0cfe5150,weekend,39,1306.0
POI_IND_9999_0x3be7b9eac1ccdfc9:0x100f3be75e2a850,weekend,232,8433.0
POI_IND_9999_0x3be7c1470dadc057:0xe4053239c4f77b5a,weekend,46,928.0
POI_IND_9999_0x3be7c0dd8b6da1a9:0x37deb2a938bd9e94,weekday,16,294.0
POI_IND_9999_0x3be7bd64001e4447:0xdd774c1f14985661,weekend,14,187.0
POI_IND_9999_0x3be797cce37bf3ad:0xc4b1d15e5b4bc955,weekend,343,5816.0
POI_IND_9999_0x3be7934418ce9b63:0xc3d35e7135233acf,weekend,58,595.0
POI_IND_9999_0x3be7a3477f169955:0x443bfb4fd890cf2,weekend,4,104.0
POI_IND_9999_0x3be795634b9c54b9:0xd587a7e3056ec239,weekday,564,5272.0
POI_IND_9999_0x3be795634b9c54b9:0xd587a7e3056ec239,weekend,263,1880.0
POI_IND_9999_0x3be7b9e1b699b10d:0x4b89356402ac0a63,weekend,137,6677.0
POI_IND_9999_0x3be7b9bff99a6627:0xe7e9b463f761fbef,weekend,405,11461.0
POI_IND_9999_0x3be79398780517fd:0x890b8816e8ab7cb9,weekday,78,4395.0
POI_IND_9999_0x3be7953ea3554867:0xebbcabdda3b65002,weekday,241,1387.0
POI_IND_9999_0x3be7c100688b3ccf:0xa563c695cdafccba,weekday,174,4223.0
POI_IND_9999_0x3be7c100688b3ccf:0xa563c695cdafccba,weekend,110,1609.0
POI_IND_9999_0x3be79515402ac13d:0xbd73d5a0087cb1a9,weekend,61,2001.0
POI_IND_9999_0x3be7d77eadcb63c9:0xb6465ebabeccb6d9,weekend,18,420.0
POI_IND_9999_0x3be7d1deb108bf05:0xc7c104a5fdf608ee,weekday,151,5552.0
POI_IND_9999_0x3be7ceff68044615:0x284e3837ba4dca22,weekend,84,2321.0
POI_IND_9999_0x3be7c7cf543d131d:0xb8399480c86ea3a2,weekday,298,6665.0
POI_IND_9999_0x3be7c7cf543d131d:0xb8399480c86ea3a2,weekend,171,3690.0
POI_IND_9999_0x3be7c91699e07137:0x13291b15bb71f44,weekend,71,3025.0
POI_IND_9999_0x3be795781e6af931:0x4e607391d0928a6a,weekend,24,645.0
POI_IND_9999_0x3be7c3bd9ac49973:0x61c6d0c6b87a86e8,weekend,81,1085.0
POI_IND_9999_0x3be7cf6d431be0a3:0x7bc234f8843211f3,weekday,1037,17576.0
POI_IND_9999_0x3be7c8e13c4bcabb:0x808a203ea21db13b,weekend,49,397.0
POI_IND_9999_0x3be7b72767abcd71:0x4e3236064c02bb46,weekday,888,18902.0
POI_IND_9999_0x3be7b3216b2d63d5:0x72f26122d3753fa2,weekday,3,200.0
POI_IND_9999_0x3be7c9dd3812c1f5:0xc635dfe3a843596f,weekend,50,2033.0
POI_IND_9999_0x3be7c926bb0a01c1:0xcf070960bb8e230d,weekday,66,3048.0
POI_IND_9999_0x3be7b7b421b68c0f:0x17a2007a72423130,weekday,80,4302.0
POI_IND_9999_0x3be7c9b4370182c5:0x6b63e2ee13bf7a51,weekend,115,5218.0
POI_IND_9999_0x3be7c15e342b1d1d:0xc594b35c0013a877,weekend,150,2291.0
POI_IND_9999_0x3be7b927a53f9905:0x1d939824ee2a145b,weekday,224,1515.0
POI_IND_9999_0x3be7b927a53f9905:0x1d939824ee2a145b,weekend,134,2202.0
POI_IND_9999_0x3be7b91ec32af7b5:0xa5e689dcf921e957,weekend,44,2520.0
POI_IND_9999_0x3be7b0f39c50a7a1:0x51356f4b625cd493,weekend,33,928.0
POI_IND_9999_0x3be7d1dc28d3d555:0xd3def9a8c083126f,weekend,27,1392.0
POI_IND_9999_0x3be7d1dc28d3d555:0xd3def9a8c083126f,weekday,54,3027.0
POI_IND_9999_0x3be7cf71b5829a9b:0x653dc382ca438bb9,weekend,272,7007.0
POI_IND_9999_0x3be7d1e6dcd897df:0xa2f3d5677f715126,weekday,69,2014.0
POI_IND_9999_0x3be7cede9b21ed89:0x558fbfc5f400023c,weekday,241,7565.0
POI_IND_9999_0x3be7b6bf58bed4bd:0x4d4aa1483a950de1,weekday,292,6387.0
POI_IND_9999_0x3be7b6bf58bed4bd:0x4d4aa1483a950de1,weekend,132,2337.0
POI_IND_9999_0x3be7c57677c99c27:0xa8ad946809685893,weekend,214,9415.0
POI_IND_9999_0x3be7c929c39aab01:0x9f7a0c2aefb5345c,weekend,67,2530.0
POI_IND_9999_0x3be7d194e473ffff:0x6526c3f057551a06,weekday,251,7598.0
POI_IND_9999_0x3be7d194e473ffff:0x6526c3f057551a06,weekend,294,4266.0
POI_IND_9999_0x3be7b02a67fbdee5:0x942d69b7e0c3fc40,weekend,462,12216.0
POI_IND_9999_0x3be7b9e7560eaa5b:0xe4bb2e5c61eea393,weekend,1116,29875.0
POI_IND_9999_0x3be795dc19419b8d:0xecefddfe5566ea37,weekday,82,2053.0
POI_IND_9999_0x3be7cfc089ca50ff:0xc273c4be894dd27c,weekend,289,13110.0
POI_IND_9999_0x3be7d1c1343ca8bf:0x23853d2dfc35d4fa,weekday,82,4208.0
POI_IND_9999_0x3be7d1c1343ca8bf:0x23853d2dfc35d4fa,weekend,43,2044.0
POI_IND_9999_0x3be7b8624ec794c3:0xd0fe454f293f27a6,weekend,28,1610.0
POI_IND_9999_0x3be7b9af99fc62e1:0xffd75e25e1a0c6e2,weekday,185,7109.0
POI_IND_9999_0x3be7c88d0446cd13:0x8a7b82d9ffc466fd,weekday,133,4103.0
POI_IND_9999_0x3be7ceddda68e6a5:0xf77fe6b86159c3c,weekday,570,13603.0
POI_IND_9999_0x3be7ceddda68e6a5:0xf77fe6b86159c3c,weekend,417,7258.0
POI_IND_9999_0x3be7e9a37e5ffd19:0x513bc615867d6ae0,weekday,38,418.0
POI_IND_9999_0x3be7e9a37e5ffd19:0x513bc615867d6ae0,weekend,18,324.0
POI_IND_9999_0x3be7d1dc9c50a3e3:0x32cd14da50b6bc07,weekday,176,6732.0
POI_IND_9999_0x3be7d1dc9c50a3e3:0x32cd14da50b6bc07,weekend,74,1841.0
POI_IND_9999_0x3be7d1d998b45a1f:0x9b6c38d0ba8e3ba6,weekday,758,30804.0
POI_IND_9999_0x3be7d1d998b45a1f:0x9b6c38d0ba8e3ba6,weekend,226,11693.0
POI_IND_9999_0x3be7ce13a79a1911:0x759a0dc64ceb4eb1,weekend,61,2062.0
POI_IND_9999_0x3be7943fce79ed3f:0xf3577c45a2cbfefb,weekend,152,6429.0
POI_IND_9999_0x3be7943fce79ed3f:0xf3577c45a2cbfefb,weekday,310,13532.0
POI_IND_9999_0x3be7c3c107a5e5bb:0x6ec396db06d9a971,weekday,266,2061.0
POI_IND_9999_0x3be7b700285213c3:0xe00351bca7b0d8b4,weekday,366,10095.0
POI_IND_9999_0x3be7c9634995f9bb:0x8b2c0d6e5bd6039b,weekend,163,3814.0
POI_IND_9999_0x3be7c86ded542b17:0x27a23028148896b0,weekday,930,37406.0
POI_IND_9999_0x3be7c86ded542b17:0x27a23028148896b0,weekend,454,19312.0
POI_IND_9999_0x3be7c18abaaf90b9:0xfd5a4ac012c3c826,weekend,96,427.0
POI_IND_9999_0x3be7c3de38a349e9:0x7cc04450b39c6969,weekend,7,266.0
POI_IND_9999_0x3be7bb90caf77b51:0x213bc890c22ca912,weekday,7,302.0
POI_IND_9999_0x3be7958f9ab7b1e3:0x74ee3770a285196a,weekday,137,1042.0
POI_IND_9999_0x3be7bf5c3341b807:0x691e302311329ba6,weekend,24,482.0
POI_IND_9999_0x3be7c9074bd25a27:0x9828b6556f408daf,weekend,39,1533.0
POI_IND_9999_0x3be7b76065c51d09:0x1c82cd4eb1f0f6e5,weekend,42,2028.0
POI_IND_9999_0x3be7c93f1d80cd7f:0x2ff095a088915d81,weekday,133,5191.0
POI_IND_9999_0x3be7b7eea52a61d7:0x453ff0e463586a45,weekday,127,4387.0
POI_IND_9999_0x3be7b7eea52a61d7:0x453ff0e463586a45,weekend,58,1796.0
POI_IND_9999_0x3be7b7760d1e9e41:0xa44b7c0b4fa3096,weekday,147,5734.0
POI_IND_9999_0x3be7c9aca86d8675:0x79a559235dace0d5,weekend,194,6777.0
POI_IND_9999_0x3be7b79fcc81e8c5:0x17fa0f99c68af630,weekend,322,10429.0
POI_IND_9999_0x3be7b10040a9bd53:0x8ec5f2e0dcc750b0,weekend,266,7510.0
POI_IND_9999_0x3be7b7c87f843d1d:0x219a5ee9f12660be,weekday,564,10898.0
POI_IND_9999_0x3be7b7c87f843d1d:0x219a5ee9f12660be,weekend,269,4552.0
POI_IND_9999_0x3be7b93d1b249ccb:0x56bd960a97c7a4f,weekday,999,26551.0
POI_IND_9999_0x3be7c9fdad56933d:0x739ae124c324076e,weekday,309,11706.0
POI_IND_9999_0x3be7c83985555567:0xfe4e765081e8c2ab,weekday,100,3327.0
POI_IND_9999_0x3be7c83985555567:0xfe4e765081e8c2ab,weekend,47,1306.0
POI_IND_9999_0x3be7b7d148b418a9:0x657bbb28b20d791f,weekday,252,7747.0
POI_IND_9999_0x3be7c8d7abbea4ff:0x2dc483bf3e52e725,weekend,43,1204.0
POI_IND_9999_0x3be7b60362b39b85:0x9b8fe1557a04618b,weekend,333,9045.0
POI_IND_9999_0x3be7c8f130000001:0xf87673e06aca5d42,weekend,60,3373.0
POI_IND_9999_0x3be7b74d0d6d38ff:0x8d413d6dad50abce,weekday,152,7235.0
POI_IND_9999_0x3be7b12d489a77cf:0x8a62585fb7b6de4a,weekend,31,1787.0
POI_IND_9999_0x3be7b1fa3b0a6cf7:0xd9e15ec7682bbe44,weekday,121,4917.0
POI_IND_9999_0x3be7b7a38b6a4ee1:0x6e4102b63254228e,weekday,221,9484.0
POI_IND_9999_0x3be7b7a38b6a4ee1:0x6e4102b63254228e,weekend,111,3527.0
POI_IND_9999_0x3be7b7c1622fec41:0xf75242a519362628,weekend,25,769.0
POI_IND_9999_0x3be7c9a598312153:0x9cbf3ed6c510aaa6,weekend,46,2200.0
POI_IND_9999_0x3be7c9a598312153:0x9cbf3ed6c510aaa6,weekday,72,3495.0
POI_IND_9999_0x3be7b7a75ea079dd:0x4af49888afc6c4b2,weekday,2589,76322.0
POI_IND_9999_0x3be7b6229776d285:0x228c1af336ec1309,weekday,219,9897.0
POI_IND_9999_0x3be7c63029f642bd:0x1bc20961bba23e67,weekday,475,16156.0
POI_IND_9999_0x3be7c63029f642bd:0x1bc20961bba23e67,weekend,294,10538.0
POI_IND_9999_0x3be7ce96a74ffab5:0x11788fc3fa9984b3,weekend,46,1869.0
POI_IND_9999_0x3be7cedc5189de17:0x3895ff797125a0b9,weekday,809,19833.0
POI_IND_9999_0x3be7b725fff36593:0xd811ff25d154ac25,weekend,54,2370.0
POI_IND_9999_0x3be7c9c85fba2775:0xe609b548bf4f3787,weekday,60,3751.0
POI_IND_9999_0x3be7c80f74b9250f:0x6c84c00381cf808b,weekday,579,15722.0
POI_IND_9999_0x3be795d056a4f3d7:0x95203a96a4f9e6fa,weekday,237,4703.0
POI_IND_9999_0x3be79534b7b359a3:0xfa95916bb6326e06,weekend,20,1327.0
POI_IND_9999_0x3be7b04f5bba3497:0xcbee3ea3f97ef8f9,weekend,926,36614.0
POI_IND_9999_0x3be79381a6a36aa5:0x4daa24e7196aaf99,weekend,47,2412.0
POI_IND_9999_0x3be797a446d384c3:0xe4879f3892438773,weekday,546,13929.0
POI_IND_9999_0x3be7bf50736ca515:0x1f070bbd8d41f751,weekday,492,8388.0
POI_IND_9999_0x3be79361602c73d5:0x83442ba70cb7d951,weekend,77,4051.0
POI_IND_9999_0x3be7bb1c3253563f:0xa4581f6d67599046,weekday,1083,18585.0
POI_IND_9999_0x3be7c3000ba6d4b9:0xafd770bd6b614b3,weekday,126,1799.0
POI_IND_9999_0x3be7c30066218819:0x665e29636268046f,weekend,201,4771.0
POI_IND_9999_0x3be7c14714979845:0x773ee4511b87af8e,weekend,54,1372.0
POI_IND_9999_0x3be7b9347377f5d3:0x588e04a05fb6e6a5,weekend,79,2883.0
POI_IND_9999_0x3be7b0f39d8f94b3:0xc747bc104d9b2514,weekend,42,1136.0
POI_IND_9999_0x3be7b96324ea6103:0x2bccfb9435eb9385,weekend,363,13610.0
POI_IND_9999_0x3be795c6c994cd39:0x394a65cf28e957f7,weekday,194,4082.0
POI_IND_9999_0x3be7d1af76f9923d:0xfbeaf2dbb498b6e7,weekday,139,6322.0
POI_IND_9999_0x3be7cfc1c35fdc6b:0x6c84613839769cbe,weekday,104,4378.0
POI_IND_9999_0x3be7cfc1c35fdc6b:0x6c84613839769cbe,weekend,37,1524.0
POI_IND_9999_0x3be7ce0cbed13c25:0xcccd603868a3d11a,weekend,57,2605.0
POI_IND_9999_0x3be795980eda3f89:0x6fa89b9986935498,weekend,57,473.0
POI_IND_9999_0x3be7bb95216da195:0xd0855ca4091826ba,weekday,281,13864.0
POI_IND_9999_0x3be7cf2c101d7649:0xd1dc7fc6d5eccbfc,weekend,28,1617.0
POI_IND_9999_0x3be7b16e8f5dec77:0x91dd70e2f4e887d6,weekend,48,2457.0
POI_IND_9999_0x3be7c91bdfb828cd:0x2aa41d9490bb7db5,weekday,157,4979.0
POI_IND_9999_0x3be7c900326aa277:0x811f92c4d3116811,weekend,68,1684.0
POI_IND_9999_0x3be7c93e67737047:0x403c5cb89a340e76,weekend,120,6053.0
POI_IND_9999_0x3be7c9dbadb09d39:0x969fb64e4b924906,weekend,72,1942.0
POI_IND_9999_0x3be7aec0fadbda89:0xf5ee528d749aab1c,weekend,358,10788.0
POI_IND_9999_0x3be7ce0d5b1aacbd:0x2aab05eedf042fbb,weekend,152,4728.0
POI_IND_9999_0x3be7cedc9bfa4fe7:0x1214b6ef1174c500,weekday,281,11418.0
POI_IND_9999_0x3be7ce8a8957a3ad:0xd7a20512d5a96ee1,weekend,142,1921.0
POI_IND_9999_0x3be795a339985e1f:0x83e52bfb2395070b,weekday,762,12935.0
POI_IND_9999_0x3be797fc89aa6375:0xbddf22f5a1103fa4,weekday,29,958.0
POI_IND_9999_0x3be7cf8917e14b17:0x6d3306c72ac27502,weekday,69,1746.0
POI_IND_9999_0x3be7b6589c407ef1:0xe93d015f26a2d490,weekday,131,4083.0
POI_IND_9999_0x3be7b767c6281857:0x84edc59f041a75b8,weekday,93,4273.0
POI_IND_9999_0x3be7b9f9ed50a32d:0x1b4e3c8f56ba2add,weekend,50,2426.0
POI_IND_9999_0x3be7b7145f52b7ff:0xebfa5f082f74e51d,weekend,113,2477.0
POI_IND_9999_0x3be7c7e483ff7bc5:0x4aedaa4c28e9096e,weekend,144,6584.0
POI_IND_9999_0x3be7b745c8a1b043:0xb7ff9a28e8d781c3,weekday,333,13624.0
POI_IND_9999_0x3be7c93c0c2ca3bb:0xe79c92cf8871d579,weekend,37,1713.0
POI_IND_9999_0x3be7c944791b89b7:0x88a78a369b61b43e,weekend,44,1782.0
POI_IND_9999_0x3be7c944791b89b7:0x88a78a369b61b43e,weekday,68,3848.0
POI_IND_9999_0x3be7b0fda26c15f5:0x286d70e28ceab37,weekday,219,6252.0
POI_IND_9999_0x3be7c395a1392215:0x75c73ed7824937c,weekday,26,511.0
POI_IND_9999_0x3be7bf7d9371625f:0xc73f5bf42a2b0008,weekday,337,11023.0
POI_IND_9999_0x3be7c14cf7690c3d:0x4c9dbde502e6a8fe,weekday,469,6081.0
POI_IND_9999_0x3be7cfaa127c8f61:0x767372fa60f754b2,weekday,84,4518.0
POI_IND_9999_0x3be7aeb92a446ddd:0xe63b669dafb500f1,weekend,33,1241.0
POI_IND_9999_0x3be7b77190a1ffdf:0xed831765e4473149,weekend,117,3747.0
POI_IND_9999_0x3be7c7cd855b4137:0xe070362306f7f1f8,weekend,131,5579.0
POI_IND_9999_0x3be7b8765bc7db81:0x6e43c1482a59ab71,weekend,223,5948.0
POI_IND_9999_0x3be7b7c379a6844f:0x1f01acf23c35c46f,weekend,69,2941.0
POI_IND_9999_0x3be7aec01a87a72d:0xae615f4cdcc1626e,weekday,201,3332.0
POI_IND_9999_0x3be7aec01a87a72d:0xae615f4cdcc1626e,weekend,124,3051.0
POI_IND_9999_0x3be795ca992f680f:0x32d89e8d96a702c,weekend,78,2393.0
POI_IND_9999_0x3be795b3ebcf6a41:0xfa359d94b69d9e81,weekday,169,1929.0
POI_IND_9999_0x3be7b9c42fc762a3:0x302d385efadb71ac,weekday,57,2469.0
POI_IND_9999_0x3be7ce6c5cde1ded:0x7902f654187909f0,weekend,426,12987.0
POI_IND_9999_0x3be7ce201f3ad04f:0x3699b287d6ad5ddb,weekday,111,4494.0
POI_IND_9999_0x3be7ce201f3ad04f:0x3699b287d6ad5ddb,weekend,66,2100.0
POI_IND_9999_0x3be7bd6a2725b4a5:0x27242b65d41d24c1,weekend,69,1105.0
POI_IND_9999_0x3be7959f7a810dc1:0x90f8388484740a6c,weekday,131,3174.0
POI_IND_9999_0x3be7959f7a810dc1:0x90f8388484740a6c,weekend,48,1811.0
POI_IND_9999_0x3be7cf4859b98957:0x351ceec4dbfc5793,weekday,117,4075.0
POI_IND_9999_0x3be7cf17a48c7e17:0xd2572a6fdbbcd9cb,weekend,528,20758.0
POI_IND_9999_0x3be7baa422438f0d:0x832b23dfe641cc08,weekday,26,1255.0
POI_IND_9999_0x3be7b1d37bd79a53:0x874d64336d14f5b1,weekend,40,1965.0
POI_IND_9999_0x3be7b1d37bd79a53:0x874d64336d14f5b1,weekday,117,3882.0
POI_IND_9999_0x3be7c9bf807d38d9:0xe86ea7728f8661c4,weekday,20,1434.0
POI_IND_9999_0x3be7b12ea94f9d77:0xf2a6a2f8041dd07c,weekend,160,3963.0
POI_IND_9999_0x3be7b12ea94f9d77:0xf2a6a2f8041dd07c,weekday,393,13890.0
POI_IND_9999_0x3be7c60e2ae09ad3:0xb3ca4697a2c51008,weekday,122,4992.0
POI_IND_9999_0x3be7c86d106ecde3:0x28cf20dba037b46a,weekday,83,4432.0
POI_IND_9999_0x3be7c78f57844ee1:0xd56feecbc5f0362a,weekend,62,2297.0
POI_IND_9999_0x3be7d1db86cb7aa7:0x950b65f21118600b,weekend,18,910.0
POI_IND_9999_0x3be7cf33e3f27a03:0x962caeb87d90b4f7,weekend,598,13584.0
POI_IND_9999_0x3be7c3523ccb5193:0xdbd27685ba13323e,weekday,14,211.0
POI_IND_9999_0x3be7d1d98eead881:0x7cc1a5550de388f6,weekend,60,3577.0
POI_IND_9999_0x3be7c8523d053da7:0xcae6909096ec9d6a,weekday,52,2285.0
POI_IND_9999_0x3be7b7f425f686f5:0xe04b1352c83346fc,weekday,8,305.0
POI_IND_9999_0x3be7b86e222ef229:0x648332efbbf8ed8e,weekday,281,11346.0
POI_IND_9999_0x3be7b86e222ef229:0x648332efbbf8ed8e,weekend,158,6478.0
POI_IND_9999_0x3be7c995667c50e7:0xb3511a6b349ef870,weekday,94,5876.0
POI_IND_9999_0x3be7c8eea58dd9ab:0xb9a6111e2710c7de,weekend,36,1696.0
POI_IND_9999_0x3be7c905043e9803:0x50ce31914ae186df,weekend,62,1454.0
POI_IND_9999_0x3be7ce1171a5ae35:0x9a080c64e3a0c278,weekday,374,5934.0
POI_IND_9999_0x3be7d1c39aa094f1:0xe336a061ad1bf568,weekday,105,4103.0
POI_IND_9999_0x3be7d1c39aa094f1:0xe336a061ad1bf568,weekend,29,1373.0
POI_IND_9999_0x3be7ba9cfdb3ceeb:0xe27371d452040396,weekend,36,2010.0
POI_IND_9999_0x3be7c9a4e8c2cb93:0x41e1c967fa3e0c91,weekend,132,2969.0
POI_IND_9999_0x3be7d1b4a9fe51a5:0x8c32e2a00a03d8c9,weekday,60,3503.0
POI_IND_9999_0x3be7d1b4a9fe51a5:0x8c32e2a00a03d8c9,weekend,20,1330.0
POI_IND_9999_0x3be7c1f3e38611e1:0x17a32a9c2164e7dd,weekday,68,1171.0
POI_IND_9999_0x3be7bd013da1476b:0xb393b479a7244536,weekday,29,1313.0
POI_IND_9999_0x3be7c99fce541413:0x664b6f3a94e3fdf2,weekday,54,2632.0
POI_IND_9999_0x3be7943e983f1413:0xf0bb2d9a3f616738,weekday,41,1762.0
POI_IND_9999_0x3be7b92219d8112d:0x6d95527a0cd6cfd8,weekend,314,4865.0
POI_IND_9999_0x3be7c1eadd74984b:0x8436e71853ffa407,weekend,71,1508.0
POI_IND_9999_0x3be7cf866d1aafe5:0xc3097c165aaa87b2,weekday,410,10093.0
POI_IND_9999_0x3be7cefd98002ccf:0x768a191e1d6413e2,weekend,213,8693.0
POI_IND_9999_0x3be7c0c62032cbf5:0x791b16b06c7d154d,weekday,90,1426.0
POI_IND_9999_0x3be7b02f1494195d:0xc8521194c8e6dc9b,weekend,287,7771.0
POI_IND_9999_0x3be7c90b8dd05785:0x8e2180e75feee4d6,weekday,182,5552.0
POI_IND_9999_0x3be7c9c90a4ab9ad:0x392a6b2e98662790,weekend,105,4093.0
POI_IND_9999_0x3be7ce79b5585c77:0xf3e6742339784ffe,weekday,31,1110.0
POI_IND_9999_0x3be7c9fc250fbc9d:0xd80e5057eaebc3d1,weekend,607,21310.0
POI_IND_9999_0x3be7ced14218f28b:0x8074e2db40855e2f,weekday,615,23319.0
POI_IND_9999_0x3be7cf1f7a1b9395:0x2bf66e10904305ff,weekday,74,2606.0
POI_IND_9999_0x3be7cf1f7a1b9395:0x2bf66e10904305ff,weekend,37,1554.0
POI_IND_9999_0x3be7cf838450ce8b:0xe6b9d29419f2cb0,weekday,69,3479.0
POI_IND_9999_0x3be7ce1a06b8fddd:0xc46ef84f839f4e7c,weekend,74,2198.0
POI_IND_9999_0x3be7cf1fede8e3d3:0x5ac217d169e043a5,weekday,235,5574.0
POI_IND_9999_0x3be7b98f47e7ca1d:0xfdd0d31cf147c4ba,weekend,154,2823.0
POI_IND_9999_0x3be7b1bce5890f0b:0x73dc2520546b6923,weekday,704,22331.0
POI_IND_9999_0x3be7c3ba8b0c04dd:0xaed2981a52cebe4e,weekend,193,3689.0
POI_IND_9999_0x3be7c3ba8b0c04dd:0xaed2981a52cebe4e,weekday,484,7521.0
POI_IND_9999_0x3be7b876e371b68b:0xcf98e6d28c5d2c18,weekday,262,7506.0
POI_IND_9999_0x3be7c75edc293857:0xd505717afda3ff16,weekday,110,4612.0
POI_IND_9999_0x3be7b15ca8550253:0xfe1a4dbc8ece8310,weekend,339,8988.0
POI_IND_9999_0x3be7b6f0d1e8ac9d:0x449a92aa8c0d528d,weekday,206,5335.0
POI_IND_9999_0x3be7c88c50b2814d:0xa700fde0f697cce2,weekend,651,23575.0
POI_IND_9999_0x3be7c9e8ad36e715:0x7d7e574f5521bf30,weekend,58,2884.0
POI_IND_9999_0x3be7c96679ecff3d:0x157d2909b12ddc95,weekday,1066,33644.0
POI_IND_9999_0x3be7b8ff8379c5ff:0x193c38d139a7d1d5,weekend,664,22104.0
POI_IND_9999_0x3be7b65ae6d3a897:0x2d76252043ce5aef,weekday,351,12506.0
POI_IND_9999_0x3be7b783bc4573bb:0xefc55e89c644aaf9,weekday,274,8704.0
POI_IND_9999_0x3be7c9a6fd005a73:0x1f422c75c6212f4c,weekend,81,4345.0
POI_IND_9999_0x3be796e3b940a7cb:0xd2a2832f73b6f7c1,weekday,3,282.0
POI_IND_9999_0x3be7950072a10c6b:0x5f6f6e696ca730dd,weekday,5,466.0
POI_IND_9999_0x3be71cc297535fb5:0xd94ee337fd90f816,weekday,1498,20632.0
POI_IND_9999_0x3be7c9a2a9fa620b:0x6d4348a182244a0e,weekday,156,4994.0
POI_IND_9999_0x3be7c9007da9daab:0xe0249fc158ecc5e0,weekday,40,1528.0
POI_IND_9999_0x3be7c9007da9daab:0xe0249fc158ecc5e0,weekend,55,1345.0
POI_IND_9999_0x3be7b64c2ea3d18b:0xedbc64de46889c9b,weekday,292,13770.0
POI_IND_9999_0x3be7b7c5fc0379d3:0x7c654e195dc237fb,weekday,22,1361.0
POI_IND_9999_0x3be7b6e09a608e7d:0x1c54c5f5ec943d77,weekday,394,7638.0
POI_IND_9999_0x3be7b7604df9db1d:0x34c1b76409394126,weekday,2170,54185.0
POI_IND_9999_0x3be7bd090f57aaf5:0xeb2eb27d5ec9e69d,weekday,590,12015.0
POI_IND_9999_0x3be7b19f2e170b65:0xc540216716769203,weekday,109,3780.0
POI_IND_9999_0x3be7b19f2e170b65:0xc540216716769203,weekend,44,1862.0
POI_IND_9999_0x3be7b05c0eec0e5d:0x7bc223270b2a3c72,weekend,550,12870.0
POI_IND_9999_0x3be87bb10678bb0d:0x813311bb86c80da7,weekday,190,3584.0
POI_IND_9999_0x3be7c3584ecde8b1:0xfd9d2123a56dd318,weekday,505,13405.0
POI_IND_9999_0x3be7b02e0653210b:0x9e60bedfa41c50b6,weekday,113,6679.0
POI_IND_9999_0x3be7c39eb0f76e4f:0x9a4840e624ace26d,weekday,102,1858.0
POI_IND_9999_0x3be7c39eb0f76e4f:0x9a4840e624ace26d,weekend,41,551.0
POI_IND_9999_0x3be79b0127b7588f:0x3105905433811289,weekday,2,108.0
POI_IND_9999_0x3be79b0127b7588f:0x3105905433811289,weekend,1,54.0
POI_IND_9999_0x3be7c8bda0615cc5:0xc8632e0c2f3196a1,weekday,801,16399.0
POI_IND_9999_0x3be7c8bda0615cc5:0xc8632e0c2f3196a1,weekend,386,7275.0
POI_IND_9999_0x3be7c99bc873d559:0xdcbe3f734bfda958,weekend,65,2168.0
POI_IND_9999_0x3be7c7cdc503d12b:0x4cbe78ce0cfe5150,weekday,144,5470.0
POI_IND_9999_0x3be7b70bd52a6abd:0xf3457676c98de805,weekday,91,3527.0
POI_IND_9999_0x3be7bdfc0fe9d4f7:0xbb8a8bea6c557c24,weekday,21,1095.0
POI_IND_9999_0x3be7c0dd8b6da1a9:0x37deb2a938bd9e94,weekend,6,155.0
POI_IND_9999_0x3be7b10053817533:0xa11ea6b87462db56,weekend,89,2163.0
POI_IND_9999_0x3be797cce37bf3ad:0xc4b1d15e5b4bc955,weekday,692,11340.0
POI_IND_9999_0x3be7ed368ddca475:0x875b438e336fb35c,weekend,4,284.0
POI_IND_9999_0x3be7a3477f169955:0x443bfb4fd890cf2,weekday,6,100.0
POI_IND_9999_0x3be7bec036b0f7d3:0x85be86624344465d,weekday,27,1049.0
POI_IND_9999_0x3be7b0468cc6981d:0xde248081f660a41e,weekday,86,5283.0
POI_IND_9999_0x3be7b742f375bc37:0xf2ca27a496a06b0b,weekend,32,2121.0
POI_IND_9999_0x3be7b65b456ea2bf:0xb234dd12a4816790,weekday,298,10512.0
POI_IND_9999_0x3be7c9d5299d4ab7:0x1bb13036ba37110e,weekend,93,2918.0
POI_IND_9999_0x3be7b71dbcc678b1:0xe8f1b62625300b73,weekend,1330,19464.0
POI_IND_9999_0x3be7b71dbcc678b1:0xe8f1b62625300b73,weekday,2556,41981.0
POI_IND_9999_0x3be7c9946d3c5285:0xa9d747d9bd3e1be8,weekend,157,3517.0
POI_IND_9999_0x3be7bfd247f48717:0x90ed8af6d6e8748f,weekday,9,227.0
POI_IND_9999_0x3be79398780517fd:0x890b8816e8ab7cb9,weekend,44,2124.0
POI_IND_9999_0x3be7c14eeaaaaaab:0xddc770373020466f,weekday,68,1277.0
POI_IND_9999_0x3be78d5474fe47d1:0x337503986b88327c,weekend,1,100.0
POI_IND_9999_0x3be7bb005d9ab00d:0x5972f2e60750c8b0,weekday,71,4202.0
POI_IND_9999_0x3be7bb005d9ab00d:0x5972f2e60750c8b0,weekend,40,1744.0
POI_IND_9999_0x3be7d1deb108bf05:0xc7c104a5fdf608ee,weekend,36,1705.0
POI_IND_9999_0x3be7ceff68044615:0x284e3837ba4dca22,weekday,212,6551.0
POI_IND_9999_0x3be7c7c7acb51031:0x33ebe32308810bba,weekday,728,40297.0
POI_IND_9999_0x3be7d1c11028e021:0xe8f80087e87eab67,weekday,93,3361.0
POI_IND_9999_0x3be795caa21cccf5:0x3d90afe06183d7de,weekday,366,8905.0
POI_IND_9999_0x3be795caa21cccf5:0x3d90afe06183d7de,weekend,164,5836.0
POI_IND_9999_0x3be7b7522816b519:0x6f2a5994cce70309,weekday,224,8532.0
POI_IND_9999_0x3be7b7522816b519:0x6f2a5994cce70309,weekend,70,2889.0
POI_IND_9999_0x3be7b72f9373c295:0x6ae0b77e71538ff6,weekend,55,2004.0
POI_IND_9999_0x3be7c8e13c4bcabb:0x808a203ea21db13b,weekday,261,6170.0
POI_IND_9999_0x3be7c7898f61250f:0x6feb80511aae694d,weekend,73,2868.0
POI_IND_9999_0x3be7b7acd5b733ed:0x493e271ad9deec95,weekend,95,4449.0
POI_IND_9999_0x3be7c972e372dc89:0x7119512c355de576,weekday,239,6923.0
POI_IND_9999_0x3be79381a41f8eb5:0x3de0eaac47a52be0,weekend,128,3694.0
POI_IND_9999_0x3be7b91ec32af7b5:0xa5e689dcf921e957,weekday,189,7713.0
POI_IND_9999_0x3be7b95be6e58483:0xc0667fd6354253d9,weekday,79,3707.0
POI_IND_9999_0x3be7d1e7a36570f3:0x17fdc49676d89800,weekday,449,18449.0
POI_IND_9999_0x3be7d1e7a36570f3:0x17fdc49676d89800,weekend,96,5123.0
POI_IND_9999_0x3be7cfc075d93651:0xd988555cdc595101,weekday,533,12301.0
POI_IND_9999_0x3be7cf71b5829a9b:0x653dc382ca438bb9,weekday,694,16717.0
POI_IND_9999_0x3be7d1e6dcd897df:0xa2f3d5677f715126,weekend,26,1060.0
POI_IND_9999_0x3be7cede9b21ed89:0x558fbfc5f400023c,weekend,101,2602.0
POI_IND_9999_0x3be7d1240667dbd7:0x5c1af0bef5298072,weekday,282,7670.0
POI_IND_9999_0x3be7b65b2026b4a5:0xc3179d1bedce65b6,weekend,80,4141.0
POI_IND_9999_0x3be7b70b7454e789:0x875cb700d529c47,weekend,17,652.0
POI_IND_9999_0x3be7b8642c7e1c47:0xef37ab6fe913663,weekday,194,7617.0
POI_IND_9999_0x3be7c8ec2e893a25:0x8f200694d75bd87f,weekday,19,629.0
POI_IND_9999_0x3be7b65ae14321b7:0x59a9c2e0c4adb8c6,weekend,71,3953.0
POI_IND_9999_0x3be7c8659f44aaf1:0x3239b0609d4a5365,weekend,80,3252.0
POI_IND_9999_0x3be7c929c39aab01:0x9f7a0c2aefb5345c,weekday,108,4230.0
POI_IND_9999_0x3be7cf21727d5445:0xd65cc0447b771683,weekend,138,5441.0
POI_IND_9999_0x3be7ce3ef1c61219:0x7964717f5de53d91,weekend,218,6162.0
POI_IND_9999_0x3be7c3b3860ffe95:0xc42a5c7425115866,weekday,11,162.0
POI_IND_9999_0x3be7bb0011f1a0f9:0xf8534100d7827224,weekend,98,3146.0
POI_IND_9999_0x3be7bb0011f1a0f9:0xf8534100d7827224,weekday,167,5557.0
POI_IND_9999_0x3be796273e8fd879:0x80065544b215c40b,weekday,151,6209.0
POI_IND_9999_0x3be7cf0012e16e91:0x2831f371865c26a6,weekend,373,7425.0
POI_IND_9999_0x3be7b7164fe869c9:0xd9f8da3f36eb3c2d,weekday,40,1856.0
POI_IND_9999_0x3be7b9af99fc62e1:0xffd75e25e1a0c6e2,weekend,48,2098.0
POI_IND_9999_0x3be7cf0070ebf053:0x3f5fe7f94c52b7cc,weekend,29,2151.0
POI_IND_9999_0x3be7d1dcbea6be7f:0x45a6cae61ba5b1de,weekday,58,2518.0
POI_IND_9999_0x3be7ce13a79a1911:0x759a0dc64ceb4eb1,weekday,205,6499.0
POI_IND_9999_0x3be7bbfb81bd67ef:0x775f0c05020dbcb0,weekday,11,528.0
POI_IND_9999_0x3be7bbfb81bd67ef:0x775f0c05020dbcb0,weekend,7,500.0
POI_IND_9999_0x3be793b0b79d34af:0x5c32e82f531307fd,weekday,12,499.0
POI_IND_9999_0x3be7b15f8d7e0c25:0x9010a592a263627c,weekday,129,3906.0
POI_IND_9999_0x3be7b7988ef2fbd5:0xab6356f1720ad8f6,weekday,508,13253.0
POI_IND_9999_0x3be7c975299e8b7b:0x5c1e38cdfb178af0,weekday,168,5169.0
POI_IND_9999_0x3be7b7003e934a35:0x1f75df78e6909e21,weekday,1673,31143.0
POI_IND_9999_0x3be7b7003e934a35:0x1f75df78e6909e21,weekend,736,13927.0
POI_IND_9999_0x3be7c18abaaf90b9:0xfd5a4ac012c3c826,weekday,129,1187.0
POI_IND_9999_0x3be7cf21727d5445:0x4f10a651c59017df,weekend,85,1974.0
POI_IND_9999_0x3be7ed4bc8be83c5:0xc98625e17a4a4733,weekend,69,2608.0
POI_IND_9999_0x3be7b93c2ae9bb19:0xa6bce0059888057f,weekend,121,4951.0
POI_IND_9999_0x3be7c9f7cb5006db:0x17b1cc7317842ad4,weekend,98,5244.0
POI_IND_9999_0x3be7b9273aa3419b:0x7cd2954ff8c7aeaa,weekday,162,5810.0
POI_IND_9999_0x3be7c9074bd25a27:0x9828b6556f408daf,weekday,101,4101.0
POI_IND_9999_0x3be7b76065c51d09:0x1c82cd4eb1f0f6e5,weekday,56,3087.0
POI_IND_9999_0x3be7c9ae81b1f825:0x515a216360c1e667,weekday,113,5502.0
POI_IND_9999_0x3be7c7bf4876ad67:0xfdc000394740b943,weekend,16,741.0
POI_IND_9999_0x3be7c742bf839f1d:0x5617440a72252100,weekend,36,1525.0
POI_IND_9999_0x3be7b0d73f3b64bb:0x6029da0bebe2828,weekend,124,3469.0
POI_IND_9999_0x3be7b6de7e311279:0x80729f948952ac28,weekday,61,2817.0
POI_IND_9999_0x3be7c93183138d3f:0x8e132f773c4ca9a8,weekend,72,2927.0
POI_IND_9999_0x3be7c792367a2041:0x912af218cd12e8b7,weekday,720,17298.0
POI_IND_9999_0x3be7b70238078209:0x1a78e70cf2da2e63,weekday,235,7248.0
POI_IND_9999_0x3be7b70238078209:0x1a78e70cf2da2e63,weekend,126,3017.0
POI_IND_9999_0x3be7c90061457b6d:0x73d3f267c61c98b2,weekday,22,1535.0
POI_IND_9999_0x3be7b71632ac8359:0x90f0d1ef27467f54,weekend,80,4035.0
POI_IND_9999_0x3be7b71632ac8359:0x90f0d1ef27467f54,weekday,244,13146.0
POI_IND_9999_0x3be7b7d148b418a9:0x657bbb28b20d791f,weekend,146,4020.0
POI_IND_9999_0x3be7c33ce8464c45:0xbb6a4a28fcf1f9a7,weekday,953,9908.0
POI_IND_9999_0x3be7c959e4d8c99b:0x2c3f682f150d4467,weekend,95,2814.0
POI_IND_9999_0x3be7bb9ccb54f471:0x716eda80afb9788f,weekend,42,1538.0
POI_IND_9999_0x3be7b91419587b4d:0x719aad6c695e902b,weekend,80,4111.0
POI_IND_9999_0x3be7c9b311fc3473:0xb0cd9eaedfc37fc2,weekend,74,3362.0
POI_IND_9999_0x3be7c9641425dad9:0xf4d84db1be6e3594,weekday,267,6576.0
POI_IND_9999_0x3be7950075d96f4d:0xd57c3121cadfbab7,weekend,39,378.0
POI_IND_9999_0x3be7b93cbabf2fcd:0xa3b4c90fd6cbd3d2,weekend,88,2499.0
POI_IND_9999_0x3be79425a5a528a9:0xc9f318ca7ddbbbc9,weekday,652,18771.0
POI_IND_9999_0x3be7c3c335659665:0x4a70b38a69877522,weekday,111,1449.0
POI_IND_9999_0x3be7c3c335659665:0x4a70b38a69877522,weekend,40,653.0
POI_IND_9999_0x3be7bd0a543ed7f5:0x19ba25e52f49d873,weekday,10,130.0
POI_IND_9999_0x3be7c1370ff493c3:0xdbf2628c7d8859bd,weekend,115,2677.0
POI_IND_9999_0x3be7b0fd0f2835b9:0x4d18fd45e57f1571,weekday,573,24651.0
POI_IND_9999_0x3be7c91ae66048bd:0x1346f89558be8838,weekend,143,4241.0
POI_IND_9999_0x3be7b76deaa73e0f:0x318d07bd5a233fbb,weekday,5,225.0
POI_IND_9999_0x3be7b7c04ce2c20f:0xe3a8cfb0788c946b,weekday,136,5777.0
POI_IND_9999_0x3be7b7c1a5a4614b:0x456fc6b57c83cd0,weekday,348,13276.0
POI_IND_9999_0x3be7b714c2eac775:0x5b14b747664831fa,weekday,221,7305.0
POI_IND_9999_0x3be7cf42e399f7ad:0x6cb98d34e1c9b043,weekday,663,27210.0
POI_IND_9999_0x3be7ce8fc390dfd5:0xfafd51e0b8013bd8,weekday,396,9958.0
POI_IND_9999_0x3be7ce8fc390dfd5:0xfafd51e0b8013bd8,weekend,131,4699.0
POI_IND_9999_0x3be7d10027182099:0x8cdb641edfa2d411,weekday,41,1384.0
POI_IND_9999_0x3be7c91ce6da3fbb:0xc46789d1437f3f52,weekday,25,1354.0
POI_IND_9999_0x3be7c986213e3e5b:0x90f4caf243231a2c,weekend,18,639.0
POI_IND_9999_0x3be7c7cf52050fa3:0x4be1ba24778c8490,weekday,207,7555.0
POI_IND_9999_0x3be7c97f3c0ec40d:0xaa517ab4b2c8017e,weekend,282,12276.0
POI_IND_9999_0x3be7c907176fdea3:0x86447a59472ef9a6,weekend,14,524.0
POI_IND_9999_0x3be7c9fd7d3801d9:0x81b4cba39f2e5b66,weekend,128,1883.0
POI_IND_9999_0x3be7c9216303fe89:0xa42f9bba58a96ef9,weekend,135,4998.0
POI_IND_9999_0x3be87a410afe07a3:0xf54c04807c625882,weekday,930,6789.0
POI_IND_9999_0x3be7cfe5fc5859fd:0xa84c964bb6d675ee,weekday,89,2783.0
POI_IND_9999_0x3be7b8f424282d27:0xc22d5d81df60f31d,weekend,131,4577.0
POI_IND_9999_0x3be7b736976d5efb:0x193034a19381acc,weekend,58,2118.0
POI_IND_9999_0x3be7c9e3c36e6fb3:0x176f85528271148,weekend,19,717.0
POI_IND_9999_0x3be7b12e3813ef27:0xef6b9b6dec22c4d9,weekend,29,929.0
POI_IND_9999_0x3be7c3abcfb9cbdf:0x2b6ecf31a95c2709,weekend,128,2197.0
POI_IND_9999_0x3be7cf82111d807f:0x58cf5a11e8ece63b,weekday,165,7227.0
POI_IND_9999_0x3be7cef38f132d23:0x8e7378fa5300685e,weekday,124,5609.0
POI_IND_9999_0x3be7c3e7a76e4509:0x8e3837fc2f88af6e,weekday,102,1928.0
POI_IND_9999_0x3be7c3e7a76e4509:0x8e3837fc2f88af6e,weekend,45,756.0
POI_IND_9999_0x3be7b18bd89c4697:0xa530205aa6d7b8fc,weekday,59,3638.0
POI_IND_9999_0x3be7b903b8341f53:0x445e756d74f4a085,weekend,74,3231.0
POI_IND_9999_0x3be7c0d02de2cb15:0xa4f92f5f17a2b06c,weekday,72,737.0
POI_IND_9999_0x3be7c1b9d8491eff:0x23c44b1a3fc67264,weekend,50,1278.0
POI_IND_9999_0x3be7b1cd17e0659d:0xa45f2521ada83a56,weekday,252,7643.0
POI_IND_9999_0x3be7b1cd17e0659d:0xa45f2521ada83a56,weekend,90,3958.0
POI_IND_9999_0x3be7c1be472fac0f:0x1c570efe5d4ea4a,weekend,67,1514.0
POI_IND_9999_0x3be7c9963c792827:0xa87e2bfac88bf320,weekend,7,262.0
POI_IND_9999_0x3be7be2063940e41:0xbf12f003120e2daf,weekday,233,3756.0
POI_IND_9999_0x3be7cfcb6340ca4f:0xb5db994a03751132,weekday,588,19530.0
POI_IND_9999_0x3be7b9226e308809:0x2f6579c017f9a646,weekend,115,3332.0
POI_IND_9999_0x3be799193ff3bf17:0x9eac4625e148825f,weekend,10,345.0
POI_IND_9999_0x3be7c9919e7cb9cf:0x9c2fbc3307c34029,weekday,94,4126.0
POI_IND_9999_0x3be7c9919e7cb9cf:0x9c2fbc3307c34029,weekend,79,2853.0
POI_IND_9999_0x3be7b619427b41f3:0x28075330c2d35dbb,weekend,15,735.0
POI_IND_9999_0x3be7b8ff8769ebbd:0x5c1ba192d3a8435,weekday,203,8807.0
POI_IND_9999_0x3be7c9db1bf1f1fb:0x6bb73c63f49235c6,weekend,24,1632.0
POI_IND_9999_0x3be7c9db1bf1f1fb:0x6bb73c63f49235c6,weekday,61,2636.0
POI_IND_9999_0x3be7b9b368bb1921:0x56e2e0566f843c67,weekday,382,15608.0
POI_IND_9999_0x3be7bb2905f61895:0xdabab4789ae39a2b,weekday,16,648.0
POI_IND_9999_0x3be7c1995554396b:0x6343b951523f1bdd,weekday,278,5470.0
POI_IND_9999_0x3be7959bd91716e3:0x2faf9209b13ceecf,weekend,40,222.0
POI_IND_9999_0x3be7bd877fd56a55:0x7fac05fbee3593c8,weekday,124,4559.0
POI_IND_9999_0x3be7b19cfcd99c69:0xf17d091bb5325393,weekday,78,3063.0
POI_IND_9999_0x3be79787879808bb:0xf88480d938cae107,weekday,968,10704.0
POI_IND_9999_0x3be7c36b367e6e6d:0xd78804b03939c8bb,weekend,198,3650.0
POI_IND_9999_0x3be7c36b367e6e6d:0xd78804b03939c8bb,weekday,364,7246.0
POI_IND_9999_0x3be7be206159f9a7:0xd0f9f96e0548959e,weekday,928,13774.0
POI_IND_9999_0x3be7be206159f9a7:0xd0f9f96e0548959e,weekend,365,4384.0
POI_IND_9999_0x3be7c108fbce69e7:0x6dcbb4181490f1e9,weekday,277,3533.0
POI_IND_9999_0x3bdd6158e78d4811:0xc972f9b9dcd2ec14,weekend,8,6.0
POI_IND_9999_0x3be7c9e0d875fc5d:0x17b194fc812a2f38,weekend,95,4673.0
POI_IND_9999_0x3be7d123e6bce655:0x48eb0a1559e3cc92,weekend,117,3806.0
POI_IND_9999_0x3be7d19281841809:0xddee9b5bec47453c,weekend,130,4681.0
POI_IND_9999_0x3be7950d080a5edb:0x4ce6af7475f3e065,weekday,90,1343.0
POI_IND_9999_0x3be7bf4ea0d20a93:0x7b77b24060d62160,weekday,222,4497.0
POI_IND_9999_0x3be7c39f839a948f:0x33b6d4d48d85843c,weekday,117,1059.0
POI_IND_9999_0x3be7c39f839a948f:0x33b6d4d48d85843c,weekend,77,776.0
POI_IND_9999_0x3be7b181a6c8725b:0x6bca392f461ad304,weekend,87,4843.0
POI_IND_9999_0x3be7943e73c0ef1f:0xc3f874ea17857ca4,weekday,195,6742.0
POI_IND_9999_0x3be7b9f5d7c269d1:0x2edef507f1798ed7,weekday,51,981.0
POI_IND_9999_0x3be79539e72d8793:0x2c6e1a12cdc70cf7,weekend,4,97.0
POI_IND_9999_0x3be79468be29ba2b:0x9178ba6e8296956c,weekday,86,4283.0
POI_IND_9999_0x3be79468be29ba2b:0x9178ba6e8296956c,weekend,44,2195.0
POI_IND_9999_0x3be7cf1ae41b79a1:0x9dcba44519fc0a7f,weekday,416,11063.0
POI_IND_9999_0x3be7afc7b6973a7d:0xb4de380592729016,weekend,35,2393.0
POI_IND_9999_0x3be7b7f3e9c1b2db:0x4c98dd9e4b640c2f,weekday,61,2597.0
POI_IND_9999_0x3be7c9ccc80c0c5b:0xf4b2e049cebf318,weekend,267,8532.0
POI_IND_9999_0x3be7c871f48a9f91:0xdfd30f49522930f0,weekday,349,11605.0
POI_IND_9999_0x3be7b9230f813339:0xa909891d73081094,weekend,15,882.0
POI_IND_9999_0x3be7938196a6791d:0x6d9d974e166a6cc3,weekend,150,7425.0
POI_IND_9999_0x3be795a85c6d290d:0x14e4685f46b9a238,weekday,13,714.0
POI_IND_9999_0x3be7c9e47a416807:0x5ddc41cc4adc5551,weekday,14,986.0
POI_IND_9999_0x3be7c14a557fd797:0x1b7f9a5e90571318,weekday,66,861.0
POI_IND_9999_0x3be7c8a465bc7ce9:0xe0d50fa4518b0dc1,weekday,287,8657.0
POI_IND_9999_0x3be7b7d5f4b29dfd:0x9bfd8f3152673111,weekday,170,6339.0
POI_IND_9999_0x3be7c9fced6cf2c9:0xc186562941861c7,weekend,22,517.0
POI_IND_9999_0x3be7cfb88df09ee1:0x11ca986d2de3e906,weekend,293,8537.0
POI_IND_9999_0x3be7cfb88df09ee1:0x11ca986d2de3e906,weekday,576,16137.0
POI_IND_9999_0x3be7d1876fefaba9:0x8ff7a4f791a20da2,weekend,62,2309.0
POI_IND_9999_0x3be7cef46576c44b:0x51b8afab72d78cf9,weekend,196,6134.0
POI_IND_9999_0x3be7cef46576c44b:0x51b8afab72d78cf9,weekday,643,19392.0
POI_IND_9999_0x3be7b93bdc29b719:0xae99332cc3255b2f,weekend,49,2593.0
POI_IND_9999_0x3be7b93bdc29b719:0xae99332cc3255b2f,weekday,115,5274.0
POI_IND_9999_0x3be79593b3ad46e5:0xa65bc79f2a5d0c5e,weekend,36,1338.0
POI_IND_9999_0x3be7b9030313b8e3:0x17005331091737eb,weekend,35,1011.0
POI_IND_9999_0x3be795d1ea6688a9:0x4b60ace4422d84dc,weekday,307,6008.0
POI_IND_9999_0x3be7afbab3cf1e61:0xb0008ea09385e1e0,weekend,211,8142.0
POI_IND_9999_0x3be7afbab3cf1e61:0xb0008ea09385e1e0,weekday,722,17881.0
POI_IND_9999_0x3be7cf00751a73c9:0x35eed3d996945988,weekend,52,2462.0
POI_IND_9999_0x3be7ce8e255d9999:0xe1d38cdc27aa01b,weekend,684,21531.0
POI_IND_9999_0x3be7bf2349d37123:0xbdfbff2855c4ef4a,weekday,3,102.0
POI_IND_9999_0x3be7ceea3121b32b:0xe89b7da78cc7f55e,weekday,249,5377.0
POI_IND_9999_0x3be7b918ea4f10a5:0x65076edcc42abca3,weekday,327,12271.0
POI_IND_9999_0x3be7c146fe7c86f1:0x12f3a92025d188e,weekday,106,1132.0
POI_IND_9999_0x3be7c146fe7c86f1:0x12f3a92025d188e,weekend,35,648.0
POI_IND_9999_0x3be7b924adaaaaab:0x31af4a230b2f46b1,weekend,90,2001.0
POI_IND_9999_0x3be7b19f4adb8e23:0x82e17c65fde296ea,weekday,188,6795.0
POI_IND_9999_0x3be7b626af81ff5b:0xd34445017ed23c96,weekday,338,9101.0
POI_IND_9999_0x3be7b716bb3bda57:0xc01686d6d0a4994c,weekday,707,28722.0
POI_IND_9999_0x3be7bd08d7e3e82d:0x8e1a7e99dae585e2,weekday,61,1143.0
POI_IND_9999_0x3be7c1ebccd341d5:0xa8a31979b1cd211c,weekend,57,1716.0
POI_IND_9999_0x3be7cf00586c465f:0xda1eab087592f71e,weekday,37,2125.0
POI_IND_9999_0x3be7cf00586c465f:0xda1eab087592f71e,weekend,12,370.0
POI_IND_9999_0x3be7c83d4c7e1d2f:0xfd2ba7793f8b7446,weekday,453,11181.0
POI_IND_9999_0x3be7c8bd0783d343:0xb7c373d117e6c3e8,weekend,26,1176.0
POI_IND_9999_0x3be7c7401c2915c7:0xa67575845f83d027,weekend,379,11863.0
POI_IND_9999_0x3be7c7401c2915c7:0xa67575845f83d027,weekday,874,31204.0
POI_IND_9999_0x3be7b7cce51c9da9:0xd0cdc92b180dc68c,weekend,39,1564.0
POI_IND_9999_0x3be7c7c2cb87526d:0x904bfbdb8d54114e,weekday,430,14817.0
POI_IND_9999_0x3be7c959a67277ad:0xc68f368de3e2b2c,weekday,408,6472.0
POI_IND_9999_0x3be7cf2c31f74a4d:0x66c91183c1904c0,weekday,1003,34597.0
POI_IND_9999_0x3be7cee46e5a4cff:0x22175aefb1d734cb,weekday,182,6124.0
POI_IND_9999_0x3be7cf2d8f2b0255:0xa449348e8c89f9c1,weekend,86,4859.0
POI_IND_9999_0x3be7ce399d9c4ee1:0xa6bb9060d8c42962,weekday,181,4972.0
POI_IND_9999_0x3be7cf16190dccbd:0xc10412446013ea14,weekday,74,3288.0
POI_IND_9999_0x3be7c960bae358c9:0xa9d1feeb72d605ec,weekend,251,6902.0
POI_IND_9999_0x3be7c9bf739a213d:0x4f1f0cd9ed5de9d5,weekend,49,2055.0
POI_IND_9999_0x3be7c7636326ff2b:0x6af593acab8e06c0,weekend,101,3598.0
POI_IND_9999_0x3be7e841d0f751a9:0x277a16c73b6e0295,weekend,39,595.0
POI_IND_9999_0x3be7a970cd28b271:0xe4d0aa89b46bd37e,weekday,246,5357.0
POI_IND_9999_0x3be7955a87016103:0x65cbb76e0776800c,weekend,68,1603.0
POI_IND_9999_0x3be7959a77b53d79:0x5557589860b8e582,weekend,63,2493.0
POI_IND_9999_0x3be7ce366c62633d:0x4ac649d8b8604041,weekday,125,4479.0
POI_IND_9999_0x3be7ce366c62633d:0x4ac649d8b8604041,weekend,70,2000.0
POI_IND_9999_0x3be7c97018013b8f:0x9ba3a209221d5f63,weekend,48,1870.0
POI_IND_9999_0x3be7d1db660560eb:0xdbc4c08f3ea94474,weekend,59,1289.0
POI_IND_9999_0x3be7ce8fe1289fad:0x2abda35e0e7c405c,weekend,90,3406.0
POI_IND_9999_0x3be87b8ba437dfb1:0x7e95335d68b524f0,weekend,144,2502.0
POI_IND_9999_0x3be7ce48f0e05e69:0x3b068bfcc2fea2c6,weekday,419,14736.0
POI_IND_9999_0x3be7ce48f0e05e69:0x3b068bfcc2fea2c6,weekend,219,7165.0
POI_IND_9999_0x3be7ced41effdb7d:0xa097efcab826ead0,weekend,51,2169.0
POI_IND_9999_0x3be7d19afbc8c517:0x3e7af1dbb5cacd14,weekend,121,2722.0
POI_IND_9999_0x3be7cee53bdf59b9:0x492f39074ee78879,weekend,57,2513.0
POI_IND_9999_0x3be7ce8c74290311:0xa3efe60241d20473,weekday,645,14865.0
POI_IND_9999_0x3bdd66f2bdcc7983:0x3be1945667aa52e1,weekend,9,8.0
POI_IND_9999_0x3be7c157bffcd543:0x116ef06d960c6ce0,weekend,121,2577.0
POI_IND_9999_0x3be7b91f335e637b:0x2d0a4bee85b3cac6,weekday,121,5477.0
POI_IND_9999_0x3be7c195fe81deef:0xc2c204fa5b8bef76,weekend,73,533.0
POI_IND_9999_0x3be7cee591fb5dcd:0x9a3f30f2f1f517a0,weekend,58,3111.0
POI_IND_9999_0x3be7c8443fffffff:0xf6dda17f47cf2496,weekend,76,3360.0
POI_IND_9999_0x3be7b6e569555555:0x322c83069c7b1af6,weekday,35,1713.0
POI_IND_9999_0x3be7b61ded59e91f:0x56e59a1ffb3e2964,weekend,29,846.0
POI_IND_9999_0x3be7c87d80325f43:0x9a68be419ef8ffde,weekday,342,11599.0
POI_IND_9999_0x3be7c9bd7802e87b:0x6752da0fa1ab5a44,weekday,87,3510.0
POI_IND_9999_0x3be7c9e92075a359:0x438fff3629fa97dc,weekend,65,2502.0
POI_IND_9999_0x3be7b6c4ffffffff:0x7653d93bcd4f2ea8,weekend,12,386.0
POI_IND_9999_0x3be7b1dfe42ed893:0xe596c7a650a67acc,weekday,2609,74379.0
POI_IND_9999_0x3be7b1dfe42ed893:0xe596c7a650a67acc,weekend,1326,32724.0
POI_IND_9999_0x3be7b91588c94253:0x66dd026367f6f19f,weekday,406,15309.0
POI_IND_9999_0x3be7b134c3933253:0xcde44e58860d816,weekday,449,12351.0
POI_IND_9999_0x3be7b619ed8a8ba3:0x91c03b1da880b330,weekday,286,10969.0
POI_IND_9999_0x3be7b75fd5198ae9:0x41b607b935c1287f,weekend,61,2999.0
POI_IND_9999_0x3be7ce85eb5c0f4f:0xe9c15202cbd536ee,weekday,60,3307.0
POI_IND_9999_0x3be7c7e46b2e6d33:0x7b2420c03c3ebbdf,weekday,88,5373.0
POI_IND_9999_0x3be7b787e37e487f:0x7d96cbae202d22dd,weekend,55,2742.0
POI_IND_9999_0x3be7c8653c86c667:0xda6f23f9501dcb15,weekday,69,3938.0
POI_IND_9999_0x3be7b7a3539f85b9:0x169e22d765db2bca,weekday,422,14010.0
POI_IND_9999_0x3be7b7c18fde4fa5:0xb75bf7d218587bab,weekday,105,3937.0
POI_IND_9999_0x3be7b8620cf6f221:0x4ec4790983b7aab6,weekday,38,1462.0
POI_IND_9999_0x3be7c935a6e2bee3:0xe88d18d62039f5dc,weekend,105,5368.0
POI_IND_9999_0x3be7c925cb4bdfe5:0x7e31830c7d93dc65,weekday,193,7598.0
POI_IND_9999_0x3be7c925cb4bdfe5:0x7e31830c7d93dc65,weekend,76,2718.0
POI_IND_9999_0x3be7b71b850f9d83:0xb64295a8836c3107,weekday,368,11574.0
POI_IND_9999_0x3be7b7a8545ce553:0xdab2a72a6041be58,weekend,91,4452.0
POI_IND_9999_0x3be7b70019b6aded:0x71bc7fcab47b76d9,weekday,254,12457.0
POI_IND_9999_0x3be7ceefef5cf2f5:0x4c59b77df8df9e0b,weekday,120,4657.0
POI_IND_9999_0x3be7cf5e24d8ce2f:0xc2c94f5ce59d6dd,weekend,47,1805.0
POI_IND_9999_0x3be7c9cf0610f78f:0xf0ba330529d4714,weekend,52,2335.0
POI_IND_9999_0x3be7c914ea9ee4c3:0x96e473a09338cfba,weekday,1,1.0
POI_IND_9999_0x3be797e0057ada15:0xefb31aab302661b3,weekend,158,3253.0
POI_IND_9999_0x3be7afc7a48b3b0d:0xa4fd4044ed7b642e,weekday,80,1988.0
POI_IND_9999_0x3be7afc7a48b3b0d:0xa4fd4044ed7b642e,weekend,35,809.0
POI_IND_9999_0x3be7b7539b399075:0x64b1657c660e833a,weekday,38,1411.0
POI_IND_9999_0x3be7c93fb762ad13:0x7e19d16ae6c7e4a2,weekend,57,3213.0
POI_IND_9999_0x3be7c8f6d0e12a1f:0x45148f58fec1e86b,weekend,185,5894.0
POI_IND_9999_0x3be7b153adf4dc5b:0x930bc1a164eb1e46,weekday,158,8318.0
POI_IND_9999_0x3be7b1edb330bce3:0x5be6a3e3d5f8c9e,weekend,16,593.0
POI_IND_9999_0x3be7bb87ee57cef3:0x6d897e4364f5c1e6,weekend,27,1976.0
POI_IND_9999_0x3be7c134ebb884c1:0x6d2dfff6545a8d56,weekend,21,292.0
POI_IND_9999_0x3be7bf524d576d1b:0xe014b44aa9affc55,weekday,83,562.0
POI_IND_9999_0x3be7947d4383c09d:0xe4177490a43a811,weekday,100,4218.0
POI_IND_9999_0x3be7947d4383c09d:0xe4177490a43a811,weekend,31,1499.0
POI_IND_9999_0x3be7c13a88ad8ca7:0x6d6b9a1e4ea330b8,weekend,53,442.0
POI_IND_9999_0x3be7cee5e597cfe7:0xa1a59cc2efbbc8bf,weekday,452,10188.0
POI_IND_9999_0x3be7c77779897883:0x9abb47495273443,weekday,283,9226.0
POI_IND_9999_0x3be7b7b2c43a342f:0xf597c1394e2221f,weekend,30,1108.0
POI_IND_9999_0x3be7b6fcda7b20b7:0x89dc2f78ec6d7699,weekday,242,8516.0
POI_IND_9999_0x3be7c91286673cd3:0xaaa079cb1979f4b8,weekday,118,5823.0
POI_IND_9999_0x3be7c9c63acd01eb:0x190f3c3094cda012,weekend,45,1890.0
POI_IND_9999_0x3be7b9478828572f:0x7cd268c9e788b384,weekday,112,4760.0
POI_IND_9999_0x3be7c10b3f4c9f6b:0x3aa2432f492aab82,weekend,87,2236.0
POI_IND_9999_0x3be7c1ab52d45193:0x9997d9e7f7c1ccfc,weekday,826,11998.0
POI_IND_9999_0x3be7c10004cfcb61:0xcb8127f942473ee,weekday,51,1223.0
POI_IND_9999_0x3be7c10004cfcb61:0xcb8127f942473ee,weekend,25,417.0
POI_IND_9999_0x3be7c148a16c2811:0x8ff24d114fdf8f4b,weekend,9,129.0
POI_IND_9999_0x3be7c1340b0e699b:0x1da58a9456e695b1,weekend,89,1852.0
POI_IND_9999_0x3be7c146e859ac23:0x5814bc689be56c1a,weekend,34,550.0
POI_IND_9999_0x3be7c146e859ac23:0x5814bc689be56c1a,weekday,58,769.0
POI_IND_9999_0x3be7b1aeb1bb5555:0xc3eb3bdd294ba9ff,weekend,79,4206.0
POI_IND_9999_0x3be7c63028fbfde7:0xfa261b8f75a53ece,weekday,83,3288.0
POI_IND_9999_0x3be7c921dba4d58d:0x25a1936841e957e9,weekend,10,892.0
POI_IND_9999_0x3be7c917aaf3d2e7:0x810500c20f7a939b,weekend,47,1788.0
POI_IND_9999_0x3be7c905558d0777:0x6577c0c1d6b093c6,weekday,1117,29500.0
POI_IND_9999_0x3be7c83c256f6a91:0x497dd43353bd8d01,weekend,94,1825.0
POI_IND_9999_0x3be7c61997586915:0x9e82034956a4211b,weekday,151,4606.0
POI_IND_9999_0x3be7bbcfbd040a75:0x5b44b435de2eefef,weekend,12,514.0
POI_IND_9999_0x3be7c3bea9b45bf1:0x922fd486cc7b87ab,weekday,135,4176.0
POI_IND_9999_0x3be7958c03a217d5:0x4542cd820e84cc8b,weekend,107,1814.0
POI_IND_9999_0x3be7bba3a1b1a34b:0x71c63b58e74d15eb,weekday,113,3992.0
POI_IND_9999_0x3be7c7cc74937a79:0x65367a02cf40aa9a,weekend,113,2763.0
POI_IND_9999_0x3be7c9b1a328905f:0x9fa00b34065eece9,weekday,405,6684.0
POI_IND_9999_0x3be7b73bf33c98bd:0x4312888326f3d31d,weekday,251,6008.0
POI_IND_9999_0x3be71d7607011a5d:0x2d267ea05a791e87,weekday,64,1748.0
POI_IND_9999_0x3be7b14ef5fd632f:0x69cc5696f8229add,weekday,13,213.0
POI_IND_9999_0x3be7c9a60b4aee0b:0x65f1b7f8004f31c7,weekday,252,9641.0
POI_IND_9999_0x3be7c991aead17e9:0xbb1a797789e118c4,weekend,285,10897.0
POI_IND_9999_0x3be7cef2993f3d05:0x6bc69ed290dda99,weekday,34,1969.0
POI_IND_9999_0x3be7cf29280df03f:0x25acd91b86647569,weekend,134,4601.0
POI_IND_9999_0x3be7b92cf8a966e1:0x61fa18b0f219605a,weekend,9,279.0
POI_IND_9999_0x3be7b8e7938fc6d1:0x6ebb021452ce630f,weekend,193,6578.0
POI_IND_9999_0x3be7b8ad2c3c6d5b:0xfd29057501a58b5a,weekend,36,877.0
POI_IND_9999_0x3be7c33ce8464c45:0xbb6a4a28fcf1f9a7,weekend,409,3593.0
POI_IND_9999_0x3be7950001685b87:0x5a3216151107cf3e,weekend,5,77.0
POI_IND_9999_0x3be7950001685b87:0x5a3216151107cf3e,weekday,34,1065.0
POI_IND_9999_0x3be794108fde6dc9:0xac33e1ec97ce3bd8,weekend,121,3857.0
POI_IND_9999_0x3be7b72d1018c8f7:0x21bf5bf0322c8b56,weekend,73,4700.0
POI_IND_9999_0x3be7c9738d058d45:0xe276119f570eab86,weekend,89,4802.0
POI_IND_9999_0x3be7b92fe201d9b3:0x39d276bdabd4f505,weekend,23,789.0
POI_IND_9999_0x3be7b91419587b4d:0x719aad6c695e902b,weekday,130,4280.0
POI_IND_9999_0x3be793533e44a1fb:0x799080a3e42a6f9f,weekday,47,1690.0
POI_IND_9999_0x3be793533e44a1fb:0x799080a3e42a6f9f,weekend,20,1167.0
POI_IND_9999_0x3be7bd0071e468ad:0xc8ac4366b11ea06b,weekend,33,784.0
POI_IND_9999_0x3be7c83efbb5bccd:0x88644402fc0e76bc,weekday,173,7596.0
POI_IND_9999_0x3be7b6cf1f733763:0xc0b872373e92350,weekday,922,24358.0
POI_IND_9999_0x3be7b76672dd4449:0x91cdf0ebb68baaa2,weekend,82,2154.0
POI_IND_9999_0x3be7b1005abe4893:0x64397eba6eeb2427,weekend,30,897.0
POI_IND_9999_0x3be7b100a94b1437:0xff734fa0ae837190,weekday,223,7358.0
POI_IND_9999_0x3be7c9641425dad9:0xf4d84db1be6e3594,weekend,67,1745.0
POI_IND_9999_0x3be7b93cbabf2fcd:0xa3b4c90fd6cbd3d2,weekday,190,5142.0
POI_IND_9999_0x3be795a7666f3ec5:0xed797096b9f317e7,weekend,4,297.0
POI_IND_9999_0x3be7c83c25dd979b:0x20d52fa44c7a3ca8,weekday,111,5700.0
POI_IND_9999_0x3be7c9b9c9d4a707:0x467b515de12afa42,weekday,194,6634.0
POI_IND_9999_0x3be7c9b9c9d4a707:0x467b515de12afa42,weekend,117,4876.0
POI_IND_9999_0x3be7c90025186e3f:0x256aeb8721eb16a5,weekday,1149,34216.0
POI_IND_9999_0x3be7b76b6659714f:0xec45712e87158f88,weekday,22,841.0
POI_IND_9999_0x3be7cf88304d66bb:0xa96ee3c808d893af,weekday,590,27936.0
POI_IND_9999_0x3be7b124372d5219:0x634bc52548ab795b,weekend,174,5735.0
POI_IND_9999_0x3be7bbd7ad4c6bf9:0x71495d2da35ce8c9,weekend,16,775.0
POI_IND_9999_0x3be7a8cd5643696f:0x98997b33f721bc68,weekday,1748,48923.0
POI_IND_9999_0x3be7c8528dc85aef:0x5b9e4abcad5ab099,weekday,56,2486.0
POI_IND_9999_0x3be7cf83ecd00b27:0xaac4c5077d4ab420,weekday,79,2091.0
POI_IND_9999_0x3be7c91ce6da3fbb:0xc46789d1437f3f52,weekend,10,558.0
POI_IND_9999_0x3be7c986213e3e5b:0x90f4caf243231a2c,weekday,104,4332.0
POI_IND_9999_0x3be7c97f3c0ec40d:0xaa517ab4b2c8017e,weekday,539,21136.0
POI_IND_9999_0x3be7c7255050f43b:0x9044c555c0cb8737,weekend,415,13338.0
POI_IND_9999_0x3be7c7255050f43b:0x9044c555c0cb8737,weekday,928,34456.0
POI_IND_9999_0x3be7c907176fdea3:0x86447a59472ef9a6,weekday,24,1141.0
POI_IND_9999_0x3be87a410afe07a3:0xf54c04807c625882,weekend,217,2337.0
POI_IND_9999_0x3be87b65b6c78c39:0xc4426c4883967892,weekday,124,4754.0
POI_IND_9999_0x3be7b921acc69ba7:0x49baf9643c9bc38e,weekend,21,329.0
POI_IND_9999_0x3be7cef58ef276e5:0x433f0730fb08be10,weekend,74,2746.0
POI_IND_9999_0x3be7cf37d18dadad:0xab19932bac682b0c,weekend,107,3188.0
POI_IND_9999_0x3be7956bb4989849:0x761a55c54bd74d2f,weekday,21,966.0
POI_IND_9999_0x3be7bf94cd7c7e63:0xaadbf42c50056519,weekend,24,345.0
POI_IND_9999_0x3be7c24c9910456d:0x6e332f0ba259b22f,weekend,46,866.0
POI_IND_9999_0x3be7b18bd89c4697:0xa530205aa6d7b8fc,weekend,41,2368.0
POI_IND_9999_0x3be7b903b8341f53:0x445e756d74f4a085,weekday,116,6231.0
POI_IND_9999_0x3be7b9201352950d:0x2b8a035bebb4c6ac,weekday,172,7844.0
POI_IND_9999_0x3be7b12de6b318bd:0xeb8b38927fd79982,weekday,339,14380.0
POI_IND_9999_0x3be7c1b9d8491eff:0x23c44b1a3fc67264,weekday,98,1981.0
POI_IND_9999_0x3be7c8522c7aabef:0x7d8d9eeddbc10b92,weekday,65,2165.0
POI_IND_9999_0x3be7b9512b66fe7d:0x36e11b8bd3b1bc65,weekend,570,17295.0
POI_IND_9999_0x3be7c8f13d2e5391:0xe3c171e8433ae536,weekend,165,5467.0
POI_IND_9999_0x3be7c9e1efc4d20f:0xa762e20757f25464,weekday,102,4026.0
POI_IND_9999_0x3be7c94791aa0e09:0x824b2ae691c2f40b,weekend,14,1102.0
POI_IND_9999_0x3be7c94791aa0e09:0x824b2ae691c2f40b,weekday,39,1998.0
POI_IND_9999_0x3be7be2063940e41:0xbf12f003120e2daf,weekend,99,1068.0
POI_IND_9999_0x3be7c1dbbc6d7971:0x5168a04a1fed5c53,weekday,98,1580.0
POI_IND_9999_0x3be7bbdc6d0ae637:0xf56e5315a07010c9,weekday,83,3539.0
POI_IND_9999_0x3be7c1ff52fade67:0x4a16ccf371c90f36,weekend,195,4253.0
POI_IND_9999_0x3be7c91adb7488a7:0x241cd2f66034e79e,weekday,210,7031.0
POI_IND_9999_0x3be7b7059e502a55:0x6f3aad59779f0942,weekend,53,1550.0
POI_IND_9999_0x3be7c9bd507b3a2b:0x1307aaa0450b39c,weekend,117,3793.0
POI_IND_9999_0x3be7b77e7a330ccd:0xc2b2488c96a0a5e9,weekday,96,3362.0
POI_IND_9999_0x3be7b9b368bb1921:0x56e2e0566f843c67,weekend,176,6736.0
POI_IND_9999_0x3be7943156056939:0x8b999845968eae9b,weekday,177,3298.0
POI_IND_9999_0x3be7c1f6950a3d33:0x2ea2c2234d295ff2,weekend,128,1300.0
POI_IND_9999_0x3be7c1995554396b:0x6343b951523f1bdd,weekend,136,2674.0
POI_IND_9999_0x3be7ced3f9cfa341:0xe1d4f594937ee263,weekday,120,4936.0
POI_IND_9999_0x3be7c196043cc7a5:0x524c1293c9bdbcf3,weekend,391,4641.0
POI_IND_9999_0x3be7c196043cc7a5:0x524c1293c9bdbcf3,weekday,720,9081.0
POI_IND_9999_0x3be7b9677e3c16a9:0xbcbb39a2109eb44a,weekday,511,8219.0
POI_IND_9999_0x3be7b19cfcd99c69:0xf17d091bb5325393,weekend,31,1499.0
POI_IND_9999_0x3be7b04dce611a23:0x8f6fcb407e600cf8,weekday,227,6867.0
POI_IND_9999_0x3be7cf3224f991f5:0xade5f9dcfb900658,weekday,204,6635.0
POI_IND_9999_0x3be795b56adf11a5:0x9d5223f637d6830a,weekday,88,3033.0
POI_IND_9999_0x3be7b059e55b5fc1:0xd7316e41ab972f06,weekend,50,2276.0
POI_IND_9999_0x3be7bfe6da67a79d:0x23a38c72a501e9e1,weekend,158,5665.0
POI_IND_9999_0x3bdd6158e78d4811:0xc972f9b9dcd2ec14,weekday,6,301.0
POI_IND_9999_0x3be7cf79082e53b9:0x607312a07e810593,weekend,18,413.0
POI_IND_9999_0x3be7c9122833cf53:0xa438d93d8c564c8e,weekday,83,4069.0
POI_IND_9999_0x3be7c9122833cf53:0xa438d93d8c564c8e,weekend,44,1769.0
POI_IND_9999_0x3be7c9e0d875fc5d:0x17b194fc812a2f38,weekday,181,8954.0
POI_IND_9999_0x3be7ce89408e0ec1:0x2b25ba95eae9ee19,weekend,265,7721.0
POI_IND_9999_0x3be7957f4cb60da5:0xf5821711a64f8e4c,weekday,32,493.0
POI_IND_9999_0x3be7957f4cb60da5:0xf5821711a64f8e4c,weekend,20,202.0
POI_IND_9999_0x3be7950d080a5edb:0x4ce6af7475f3e065,weekend,54,1165.0
POI_IND_9999_0x3be7b181a6c8725b:0x6bca392f461ad304,weekday,148,7729.0
POI_IND_9999_0x3be7b9f5d7c269d1:0x2edef507f1798ed7,weekend,9,115.0
POI_IND_9999_0x3be7b91c2d874871:0x9c79b3f08903c6aa,weekday,193,9936.0
POI_IND_9999_0x3be7c9ccc80c0c5b:0xf4b2e049cebf318,weekday,454,17430.0
POI_IND_9999_0x3be7b7d7fbebd8f7:0x35d556bf82321ed0,weekday,280,7454.0
POI_IND_9999_0x3be7c9d808f64ff7:0xf79c570f56383686,weekday,52,1994.0
POI_IND_9999_0x3be7b7337501a9ef:0xdf3760a6be6b2e01,weekday,71,3124.0
POI_IND_9999_0x3be7c871f48a9f91:0xdfd30f49522930f0,weekend,194,6902.0
POI_IND_9999_0x3be7b11e11a860b9:0xc2fb725f9c2eb5cd,weekend,72,2974.0
POI_IND_9999_0x3be7b92f8967c83d:0x26e8f39bb8c986a3,weekday,143,4313.0
POI_IND_9999_0x3be7b100a30e3ba7:0x5d40649876da17,weekend,53,3418.0
POI_IND_9999_0x3be7c3acf2802b21:0x669c7d1627c86d0f,weekend,137,2942.0
POI_IND_9999_0x3be7bf6b149380db:0x537085997a103e06,weekday,61,783.0
POI_IND_9999_0x3be7b73d26414681:0xb719133f30dbe7fe,weekend,93,2459.0
POI_IND_9999_0x3be7b7d5f4b29dfd:0x9bfd8f3152673111,weekend,63,2405.0
POI_IND_9999_0x3be7c9c4a59962a7:0xf62451726ebba467,weekday,74,5025.0
POI_IND_9999_0x3be7c9fced6cf2c9:0xc186562941861c7,weekday,54,1232.0
POI_IND_9999_0x3be7cf41bfd367bd:0x4d6ed4c635c86257,weekday,179,4607.0
POI_IND_9999_0x3be7b0f30d370fc9:0x6af696c900aab916,weekday,189,8808.0
POI_IND_9999_0x3be79593b3ad46e5:0xa65bc79f2a5d0c5e,weekday,97,2075.0
POI_IND_9999_0x3be795d1ea6688a9:0x4b60ace4422d84dc,weekend,102,1825.0
POI_IND_9999_0x3be7b9b9b5139f4f:0xbdec9aa669f278a0,weekday,277,12063.0
POI_IND_9999_0x3be7bf6eaf842ca7:0x4719f252d81ebac,weekend,48,1171.0
POI_IND_9999_0x3be7bd165f100ab7:0xa02708d6994141ce,weekday,42,910.0
POI_IND_9999_0x3be7bd165f100ab7:0xa02708d6994141ce,weekend,65,1067.0
POI_IND_9999_0x3be7c9ea466213fd:0x6ffc4db052a9af9a,weekday,49,2630.0
POI_IND_9999_0x3be7ce0da600d9fd:0xd32d171542e8573,weekend,51,2184.0
POI_IND_9999_0x3be7ce8e255d9999:0xe1d38cdc27aa01b,weekday,1541,46199.0
POI_IND_9999_0x3be7b7f3596131b3:0x1d6c28406a8b98d6,weekday,210,8641.0
POI_IND_9999_0x3be7b7f3596131b3:0x1d6c28406a8b98d6,weekend,57,2398.0
POI_IND_9999_0x3be7c394004c0e6d:0xcf6a8ba84160fb0a,weekday,66,2112.0
POI_IND_9999_0x3be7b903cacf55c3:0x497e9e1e3b69534e,weekday,113,5328.0
POI_IND_9999_0x3be7c9164e9de569:0x92851d0b8544a2d9,weekend,197,11296.0
POI_IND_9999_0x3be7b716bb3bda57:0xc01686d6d0a4994c,weekend,447,16575.0
POI_IND_9999_0x3be7b726c76e5d11:0xe9adcf0751f665c9,weekday,153,4780.0
POI_IND_9999_0x3be7b726c76e5d11:0xe9adcf0751f665c9,weekend,61,2976.0
POI_IND_9999_0x3be7bd08d7e3e82d:0x8e1a7e99dae585e2,weekend,29,688.0
POI_IND_9999_0x3be7c1ebccd341d5:0xa8a31979b1cd211c,weekday,98,4977.0
POI_IND_9999_0x3be7b7a9d209b559:0x2d6e81a09f8bd2de,weekday,1105,48728.0
POI_IND_9999_0x3be7c8bd0783d343:0xb7c373d117e6c3e8,weekday,54,1871.0
POI_IND_9999_0x3be7b7cce51c9da9:0xd0cdc92b180dc68c,weekday,62,2460.0
POI_IND_9999_0x3be7c7c2cb87526d:0x904bfbdb8d54114e,weekend,161,6384.0
POI_IND_9999_0x3be7c7aec2fab211:0xd133d4090c659ccf,weekend,72,3068.0
POI_IND_9999_0x3be7c959a67277ad:0xc68f368de3e2b2c,weekend,47,1756.0
POI_IND_9999_0x3be7ce399d9c4ee1:0xa6bb9060d8c42962,weekend,104,3433.0
POI_IND_9999_0x3be7d1e80b64f02b:0xc8b364d48fa33c02,weekend,5,479.0
POI_IND_9999_0x3be7cf16190dccbd:0xc10412446013ea14,weekend,25,1456.0
POI_IND_9999_0x3be7cf9032c5c201:0x9a123a9132113b3f,weekday,965,36271.0
POI_IND_9999_0x3be7a970cd28b271:0xe4d0aa89b46bd37e,weekend,115,2422.0
POI_IND_9999_0x3be7b9eee6bea70d:0x558aaa31a8dc1cf1,weekend,15,716.0
POI_IND_9999_0x3be7b9eee6bea70d:0x558aaa31a8dc1cf1,weekday,66,1967.0
POI_IND_9999_0x3be7bdc4b67bdb9f:0xf4689bb33dd10e48,weekend,12,354.0
POI_IND_9999_0x3be7bdc4b67bdb9f:0xf4689bb33dd10e48,weekday,39,1553.0
POI_IND_9999_0x3be7959a77b53d79:0x5557589860b8e582,weekday,123,5519.0
POI_IND_9999_0x3be7cf8e76ea498d:0x1cefcd4167b5c4fb,weekday,33,1481.0
POI_IND_9999_0x3be7cf8e76ea498d:0x1cefcd4167b5c4fb,weekend,10,112.0
POI_IND_9999_0x3be87b8ba437dfb1:0x7e95335d68b524f0,weekday,387,6087.0
POI_IND_9999_0x3be7d1da3a4f1573:0x6d6fec8cd5aab47a,weekday,105,5361.0
POI_IND_9999_0x3be7cf24d533b475:0x14bb9cd77382531a,weekend,150,3513.0
POI_IND_9999_0x3be7aeb8f4d608fb:0x7b49cd278f39e7a7,weekend,66,2488.0
POI_IND_9999_0x3be7b91f335e637b:0x2d0a4bee85b3cac6,weekend,65,3724.0
POI_IND_9999_0x3be7b1d14eecdd5d:0xe021364d0557c27f,weekday,104,5903.0
POI_IND_9999_0x3be7c23e49d44387:0xa163f72fe6403898,weekend,253,2750.0
POI_IND_9999_0x3be7c8443fffffff:0xf6dda17f47cf2496,weekday,162,7554.0
POI_IND_9999_0x3be7c91b2f359a51:0x7a74a9bfb7a6635,weekday,712,20782.0
POI_IND_9999_0x3be7c90ca76b906d:0x608abcccd1ea2511,weekday,299,11363.0
POI_IND_9999_0x3be7c87d80325f43:0x9a68be419ef8ffde,weekend,244,10069.0
POI_IND_9999_0x3be7c9bd7802e87b:0x6752da0fa1ab5a44,weekend,63,3424.0
POI_IND_9999_0x3be7c9e92075a359:0x438fff3629fa97dc,weekday,104,5268.0
POI_IND_9999_0x3be7b1f4512ee119:0x38f65d6f27cd6143,weekday,191,9842.0
POI_IND_9999_0x3be7c70003fa62e9:0x1d986a0c4df105d1,weekend,145,2887.0
POI_IND_9999_0x3be7c70003fa62e9:0x1d986a0c4df105d1,weekday,436,7525.0
POI_IND_9999_0x3be7c62e686beb4f:0x5a421a900afb8217,weekday,555,16054.0
POI_IND_9999_0x3be7b787e37e487f:0x7d96cbae202d22dd,weekday,72,2637.0
POI_IND_9999_0x3be7c8653c86c667:0xda6f23f9501dcb15,weekend,62,3176.0
POI_IND_9999_0x3be7b7a3539f85b9:0x169e22d765db2bca,weekend,222,5932.0
POI_IND_9999_0x3be7e9c8a7679c2d:0x6cd7eecd4e0cd03d,weekend,122,1885.0
POI_IND_9999_0x3be7b7c18fde4fa5:0xb75bf7d218587bab,weekend,38,2132.0
POI_IND_9999_0x3be7c935a6e2bee3:0xe88d18d62039f5dc,weekday,181,9039.0
POI_IND_9999_0x3be7c94f74923b51:0xdc4f4bf22899fd10,weekend,141,3785.0
POI_IND_9999_0x3be7b1db319ea85b:0x396590d3b94f8b53,weekday,104,4061.0
POI_IND_9999_0x3be7c9b2b42b52cf:0xc560894d080a27c2,weekend,295,5522.0
POI_IND_9999_0x3be7c9b2b42b52cf:0xc560894d080a27c2,weekday,447,9391.0
POI_IND_9999_0x3be7c871fe40858f:0x5d070e4763d658e8,weekday,442,11536.0
POI_IND_9999_0x3be7b7b764d6e7cb:0x6bfab48ca70a1871,weekday,341,8274.0
POI_IND_9999_0x3be7b9000d0b60df:0x142e6fabd041d4f2,weekend,138,7148.0
POI_IND_9999_0x3be7b649ddd2fde5:0xf96fc052243ded51,weekend,18,945.0
POI_IND_9999_0x3be7b71b850f9d83:0xb64295a8836c3107,weekend,158,4215.0
POI_IND_9999_0x3be7b70019b6aded:0x71bc7fcab47b76d9,weekend,83,4549.0
POI_IND_9999_0x3be7b95cc11ba7c5:0x948d1ee520b374e6,weekend,97,4042.0
POI_IND_9999_0x3be7b95cc11ba7c5:0x948d1ee520b374e6,weekday,229,8327.0
POI_IND_9999_0x3be7b7b348fad911:0x3598dcff03b6907,weekday,71,2919.0
POI_IND_9999_0x3be7b1387bb21851:0x8817b82fe6cb92a5,weekday,92,5217.0
POI_IND_9999_0x3be7b800f4feb829:0xc22a08b554d81cb,weekend,132,2323.0
POI_IND_9999_0x3be7b7539b399075:0x64b1657c660e833a,weekend,22,824.0
POI_IND_9999_0x3be7c93fb762ad13:0x7e19d16ae6c7e4a2,weekday,147,8258.0
POI_IND_9999_0x3be7b72986acc051:0x4588fac006f0a606,weekend,157,5281.0
POI_IND_9999_0x3be7c8f6d0e12a1f:0x45148f58fec1e86b,weekday,420,16040.0
POI_IND_9999_0x3be7b153adf4dc5b:0x930bc1a164eb1e46,weekend,106,5991.0
POI_IND_9999_0x3be7b1edb330bce3:0x5be6a3e3d5f8c9e,weekday,76,4003.0
POI_IND_9999_0x3be7bdabb25070cf:0xa9d8d42db4766307,weekend,55,1142.0
POI_IND_9999_0x3be7b927229de115:0xc26ce0876ff4393a,weekend,177,7229.0
POI_IND_9999_0x3be7c13a88ad8ca7:0x6d6b9a1e4ea330b8,weekday,214,2378.0
POI_IND_9999_0x3be7c340e0c26833:0x55ca22282a0686e7,weekday,65,1060.0
POI_IND_9999_0x3be7ce8bf751d3b3:0x3b14245b38abb245,weekend,222,8743.0
POI_IND_9999_0x3be7d1bf6d035773:0x14a275379c10ed68,weekday,189,6029.0
POI_IND_9999_0x3be7d1bf6d035773:0x14a275379c10ed68,weekend,65,2062.0
POI_IND_9999_0x3be7b0fdf80c61c9:0x6249d85bc45364d2,weekend,21,1308.0
POI_IND_9999_0x3be7b7a8ffdc7ea9:0x80adeef1e97cfe47,weekend,14,876.0
POI_IND_9999_0x3be7c83fc0eb5271:0x52b711524a2da569,weekday,130,7960.0
POI_IND_9999_0x3be7c77779897883:0x9abb47495273443,weekend,110,3520.0
POI_IND_9999_0x3be7b12ad3f10fb9:0x1dc127e9ffc1a031,weekday,228,8463.0
POI_IND_9999_0x3be7c91286673cd3:0xaaa079cb1979f4b8,weekend,30,1911.0
POI_IND_9999_0x3be7b6b7273eb4eb:0x4e2b924d036da3e9,weekend,9,368.0
POI_IND_9999_0x3be7c90023c2e927:0x586321b23fbe6bbc,weekday,50,1549.0
POI_IND_9999_0x3be7c10b3f4c9f6b:0x3aa2432f492aab82,weekday,224,6230.0
POI_IND_9999_0x3be7c3acd02d901f:0x8c0d34ed13413a52,weekday,211,4183.0
POI_IND_9999_0x3be7c3acd02d901f:0x8c0d34ed13413a52,weekend,57,1142.0
POI_IND_9999_0x3be7c148a16c2811:0x8ff24d114fdf8f4b,weekday,10,303.0
POI_IND_9999_0x3be7c1340b0e699b:0x1da58a9456e695b1,weekday,198,3416.0
POI_IND_9999_0x3be7b1aeb1bb5555:0xc3eb3bdd294ba9ff,weekday,130,6274.0
POI_IND_9999_0x3be7c921dba4d58d:0x25a1936841e957e9,weekday,44,2557.0
POI_IND_9999_0x3be7c9e1e7e318e7:0x5d6106340b097497,weekend,56,1879.0
POI_IND_9999_0x3be7c9e1e7e318e7:0x5d6106340b097497,weekday,187,7257.0
POI_IND_9999_0x3be7c905558d0777:0x6577c0c1d6b093c6,weekend,473,12426.0
POI_IND_9999_0x3be7a9f52161a407:0x70de832da7038a4d,weekday,162,2901.0
POI_IND_9999_0x3be7b161aaed1add:0x5bb29599b48c91e8,weekend,36,1633.0
POI_IND_9999_0x3be7b7f690dacba7:0x689cf5cd6fb617e7,weekend,49,1519.0
POI_IND_9999_0x3be7c61997586915:0x9e82034956a4211b,weekend,77,2491.0
POI_IND_9999_0x3be7b90d5d5154c7:0x381264f412d983d3,weekend,277,6085.0
POI_IND_9999_0x3be7b16e84845133:0x58ef6d3bf4d637ef,weekday,105,4037.0
POI_IND_9999_0x3be7b16e84845133:0x58ef6d3bf4d637ef,weekend,46,1462.0
POI_IND_9999_0x3be7c3bea9b45bf1:0x922fd486cc7b87ab,weekend,61,1627.0
POI_IND_9999_0x3be7b1d1fe1b6993:0xec473ae9a7b19ad5,weekday,387,13396.0
POI_IND_9999_0x3be7b91cfc244647:0xf1d612f844cf67aa,weekday,43,538.0
POI_IND_9999_0x3be7b79c856eecf7:0x173a71f7280a068,weekend,18,900.0
POI_IND_9999_0x3be71d7607011a5d:0x2d267ea05a791e87,weekend,30,757.0
POI_IND_9999_0x3be7b65253d57829:0x430e779ea2fd621a,weekday,593,15748.0
POI_IND_9999_0x3be7c991aead17e9:0xbb1a797789e118c4,weekday,715,26975.0
POI_IND_9999_0x3be7c92d682d1301:0x7da20104a5e8b5c6,weekend,94,2859.0
POI_IND_9999_0x3be7c92d682d1301:0x7da20104a5e8b5c6,weekday,191,6995.0
POI_IND_9999_0x3be7cf29280df03f:0x25acd91b86647569,weekday,221,8932.0
POI_IND_9999_0x3be7be203d32ebdd:0x9d942010c121b248,weekday,281,2465.0
POI_IND_9999_0x3be7be203d32ebdd:0x9d942010c121b248,weekend,123,1440.0
POI_IND_9999_0x3be7937813ce7481:0xd78a1fe4d2086572,weekend,11,329.0
POI_IND_9999_0x3be7937813ce7481:0xd78a1fe4d2086572,weekday,26,1449.0
POI_IND_9999_0x3be794108fde6dc9:0xac33e1ec97ce3bd8,weekday,209,7323.0
POI_IND_9999_0x3be7c959e4d8c99b:0x2c3f682f150d4467,weekday,206,6007.0
POI_IND_9999_0x3be795e60037b1e7:0xfdb0eb7c56e1b169,weekend,64,2229.0
POI_IND_9999_0x3be795e60037b1e7:0xfdb0eb7c56e1b169,weekday,137,4605.0
POI_IND_9999_0x3be7b92fe201d9b3:0x39d276bdabd4f505,weekday,58,1819.0
POI_IND_9999_0x3be7b9d7487f4e99:0xf29b2459399d11bc,weekend,129,5431.0
POI_IND_9999_0x3be7b9d7487f4e99:0xf29b2459399d11bc,weekday,214,9797.0
POI_IND_9999_0x3be7c3b3866d948d:0x4a90c1ef12194fd5,weekday,49,372.0
POI_IND_9999_0x3be7c3b3866d948d:0x4a90c1ef12194fd5,weekend,26,193.0
POI_IND_9999_0x3be7b1005abe4893:0x64397eba6eeb2427,weekday,87,2935.0
POI_IND_9999_0x3be7bf51f9b6aaab:0x68fb6e17a482654b,weekday,76,1774.0
POI_IND_9999_0x3be7bf51f9b6aaab:0x68fb6e17a482654b,weekend,45,833.0
POI_IND_9999_0x3be7950075d96f4d:0xd57c3121cadfbab7,weekday,49,540.0
POI_IND_9999_0x3be79425a5a528a9:0xc9f318ca7ddbbbc9,weekend,348,8274.0
POI_IND_9999_0x3be795eb13cf645d:0xc0b26bed36f23cd4,weekend,31,735.0
POI_IND_9999_0x3be7b9724bfe6a7d:0xb6574b352068ad59,weekend,82,3369.0
POI_IND_9999_0x3be7c1370ff493c3:0xdbf2628c7d8859bd,weekday,580,9498.0
POI_IND_9999_0x3be7b6ee3b701d81:0x67b9da423f3bfa22,weekday,105,6225.0
POI_IND_9999_0x3be7b6ee3b701d81:0x67b9da423f3bfa22,weekend,80,4440.0
POI_IND_9999_0x3be7c9a3cabbeb99:0xf21d0501ca46b08d,weekend,87,2584.0
POI_IND_9999_0x3be7c90025186e3f:0x256aeb8721eb16a5,weekend,610,16141.0
POI_IND_9999_0x3be7b76b6659714f:0xec45712e87158f88,weekend,12,587.0
POI_IND_9999_0x3be7c91ae66048bd:0x1346f89558be8838,weekday,361,12672.0
POI_IND_9999_0x3be7b76deaa73e0f:0x318d07bd5a233fbb,weekend,8,105.0
POI_IND_9999_0x3be7c9164ff01d63:0xc657d0a51981ef00,weekday,193,6552.0
POI_IND_9999_0x3be7c9164ff01d63:0xc657d0a51981ef00,weekend,22,1441.0
POI_IND_9999_0x3be7c912012a066d:0x6640e559ce56b298,weekday,152,6028.0
POI_IND_9999_0x3be7c912012a066d:0x6640e559ce56b298,weekend,46,1481.0
POI_IND_9999_0x3be7b7f2309ad685:0xc1de35de8a14751d,weekday,1231,51210.0
POI_IND_9999_0x3be7b7f2309ad685:0xc1de35de8a14751d,weekend,605,23769.0
POI_IND_9999_0x3be7a8cd5643696f:0x98997b33f721bc68,weekend,671,20454.0
POI_IND_9999_0x3be7cf83ecd00b27:0xaac4c5077d4ab420,weekend,30,938.0
POI_IND_9999_0x3be7ce8b78ac3db9:0x395ad82b0a483225,weekday,233,9191.0
POI_IND_9999_0x3be7cf42e399f7ad:0x6cb98d34e1c9b043,weekend,224,10624.0
POI_IND_9999_0x3be7ab7757c8fb7b:0xfe9654eb45ebed7e,weekend,47,1421.0
POI_IND_9999_0x3be7c8a5efc1b61d:0x8cb695b252331e68,weekend,32,1328.0
POI_IND_9999_0x3be7c9c8f4b87781:0x5d67c893a74b8a75,weekday,52,2528.0
POI_IND_9999_0x3be7b871f3e52b1b:0x95516603dc7f9561,weekend,44,2304.0
POI_IND_9999_0x3be7c9216303fe89:0xa42f9bba58a96ef9,weekday,414,16024.0
POI_IND_9999_0x3be7cfe5fc5859fd:0xa84c964bb6d675ee,weekend,17,772.0
POI_IND_9999_0x3be7b8f424282d27:0xc22d5d81df60f31d,weekday,318,8222.0
POI_IND_9999_0x3be7c96918fb097f:0xf2c3d10e6b003994,weekend,205,3715.0
POI_IND_9999_0x3be7b736976d5efb:0x193034a19381acc,weekday,145,5384.0
POI_IND_9999_0x3be7b12e3813ef27:0xef6b9b6dec22c4d9,weekday,41,2520.0
POI_IND_9999_0x3be7cf82111d807f:0x58cf5a11e8ece63b,weekend,95,3218.0
POI_IND_9999_0x3be7cef58ef276e5:0x433f0730fb08be10,weekday,139,5834.0
POI_IND_9999_0x3be7cf37d18dadad:0xab19932bac682b0c,weekday,272,8070.0
POI_IND_9999_0x3be7956bb4989849:0x761a55c54bd74d2f,weekend,2,116.0
POI_IND_9999_0x3be7c1e388650685:0x385305f0406d70ef,weekday,88,2819.0
POI_IND_9999_0x3be7c1e388650685:0x385305f0406d70ef,weekend,75,1824.0
POI_IND_9999_0x3be7c24c9910456d:0x6e332f0ba259b22f,weekday,146,3965.0
POI_IND_9999_0x3be7b9201352950d:0x2b8a035bebb4c6ac,weekend,50,2376.0
POI_IND_9999_0x3be7c0d02de2cb15:0xa4f92f5f17a2b06c,weekend,21,168.0
POI_IND_9999_0x3be7c8522c7aabef:0x7d8d9eeddbc10b92,weekend,26,891.0
POI_IND_9999_0x3be7c9963c792827:0xa87e2bfac88bf320,weekday,4,287.0
POI_IND_9999_0x3be7c8f13d2e5391:0xe3c171e8433ae536,weekday,198,10872.0
POI_IND_9999_0x3be7c9e1efc4d20f:0xa762e20757f25464,weekend,88,3592.0
POI_IND_9999_0x3be7bd000fabcf3b:0x24fdfe73fa153d7d,weekday,27,682.0
POI_IND_9999_0x3be7bd000fabcf3b:0x24fdfe73fa153d7d,weekend,14,417.0
POI_IND_9999_0x3be7bf2ad57d30b3:0xb565fc69e0339e16,weekday,78,3765.0
POI_IND_9999_0x3be7bf2ad57d30b3:0xb565fc69e0339e16,weekend,21,923.0
POI_IND_9999_0x3be7b99cc42d3ef5:0x3f2f4d2191ede4e4,weekday,97,3108.0
POI_IND_9999_0x3be7c1dbbc6d7971:0x5168a04a1fed5c53,weekend,38,639.0
POI_IND_9999_0x3be795b24cf9e83b:0x83340cf8a2d153c1,weekend,97,2903.0
POI_IND_9999_0x3be7cfcb6340ca4f:0xb5db994a03751132,weekend,221,6685.0
POI_IND_9999_0x3be7b134620d84c9:0xaf6d924867fb84d8,weekday,81,3915.0
POI_IND_9999_0x3be7c82371f3146f:0x835521cb676f5e9c,weekday,143,4565.0
POI_IND_9999_0x3be7c82371f3146f:0x835521cb676f5e9c,weekend,67,1204.0
POI_IND_9999_0x3be7b7059e502a55:0x6f3aad59779f0942,weekday,98,3931.0
POI_IND_9999_0x3be7c9bd507b3a2b:0x1307aaa0450b39c,weekday,192,8490.0
POI_IND_9999_0x3be7c9aa7fa948a3:0x9097d87f79187b8d,weekday,222,10144.0
POI_IND_9999_0x3be7c9aa7fa948a3:0x9097d87f79187b8d,weekend,82,5503.0
POI_IND_9999_0x3be7ed2d320867b1:0x9910cdb3d418679e,weekday,436,9828.0
POI_IND_9999_0x3be7943156056939:0x8b999845968eae9b,weekend,88,1118.0
POI_IND_9999_0x3be7b9aeba917ceb:0xc407e5baa9c52bd5,weekday,177,6375.0
POI_IND_9999_0x3be7b03128946a59:0x6f6ee68a19935aa2,weekday,80,4803.0
POI_IND_9999_0x3be7b03128946a59:0x6f6ee68a19935aa2,weekend,47,2698.0
POI_IND_9999_0x3be7c1b2f44b2675:0x8b1d21740067ac41,weekday,313,6315.0
POI_IND_9999_0x3be7c1b2f44b2675:0x8b1d21740067ac41,weekend,52,1279.0
POI_IND_9999_0x3be799f2f530a367:0xcbcbd84077862686,weekend,2,101.0
POI_IND_9999_0x3be7bb2dbda5cd07:0x6d38a97f21397291,weekend,52,3495.0
POI_IND_9999_0x3be7bd877fd56a55:0x7fac05fbee3593c8,weekend,37,1469.0
POI_IND_9999_0x3be7b04dce611a23:0x8f6fcb407e600cf8,weekend,78,3431.0
POI_IND_9999_0x3be79787879808bb:0xf88480d938cae107,weekend,446,4785.0
POI_IND_9999_0x3be7c0a8172c6a13:0xeb86d16cdf9e4772,weekday,66,1709.0
POI_IND_9999_0x3be7c0a8172c6a13:0xeb86d16cdf9e4772,weekend,26,635.0
POI_IND_9999_0x3be795b56adf11a5:0x9d5223f637d6830a,weekend,47,2168.0
POI_IND_9999_0x3be7b059e55b5fc1:0xd7316e41ab972f06,weekday,112,5630.0
POI_IND_9999_0x3be7b42cef000001:0x5ffb214ecee29b4b,weekday,18,990.0
POI_IND_9999_0x3be7d123e6bce655:0x48eb0a1559e3cc92,weekday,217,5992.0
POI_IND_9999_0x3be7c132ddfb69a1:0xe311eac3f33e4be3,weekend,46,1206.0
POI_IND_9999_0x3be7ed2d6d781de7:0x3539781e1b37957d,weekend,59,2064.0
POI_IND_9999_0x3be7943e73c0ef1f:0xc3f874ea17857ca4,weekend,62,2478.0
POI_IND_9999_0x3be79539e72d8793:0x2c6e1a12cdc70cf7,weekday,7,7.0
POI_IND_9999_0x3be79510581d33c9:0xaa4177983d9a2464,weekday,13,408.0
POI_IND_9999_0x3be799165537e9d3:0x27996acf3013e447,weekday,32,1330.0
POI_IND_9999_0x3be799165537e9d3:0x27996acf3013e447,weekend,6,444.0
POI_IND_9999_0x3be7c37b6e908c59:0x110ffb9c4c8b5a88,weekday,350,3611.0
POI_IND_9999_0x3be7d1e610529681:0x6f80771e51b18d48,weekday,71,3350.0
POI_IND_9999_0x3be7d1e610529681:0x6f80771e51b18d48,weekend,26,1021.0
POI_IND_9999_0x3be7b7d7fbebd8f7:0x35d556bf82321ed0,weekend,126,3737.0
POI_IND_9999_0x3be7c82ebd60de61:0xb26b5105e9a96a5f,weekday,373,12174.0
POI_IND_9999_0x3be7b92f8967c83d:0x26e8f39bb8c986a3,weekend,64,1889.0
POI_IND_9999_0x3be7956c4b891487:0x6d6c876c0fb96bbd,weekday,75,3118.0
POI_IND_9999_0x3be7b100a30e3ba7:0x5d40649876da17,weekday,149,8691.0
POI_IND_9999_0x3be7c3acf2802b21:0x669c7d1627c86d0f,weekday,203,4407.0
POI_IND_9999_0x3be795a85c6d290d:0x14e4685f46b9a238,weekend,9,262.0
POI_IND_9999_0x3be7b73d26414681:0xb719133f30dbe7fe,weekday,168,6661.0
POI_IND_9999_0x3be870765021002b:0x79b8b2db8d3fcae5,weekday,1,38.0
POI_IND_9999_0x3be7c8a465bc7ce9:0xe0d50fa4518b0dc1,weekend,116,5253.0
POI_IND_9999_0x3be7c9c4a59962a7:0xf62451726ebba467,weekend,45,2421.0
POI_IND_9999_0x3be7d1876fefaba9:0x8ff7a4f791a20da2,weekday,56,2163.0
POI_IND_9999_0x3be7d18724562e99:0xc62853e20cf144ef,weekend,20,1235.0
POI_IND_9999_0x3be7d18724562e99:0xc62853e20cf144ef,weekday,116,4091.0
POI_IND_9999_0x3be7bb4f83d07e2b:0x4ca79283c2370e7d,weekday,9,87.0
POI_IND_9999_0x3be7a9c853feacbd:0xae658b735760425c,weekend,155,3341.0
POI_IND_9999_0x3be7bf6eaf842ca7:0x4719f252d81ebac,weekday,112,2493.0
POI_IND_9999_0x3be7b9b496c2715f:0xbe1118f4cd0c63f8,weekend,588,12151.0
POI_IND_9999_0x3be7c9ea466213fd:0x6ffc4db052a9af9a,weekend,23,1298.0
POI_IND_9999_0x3be71f94d8ec9283:0xb901681a3bcb7af7,weekend,55,968.0
POI_IND_9999_0x3be7b918ea4f10a5:0x65076edcc42abca3,weekend,151,6708.0
POI_IND_9999_0x3be7b903cacf55c3:0x497e9e1e3b69534e,weekend,48,2031.0
POI_IND_9999_0x3be7b94359f308bd:0xd29f0507446acbaa,weekday,85,2420.0
POI_IND_9999_0x3be7b94359f308bd:0xd29f0507446acbaa,weekend,39,1284.0
POI_IND_9999_0x3be71d35ff3185e1:0x22a029cb04c74629,weekend,41,469.0
POI_IND_9999_0x3be7c93ddb73c38b:0x6fe7c71c56731475,weekend,35,1662.0
POI_IND_9999_0x3be7c90318119bad:0x64a62b32d109c2b0,weekday,71,4234.0
POI_IND_9999_0x3be7b626af81ff5b:0xd34445017ed23c96,weekend,61,2263.0
POI_IND_9999_0x3be7ce57e8959737:0x6be47fbf39a774b2,weekday,924,24211.0
POI_IND_9999_0x3be7ce57e8959737:0x6be47fbf39a774b2,weekend,424,11150.0
POI_IND_9999_0x3be7cf91b5934b89:0x5d58c103286cfb7a,weekday,313,5886.0
POI_IND_9999_0x3be7cf0044f655ef:0x20ec3f6e036c0d88,weekday,67,1165.0
POI_IND_9999_0x3be7cf0044f655ef:0x20ec3f6e036c0d88,weekend,18,357.0
POI_IND_9999_0x3be7c7af43060a11:0x2f1e69d56b103a19,weekend,167,8742.0
POI_IND_9999_0x3be7c7aec2fab211:0xd133d4090c659ccf,weekday,138,6005.0
POI_IND_9999_0x3be7c816df3e0b81:0x4db23375a0e8ba15,weekday,127,5001.0
POI_IND_9999_0x3be7c9aeeeb6b9e3:0xaf435d602e887f76,weekday,47,1611.0
POI_IND_9999_0x3be7cf2c31f74a4d:0x66c91183c1904c0,weekend,391,14897.0
POI_IND_9999_0x3be7ce0eff3693ef:0xff113413f9db37e8,weekend,664,16939.0
POI_IND_9999_0x3be7d1dc055a519f:0xadcee2ec026a6d37,weekday,66,2834.0
POI_IND_9999_0x3be7c99ba9ac8511:0xf720bd58e3380c58,weekday,995,17097.0
POI_IND_9999_0x3be7d1dcc331fcdf:0xdfaf93d11c4404e5,weekend,41,1603.0
POI_IND_9999_0x3be7d1dcc331fcdf:0xdfaf93d11c4404e5,weekday,92,4069.0
POI_IND_9999_0x3be7d1e80b64f02b:0xc8b364d48fa33c02,weekday,62,2424.0
POI_IND_9999_0x3be7c8042bd7d819:0x901136366ecbdf5d,weekday,85,4504.0
POI_IND_9999_0x3be7c843bd1c85c1:0x97829d341d8909f,weekday,495,19769.0
POI_IND_9999_0x3be7c9bf739a213d:0x4f1f0cd9ed5de9d5,weekday,143,6201.0
POI_IND_9999_0x3be7c7636326ff2b:0x6af593acab8e06c0,weekday,188,5805.0
POI_IND_9999_0x3be7955a87016103:0x65cbb76e0776800c,weekday,222,4206.0
POI_IND_9999_0x3be7c1a1fa171c85:0x756919215cb44d31,weekday,50,443.0
POI_IND_9999_0x3be7c1a1fa171c85:0x756919215cb44d31,weekend,24,144.0
POI_IND_9999_0x3be7ced23bb30573:0xd1fb1f926ce3bfdc,weekday,211,11410.0
POI_IND_9999_0x3be7c97018013b8f:0x9ba3a209221d5f63,weekday,138,5890.0
POI_IND_9999_0x3be7e844ac8ac1c5:0xa72ff5426c0045e4,weekend,28,499.0
POI_IND_9999_0x3be7ced41effdb7d:0xa097efcab826ead0,weekday,134,5791.0
POI_IND_9999_0x3be7cee53bdf59b9:0x492f39074ee78879,weekday,318,6755.0
POI_IND_9999_0x3be7bb00464b4ebb:0x38f3da0d42c70942,weekday,52,1495.0
POI_IND_9999_0x3be7aeb8f4d608fb:0x7b49cd278f39e7a7,weekday,119,3681.0
POI_IND_9999_0x3be7cf9793acdacf:0xe4b86ecafe4dbf14,weekday,217,7634.0
POI_IND_9999_0x3be7cf9793acdacf:0xe4b86ecafe4dbf14,weekend,138,4056.0
POI_IND_9999_0x3be7b94427568f93:0x616181c95223b75,weekend,53,2581.0
POI_IND_9999_0x3be7c1a5d9bf8023:0x280ce6d8303ba289,weekend,64,525.0
POI_IND_9999_0x3bdd66f2bdcc7983:0x3be1945667aa52e1,weekday,45,280.0
POI_IND_9999_0x3be7c195fe81deef:0xc2c204fa5b8bef76,weekday,145,1095.0
POI_IND_9999_0x3be7d19394b52bb5:0x8e0f543692672297,weekday,503,7577.0
POI_IND_9999_0x3be7cee591fb5dcd:0x9a3f30f2f1f517a0,weekday,158,7254.0
POI_IND_9999_0x3be7c23e49d44387:0xa163f72fe6403898,weekday,577,6139.0
POI_IND_9999_0x3be7d162fa12ecc3:0x5d9a8f897272b060,weekend,340,6032.0
POI_IND_9999_0x3be7d162fa12ecc3:0x5d9a8f897272b060,weekday,637,12268.0
POI_IND_9999_0x3be7ce3a6caf4b77:0x3b0ea4b58ab385e4,weekday,645,11764.0
POI_IND_9999_0x3be7b6e569555555:0x322c83069c7b1af6,weekend,17,839.0
POI_IND_9999_0x3be7b61ded59e91f:0x56e59a1ffb3e2964,weekday,39,1771.0
POI_IND_9999_0x3be7c93bc54a9707:0xebf2d0d3b5b16ec9,weekend,32,1581.0
POI_IND_9999_0x3be7c93bc54a9707:0xebf2d0d3b5b16ec9,weekday,62,2748.0
POI_IND_9999_0x3be7b1f4512ee119:0x38f65d6f27cd6143,weekend,72,4132.0
POI_IND_9999_0x3be7b6c4ffffffff:0x7653d93bcd4f2ea8,weekday,22,1139.0
POI_IND_9999_0x3be7c8abcef7c45b:0x5467acf3faf44aea,weekday,134,6535.0
POI_IND_9999_0x3be7c8abcef7c45b:0x5467acf3faf44aea,weekend,40,1667.0
POI_IND_9999_0x3be7b0dbb05b4e95:0x96f16d83feab2149,weekday,118,6808.0
POI_IND_9999_0x3be7b0dbb05b4e95:0x96f16d83feab2149,weekend,52,2628.0
POI_IND_9999_0x3be7b619ed8a8ba3:0x91c03b1da880b330,weekend,158,6579.0
POI_IND_9999_0x3be7c8172a2fbdf9:0x71ee3cdbc0e40cc0,weekend,43,2327.0
POI_IND_9999_0x3be7ce85eb5c0f4f:0xe9c15202cbd536ee,weekend,30,2161.0
POI_IND_9999_0x3be7b7a8ffdc7ea9:0xbcf719ba7fce6460,weekday,923,19851.0
POI_IND_9999_0x3be7b7a8ffdc7ea9:0xbcf719ba7fce6460,weekend,212,7497.0
POI_IND_9999_0x3be7c7e46b2e6d33:0x7b2420c03c3ebbdf,weekend,25,1218.0
POI_IND_9999_0x3be7c948b8aa65e9:0x12777984593b2232,weekend,54,2605.0
POI_IND_9999_0x3be7b7c3b66abed1:0x710f9e084680a8e4,weekend,194,7229.0
POI_IND_9999_0x3be7b79d8a5bf6af:0x781c61a235519337,weekend,204,3760.0
POI_IND_9999_0x3be7b0cccd155555:0x8fbd6ab6775f9c8a,weekday,945,41356.0
POI_IND_9999_0x3be7b0cccd155555:0x8fbd6ab6775f9c8a,weekend,457,19888.0
POI_IND_9999_0x3be7c95aa1ee566f:0x228a14f91e05ec3,weekday,51,1972.0
POI_IND_9999_0x3be7b8620cf6f221:0x4ec4790983b7aab6,weekend,23,155.0
POI_IND_9999_0x3be7c94f74923b51:0xdc4f4bf22899fd10,weekday,161,4925.0
POI_IND_9999_0x3be7b1db319ea85b:0x396590d3b94f8b53,weekend,70,1917.0
POI_IND_9999_0x3be7c9dd6139de5b:0xb261af3459a2d6dd,weekend,88,3538.0
POI_IND_9999_0x3be7b75832924a91:0x50bbeed1c05a09d2,weekday,222,7786.0
POI_IND_9999_0x3be7b649ddd2fde5:0xf96fc052243ded51,weekday,70,2457.0
POI_IND_9999_0x3be7b9ae65ef5d7f:0xcde33a8a1d493e10,weekday,227,11824.0
POI_IND_9999_0x3be7b9ae65ef5d7f:0xcde33a8a1d493e10,weekend,140,7783.0
POI_IND_9999_0x3be7b1020a1f88a9:0xa7e6e8f3a4ae0bf6,weekend,529,24704.0
POI_IND_9999_0x3be7b1387bb21851:0x8817b82fe6cb92a5,weekend,74,2970.0
POI_IND_9999_0x3be7c86ded542b17:0x2269e4e53c3784c1,weekday,95,3428.0
POI_IND_9999_0x3be7c86ded542b17:0x2269e4e53c3784c1,weekend,19,818.0
POI_IND_9999_0x3be7c24091ea822b:0xc3ea2de900c28a42,weekday,57,620.0
POI_IND_9999_0x3be797e0057ada15:0xefb31aab302661b3,weekday,333,6780.0
POI_IND_9999_0x3be7b35efa8d9c8d:0xc08e448dc0c2f415,weekend,17,625.0
POI_IND_9999_0x3be7c66c8ff52145:0x721249c8ba45cbd0,weekend,88,1975.0
POI_IND_9999_0x3be7c9eaf59ba979:0xbf760284ebfca9da,weekday,56,3094.0
POI_IND_9999_0x3be7c7947088942d:0x20c4de3233b8b051,weekday,25,904.0
POI_IND_9999_0x3be7c7947088942d:0x20c4de3233b8b051,weekend,1,6.0
POI_IND_9999_0x3be7bffcb5311631:0xfb1a7d156a0e6819,weekday,336,14146.0
POI_IND_9999_0x3be7bf524d576d1b:0xe014b44aa9affc55,weekend,35,469.0
POI_IND_9999_0x3be7bdabb25070cf:0xa9d8d42db4766307,weekday,63,867.0
POI_IND_9999_0x3be7b927229de115:0xc26ce0876ff4393a,weekday,403,13280.0
POI_IND_9999_0x3be7b93809465ba1:0xa8c11f33d2d61cc7,weekday,52,3611.0
POI_IND_9999_0x3be7c340e0c26833:0x55ca22282a0686e7,weekend,33,410.0
POI_IND_9999_0x3be7ce8bf751d3b3:0x3b14245b38abb245,weekday,556,18934.0
POI_IND_9999_0x3be7b0fdf80c61c9:0x6249d85bc45364d2,weekday,42,1860.0
POI_IND_9999_0x3be7c83fc0eb5271:0x52b711524a2da569,weekend,69,3026.0
POI_IND_9999_0x3be7b7b2c43a342f:0xf597c1394e2221f,weekday,102,5410.0
POI_IND_9999_0x3be7b12ad3f10fb9:0x1dc127e9ffc1a031,weekend,103,3786.0
POI_IND_9999_0x3be7c9d54c6fd509:0x690b552aec5c3b19,weekend,35,1714.0
POI_IND_9999_0x3be7b6b7273eb4eb:0x4e2b924d036da3e9,weekday,21,678.0
POI_IND_9999_0x3be7c8396a3d71d7:0x2b29761922af7952,weekend,17,375.0
POI_IND_9999_0x3be7b65aa4713feb:0xbe3af2ff6eba884c,weekend,13,614.0
POI_IND_9999_0x3be7b65aa4713feb:0xbe3af2ff6eba884c,weekday,96,5139.0
POI_IND_9999_0x3be795e4334ede9d:0xcf7f6e89eb75fadd,weekend,17,738.0
POI_IND_9999_0x3be7b7f690dacba7:0x689cf5cd6fb617e7,weekday,92,3815.0
POI_IND_9999_0x3be7c9e981443347:0xe928949df0975d3b,weekday,246,11695.0
POI_IND_9999_0x3be7c83c256f6a91:0x497dd43353bd8d01,weekday,362,7188.0
POI_IND_9999_0x3be7b704e01a639d:0xe591f500e2cfe206,weekday,116,4844.0
POI_IND_9999_0x3be7b704e01a639d:0xe591f500e2cfe206,weekend,32,1482.0
POI_IND_9999_0x3be7b9ab978f6b7b:0x229ef087585a8ba3,weekend,613,16600.0
POI_IND_9999_0x3be7bbcfbd040a75:0x5b44b435de2eefef,weekday,37,2102.0
POI_IND_9999_0x3be7bba3a1b1a34b:0x71c63b58e74d15eb,weekend,52,2711.0
POI_IND_9999_0x3be795005f9b4e3f:0xd9cf63ebbb7be45,weekday,81,2796.0
POI_IND_9999_0x3be795005f9b4e3f:0xd9cf63ebbb7be45,weekend,66,1774.0
POI_IND_9999_0x3be7b1d1fe1b6993:0xec473ae9a7b19ad5,weekend,268,9157.0
POI_IND_9999_0x3be7c814ce0ec2eb:0x94262d8f3863d342,weekend,120,4325.0
POI_IND_9999_0x3be7b7e7c74e9999:0x50004342a4fb8dd8,weekday,117,5106.0
POI_IND_9999_0x3be7b7e7c74e9999:0x50004342a4fb8dd8,weekend,71,1920.0
POI_IND_9999_0x3be7d1dca4a46a55:0x255c4abe876037b5,weekend,52,3398.0
POI_IND_9999_0x3be7b9b7a2d21bbf:0xa6a76b0c85210e98,weekday,1198,25886.0
POI_IND_9999_0x3be7b9641d9dd483:0x540f395dd77d535b,weekday,594,17878.0
POI_IND_9999_0x3be7b9641d9dd483:0x540f395dd77d535b,weekend,303,6651.0
POI_IND_9999_0x3be7b8e7938fc6d1:0x6ebb021452ce630f,weekday,315,13982.0
POI_IND_9999_0x3be7b8ad2c3c6d5b:0xfd29057501a58b5a,weekday,107,2437.0
POI_IND_9999_0x3be7c1f8d3ed2777:0xf54c555a188b0540,weekday,87,1546.0
POI_IND_9999_0x3be7c1f8d3ed2777:0xf54c555a188b0540,weekend,16,324.0
POI_IND_9999_0x3be7b72d1018c8f7:0x21bf5bf0322c8b56,weekday,112,6469.0
POI_IND_9999_0x3be7c916b4546877:0x38c6b20858456fa9,weekday,168,6518.0
POI_IND_9999_0x3be7c916b4546877:0x38c6b20858456fa9,weekend,75,2634.0
POI_IND_9999_0x3be7c9738d058d45:0xe276119f570eab86,weekday,188,10132.0
POI_IND_9999_0x3be7bb9ccb54f471:0x716eda80afb9788f,weekday,81,3820.0
POI_IND_9999_0x3be7bd0071e468ad:0xc8ac4366b11ea06b,weekday,106,1380.0
POI_IND_9999_0x3be7c83efbb5bccd:0x88644402fc0e76bc,weekend,50,2049.0
POI_IND_9999_0x3be7b6cf1f733763:0xc0b872373e92350,weekend,478,13477.0
POI_IND_9999_0x3be7b76672dd4449:0x91cdf0ebb68baaa2,weekday,171,4484.0
POI_IND_9999_0x3be7c9b311fc3473:0xb0cd9eaedfc37fc2,weekday,173,8265.0
POI_IND_9999_0x3be7b100a94b1437:0xff734fa0ae837190,weekend,114,5399.0
POI_IND_9999_0x3be795a7666f3ec5:0xed797096b9f317e7,weekday,13,490.0
POI_IND_9999_0x3be7bd0a543ed7f5:0x19ba25e52f49d873,weekend,8,121.0
POI_IND_9999_0x3be795eb13cf645d:0xc0b26bed36f23cd4,weekday,60,2461.0
POI_IND_9999_0x3be7b9724bfe6a7d:0xb6574b352068ad59,weekday,147,7078.0
POI_IND_9999_0x3be7b0fd0f2835b9:0x4d18fd45e57f1571,weekend,270,12970.0
POI_IND_9999_0x3be7c83c25dd979b:0x20d52fa44c7a3ca8,weekend,77,2535.0
POI_IND_9999_0x3be7c9a3cabbeb99:0xf21d0501ca46b08d,weekday,170,8427.0
POI_IND_9999_0x3be7cf88304d66bb:0xa96ee3c808d893af,weekend,292,14794.0
POI_IND_9999_0x3be7b124372d5219:0x634bc52548ab795b,weekday,437,10376.0
POI_IND_9999_0x3be7b7c04ce2c20f:0xe3a8cfb0788c946b,weekend,60,646.0
POI_IND_9999_0x3be7b7c1a5a4614b:0x456fc6b57c83cd0,weekend,117,5159.0
POI_IND_9999_0x3be7bbd7ad4c6bf9:0x71495d2da35ce8c9,weekday,46,958.0
POI_IND_9999_0x3be7b714c2eac775:0x5b14b747664831fa,weekend,133,4602.0
POI_IND_9999_0x3be7c8528dc85aef:0x5b9e4abcad5ab099,weekend,23,979.0
POI_IND_9999_0x3be7ce8b78ac3db9:0x395ad82b0a483225,weekend,130,6392.0
POI_IND_9999_0x3be7ab7757c8fb7b:0xfe9654eb45ebed7e,weekday,83,2527.0
POI_IND_9999_0x3be7d10027182099:0x8cdb641edfa2d411,weekend,29,1169.0
POI_IND_9999_0x3be7c7cf52050fa3:0x4be1ba24778c8490,weekend,76,3717.0
POI_IND_9999_0x3be7c8a5efc1b61d:0x8cb695b252331e68,weekday,55,2318.0
POI_IND_9999_0x3be7c9c8f4b87781:0x5d67c893a74b8a75,weekend,30,1371.0
POI_IND_9999_0x3be7b871f3e52b1b:0x95516603dc7f9561,weekday,72,3294.0
POI_IND_9999_0x3be7c9fd7d3801d9:0x81b4cba39f2e5b66,weekday,294,8014.0
POI_IND_9999_0x3be87b65b6c78c39:0xc4426c4883967892,weekend,52,2057.0
POI_IND_9999_0x3be7c96918fb097f:0xf2c3d10e6b003994,weekday,691,18034.0
POI_IND_9999_0x3be7c9e3c36e6fb3:0x176f85528271148,weekday,36,1367.0
POI_IND_9999_0x3be7b921acc69ba7:0x49baf9643c9bc38e,weekday,71,3551.0
POI_IND_9999_0x3be7c3abcfb9cbdf:0x2b6ecf31a95c2709,weekday,195,4949.0
POI_IND_9999_0x3be7cef38f132d23:0x8e7378fa5300685e,weekend,52,2301.0
POI_IND_9999_0x3be7bf94cd7c7e63:0xaadbf42c50056519,weekday,112,960.0
POI_IND_9999_0x3be7bf4bf47e6ca9:0xb9491fc1f60b3ba7,weekday,85,1103.0
POI_IND_9999_0x3be7bf4bf47e6ca9:0xb9491fc1f60b3ba7,weekend,61,608.0
POI_IND_9999_0x3be7b12de6b318bd:0xeb8b38927fd79982,weekend,191,7468.0
POI_IND_9999_0x3be7c1be472fac0f:0x1c570efe5d4ea4a,weekday,197,3205.0
POI_IND_9999_0x3be7b9512b66fe7d:0x36e11b8bd3b1bc65,weekday,1151,33206.0
POI_IND_9999_0x3be7c620078a808b:0xb3d1e85c63db59fa,weekday,159,6619.0
POI_IND_9999_0x3be7c620078a808b:0xb3d1e85c63db59fa,weekend,91,3740.0
POI_IND_9999_0x3be7b99cc42d3ef5:0x3f2f4d2191ede4e4,weekend,32,1465.0
POI_IND_9999_0x3be795b24cf9e83b:0x83340cf8a2d153c1,weekday,174,5766.0
POI_IND_9999_0x3be7bbdc6d0ae637:0xf56e5315a07010c9,weekend,77,3202.0
POI_IND_9999_0x3be7c1ff52fade67:0x4a16ccf371c90f36,weekday,409,7668.0
POI_IND_9999_0x3be7b9226e308809:0x2f6579c017f9a646,weekday,169,6408.0
POI_IND_9999_0x3be7b134620d84c9:0xaf6d924867fb84d8,weekend,63,2896.0
POI_IND_9999_0x3be799193ff3bf17:0x9eac4625e148825f,weekday,10,328.0
POI_IND_9999_0x3be7c91adb7488a7:0x241cd2f66034e79e,weekend,78,4336.0
POI_IND_9999_0x3be7c7c8a96abc0f:0x31c1a7d90b581f68,weekend,308,8592.0
POI_IND_9999_0x3be7c7c8a96abc0f:0x31c1a7d90b581f68,weekday,543,13090.0
POI_IND_9999_0x3be7b619427b41f3:0x28075330c2d35dbb,weekday,53,2960.0
POI_IND_9999_0x3be7b8ff8769ebbd:0x5c1ba192d3a8435,weekend,121,6242.0
POI_IND_9999_0x3be7b77e7a330ccd:0xc2b2488c96a0a5e9,weekend,28,743.0
POI_IND_9999_0x3be7bb2905f61895:0xdabab4789ae39a2b,weekend,2,96.0
POI_IND_9999_0x3be7ed2d320867b1:0x9910cdb3d418679e,weekend,187,4130.0
POI_IND_9999_0x3be7b9aeba917ceb:0xc407e5baa9c52bd5,weekend,101,3159.0
POI_IND_9999_0x3be7c1f6950a3d33:0x2ea2c2234d295ff2,weekday,325,2949.0
POI_IND_9999_0x3be7ced3f9cfa341:0xe1d4f594937ee263,weekend,45,2290.0
POI_IND_9999_0x3be799f2f530a367:0xcbcbd84077862686,weekday,9,355.0
POI_IND_9999_0x3be7bb2dbda5cd07:0x6d38a97f21397291,weekday,151,5714.0
POI_IND_9999_0x3be7959bd91716e3:0x2faf9209b13ceecf,weekday,78,1375.0
POI_IND_9999_0x3be7b9677e3c16a9:0xbcbb39a2109eb44a,weekend,301,5046.0
POI_IND_9999_0x3be7cf3224f991f5:0xade5f9dcfb900658,weekend,100,3546.0
POI_IND_9999_0x3be7c108fbce69e7:0x6dcbb4181490f1e9,weekend,117,1728.0
POI_IND_9999_0x3be7bfe6da67a79d:0x23a38c72a501e9e1,weekday,308,10621.0
POI_IND_9999_0x3be7cf79082e53b9:0x607312a07e810593,weekday,31,1503.0
POI_IND_9999_0x3be7b42cef000001:0x5ffb214ecee29b4b,weekend,26,1192.0
POI_IND_9999_0x3be7d19281841809:0xddee9b5bec47453c,weekday,877,29509.0
POI_IND_9999_0x3be7ce89408e0ec1:0x2b25ba95eae9ee19,weekday,568,16257.0
POI_IND_9999_0x3be7c132ddfb69a1:0xe311eac3f33e4be3,weekday,51,1190.0
POI_IND_9999_0x3be7ed2d6d781de7:0x3539781e1b37957d,weekday,105,4032.0
POI_IND_9999_0x3be7bf4ea0d20a93:0x7b77b24060d62160,weekend,119,2166.0
POI_IND_9999_0x3be7b91c2d874871:0x9c79b3f08903c6aa,weekend,70,3416.0
POI_IND_9999_0x3be79510581d33c9:0xaa4177983d9a2464,weekend,2,1.0
POI_IND_9999_0x3be7c37b6e908c59:0x110ffb9c4c8b5a88,weekend,67,1122.0
POI_IND_9999_0x3be7cf1ae41b79a1:0x9dcba44519fc0a7f,weekend,146,2870.0
POI_IND_9999_0x3be7afc7b6973a7d:0xb4de380592729016,weekday,98,4885.0
POI_IND_9999_0x3be7b7f3e9c1b2db:0x4c98dd9e4b640c2f,weekend,20,1069.0
POI_IND_9999_0x3be7c9d808f64ff7:0xf79c570f56383686,weekend,17,367.0
POI_IND_9999_0x3be7b7002500ddcb:0x3abb71990a65923f,weekend,46,2238.0
POI_IND_9999_0x3be7b7002500ddcb:0x3abb71990a65923f,weekday,70,2338.0
POI_IND_9999_0x3be7b7337501a9ef:0xdf3760a6be6b2e01,weekend,46,1744.0
POI_IND_9999_0x3be7c82ebd60de61:0xb26b5105e9a96a5f,weekend,247,7928.0
POI_IND_9999_0x3be7b11e11a860b9:0xc2fb725f9c2eb5cd,weekday,103,4605.0
POI_IND_9999_0x3be7b9230f813339:0xa909891d73081094,weekday,55,2799.0
POI_IND_9999_0x3be795ba6f9c7041:0xe637e6455e0c2dc0,weekday,310,2726.0
POI_IND_9999_0x3be795ba6f9c7041:0xe637e6455e0c2dc0,weekend,90,1113.0
POI_IND_9999_0x3be7938196a6791d:0x6d9d974e166a6cc3,weekday,277,11516.0
POI_IND_9999_0x3be7956c4b891487:0x6d6c876c0fb96bbd,weekend,43,1333.0
POI_IND_9999_0x3be7ba2b6aaaaab3:0x5a6d3b87f9d1032c,weekend,8,689.0
POI_IND_9999_0x3be7ba2b6aaaaab3:0x5a6d3b87f9d1032c,weekday,11,602.0
POI_IND_9999_0x3be7bf6b149380db:0x537085997a103e06,weekend,35,190.0
POI_IND_9999_0x3be7c856a863c0fb:0xaa46876bcdf7c7dd,weekday,121,4764.0
POI_IND_9999_0x3be7c856a863c0fb:0xaa46876bcdf7c7dd,weekend,25,1610.0
POI_IND_9999_0x3be7c9e47a416807:0x5ddc41cc4adc5551,weekend,10,706.0
POI_IND_9999_0x3be7c14a557fd797:0x1b7f9a5e90571318,weekend,23,515.0
POI_IND_9999_0x3be7b71010419d3f:0x9600971f8469f3e,weekday,47,2409.0
POI_IND_9999_0x3be7b71010419d3f:0x9600971f8469f3e,weekend,24,1060.0
POI_IND_9999_0x3be7c9b81c95fe9d:0x5df4c1552fa1fa81,weekday,77,3575.0
POI_IND_9999_0x3be7c9b81c95fe9d:0x5df4c1552fa1fa81,weekend,81,3124.0
POI_IND_9999_0x3be7c8a8c5913307:0xc3332f56fe826965,weekday,83,2358.0
POI_IND_9999_0x3be7c8a8c5913307:0xc3332f56fe826965,weekend,39,1260.0
POI_IND_9999_0x3be7cf41bfd367bd:0x4d6ed4c635c86257,weekend,89,2955.0
POI_IND_9999_0x3be7b0f30d370fc9:0x6af696c900aab916,weekend,141,6010.0
POI_IND_9999_0x3be7b9030313b8e3:0x17005331091737eb,weekday,104,2407.0
POI_IND_9999_0x3be7a9c853feacbd:0xae658b735760425c,weekday,355,6441.0
POI_IND_9999_0x3be7b9b9b5139f4f:0xbdec9aa669f278a0,weekend,151,6629.0
POI_IND_9999_0x3be7b9b496c2715f:0xbe1118f4cd0c63f8,weekday,1612,32467.0
POI_IND_9999_0x3be7cf00751a73c9:0x35eed3d996945988,weekday,223,8049.0
POI_IND_9999_0x3be7ce0da600d9fd:0xd32d171542e8573,weekday,183,8384.0
POI_IND_9999_0x3be71f94d8ec9283:0xb901681a3bcb7af7,weekday,86,1051.0
POI_IND_9999_0x3be71c329eb18739:0x853e9a2140325672,weekday,41,927.0
POI_IND_9999_0x3be71c329eb18739:0x853e9a2140325672,weekend,20,516.0
POI_IND_9999_0x3be7b6dec6efffff:0x8f0a7070b98f1079,weekday,120,4494.0
POI_IND_9999_0x3be7b6dec6efffff:0x8f0a7070b98f1079,weekend,27,865.0
POI_IND_9999_0x3be7ceea3121b32b:0xe89b7da78cc7f55e,weekend,49,1497.0
POI_IND_9999_0x3be7c394004c0e6d:0xcf6a8ba84160fb0a,weekend,29,639.0
POI_IND_9999_0x3be7937355d1bef5:0x3db0712b4df43e06,weekend,13,778.0
POI_IND_9999_0x3be7937355d1bef5:0x3db0712b4df43e06,weekday,30,1002.0
POI_IND_9999_0x3be7b924adaaaaab:0x31af4a230b2f46b1,weekday,335,10005.0
POI_IND_9999_0x3be71d35ff3185e1:0x22a029cb04c74629,weekday,77,1314.0
POI_IND_9999_0x3be7c93ddb73c38b:0x6fe7c71c56731475,weekday,140,4798.0
POI_IND_9999_0x3be7c90318119bad:0x64a62b32d109c2b0,weekend,38,2073.0
POI_IND_9999_0x3be7c9164e9de569:0x92851d0b8544a2d9,weekday,530,22568.0
POI_IND_9999_0x3be7b19f4adb8e23:0x82e17c65fde296ea,weekend,87,2869.0
POI_IND_9999_0x3be7ceed003de1c9:0x2337709ecd32790c,weekday,55,2642.0
POI_IND_9999_0x3be7ceed003de1c9:0x2337709ecd32790c,weekend,16,798.0
POI_IND_9999_0x3be7cf91b5934b89:0x5d58c103286cfb7a,weekend,72,2084.0
POI_IND_9999_0x3be7b7a9d209b559:0x2d6e81a09f8bd2de,weekend,542,23471.0
POI_IND_9999_0x3be7c83d4c7e1d2f:0xfd2ba7793f8b7446,weekend,293,5070.0
POI_IND_9999_0x3be7c7af43060a11:0x2f1e69d56b103a19,weekday,404,17419.0
POI_IND_9999_0x3be7c7b04a5540e3:0xe02c720945aca4bb,weekday,547,16873.0
POI_IND_9999_0x3be7c7b04a5540e3:0xe02c720945aca4bb,weekend,231,5978.0
POI_IND_9999_0x3be7c816df3e0b81:0x4db23375a0e8ba15,weekend,60,3382.0
POI_IND_9999_0x3be7c9aeeeb6b9e3:0xaf435d602e887f76,weekend,31,1060.0
POI_IND_9999_0x3be71fd866b346a9:0x72dbc44d2d80581d,weekend,131,1497.0
POI_IND_9999_0x3be71fd866b346a9:0x72dbc44d2d80581d,weekday,219,2137.0
POI_IND_9999_0x3be7ce0eff3693ef:0xff113413f9db37e8,weekday,1287,40359.0
POI_IND_9999_0x3be7d1dc055a519f:0xadcee2ec026a6d37,weekend,35,1782.0
POI_IND_9999_0x3be7cee46e5a4cff:0x22175aefb1d734cb,weekend,111,3262.0
POI_IND_9999_0x3be7c99ba9ac8511:0xf720bd58e3380c58,weekend,559,8621.0
POI_IND_9999_0x3be7cf2d8f2b0255:0xa449348e8c89f9c1,weekday,156,7156.0
POI_IND_9999_0x3be7cf9032c5c201:0x9a123a9132113b3f,weekend,515,16081.0
POI_IND_9999_0x3be7c8042bd7d819:0x901136366ecbdf5d,weekend,43,1936.0
POI_IND_9999_0x3be7c843bd1c85c1:0x97829d341d8909f,weekend,224,9827.0
POI_IND_9999_0x3be7c7a3f5eecc3f:0xbb1a12cbe8b04a6d,weekday,47,2001.0
POI_IND_9999_0x3be7c7a3f5eecc3f:0xbb1a12cbe8b04a6d,weekend,26,1232.0
POI_IND_9999_0x3be7c960bae358c9:0xa9d1feeb72d605ec,weekday,583,19507.0
POI_IND_9999_0x3be7e841d0f751a9:0x277a16c73b6e0295,weekday,99,1950.0
POI_IND_9999_0x3be7ced23bb30573:0xd1fb1f926ce3bfdc,weekend,99,4768.0
POI_IND_9999_0x3be7d1db660560eb:0xdbc4c08f3ea94474,weekday,115,6304.0
POI_IND_9999_0x3be7ce8fe1289fad:0x2abda35e0e7c405c,weekday,267,9004.0
POI_IND_9999_0x3be7e844ac8ac1c5:0xa72ff5426c0045e4,weekday,62,913.0
POI_IND_9999_0x3be7ce8d344f9941:0x2212b136c6f465c0,weekday,1640,47076.0
POI_IND_9999_0x3be7ce8d344f9941:0x2212b136c6f465c0,weekend,435,17880.0
POI_IND_9999_0x3be7d1da3a4f1573:0x6d6fec8cd5aab47a,weekend,25,1537.0
POI_IND_9999_0x3be7d19afbc8c517:0x3e7af1dbb5cacd14,weekday,703,15015.0
POI_IND_9999_0x3be7cf24d533b475:0x14bb9cd77382531a,weekday,466,13600.0
POI_IND_9999_0x3be7ce8c74290311:0xa3efe60241d20473,weekend,311,10305.0
POI_IND_9999_0x3be71e8a884ff4cd:0xb1c58939f86e960d,weekday,191,3234.0
POI_IND_9999_0x3be71e8a884ff4cd:0xb1c58939f86e960d,weekend,91,1355.0
POI_IND_9999_0x3be7bb00464b4ebb:0x38f3da0d42c70942,weekend,21,646.0
POI_IND_9999_0x3be7b94427568f93:0x616181c95223b75,weekday,186,10306.0
POI_IND_9999_0x3be7c1a5d9bf8023:0x280ce6d8303ba289,weekday,115,1225.0
POI_IND_9999_0x3be7c157bffcd543:0x116ef06d960c6ce0,weekday,172,3991.0
POI_IND_9999_0x3be7b1d14eecdd5d:0xe021364d0557c27f,weekend,48,2475.0
POI_IND_9999_0x3be7d19394b52bb5:0x8e0f543692672297,weekend,284,4896.0
POI_IND_9999_0x3be7ce3a6caf4b77:0x3b0ea4b58ab385e4,weekend,268,4611.0
POI_IND_9999_0x3be7c91b2f359a51:0x7a74a9bfb7a6635,weekend,457,12247.0
POI_IND_9999_0x3be7c90ca76b906d:0x608abcccd1ea2511,weekend,161,4866.0
POI_IND_9999_0x3be7c62e686beb4f:0x5a421a900afb8217,weekend,198,4880.0
POI_IND_9999_0x3be7b91588c94253:0x66dd026367f6f19f,weekend,161,7076.0
POI_IND_9999_0x3be7b134c3933253:0xcde44e58860d816,weekend,174,6047.0
POI_IND_9999_0x3be7b75fd5198ae9:0x41b607b935c1287f,weekday,165,6528.0
POI_IND_9999_0x3be7c8172a2fbdf9:0x71ee3cdbc0e40cc0,weekday,82,4392.0
POI_IND_9999_0x3be7c948b8aa65e9:0x12777984593b2232,weekday,74,3095.0
POI_IND_9999_0x3be7b7c3b66abed1:0x710f9e084680a8e4,weekday,315,12208.0
POI_IND_9999_0x3be7b79d8a5bf6af:0x781c61a235519337,weekday,567,5839.0
POI_IND_9999_0x3be7e9c8a7679c2d:0x6cd7eecd4e0cd03d,weekday,235,5394.0
POI_IND_9999_0x3be7b651c9132b93:0x92e17ac17523d648,weekday,731,25489.0
POI_IND_9999_0x3be7b651c9132b93:0x92e17ac17523d648,weekend,477,13594.0
POI_IND_9999_0x3be7c95aa1ee566f:0x228a14f91e05ec3,weekend,20,1249.0
POI_IND_9999_0x3be7c871fe40858f:0x5d070e4763d658e8,weekend,160,4752.0
POI_IND_9999_0x3be7c9dd6139de5b:0xb261af3459a2d6dd,weekday,187,6833.0
POI_IND_9999_0x3be7b7b764d6e7cb:0x6bfab48ca70a1871,weekend,168,3758.0
POI_IND_9999_0x3be7b9000d0b60df:0x142e6fabd041d4f2,weekday,326,14697.0
POI_IND_9999_0x3be7b75832924a91:0x50bbeed1c05a09d2,weekend,141,4044.0
POI_IND_9999_0x3be7b7a8545ce553:0xdab2a72a6041be58,weekday,218,9665.0
POI_IND_9999_0x3be7b7b348fad911:0x3598dcff03b6907,weekend,48,1274.0
POI_IND_9999_0x3be7ceefef5cf2f5:0x4c59b77df8df9e0b,weekend,51,2470.0
POI_IND_9999_0x3be7cf5e24d8ce2f:0xc2c94f5ce59d6dd,weekday,79,2714.0
POI_IND_9999_0x3be7c9cf0610f78f:0xf0ba330529d4714,weekday,82,3996.0
POI_IND_9999_0x3be7b1020a1f88a9:0xa7e6e8f3a4ae0bf6,weekday,1131,56020.0
POI_IND_9999_0x3be7c24091ea822b:0xc3ea2de900c28a42,weekend,15,138.0
POI_IND_9999_0x3be7b35efa8d9c8d:0xc08e448dc0c2f415,weekday,18,1138.0
POI_IND_9999_0x3be7b800f4feb829:0xc22a08b554d81cb,weekday,204,4817.0
POI_IND_9999_0x3be7c66c8ff52145:0x721249c8ba45cbd0,weekday,288,5454.0
POI_IND_9999_0x3be7b72986acc051:0x4588fac006f0a606,weekday,392,12471.0
POI_IND_9999_0x3be7c9eaf59ba979:0xbf760284ebfca9da,weekend,33,1678.0
POI_IND_9999_0x3be7bffcb5311631:0xfb1a7d156a0e6819,weekend,160,7079.0
POI_IND_9999_0x3be7bb87ee57cef3:0x6d897e4364f5c1e6,weekday,49,2740.0
POI_IND_9999_0x3be7c134ebb884c1:0x6d2dfff6545a8d56,weekday,57,793.0
POI_IND_9999_0x3be7b93809465ba1:0xa8c11f33d2d61cc7,weekend,26,2102.0
POI_IND_9999_0x3be7cee5e597cfe7:0xa1a59cc2efbbc8bf,weekend,88,3390.0
POI_IND_9999_0x3be7ce0b566e9bd1:0x9225f76f7d64edc9,weekday,99,3984.0
POI_IND_9999_0x3be7ce0b566e9bd1:0x9225f76f7d64edc9,weekend,43,1630.0
POI_IND_9999_0x3be7b7a8ffdc7ea9:0x80adeef1e97cfe47,weekday,107,4791.0
POI_IND_9999_0x3be7b6fcda7b20b7:0x89dc2f78ec6d7699,weekend,81,2604.0
POI_IND_9999_0x3be7c9d54c6fd509:0x690b552aec5c3b19,weekday,94,4293.0
POI_IND_9999_0x3be7c8396a3d71d7:0x2b29761922af7952,weekday,90,2190.0
POI_IND_9999_0x3be7c9c63acd01eb:0x190f3c3094cda012,weekday,175,5085.0
POI_IND_9999_0x3be7b9478828572f:0x7cd268c9e788b384,weekend,87,2686.0
POI_IND_9999_0x3be7c90023c2e927:0x586321b23fbe6bbc,weekend,20,733.0
POI_IND_9999_0x3be7c1ab52d45193:0x9997d9e7f7c1ccfc,weekend,451,5682.0
POI_IND_9999_0x3be7b93d31d95455:0x5a8b51aaa97b88a9,weekend,165,5758.0
POI_IND_9999_0x3be7b93d31d95455:0x5a8b51aaa97b88a9,weekday,333,12326.0
POI_IND_9999_0x3be795e4334ede9d:0xcf7f6e89eb75fadd,weekday,25,1113.0
POI_IND_9999_0x3be7b798ec2c6e9b:0xe38ca63b82f8756e,weekday,166,3053.0
POI_IND_9999_0x3be7b798ec2c6e9b:0xe38ca63b82f8756e,weekend,57,542.0
POI_IND_9999_0x3be7c63028fbfde7:0xfa261b8f75a53ece,weekend,21,727.0
POI_IND_9999_0x3be7c917aaf3d2e7:0x810500c20f7a939b,weekday,90,2725.0
POI_IND_9999_0x3be7a9f52161a407:0x70de832da7038a4d,weekend,89,2015.0
POI_IND_9999_0x3be7b161aaed1add:0x5bb29599b48c91e8,weekday,96,4692.0
POI_IND_9999_0x3be7c9e981443347:0xe928949df0975d3b,weekend,110,5702.0
POI_IND_9999_0x3be7b9ab978f6b7b:0x229ef087585a8ba3,weekday,1427,40649.0
POI_IND_9999_0x3be7b90d5d5154c7:0x381264f412d983d3,weekday,372,8773.0
POI_IND_9999_0x3be7958c03a217d5:0x4542cd820e84cc8b,weekday,235,3168.0
POI_IND_9999_0x3be7b93f9774de93:0x778c44fa7128d1c8,weekend,141,5275.0
POI_IND_9999_0x3be7b93f9774de93:0x778c44fa7128d1c8,weekday,158,6556.0
POI_IND_9999_0x3be7b91cfc244647:0xf1d612f844cf67aa,weekend,16,511.0
POI_IND_9999_0x3be7c814ce0ec2eb:0x94262d8f3863d342,weekday,337,13478.0
POI_IND_9999_0x3be7c7cc74937a79:0x65367a02cf40aa9a,weekday,289,6718.0
POI_IND_9999_0x3be7c9b1a328905f:0x9fa00b34065eece9,weekend,128,2494.0
POI_IND_9999_0x3be7b73bf33c98bd:0x4312888326f3d31d,weekend,82,2511.0
POI_IND_9999_0x3be7b79c856eecf7:0x173a71f7280a068,weekday,120,4235.0
POI_IND_9999_0x3be7c811aaaaaac3:0x90766f05e6f49860,weekday,13,916.0
POI_IND_9999_0x3be7c811aaaaaac3:0x90766f05e6f49860,weekend,13,507.0
POI_IND_9999_0x3be7b65253d57829:0x430e779ea2fd621a,weekend,248,7351.0
POI_IND_9999_0x3be7b14ef5fd632f:0x69cc5696f8229add,weekend,16,847.0
POI_IND_9999_0x3be7c9a60b4aee0b:0x65f1b7f8004f31c7,weekend,98,4167.0
POI_IND_9999_0x3be7cef2993f3d05:0x6bc69ed290dda99,weekend,16,887.0
POI_IND_9999_0x3be7d1dca4a46a55:0x255c4abe876037b5,weekday,295,11425.0
POI_IND_9999_0x3be7b92cf8a966e1:0x61fa18b0f219605a,weekday,14,1052.0
POI_IND_9999_0x3be7b9b7a2d21bbf:0xa6a76b0c85210e98,weekend,522,12784.0
