poi_code,cost_for_two
0x3be7d1c137810ea3:0x21384737f2ec91e2,"₹5,000 for two"
0x3be7ce8c350898ed:0x664c7200a24a00a9,"₹3,500 for two"
0x3be7c93af994a663:0x25357c252a027c10,"₹4,500 for two"
0x3be7d133bcdff0af:0x136da8532944a4a5,"₹3,500 for two"
0x3be7ce8fb09e4355:0x37c7f4de8506d6dd,"₹7,000 for two"
0x3be7c93d17e2e4a5:0x62f92678f8dbb1a8,"₹7,500 for two"
0x3be7c96f0849c345:0x6e0276cc57b4b0ab,"₹3,500 for two"
0x3be7cfabb5b216cb:0xf5aa0727aafd6725,"₹3,000 for two"
0x3be7c9006d491371:0x582d2165770bf1f8,"₹10,000 for two"
0x3be7cebb41f0f65f:0x2fb44c7d9345d17e,"₹4,800 for two"
0x3be7cf866d1aafe5:0xc3097c165aaa87b2,"₹2,000 for two"
0x3be7b7a8ffdc7ea9:0x745ef84d7f68a893,"₹7,000 for two"
0x3be7cfb88df09ee1:0x11ca986d2de3e906,"₹3,500 for two"
0x3be7c94f0d61c165:0x9312b811d94e292,"₹5,000 for two"
0x3be7c9b5c5fd1f3b:0x18393cc90ffc197b,"₹3,800 for two"
0x3be7c85bdab95dbb:0x3691c3dcd4c789d7,"₹3,000 for two"
0x3be7c91ce6da3fbb:0xc46789d1437f3f52,"₹3,200 for two"
0x3be7c8e7f9f0767f:0x7416ff01ce7ad4b5,"₹3,000 for two"
0x3be7d1b53dfd1fa9:0x67de7b0987abe5b2,"₹3,000 for two"
0x3be7b800f4feb829:0xc22a08b554d81cb,"₹4,000 for two"
0x3be7cf00751a73c9:0x35eed3d996945988,"₹6,000 for two"
0x3be7cf0cd60ae15f:0x296137b7089a70ec,"₹7,000 for two"
0x3be7d1c0c4cf4d33:0x70831adaa329edc7,"₹6,000 for two"
0x3be7ceecd4d810c3:0x4baf5e380e9ebd0b,"₹3,500 for two"
0x3be7ce8c74290311:0xa3efe60241d20473,"₹5,000 for two"
0x3be7cf71b5829a9b:0x653dc382ca438bb9,"₹3,000 for two"
0x3be7d12e6b476353:0x4d716f978f966b15,"₹4,000 for two"
0x3be7c8eea60334d5:0xd477fb50f4f5ff2a,"₹5,000 for two"
0x3be7c8eeb56d45e3:0xde8b96bdf6311473,"₹4,500 for two"
0x3be7cf9d2a9cee07:0x85aec37b12cab58a,"₹2,200 for two"
0x3be7d1c0c4d0db9b:0xf32fe7c1b525748d,"₹6,000 for two"
0x3be7c97c13d1e693:0x314f1bab417e8c9b,"₹3,500 for two"
0x3be7ce8b78ac3db9:0x395ad82b0a483225,
0x3be7b8005f95e93f:0xca157d53047d1614,"₹5,000 for two"
0x3be7c9167cb85df3:0x97b7b798b39b0879,"₹5,000 for two"
0x3be7c9182c920e5f:0xf7912509065991d0,"₹5,000 for two"
0x3be7c852830023b1:0x8e730e970d732319,"₹5,000 for two"
0x3be7c8fe202a2443:0x6ee359458d28ed34,"₹5,500 for two"
0x3be7cf9cd097cf95:0xc361a2144a7d6c6f,"₹5,000 for two"
0x3be7cf84b1c72e51:0x1cb97cac4c056b3a,"₹3,500 for two"
0x3be7d18724562e99:0xc62853e20cf144ef,"₹4,500 for two"
0x3be7c98c8d8c3247:0x13861a5b69cc7173,"₹8,000 for two"
0x3be7b80066555555:0x635775c7ea818457,"₹3,000 for two"
0x3be7c8528dec3899:0x9d2e341eb8d2776,"₹5,000 for two"
0x3be7d1c0c646461b:0x1e163d22b32c8adb,"₹5,000 for two"
0x3be7cf06d05d215b:0x7c6bd19ead7cb238,"₹4,000 for two"
0x3be7d1181c1e4d4f:0x7e3b9b02fc07b727,"₹2,000 for two"
0x3be7cfedee68b285:0x4470fc434e2a1b02,"₹3,500 for two"
0x3be7d1c3068bf0e5:0xd5a3edef65c4dd4d,"₹11,000 for two"
0x3be7d1c0d0b708f5:0x75777d4fe303ae6d,"₹5,500 for two"
0x3be7d1c0c8c9afa3:0xbe4f5b2ec61408f4,"₹5,000 for two"
0x3be7d1ef269603a9:0xdb819dad6a500149,"₹5,500 for two"
0x3be7d1ef274902ed:0x9bd046edc1058823,"₹5,500 for two"
0x3be7d123e6bce655:0x48eb0a1559e3cc92,"₹5,000 for two"
0x3be7b7a8ffdc7ea9:0x80adeef1e97cfe47,"₹5,500 for two"
0x3be7c94fb0a66833:0x6c3a9d09f34d2cea,"₹3,100 for two"
0x3be7b71520f7bf5f:0x729ad888c62f259,"₹2,000 for two"
0x3be7c91f23d4bb57:0x54edfcdfd5287037,"₹4,000 for two"
0x3be7b14320f6ba6f:0x7e1fd81fcd1f059a,"₹1,500 for two"
0x3be7cf8770ac9ef1:0x342699330631adf2,"₹2,900 for two"
0x3be7c8e13c4bcabb:0x808a203ea21db13b,"₹3,000 for two"
0x3be7ce1e8741d455:0xbe039e3af7a9bf98,"₹3,500 for two"
0x3be7d193eaaaaaab:0x5024a2892339143e,"₹2,000 for two"
0x3be7c8e81185e7e3:0xacf7b26f032ae292,"₹3,200 for two"
0x3be795e60037b1e7:0xfdb0eb7c56e1b169,"₹1,500 for two"
0x3be7c91da0342953:0x785236e16e55c891,"₹2,400 for two"
0x3be7c9702115ae93:0x358f35bea2f5b2e9,"₹3,500 for two"
0x3be7c8c2c010b011:0xf8ee113451af419a,"₹3,000 for two"
0x3be7b13554489a77:0x7694f81631cf756a,"₹1,200 for two"
0x3be7c1566d4240b5:0x7a4389a569638f82,"₹4,000 for two"
0x3be7cfc2f7501dbf:0xd539356fa17a503f,"₹1,200 for two"
0x3be7cee7607c27a9:0xfc044c780c3e0cbf,"₹3,000 for two"
0x3be7c924407f5b4f:0x7e0f60c2b0d0f643,"₹2,000 for two"
0x3be7cef066b68ab3:0xc03d162886c27f36,"₹4,500 for two"
0x3be7c91b6f68330d:0xd92069cae968116b,"₹3,500 for two"
0x3be7cf3ac99549f3:0xb757eaf23fea2b45,"₹2,500 for two"
0x3be7c9002cbf6db7:0x3b3dd015093474b4,"₹1,800 for two"
0x3be7d19394b52bb5:0x8e0f543692672297,"₹5,000 for two"
0x3be7cf8e6a715dad:0x7a6d065d36affcdd,"₹2,000 for two"
0x3be7c94cdfef2983:0xe49fc38dcf2f5540,"₹2,800 for two"
0x3be7c8ec3c48b18d:0xee930c428c65dd82,"₹4,200 for two"
0x3be7ce74d0e3ede9:0x85087d46d4643ddf,"₹3,500 for two"
0x3be7c9b5ef98de73:0xf4177dac64a10dbf,"₹3,000 for two"
0x3be7c9164e9de569:0x92851d0b8544a2d9,"₹2,200 for two"
0x3be7d100a0c754ad:0x22b5205d73f42312,"₹2,500 for two"
0x3be7d1e7a1ae8dc5:0x470f3f1aff27975c,"₹2,100 for two"
0x3be7bb9bdfbaf40d:0xb315c5d9673fc410,"₹2,600 for two"
0x3be7b100a30e3ba7:0x5d40649876da17,"₹1,900 for two"
0x3be7d108addbcf4b:0xb08293d3cc539522,"₹2,500 for two"
0x3be7c913a80446df:0x6154a7a16f7374e3,"₹1,800 for two"
0x3be7c948b8aa65e9:0x12777984593b2232,"₹2,200 for two"
0x3be7c9654c65e3d1:0x44243010eaee1af7,"₹4,500 for two"
0x3be7c916035da32f:0x6945c22db7f09ba7,
0x3be7af7899b53623:0xecb3b7b5677b328f,"₹1,900 for two"
0x3be7e9b2b905eec1:0xc44710988ace0a78,"₹1,800 for two"
0x3be7b12d986fd809:0x2e0eb9d1da20c77a,"₹2,500 for two"
0x3be7b619427b41f3:0x28075330c2d35dbb,"₹3,000 for two"
0x3be7c9164ff01d63:0xc657d0a51981ef00,"₹2,500 for two"
0x3be7b7fc410d2bcd:0xa9d9903577b67e20,"₹2,800 for two"
0x3be7cf70bc0d6677:0xb35c7193245a4c90,"₹1,800 for two"
0x3be7b12deb70e361:0x4ac49707093c0985,"₹1,000 for two"
0x3be7c9149fb7f017:0xacaac82ab61a1561,"₹3,500 for two"
0x3be7d198bc17c8bd:0x49ed8a9839b7d0aa,"₹2,500 for two"
0x3be7d1da67679c35:0xc44096d9101d09c8,"₹3,500 for two"
0x3be7d1e6fe6a3b6d:0xc75f1b5bc472d7ad,"₹2,800 for two"
0x3be7d1c134444d77:0x13d5dadf1d5bf201,"₹3,000 for two"
0x3be7d1bff217938f:0x94b35038f7c0094,"₹3,000 for two"
0x3be7d1e610529681:0x6f80771e51b18d48,"₹4,300 for two"
0x3be7b12ea94f9d77:0xf2a6a2f8041dd07c,"₹1,300 for two"
0x3be7d1deb108bf05:0xc7c104a5fdf608ee,"₹1,800 for two"
0x3be7c9ccaf4920d9:0x2b69972f54f4e6ff,"₹3,500 for two"
0x3be7cf16da7083c5:0x207fcbbe77849e80,"₹4,000 for two"
0x3be7cf7e602d5a6f:0xe3b2853991a3aa73,"₹1,800 for two"
0x3be7d10bd9572a31:0x67af706b10773086,"₹4,000 for two"
0x3be7b70bf0660de9:0x1e1a9adc936f79bb,"₹3,400 for two"
0x3be7cfbceda61475:0x35e7fa9fc56e781c,"₹1,800 for two"
0x3be7d1dd5f99cc61:0xc7518a2525ba82bb,"₹2,000 for two"
0x3be7cfbd33b270e5:0xfa9cfcfb7cf4faa7,"₹3,000 for two"
0x3be7c920bc0ce0b3:0x4ca108fc4abc12dc,"₹2,500 for two"
0x3be7d1005969e875:0x71100beeee6b6ca1,"₹2,800 for two"
0x3be7cfd3b55baab7:0x65a9082de103f634,"₹2,200 for two"
0x3be7cff12a2207d5:0x73b3f5df0615e537,"₹3,500 for two"
0x3be7c94f731e8d61:0x7ae2f2cfb614b74b,"₹5,100 for two"
0x3be7b107370a72af:0x1bfc14ea1d5cce20,"₹1,400 for two"
0x3be7cf7194b6aeeb:0x5de3f65a7cf18734,"₹1,500 for two"
0x3be7b626af81ff5b:0xd34445017ed23c96,"₹2,500 for two"
0x3be7cf0028e86b53:0xbbc8f96747c0ca6,"₹2,500 for two"
0x3be7cf37d18dadad:0xab19932bac682b0c,"₹3,000 for two"
0x3be7cfcc45d1ac65:0x75c46b0fe4939ae8,"₹2,800 for two"
0x3be7c914f7474987:0xff924b18c25b9428,"₹1,000 for two"
0x3be7c92df97ce6b3:0x4557466448f346b6,"₹1,500 for two"
0x3be7c74687862549:0xc765fef995900931,"₹2,500 for two"
0x3be7a98b38d14977:0xf4063ad680767be3,"₹1,500 for two"
0x3be7c9169bd17a43:0x94207ee260ab72dd,"₹3,500 for two"
0x3be7c953675a5d2d:0x9ce57434212fc604,"₹3,500 for two"
0x3be7d193ead72833:0x563afcec3276c805,"₹5,500 for two"
0x3be7c92f56907b43:0xaac10c11e57e01b8,"₹3,000 for two"
0x3be7cf001600eb3f:0x2dc46339ef53096b,"₹3,500 for two"
0x3be7d1e22414bc1b:0xa4bf9ee3b7315971,"₹2,700 for two"
0x3be7b11c2786885d:0xae9c3071981299db,"₹1,800 for two"
0x3be7c8dd512c3a3b:0x9b5f7381114f45c0,"₹2,500 for two"
0x3be7cf1ec5f130eb:0x971af431f44bbd06,"₹2,800 for two"
0x3be7c91e44546c43:0x242e2c973d2fd9d0,"₹1,600 for two"
0x3be7d182dd7460cf:0xf06bb85f2674679d,"₹4,000 for two"
0x3be7cf41bfd367bd:0x4d6ed4c635c86257,"₹2,000 for two"
0x3be7cef2f381a5fd:0x782a4e33b2538588,"₹1,700 for two"
0x3be7b6044fd19e2f:0x93f2e8e9daf2a18f,"₹1,500 for two"
0x3be7cf6a42eb035f:0xdac83b5d36b3f94c,"₹1,800 for two"
0x3be7c778be26ed61:0xaccd5d806a046068,"₹2,000 for two"
0x3be7cf50e45060d9:0x122b5bd788ae942f,"₹2,500 for two"
0x3be7b61cd80de561:0x71cecd018b3ebe92,"₹1,500 for two"
0x3be7d1dc28d3d555:0xd3def9a8c083126f,"₹3,000 for two"
0x3be7c9584ca5a0e9:0x6a6768b87e1f82e4,"₹2,500 for two"
0x3be7c946988782c3:0x78b104318da4b255,"₹3,000 for two"
0x3be7c9491b0e1125:0x2d5e2778c07ce203,"₹2,900 for two"
0x3be7b0fd0f2835b9:0x4d18fd45e57f1571,"₹1,000 for two"
0x3be7c93faccf388f:0xad9d5ead1e67c1d2,"₹2,500 for two"
0x3be7cf0fa61f372b:0x96d5d08d7c64f7eb,"₹2,000 for two"
0x3be7cf61595f9679:0x7a31e77e47452a4c,"₹3,000 for two"
0x3be7b135b9dc17f1:0xd8007acf8637c6da,"₹3,000 for two"
0x3be7cef0612fc9d5:0xbc8a772c00121551,"₹5,500 for two"
0x3be7cfea0d79f7b9:0xd9e5eb00b1d11ffe,"₹2,200 for two"
0x3be7d1c3938df6f5:0x15709152e6985785,"₹2,500 for two"
0x3be7c3f770876dfb:0x8fa6ab0cdab279b,"₹2,500 for two"
0x3be7c9165f1154e7:0xbd2584729a2672be,"₹2,500 for two"
0x3be7cf4859b98957:0x351ceec4dbfc5793,"₹3,000 for two"
0x3be7cf8e76ea498d:0x1cefcd4167b5c4fb,"₹1,800 for two"
0x3be7c90012e53b09:0x198b5343e87f2bdd,"₹3,200 for two"
0x3be7cee7607c27a9:0x1fa1c785178fc272,"₹1,000 for two"
0x3be7d13c1abc5e8d:0x35306f3e0fd872bb,"₹2,500 for two"
0x3be7d1c31474d0b3:0xc6a4c0da4ca73353,"₹1,800 for two"
0x3be7d1c3a7aa86dd:0x58f2df81dbf51f00,"₹1,800 for two"
0x3be7d1c485f8759b:0xc6b7af14339fe4d8,"₹1,300 for two"
0x3be7d1240667dbd7:0x5c1af0bef5298072,"₹4,000 for two"
0x3be7c9641425dad9:0xf4d84db1be6e3594,"₹2,500 for two"
0x3be7d1c1343ca8bf:0x23853d2dfc35d4fa,"₹2,500 for two"
0x3be7cf82111d807f:0x58cf5a11e8ece63b,"₹2,300 for two"
0x3be7c986213e3e5b:0x90f4caf243231a2c,"₹2,600 for two"
0x3be7d1c165f702e3:0x5901986cafee237,"₹3,500 for two"
0x3be7cfb44f35a8d3:0xc394a073b87c380a,"₹1,400 for two"
0x3be7cf925f99076b:0x12d3b40962d9b174,"₹1,400 for two"
0x3be7cfe55d23eeab:0xc9e2e2f5784d0bd9,"₹1,000 for two"
0x3be7cf76832d7e83:0xa0fa9eac27400a84,"₹2,500 for two"
0x3bae16773e7dc413:0x46098eee49dc03f2,"₹1,100 for two"
0x3be7d18e29e95def:0xb619cdd1fb306407,"₹8,500 for two"
0x3be7cf9757ef9283:0x703616f751b735a6,"₹2,600 for two"
0x3be7b63f04f8e7b5:0x1ae5c6bdc0dee2a,"₹3,500 for two"
0x3be7c7647652f6a9:0xe7ad1a24027e15c2,"₹3,000 for two"
0x3be7c9450ec993cb:0x9bbabde37fb78b5c,"₹5,000 for two"
0x3be7c94067acddff:0x4c222cb57961bd6d,"₹2,500 for two"
0x3be7c7e6400000f9:0xdbd1aee164503cac,"₹2,500 for two"
0x3be7c90d425913d9:0xaf77b0c9c615ad1c,"₹3,500 for two"
0x3be7b7fe83ec07d3:0xfcb77dbc23ad08fd,"₹2,400 for two"
0x3be7b608aacfcfc3:0x1a743f3ce4eb68c7,"₹1,800 for two"
0x3be7d193eaaaaaab:0x54301585c2d218c4,"₹3,000 for two"
0x3be7b79c856eecf7:0x173a71f7280a068,"₹2,000 for two"
0x3be7c9eac9455555:0xd40210e6574572f6,"₹2,000 for two"
0x3be7c91a28a837d1:0xdb5a4566c387165c,"₹1,800 for two"
0x3be7b13e2bf85bbf:0x229a7ba79cbc8738,"₹1,500 for two"
0x3be7cfee43f6bcfb:0x9be94f7cf4ca52f7,"₹2,700 for two"
0x3be7cf47d77e86f5:0x333038fc4d9c1216,"₹1,900 for two"
0x3be7b709f160d6c5:0x7ea48f048d92e4e0,
0x3be7b12410f5fb17:0x68ae8cc62b676885,"₹2,500 for two"
0x3be7c8eeb55875b3:0xc8da7d47cb24a8c0,"₹6,500 for two"
0x3be7c9075ca4405f:0x77920b6461aa6c96,"₹8,500 for two"
0x3be7c9171406b3ff:0x1244c41547352fb3,"₹6,000 for two"
0x3be7b93f85f45385:0x7a7130033aa34d63,"₹2,500 for two"
0x3be7b119064f9941:0x9583b3f994716920,"₹1,200 for two"
0x3be7d17621496277:0xa768ea6beb9df7df,"₹2,500 for two"
0x3be7b07a4d0bd2cd:0x226aba0045eb298e,"₹1,200 for two"
0x3be7b124174da669:0x1e19e34feea23f63,"₹1,400 for two"
0x3be7b0f39d8f94b3:0xc747bc104d9b2514,
0x3be795ba6f9c7041:0xe637e6455e0c2dc0,
0x3be7958c00e788f9:0xfbdf81f32dc650f1,"₹1,400 for two"
0x3be7b14a3ede8691:0xeafd2f1287a73349,"₹1,800 for two"
0x3be7cfb4589ded9b:0x943bc3d3158b1396,"₹1,000 for two"
0x3be7cfd43cede547:0x4b07b1c00c9cef8,"₹2,000 for two"
0x3be7b10f652b7405:0x2b87072ef41e0b62,₹350 for two
0x3be7b0762b3c0eed:0x35ab359dcf5cd89e,"₹1,200 for two"
0x3be795dc19419b8d:0xecefddfe5566ea37,"₹1,100 for two"
0x3be795919c9f6103:0xee3895f5b0278f36,"₹1,600 for two"
0x3be7b18ccaa74e13:0xeffee4e853855216,"₹1,100 for two"
0x3be7b037ba69b0bf:0xea70866fee218289,"₹1,200 for two"
0x3be79519074c4f39:0x6258b69072105056,"₹1,200 for two"
0x3be7b3005d6bdb01:0xdd30152500a1278f,"₹2,000 for two"
0x3be7cfaa127c8f61:0x767372fa60f754b2,"₹1,700 for two"
0x3be7cedc6b49cef9:0x581d9a086efaa112,"₹2,200 for two"
0x3be7d1594d90c0eb:0x9293cfa6dccc988a,₹350 for two
0x3be7b063b4309677:0xacab123d47e26feb,₹600 for two
0x3be797a947c4d521:0xa1460c122cb5b178,"₹3,000 for two"
0x3be7b61c2056d2dd:0x4e8d474731030c3,"₹1,600 for two"
0x3be71f2e6a5be7c1:0xf925454b7c6221db,₹850 for two
0x3be7c92e3c4b1527:0x694b7709085ad921,₹700 for two
0x3be7cef32269cccf:0xf041eb22a9ef0a06,"₹1,000 for two"
0x3be7af9f5c423fcd:0x632310952faa1ad6,"₹1,500 for two"
0x3be7ae8542cdc9b9:0xb29627879d81fe6b,"₹1,800 for two"
0x3be7e83686e3703f:0x844dfc294dfa8358,"₹1,200 for two"
0x3be7ab7757c8fb7b:0xfe9654eb45ebed7e,₹300 for two
0x3be7abe77b8a1765:0xf9178f6fc794a38b,
0x3be7cf6b452ba205:0xff8306c139296bdc,"₹2,500 for two"
0x3be7958c03a217d5:0x4542cd820e84cc8b,"₹1,200 for two"
0x3be7b11d2e9df595:0x7ffb0239312a17b8,"₹1,200 for two"
0x3be7b14003933c8f:0x309fa16f2df04167,"₹3,500 for two"
0x3be7b1a40623c043:0x5589a22be526507d,"₹1,000 for two"
0x3be7b60345d45ddf:0xd3b380aa076b0f70,"₹1,400 for two"
0x3be7b0f271a653bf:0x7578c161526243ab,₹850 for two
0x3be7aa4c475eec05:0xe9f6e4bdbdb58883,"₹1,700 for two"
0x3be727098e249e9d:0x549fdcdafdbea4c3,₹800 for two
0x3be7cf66457e219d:0x813282bea82673b4,"₹1,900 for two"
0x3be7cf21727d5445:0x4ac429d3d3ab2752,"₹1,100 for two"
0x3be797e0057ada15:0xefb31aab302661b3,"₹1,500 for two"
0x3be795e4334ede9d:0xcf7f6e89eb75fadd,"₹1,400 for two"
0x3be71e8a884ff4cd:0xb1c58939f86e960d,"₹1,200 for two"
0x3be7cf6f740ba1ed:0xad94ccfc35ab8616,₹850 for two
0x3be79587531d8223:0xe7c4a3446ad0869d,₹700 for two
0x3be7b13affffffff:0x972a9ded0ed54132,"₹1,400 for two"
0x3be7b1b077570d1d:0x8f31dcb6caf94b1d,"₹1,400 for two"
0x3be7b0d9fb01218f:0x2fd9b8c7ff9193f4,₹950 for two
0x3be7953fd684d709:0x632d37f8576af9e2,
0x3be7b1f37a8be47f:0xcc77007f2ff5b001,"₹1,800 for two"
0x3be795b3e3f7046b:0x80371e1b6a6df5f5,"₹1,000 for two"
0x3be79488bdc9c967:0xdb0905f7ff0f8590,₹700 for two
0x3be7953b3568ad7f:0xf6e5fc2ee71d8a61,"₹1,700 for two"
0x3be7e9a52ad2ce87:0x8ee0330b08f157fb,"₹1,900 for two"
0x3be79460d32c2b47:0x7b5339920357ff2e,"₹1,200 for two"
0x3be7cedb77aaea29:0x77411cc8d480e12,₹500 for two
0x3be796847456cb03:0x65ccc3f2e49de55,"₹1,700 for two"
0x3be795e9e9155555:0xbc659a68e967ef73,"₹1,400 for two"
0x3be79332d7e684b5:0xd7c33de7b6963534,"₹1,800 for two"
0x3be7ced3cafcea71:0xc78f854e95a9209,₹950 for two
0x3be7b1acf93bc28d:0xe1b4fb151842c510,"₹1,400 for two"
0x3be7b14ef5fd632f:0x69cc5696f8229add,"₹2,000 for two"
0x3be7b1387bb21851:0x8817b82fe6cb92a5,₹800 for two
0x3be7b16da5e4b8b5:0xef4a28970af8f10a,"₹1,600 for two"
0x3be7a9276a0a84c9:0x3712b2aa54e51bbf,"₹1,100 for two"
0x3be7cede90689d99:0x4ee45aa1669d43d4,"₹1,800 for two"
0x3be7d1a1a34425bb:0xb6ff2ecd1f987fad,"₹1,400 for two"
0x3be7b153adf4dc5b:0x930bc1a164eb1e46,"₹1,400 for two"
0x3be7b1fa3b0a6cf7:0xd9e15ec7682bbe44,"₹2,000 for two"
0x3be7953cc80009e3:0xe1d6be18473c972e,"₹1,300 for two"
0x3be7b1e5db2fbadf:0xbd50802d40db9eb7,
0x3be7aed26eec200d:0x58871ff5016f2c4c,₹800 for two
0x3be7b3479e87c997:0x99224bf73730f563,"₹1,200 for two"
0x3be7b1fd6345453f:0x4970fa7aecd3709f,"₹1,600 for two"
0x3be7d1c323572785:0xf67c19526b8cc994,"₹1,500 for two"
0x3be7b07b5b90f2a5:0x6f42c2ea6fbb2c73,"₹1,600 for two"
0x3be7b17e4816a0ab:0x243b89c285a0f3e4,"₹1,200 for two"
0x3be7b1855ede5847:0xeb8afa5b4559095d,"₹1,600 for two"
0x3be7cedb15bab29f:0x11008c611d9ddbe0,"₹1,500 for two"
0x3be7a9f32b7dbf67:0xa922587c264bb1c6,"₹1,800 for two"
0x3be7cf76b2b15585:0xc00a0c1de7bd2695,"₹2,400 for two"
0x3be7936664ce3dc3:0x882beea7bf3c0826,"₹1,100 for two"
0x3be7b0d6e865f881:0x762ea942562816e4,"₹1,800 for two"
0x3be7d1da3a4f1573:0x6d6fec8cd5aab47a,"₹2,300 for two"
0x3be7b336d0850a71:0x57193d5c1568edf4,"₹1,200 for two"
0x3be7d1bf6d035773:0x14a275379c10ed68,"₹1,800 for two"
0x3be7b198483338f9:0x9da6436e8632d11c,"₹1,400 for two"
0x3be7b1cf27e216a3:0xbe3807ba689ca46,"₹2,000 for two"
0x3be7c14b06247589:0x556a32f540a416cd,"₹2,200 for two"
0x3be7cedc5189de17:0x3895ff797125a0b9,"₹1,700 for two"
0x3be7c914975938ad:0x4300fc52de2ad72c,"₹1,100 for two"
0x3be7b19e83033557:0x53c590c9ffd3b007,"₹1,500 for two"
0x3be7b1adfb08e72d:0xe2c27158ffa71229,"₹1,100 for two"
0x3be7b195068c94c1:0x6b610c676c4e919,"₹2,000 for two"
0x3be7aff740c9dad7:0xc3d837eb5e9d0d63,"₹1,000 for two"
0x3be7cef2993f3d05:0x6bc69ed290dda99,
0x3be7cee46e5a4cff:0x22175aefb1d734cb,₹950 for two
0x3be7c7a07bb4f197:0x755088258f5b5b50,"₹3,000 for two"
0x3be7afcfb4dfc2ad:0x892552a112ee1a64,"₹1,800 for two"
0x3be7a9f52161a407:0x70de832da7038a4d,₹950 for two
0x3be7b16b922e9ddb:0x20c152b8ad38fbd9,"₹2,000 for two"
0x3be7cedbaf70b90d:0xcd44b3aff755989a,₹950 for two
0x3be7cf31623f7f91:0x696f306316da6d27,"₹1,000 for two"
0x3be7b1edb330bce3:0x5be6a3e3d5f8c9e,"₹1,900 for two"
0x3be7950051a35c47:0x4da9b266def1c810,"₹1,000 for two"
0x3be7b1f4512ee119:0x38f65d6f27cd6143,"₹2,400 for two"
0x3be7a949cfc7ffeb:0x3092fd29b90545cb,₹700 for two
0x3be7ab692bc5e96b:0x4c3263e61434233d,₹500 for two
0x3be7aeb8f4d608fb:0x7b49cd278f39e7a7,"₹1,900 for two"
0x3be7c9149f41a6bb:0x74665fccd70273bc,₹850 for two
0x3be7d1bf688ad76d:0x5de7d9f716ffb71e,"₹1,900 for two"
0x3be7cff0fc431d11:0xf6dc93bc2d00c50b,₹950 for two
0x3be7cf21727d5445:0x5f355f538f117679,₹950 for two
0x3be7d1c0fb6b23a9:0x1ccd311198f0c5a2,"₹1,000 for two"
0x3be7d1b741c69189:0xb95f8d00858db5e8,"₹1,600 for two"
0x3be7cff1e28604b1:0x92a087f9b6ad89f7,"₹1,700 for two"
0x3be7b1d37bd79a53:0x874d64336d14f5b1,"₹1,500 for two"
0x3be7cfdf880b1217:0x4a7ccd0173ace94,"₹1,600 for two"
0x3be7cf8307d1fdf1:0xc6b44c130e2761c3,"₹1,500 for two"
0x3be7b18af7032b9d:0x6d39dc5bfe3ef220,"₹1,700 for two"
0x3be7ced7c2c73e05:0x2889eeda81e1f74,"₹1,200 for two"
0x3be7c991aead17e9:0xbb1a797789e118c4,"₹1,500 for two"
0x3be7b12ad3f10fb9:0x1dc127e9ffc1a031,₹550 for two
0x3be7b12e479f614b:0xd78d69252b5a1a11,"₹1,200 for two"
0x3be7b0e2d0ad3db9:0x2775a1b33f5d54ce,₹850 for two
0x3be7b0fdf80c61c9:0x6249d85bc45364d2,"₹1,000 for two"
0x3be7c94a16da4de9:0x2b2ab65e5fad025a,"₹2,500 for two"
0x3be7cf001b150a99:0x33b7511a7e1ecde3,₹700 for two
0x3be7b61b883b46e1:0xb2ff0e542e1bf296,"₹1,800 for two"
0x3be7b1764bc6949f:0x277004c2bf665b5f,₹600 for two
0x3be7b0fd7e8c1e09:0x86a874fdea0ecc26,
0x3be7cf23d904a86f:0xab9e76632020be85,₹550 for two
0x3be7cf323d901be5:0x4b020a7767df35d0,"₹1,200 for two"
0x3be7b128f22a61d3:0x463810d3aad1ab3c,₹850 for two
0x3be7c3dc97727233:0xe2d1e84329b6421a,"₹2,000 for two"
0x3be7ced26e4f589f:0x84e2e6d9d48e7272,"₹1,900 for two"
0x3be7cf0032ed4137:0x56998a41b30149a3,"₹1,200 for two"
0x3be7b0e57de5c75f:0x502908e9711496fd,₹900 for two
0x3be7cf2d87e6a455:0x90422785635c150c,"₹1,200 for two"
0x3be7b12901446cb1:0xe0be637c9d347e1b,₹950 for two
0x3be7b1020a1f88a9:0xa7e6e8f3a4ae0bf6,₹650 for two
0x3be7cefa01782c2f:0x9da7418142498f58,₹700 for two
0x3be7d14b0e7f3d8f:0x1e5f6205e8edd181,"₹2,000 for two"
0x3be7d1c3a395af9d:0xa7611c55b66a37f8,"₹2,500 for two"
0x3be7c9195063bff3:0xa0357753ca39f4bb,"₹1,600 for two"
0x3be7c91f42c5ddd5:0x3a062fdf8389caca,"₹1,300 for two"
0x3be7cf57c1a12695:0xb0e6e03aede2b41,₹700 for two
0x3be7b100a94b1437:0xff734fa0ae837190,"₹1,200 for two"
0x3be7b0cccd155555:0x8fbd6ab6775f9c8a,"₹1,200 for two"
0x3be7b19f4adb8e23:0x82e17c65fde296ea,"₹1,600 for two"
0x3be7b11f80555555:0x1fd528dfa241dddd,₹950 for two
0x3be7cf76d9070c83:0x6e69782175073306,"₹3,500 for two"
0x3be7cf75b15199fb:0xfb55d7b6390d4833,"₹2,000 for two"
0x3be7cf28a5a2da67:0xa46ce790e7fed49f,"₹1,200 for two"
0x3be7cf7516fd70f9:0x47413a92036c75cc,"₹3,000 for two"
0x3be7b187407ee26f:0x3141181951e103bd,
0x3be7b11f06034fb3:0x4fa827dabd06eb6b,
0x3be7b059e55b5fc1:0xd7316e41ab972f06,₹950 for two
0x3be7d162fa12ecc3:0x5d9a8f897272b060,"₹1,800 for two"
0x3be7cf21727d5445:0xd65cc0447b771683,₹600 for two
0x3be7955f2ff0b20b:0xe12abd0448a4efeb,
0x3be7b02b890eb763:0x1a13be1dc6b2de52,"₹1,000 for two"
0x3be7b1bfc4614dcd:0x373ddf69f3b45e39,
0x3be7b05b255b1391:0x108b75aedc80e1c6,"₹1,800 for two"
0x3be795343558ce57:0xe7fe733c79afb398,"₹3,500 for two"
0x3be7cfeb1d1bf7e9:0x56933882838b2c26,₹700 for two
0x3be7cff9a7c3054f:0x214172c3a4879357,"₹2,000 for two"
0x3be7c91fad1909b1:0xa09a7fb6e8d381eb,
0x3be7c94051a1aec3:0x5282085d624acb9,"₹1,100 for two"
0x3be7c914ea9ee4c3:0x96e473a09338cfba,"₹2,500 for two"
0x3be7ceddd7ee5a69:0x46e63d0a7e48cb35,₹900 for two
0x3be7ceded5e9522b:0xb5415cc0a4ec7381,"₹1,000 for two"
0x3be7c799e4484899:0x65143b093986f799,"₹1,200 for two"
0x3be7cff426f1cd63:0x4717d04924efddc6,"₹1,500 for two"
0x3be7b11e3398596b:0x207b377cde447634,₹700 for two
0x3be7b86436191899:0xaccdfc7f5b794764,₹700 for two
0x3be7b17bb9a6da0b:0x5022919cf3f28424,"₹1,600 for two"
0x3be7b02af258e599:0x6cdbd868073cfd92,₹650 for two
0x3be7b1321295ccb1:0x8b64ce21dbbc2106,₹400 for two
0x3be7b0f30d370fc9:0x6af696c900aab916,₹800 for two
0x3be7b0f30d1b7e41:0xf14a0d8599bb44dc,"₹1,200 for two"
0x3be7b1270028d957:0xbc657950eb791279,"₹1,200 for two"
0x3be7b0e7157dccdf:0xbc216552c4433a5,₹850 for two
0x3be7b045b31fbcad:0x2b1b635d3e2e9dad,₹700 for two
0x3be7b1e697d2d53f:0xee8e829c975454db,"₹1,000 for two"
0x3be7cf838450ce8b:0xe6b9d29419f2cb0,"₹1,700 for two"
0x3be7b061cff63b9f:0xcf2beeef35be9550,₹950 for two
0x3be7b93193929809:0xe7d70864f2b98a43,₹300 for two
0x3be7b04dcf060caf:0xee387a5cac7fbed2,₹650 for two
0x3be7bf5c3341b807:0x691e302311329ba6,"₹1,400 for two"
0x3be7ceefef5cf2f5:0x4c59b77df8df9e0b,₹700 for two
0x3be7cf985866ecd1:0x4c66c9ff5e767525,"₹2,000 for two"
0x3be7c91feab7d77d:0xf1db99061108e774,₹700 for two
0x3be7c91fc944d107:0xe307cf138a0f95e6,"₹2,400 for two"
0x3be7bfde808e70bb:0x23de63b7fc5d4036,"₹1,600 for two"
0x3be7b19995b031ef:0xffe9a0379de21095,"₹1,600 for two"
0x3be7959726dbfd71:0x9c87c6505aac6c6d,"₹1,800 for two"
0x3be7b043ebb3194b:0x70583c6379afaffb,₹700 for two
0x3be7d193a3a01a99:0xf465f92c44b40c95,"₹1,200 for two"
0x3be7b1047ad08201:0x6ca9b053d9d453d1,₹850 for two
0x3be7b06af48b4ff5:0xf3710589f82ae7a8,₹600 for two
0x3be7b0f4a9edb1c5:0x6342db5363f28877,"₹1,300 for two"
0x3be7b1ad0563495b:0x6e48e5be14bec613,"₹1,000 for two"
0x3be7b07a41c06e4b:0x54835817b5fb95b8,"₹1,400 for two"
0x3be7b1aeb1bb5555:0xc3eb3bdd294ba9ff,₹500 for two
0x3be7b04462fa7a97:0x42d0c332ef5bfcf8,"₹1,000 for two"
0x3be7b10f0603ff47:0x6a98b4f6a7703476,"₹1,000 for two"
0x3be7b1d14eecdd5d:0xe021364d0557c27f,₹400 for two
0x3be7b124372d5219:0x634bc52548ab795b,"₹1,100 for two"
0x3be7b0e782cc67ad:0xd8bb0b121e45ebbd,₹700 for two
0x3be7b1cd17e0659d:0xa45f2521ada83a56,₹600 for two
0x3be7c909e9d4d267:0x1c035054ddb23d00,₹400 for two
0x3be7bbdc6d0ae637:0xf56e5315a07010c9,"₹1,000 for two"
0x3be7976d30566fbf:0x54fbdd9fe2f4dd8c,₹800 for two
0x3be7aec01a87a72d:0xae615f4cdcc1626e,₹500 for two
0x3be7bb0033b2c47f:0x873273e1d5275b7e,"₹1,700 for two"
0x3be7a8cd5643696f:0x98997b33f721bc68,₹600 for two
0x3be71fd866b346a9:0x72dbc44d2d80581d,"₹1,200 for two"
0x3be7b9e7560eaa5b:0xe4bb2e5c61eea393,"₹2,500 for two"
0x3be79510581d33c9:0xaa4177983d9a2464,₹700 for two
0x3be7c25259a49fc3:0x4d7356a85ba35217,₹850 for two
0x3be7bb623cf909dd:0x367434ced1fe4408,"₹2,500 for two"
0x3be7937813ce7481:0xd78a1fe4d2086572,"₹1,600 for two"
0x3be7b9ff73db9f57:0x7dcddbc1ed0bac09,"₹1,200 for two"
0x3be7958aa7f83d85:0x3167b18f4f45fbbc,₹700 for two
0x3be7b1bce5890f0b:0x73dc2520546b6923,₹300 for two
0x3be7c1be0f4ed7e3:0x6dbd96a09e5d16b0,"₹3,500 for two"
0x3be7a96f5bedb111:0x74df0be7eca77d5,₹400 for two
0x3be7b0376582cdbf:0x52fd78832577ad92,"₹1,200 for two"
0x3be7c3c0dcfeaaab:0x7c7be762e5e977e4,₹400 for two
0x3be7b143e231c371:0x6b10a5ffb509f0e,
0x3be7a987fefe5b89:0x7d6db2e5ca80bd66,₹400 for two
0x3be7c3acd02d901f:0x8c0d34ed13413a52,₹950 for two
0x3be7b91ed7706fcf:0x327f61d5a6c112f,"₹1,000 for two"
0x3be7958a77089d9f:0x9976e86f776d03a1,₹600 for two
0x3be7b92397fd1d9b:0x85cb5e7e52758267,₹850 for two
0x3be7c3dca4d06015:0x5786c7ccc88ab89c,₹850 for two
0x3be7a980d611ef5f:0xbcbf1abab8043f9c,₹550 for two
0x3be795b45de4d025:0x1b5a04a7f083cce4,
0x3be7b923d8d069ef:0xb000ee266605238e,₹700 for two
0x3be7af83851fda31:0x6fce0f4c2ceae510,₹800 for two
0x3be7972d87d7cb91:0xe6c5bae1da157146,₹950 for two
0x3be7aa288059f5e3:0xd5b653fc2cbabc8d,₹300 for two
0x3be71d0015a9d893:0x512f3ff7fa6764de,₹350 for two
0x3be7b938ef540a91:0x33ac08d2621afb6f,"₹1,600 for two"
0x3be7c31ab324641f:0x7547e125986c9270,
0x3be7b126cad90119:0xd70e9642abb69893,₹300 for two
0x3be7956057c2b8fb:0x70e34cbfa762b229,₹600 for two
0x3be7b90760395743:0x581dca0d268d15da,"₹1,800 for two"
0x3be7c1bd64da7453:0x4b6dd07cc14fd5b8,₹350 for two
0x3be7c136b2c080cb:0x7bf61fedbf46d7be,"₹1,800 for two"
0x3be79352cca43b4b:0x957547b0fa54d01f,₹400 for two
0x3be795bfa2711999:0xf1dc73e204657b67,₹200 for two
0x3be7937fe0904a05:0x2c77541adaeb133c,₹600 for two
0x3be7c13a7d2da6eb:0x69ee2a0262d35a4b,"₹1,200 for two"
0x3be7bed2ffffffff:0xed0e7b342aad301c,₹600 for two
0x3be7ba2b6aaaaab3:0x5a6d3b87f9d1032c,"₹1,200 for two"
0x3be7c15c41f0e853:0x30e33fc0207c6238,"₹1,700 for two"
0x3be7c18deeeddb3d:0xdce9c24e3394a046,₹500 for two
0x3be7cf2b056971dd:0x17970f504574fd63,₹800 for two
0x3be7cedb47041c09:0x143a454b66633bde,₹600 for two
0x3be7c8e1a7210125:0x5f707dd47ffbda4f,"₹4,000 for two"
0x3be7c9953e9d7953:0x2811de8d742661cc,"₹5,500 for two"
0x3be7b7a84bc7bb29:0xd7df535480570426,"₹2,300 for two"
0x3be7c9bf40c4ed19:0xa25d3b05259a616c,₹550 for two
0x3be7b6de35ac8b73:0xc33180c3a1b9b80e,₹500 for two
0x3be7c96d08669301:0x6fba0d7e69e534ab,"₹1,000 for two"
0x3be7c96733f84953:0x1e26994199dccd22,"₹1,200 for two"
0x3be7c1993d9e4cc9:0xb378f50838437071,₹300 for two
0x3be7b9040bcd7975:0xfa555ba48eedf430,₹350 for two
0x3be7953b2527e355:0x4b37ce63fa6a51b,₹400 for two
0x3be7c7e1317ec3dd:0xd77f911aadb9f605,"₹1,900 for two"
0x3be7c9d366414d5d:0xf4e57cf5fbba1f89,"₹2,600 for two"
0x3be7b737e85f556f:0xe73e9c16a617a8a0,₹800 for two
0x3be7b7f8e6f24eef:0xf0b4c56c1230ced7,
0x3be7c7fa7b484a51:0x9fd2625926345508,"₹1,600 for two"
0x3be7c996f1902b01:0x314de4d31a9d4822,"₹1,400 for two"
0x3be7c9d574261499:0x1a622b9325d947e2,₹400 for two
0x3be7c9cf7db1b385:0x2decfa02191963d9,"₹3,500 for two"
0x3be7c1e5ac096315:0x98dd5bba82877fc6,₹950 for two
0x3be7e86af54b0ecb:0x6114b608a82684cb,₹300 for two
0x3be7c38c17f6620b:0xb62651931c17c85e,₹600 for two
0x3be7ae85531c9615:0xb2110b2c1e709e76,"₹1,300 for two"
0x3be7abf7ab079f7f:0xf6d94c87000e4f9a,₹350 for two
0x3be7af8e886992bb:0x54d2bf766b462a83,₹300 for two
0x3be7af812992125d:0xfacd008bc1d2d0c,₹400 for two
0x3be7e92525557bed:0xc59ed3c139b5c366,₹800 for two
0x3be7e8798d6cf5c9:0x9beb4c9b03ed5e07,"₹1,100 for two"
0x3be7d1dd5ef5d4b7:0xb6d62728620ec684,"₹1,800 for two"
0x3be7cf00741ca8c3:0xc71c33b9f4208a85,"₹1,000 for two"
0x3be7d1da4fa4afe5:0xaaf0bc9b9de14ef2,₹350 for two
0x3be7d1df6b663dfb:0xe8a925078583cb98,₹300 for two
0x3be7c3db17447b45:0x58ef992e66062425,₹950 for two
0x3be7ed12150ee791:0xf09d3fb772f28eca,₹350 for two
0x3be7b93c2ca09dc1:0x556c1c1a62aaf1b6,"₹1,300 for two"
0x3be7b971c59c1739:0x27c532debe90478b,₹650 for two
0x3be793815d403303:0x39921daa4794c626,₹800 for two
0x3be7c1270649d62b:0x3379194474ebd0c9,₹200 for two
0x3be7bb58eff51113:0x38ff7b9fb397e030,
0x3be7972e6aa72367:0x719d66b708e28141,₹950 for two
0x3be7bba396674b8b:0x8546eae0ee50532f,"₹1,000 for two"
0x3be7c95021a04b5f:0x1e122adaa621ca8c,"₹3,000 for two"
0x3be7c96950195887:0x94eb89abd489c192,"₹2,500 for two"
0x3be7c933e845f3ff:0xb40fe28ae6b977b1,₹300 for two
0x3be7b8f0ea23a0dd:0x9b93f3a64aafcf56,"₹1,200 for two"
0x3be7c7faba248e0f:0xc301438716b6356c,"₹1,200 for two"
0x3be7c74cddfc01c7:0xc72f015e34d271aa,"₹2,000 for two"
0x3be7b8efc59bfdb3:0x2e314edccd5b5b9e,₹400 for two
0x3be7b85fdeccd827:0xabe216e2319f7e99,"₹2,400 for two"
0x3a35e54988ce8c69:0x9c0d1b573a855ba0,"₹1,200 for two"
0x3be7c852501cdfb3:0xa11faa32c1f3641f,₹300 for two
0x3be7c96c10d5576b:0x43343fc112a79c19,₹400 for two
0x3be7ce59688062c3:0xf090cea55aed887a,₹850 for two
0x3be7ce732186fa03:0x777d54959977c9e7,₹700 for two
0x3be7c169ee010071:0x77eca38eceb0d6f5,"₹1,000 for two"
0x3be7959722dfbe7f:0x3a29dac2db96af7e,"₹1,200 for two"
0x3be7b9c4db1d8c3b:0xe89d59f72b7646a0,₹300 for two
0x3be7bf3724e4489d:0xbf1b708a491ed74a,₹950 for two
0x3be7e93cc8e66419:0x25fd8d6dca5d10e0,₹450 for two
0x3be7e9ca90c435ef:0x259777e13a6c9840,₹500 for two
0x3be7c30024ac881f:0x69efbe32e853f0cd,"₹1,800 for two"
0x3be7c9f2920323f9:0x6d1ca06c89f99d7,"₹1,400 for two"
0x3be7b627ad61802d:0x718ac948c9209eb0,"₹1,800 for two"
0x3be7b787e0b57a4d:0xb8b40b9c22e96507,"₹1,100 for two"
0x3be7b76d2e1332f3:0x4f39efcbe478facd,"₹2,400 for two"
0x3be7b866f03f7c3d:0x86d7cadff7cc571e,"₹1,100 for two"
0x3be7c914624db2cd:0xd7fc3cd65287330d,"₹3,500 for two"
0x3be7b1bc8d3503cf:0xe30fbfd6bef3ec90,₹400 for two
0x3be7c9b58199f215:0xdf6eb600d57ccb8c,₹350 for two
0x3be7b798c26de465:0x19bd58e8a2b0565,₹400 for two
0x3be7b0e05e0cb687:0xa07ca668e7475b1f,₹500 for two
0x3be7c9b33ea9d5ab:0xcb8c868e14eacb2d,"₹1,800 for two"
0x3be7c9a20c88722b:0xfc623176606f880,₹500 for two
0x3be7c61fa7917df9:0x51e2df8b5f6cb0ad,₹300 for two
0x3be7af98088dfa53:0x3488abbe840bf48b,
0x3be7b96d00000011:0x781fd2f03220e01d,₹400 for two
0x3be7b9002a81b0c7:0xee4a556e4b889b35,"₹2,000 for two"
0x3be7b9740787c779:0x7d51ece036ac2c2b,"₹1,000 for two"
0x3be7c1007a235f99:0x9b10f0ee9bf04bf2,₹600 for two
0x3be7c144a3b62213:0x90c7b1c8ded33672,₹300 for two
0x3be7bba50e85faf7:0x1f351d678ce769d8,
0x3be7943984ee4685:0xc48dcc43613d7ec1,"₹1,400 for two"
0x3be7bf56286425d3:0x83659820daca6f5,"₹1,000 for two"
0x3be7b940880cef0f:0x79f8d6da4c3d23e,"₹1,400 for two"
0x3be7c383a793f181:0x27931048ff32e264,
0x3be7c23fa5681f6b:0x28581944692a579f,₹500 for two
0x3be7d13d5634ed09:0xe816a24736b61500,"₹1,200 for two"
0x3be7c3cde10c17a1:0x2e4f0697a94a9c59,
0x3be7c3a6161bad25:0x74071d9ffa35e0df,₹500 for two
0x3be7ce11ff636d53:0x2d03392c149a3759,"₹2,000 for two"
0x3be7b1004a9a1327:0xebcb86def49f15bd,₹350 for two
0x3be795dbb9691b91:0x68ccd8db4b13fd13,₹950 for two
0x3be7c11384078ad7:0xc0916523495ec59a,
0x3be7c1b58ea12c77:0x5ac4d98ffaed9aba,"₹1,500 for two"
0x3be7b12de6b318bd:0xeb8b38927fd79982,
0x3be79540d709a84b:0x7aaf825160cc9acd,₹850 for two
0x3be7b73bf33c98bd:0x4312888326f3d31d,"₹1,100 for two"
0x3be7b8f424282d27:0xc22d5d81df60f31d,₹700 for two
0x3be7c7d2e6d4106b:0x14e997be556befb6,₹900 for two
0x3be7c962477f5c21:0x6eb1dab0627acbd8,"₹2,900 for two"
0x3be7b70031e5bb4f:0x1aa2fed4521f239f,"₹2,500 for two"
0x3be7b7bc7a951977:0xfe6fb3317236c938,"₹1,000 for two"
0x3be7b12b52ac6b5b:0x642ef4204d26f4b1,₹500 for two
0x3be7c814d4cec2d9:0x1d273a7d99b74980,₹850 for two
0x3be7c9d5299d4ab7:0x1bb13036ba37110e,₹300 for two
0x3be7b7b9e6040faf:0x7fdc37c77cc2b977,"₹2,700 for two"
0x3be7ce3ef1c61219:0x7964717f5de53d91,₹400 for two
0x3be7cece3fffffeb:0xd53131d21fdc4906,"₹2,000 for two"
0x3be7cff49b066f87:0x13253fc2fc5c0de3,₹800 for two
0x3be7ce76241a8dfb:0xed9b0e3801798377,₹400 for two
0x3be7d19281841809:0xddee9b5bec47453c,₹300 for two
0x3be7c0d111ebd947:0x6a5a9229a8d86db0,"₹2,100 for two"
0x3be7c3de315dc037:0xd2800d3190fc6eb4,"₹2,000 for two"
0x3be7b04bec02b379:0xa403370771a16d9f,₹150 for two
0x3be795a339985e1f:0x83e52bfb2395070b,"₹1,200 for two"
0x3be7941719eecd31:0x24a2aad7fe2adfc5,₹300 for two
0x3be7bbb701aeb163:0xeb3fd4ecd95b6d09,₹600 for two
0x3be7b9eee6bea70d:0x558aaa31a8dc1cf1,"₹1,000 for two"
0x3be7b903cacf55c3:0x497e9e1e3b69534e,₹500 for two
0x3be7c14a557fd797:0x1b7f9a5e90571318,"₹1,000 for two"
0x3be7e837b319ec2d:0x9eb897780a8add11,₹500 for two
0x3be7c3adb2d99863:0xeecb55e47d2af459,"₹1,300 for two"
0x3be7c3297400e6cd:0x3a871eb95889c810,"₹1,400 for two"
0x3be7c3cefb965817:0x1aac8e9391f32f15,₹450 for two
0x3be7c9b36afd99a1:0x6d55c8d5cff60c23,
0x3be7b1946c3e7dd1:0xf973b024a63895be,₹600 for two
0x3be7c94117bf64eb:0xd76ce408db435ea6,₹800 for two
0x3be7b520eac312d7:0x16185c8ec62dcf8b,₹400 for two
0x3be7c86a865ff533:0x53982e572975e4a6,"₹3,500 for two"
0x3be7c7636326ff2b:0x6af593acab8e06c0,
0x3be7b7003b623209:0x39160d023e2a29fd,₹550 for two
0x3be7c887e1890c5f:0x3a54733ccc7fdb5a,"₹1,700 for two"
0x3be7c9b9c9d4a707:0x467b515de12afa42,"₹2,000 for two"
0x3be7a9c853feacbd:0xae658b735760425c,₹300 for two
0x3be7af31d4852dd5:0xeb18b6d912649268,"₹1,200 for two"
0x3be7c16ba639530f:0x8e5633555c06e5f9,"₹1,800 for two"
0x3be7c307452c409d:0x8736ff4034a750af,"₹1,600 for two"
0x3be7b962ace2cfad:0xa54d14d88dca467f,"₹1,500 for two"
0x3be795a428a1650d:0x773fcfc202352afd,₹400 for two
0x3be797151cf1b84f:0x1730973551b30780,₹300 for two
0x3be7c31662dd8fbf:0xfd29d279a0fcad39,"₹1,700 for two"
0x3be7c1eeaf1480f7:0x96ab60f037f5f097,"₹2,700 for two"
0x3be791801fcff533:0x839f650a41ce1628,₹300 for two
0x3be7c385287e5ead:0xc5d28a054c900158,₹400 for two
0x3be87984034d26d9:0xb129fbd83ac80be7,₹550 for two
0x3be7e9ed641a5ae9:0x175721d951d8d45e,"₹1,200 for two"
0x3be7ce3c49703d6d:0x2454d8c5ae9e5b29,₹500 for two
0x3be7ce0fc821d359:0x190f6c02dc1fd8a,"₹1,200 for two"
0x3be7c9a4e8c2cb93:0x41e1c967fa3e0c91,
0x3be7e866e341688f:0x94ddef28d381dc11,₹300 for two
0x3be7e9260b0aa287:0x8e2a25dff47a43d8,
0x3be795289cdcaaf3:0x61d04ddca34a76d,₹350 for two
0x3be7c131690e632f:0x241ca27e98f6a17e,"₹1,600 for two"
0x3be7b12db869711b:0xe92959f0d354879f,₹100 for two
0x3be7c7cdeb4ed99f:0xf4882e58b42b51fa,₹650 for two
0x3be7c82a2adda04d:0xbe67cdd8b6792848,
0x3be7b7d9de1c5d0f:0x89d77768d9be3936,₹600 for two
0x3be7b7002d12ad6f:0x5b00489bcec3621f,₹600 for two
0x3be7b6e292e34d15:0xfe1042e8b884d701,₹200 for two
0x3be7b77a40460c63:0x8b75b9a7b70d7849,₹500 for two
0x3be7c620eaa8e5fd:0x8bcbe1b384769a6d,"₹1,200 for two"
0x3be7c9f7e8dd7a9f:0xbdc99f5afc19c948,₹250 for two
0x3be7c9b0c92d3b85:0x32ba6990eadb0093,₹500 for two
0x3be7c93cff23b9bb:0xd0009baf8a409a39,"₹1,200 for two"
0x3be7c9e97da00a65:0x2e4ad0b6b7b845b7,"₹3,000 for two"
0x3be7b19642e55f1d:0x980071a558a781d2,₹600 for two
0x3be7c96d76945831:0xe787774acf11312c,"₹1,500 for two"
0x3be7b16b4bf183e9:0x95459630195b7686,₹450 for two
0x3be7c1398fdd7d47:0xbb1bb4f2dbc6180c,₹550 for two
0x3be7b9a374b82a57:0xe7331005bac84c66,₹500 for two
0x3be7c152c3110947:0x9ff0a8402dbf1232,₹100 for two
0x3be7c356bef16dd1:0xb8f0cda2831a4946,"₹1,800 for two"
0x3be7c1003cc598bb:0x6adcbbd2f58c86da,
0x3be7c357b3a31d47:0x73ef4ae399d157b3,₹700 for two
0x3be7c39ccdc10e47:0x2f9eb6cc6b812080,₹900 for two
0x3be7bf4ca5555557:0x63f745203036ba66,
0x3be7c398d314deb7:0x61e4d451dbbc88b,₹600 for two
0x3be7c0c62786019b:0x75a80b0897a7c817,"₹1,800 for two"
0x3be797b236afaafb:0x7d4e5b732479fe5f,₹300 for two
0x3be7b9217e12177f:0x6500f4da29506269,₹950 for two
0x3be7bf5178e82b57:0x10b83a7d77294479,"₹1,000 for two"
0x3be7bba58d9d7175:0x1d8061d501bdaaa9,"₹1,000 for two"
0x3be7b76e64ca2a4d:0x1fa04430291cba5e,₹500 for two
0x3be7b73fe25eb843:0x2e571ded344d2fb3,"₹1,700 for two"
0x3be7b61f05f35b71:0x9a41a64d0af93709,"₹1,300 for two"
0x3be7b14a6c66d2fd:0x6eddc501274fedaf,₹400 for two
0x3be7c9ac513882c3:0x93956dfd3e8a4dcc,"₹5,800 for two"
0x3be7c716806d4191:0xd7469efbac4b996a,"₹1,600 for two"
0x3be7b7230212c03d:0xc035e54c26667e2a,₹550 for two
0x3be7c9fae18c7577:0xcfcc04873996635,"₹3,800 for two"
0x3be7b62d0a26a387:0x90361554a296b356,
0x3be7b938d112601d:0x4de847b690501268,₹700 for two
0x3be7c6090a2ae135:0xb9536d527182bcc5,"₹1,800 for two"
0x3be7ce0d1713000f:0xcd4f3b7d699b8416,"₹1,800 for two"
0x3be7cfab00c92597:0x86202b8b47eeadb9,₹550 for two
0x3be7ce104a8a2d4f:0x9c697eae8fdf2ea,₹550 for two
0x3be7ce11c24417b9:0x47acdfda1c7321ad,"₹1,000 for two"
0x3be7c72a88d51a4b:0x7d2d6bee68f21a4e,"₹1,800 for two"
0x3be7c9aca86d8675:0x79a559235dace0d5,₹500 for two
0x3be7b707d17e69c1:0x24225f696faafac2,"₹1,000 for two"
0x3be7c94791aa0e09:0x824b2ae691c2f40b,₹400 for two
0x3be7b780f587cda5:0xaa2d7e4f6cf6fbec,"₹2,100 for two"
0x3be7b85744c6f343:0x191785a4ee7c4bc0,₹700 for two
0x3be7b9aa027d4e2f:0x57861583b44f346e,₹250 for two
0x3be7c10503fe3d2d:0x4b90ea33de34e064,"₹3,000 for two"
0x3be7bf927e1286bf:0x31b78bf582b10ce5,"₹1,200 for two"
0x3be7cf21727d5445:0x4f10a651c59017df,"₹1,200 for two"
0x3be7bb2905f61895:0xdabab4789ae39a2b,"₹1,000 for two"
0x3be7b924487dd125:0xa635ab67f241a059,₹400 for two
0x3be7b7164fe869c9:0xd9f8da3f36eb3c2d,"₹2,000 for two"
0x3be7b75dc75fb493:0x817a94a996ca2179,"₹1,300 for two"
0x3be7b74d0d6d38ff:0x8d413d6dad50abce,₹500 for two
0x3be7b760948d71dd:0x9e581819803dad2e,"₹2,300 for two"
0x3be7c7be3ef65667:0xe968d335bf852bcc,₹850 for two
0x3be7c927c779e91f:0x8787f3c14789db71,"₹1,300 for two"
0x3be7c935a6e2bee3:0xe88d18d62039f5dc,"₹1,700 for two"
0x3be7c91699e07137:0x13291b15bb71f44,₹700 for two
0x3be7c24091ea822b:0xc3ea2de900c28a42,₹600 for two
0x3be87b8ba437dfb1:0x7e95335d68b524f0,₹600 for two
0x3be87a410afe07a3:0xf54c04807c625882,₹950 for two
0x3be7a8c250b6be4f:0x75cc93cdd0e3760e,"₹1,200 for two"
0x3be7c23fddd2be7b:0x90baffd4d5ddc7d4,₹300 for two
0x3be7cedb290ecd33:0x1888b25f311c5877,₹300 for two
0x3be7ce79b5585c77:0xf3e6742339784ffe,"₹1,900 for two"
0x3be7c9aa92be7229:0x3664b2ca92911e62,
0x3be7cf6e764d869f:0x5c1405ee56c44a07,
0x3be7bb1b2c489ac9:0x74a5e81e2139f5e6,"₹1,000 for two"
0x3be7b9cad8998ee1:0xe9aed6352cdffd7b,₹850 for two
0x3be7b12108a6b17f:0x7e7c1735a0dd7127,₹300 for two
0x3be7970020992061:0x20437a2cbcce4ad7,₹350 for two
0x3be7b9fbe3a46f49:0xec14b7fc3d0e376b,"₹1,900 for two"
0x3be7c17cac15aa57:0x26e477180ab16d57,₹350 for two
0x3be794433b97ac4b:0x74e7b504e2f2389d,"₹1,200 for two"
0x3be7b92272021c5f:0x9dbaeb1280fa4d18,"₹1,700 for two"
0x3be7c31aa0bae4b5:0xaea3e14b7e91caea,₹450 for two
0x3be7c3c3b04b8ff5:0xa6850acf9b62ab62,₹300 for two
0x3be7c14cfa4692ef:0x33ad28ebfd8233fd,"₹2,000 for two"
0x3be7c300651edbd7:0x97003bfe1277df89,₹500 for two
0x3be7b9e21e356c77:0x7aa21d50adaa0f5c,₹500 for two
0x3be7c84ab064da91:0xf60db7187c30646d,"₹1,100 for two"
0x3be7b722c4a69e33:0xf859fb15cf53cb83,₹400 for two
0x3be7b12ba503a971:0x7f14d35ef51e62df,₹600 for two
0x3be7c78ae8723065:0xe333f0e830d7b98d,₹500 for two
0x3be7b7478f07088d:0x235b7f2932ccfd57,₹400 for two
0x3be7c90a42a525ef:0x4d7cf0132f4df897,₹450 for two
0x3be7b75a80ce7651:0x2cf2e8d99514064a,
0x3be7c9cc5cc9b395:0x81eebf1346226fe7,₹350 for two
0x3be7c900113f72eb:0xdf196bf5fab8eaff,₹700 for two
0x3be7c9ee5723f635:0xef43868b7e8544e7,"₹1,500 for two"
0x3be7c931c0460845:0x2204bc44e89bdda,₹350 for two
0x3be7a9681456d635:0x32b6c0cad326d7c8,₹300 for two
0x3be7b7346b65e457:0x34e39c1295315a82,₹300 for two
0x3be7c7491adebc73:0xf09da59d5da1ddde,₹500 for two
0x3be7c9b66de51133:0x594af6c9fdcd3ed9,"₹1,600 for two"
0x3be7c9ad8c3d6a09:0xb2a4d6fbd4decf8c,"₹1,600 for two"
0x3be7c92dd3fb1915:0x5bf202a9900faa42,₹500 for two
0x3be7c92081e865e7:0x9ea8136650a2dca0,₹500 for two
0x3be7b6143b6e3ad3:0xe8e29a42e83bac81,"₹1,200 for two"
0x3be7e76993a6f157:0x297277fd90fff00f,₹950 for two
0x3be7c326ecc0c4d9:0x5e543eb3e99f11de,₹300 for two
0x3be7e90068843c09:0xfc1493ecd2a61dbb,₹400 for two
0x3be7b1ff781a72a5:0x9580fa104b378657,₹350 for two
0x3be7b9bf3c7d1bfd:0xacbb104c9a9ddcc7,₹300 for two
0x3be7bf5ca8998355:0x39fd43decc2f53c9,"₹1,100 for two"
0x3be7939d7af0d501:0x1cb16ea30d88cb81,₹950 for two
0x3be7c7f09fb05a17:0xe258893437690639,₹150 for two
0x3be7b7a9c41dbd3f:0x52ea14acbf645457,"₹3,000 for two"
0x3be7c95c8354142d:0x92af9234a913cac2,₹300 for two
0x3be7b6142bf84e0f:0x2c324754ab01e591,₹600 for two
0x3be7c893bc5c546b:0x279242f789e69e5d,"₹1,100 for two"
0x3be7b749b5d7d5d1:0x6cb9f769976f8426,
0x3be7b7004d5f48ff:0xa53417ba3dbf5cef,"₹1,700 for two"
0x3be7c9002988560b:0xd890ef6c46fe6666,₹200 for two
0x3be7a96c48346de9:0x61c09fc5ef252cb2,₹200 for two
0x3be7cf3aa93694d9:0x9b32595aef219a9c,"₹2,000 for two"
0x3be7ce7bcb9c2fd9:0xef5ccfb563f51cb9,₹500 for two
0x3be7ced27051f6dd:0xdd2b10b52301aeee,"₹2,500 for two"
0x3be7ce1e68ed4d6d:0xedeba9733f92e5e2,"₹5,000 for two"
0x3be7ce110c79fdf7:0xdd7d0647954855b1,₹500 for two
0x3be7c99ba9ac8511:0xf720bd58e3380c58,"₹3,000 for two"
0x3be7cedb12c80ba7:0xc06960f570ef33f7,₹500 for two
0x3be7b95b3514d74b:0x1d13052d78e4f8cc,"₹2,100 for two"
0x3be7b1660dc4cfe9:0x7a19120bf550ef80,₹500 for two
0x3be7b1d9d46fcff7:0x79d817d31c5bb866,₹400 for two
0x3be7c13a640b7d89:0xb3ad8b5dd72e99aa,"₹2,500 for two"
0x3be7c13b23c00001:0x769164ca8b54c6d2,₹600 for two
0x3be7b1cb5795e515:0x4a30c8d76f482b9f,₹850 for two
0x3be7943fce79ed3f:0xf3577c45a2cbfefb,"₹1,200 for two"
0x3be7b96149bbd513:0xb544e97c72e1c8ba,"₹1,000 for two"
0x3be7bd0a543ed7f5:0x19ba25e52f49d873,
0x3be7c36b367e6e6d:0xd78804b03939c8bb,"₹2,000 for two"
0x3be7c3402d1f0ca1:0x22e9ca412942e98,"₹2,800 for two"
0x3be7b96324ea6103:0x2bccfb9435eb9385,₹700 for two
0x3be7b90e268b087d:0xc4c90f5ddf434cb1,"₹3,000 for two"
0x3be7be2063940e41:0xbf12f003120e2daf,₹100 for two
0x3be7c3e319b4465d:0x9ada7ccf7279f8e,₹400 for two
0x3be7bf473899bae9:0x2883c342585d681e,"₹1,600 for two"
0x3be7c3828efd4d4f:0x8199c5ec94dfbc36,"₹1,700 for two"
0x3be7b1f30ca00b4f:0xa0bad35a7c521755,"₹1,500 for two"
0x3be7b921acc69ba7:0x49baf9643c9bc38e,
0x3be7c130e626b7f7:0x5973124f91f1e203,"₹1,700 for two"
0x3be7c901be009a41:0x33c0271b64aca766,
0x3be7c90029a90c85:0xa61ecb45ec9374f5,"₹3,500 for two"
0x3be7c9ba547a5d49:0x17765eb1305fa1eb,"₹2,700 for two"
0x3be7b7f690dacba7:0x689cf5cd6fb617e7,"₹1,800 for two"
0x3be7c94709994f15:0xbbc0becf5b6d3c1a,"₹1,200 for two"
0x3be7c62e686beb4f:0x5a421a900afb8217,
0x3be7c8396a3d71d7:0x2b29761922af7952,₹500 for two
0x3be7c91489af8781:0xe36d5d8ec98e488d,"₹1,300 for two"
0x3be7a92caed11689:0x377289f0eacf46d,
0x3be7c90a80cfff5f:0x2d4f1bc1a448d784,
0x3be7b76b19d8b599:0xceed30a636dc1c32,₹750 for two
0x3be7c878f1ec61cd:0x33c4b4734cc6392a,"₹1,200 for two"
0x3be7c9984340fa9b:0x242435186a314311,₹700 for two
0x3be7c98cbebf4c39:0xc4e6c94c26ac7bbe,"₹1,400 for two"
0x3be7b7cce51c9da9:0xd0cdc92b180dc68c,"₹2,300 for two"
0x3be7b63c41d171af:0xbd56476fef6941e2,"₹1,200 for two"
0x3be8712abb147ecb:0x1e75386c7ed9dd7f,
0x3be7e9b7089758a7:0x90ddd9638ec600f9,₹800 for two
0x3be7c340e0c26833:0x55ca22282a0686e7,₹450 for two
0x3be7e9fdb479e83d:0xe7552c1e98c1efea,₹850 for two
0x3be7c3860959a079:0x854d5f8379bed18c,
0x3be7c3346017c777:0x8f209f243e1c8308,₹400 for two
0x3be7e841d0f751a9:0x277a16c73b6e0295,
0x3be7b161aaed1add:0x5bb29599b48c91e8,
0x3be7b1063593170d:0x12aa6e4b11fa7487,"₹1,200 for two"
0x3be7b9b8389bfff5:0xe2fe194bb709663c,₹200 for two
0x3be7c15b009b7b57:0xb998adc1946c5bf2,"₹1,400 for two"
0x3be7b10053817533:0xa11ea6b87462db56,
0x3be7bf004f8fde81:0x518b902c326bc8c8,"₹1,200 for two"
0x3be7b927a53f9905:0x1d939824ee2a145b,₹400 for two
0x3be7bf23c4886ffb:0x116088c8e5d12774,"₹1,400 for two"
0x3be7b124c4f5cc4d:0xb9051297ea55ea67,"₹1,100 for two"
0x3be7c7a3f5eecc3f:0xbb1a12cbe8b04a6d,"₹2,500 for two"
0x3be7b7c1a5a4614b:0x456fc6b57c83cd0,"₹3,000 for two"
0x3be7b7206c42fd31:0x87f4a522da8bf9a6,₹700 for two
0x3be7c9bd507b3a2b:0x1307aaa0450b39c,₹700 for two
0x3be7ce0b566e9bd1:0x9225f76f7d64edc9,₹700 for two
0x3be7c8cdee760bb1:0xe8ac5fbc7585c2ea,₹850 for two
0x3be7cf5e24d8ce2f:0xc2c94f5ce59d6dd,₹950 for two
0x3be7afc7a48b3b0d:0xa4fd4044ed7b642e,₹350 for two
0x3be7aeb92a446ddd:0xe63b669dafb500f1,₹500 for two
0x3be7cf1d8af418ab:0x687de9eaeaedabfc,
0x3be7cfc06fbcfd5f:0x666b254a20b2e576,₹400 for two
0x3be7cf9032c5c201:0x9a123a9132113b3f,"₹1,800 for two"
0x3be7ced7c066aaab:0x167875c15cc33f84,"₹1,200 for two"
0x3be7c9ea466213fd:0x6ffc4db052a9af9a,"₹2,500 for two"
0x3be7cede9b21ed89:0x558fbfc5f400023c,"₹1,700 for two"
0x3be795005f9b4e3f:0xd9cf63ebbb7be45,₹250 for two
0x3be7b967df025f81:0x3d31e13bc121f042,"₹2,300 for two"
0x3be7bbde1fdfab6d:0xab6d14ede8542e97,"₹1,000 for two"
0x3be7b924adaaaaab:0x31af4a230b2f46b1,"₹1,200 for two"
0x3be7c96565b64973:0xf88b5cafd0b06a86,₹300 for two
0x3be7c796019af3f7:0xd715c7e19c083d5e,₹950 for two
0x3be7c8edf7a1e495:0xea1c6de018c9d6ae,"₹1,500 for two"
0x3be7c9e8ad36e715:0x7d7e574f5521bf30,"₹1,400 for two"
0x3be7b618752ccc23:0x95c802e3f22656a4,₹500 for two
0x3be7b7dae119d8b1:0xd8ea38a037418caa,₹800 for two
0x3be7c7d7fb961b31:0xf0e0e738d1e3fd60,"₹1,200 for two"
0x3be7c87d80325f43:0x9a68be419ef8ffde,"₹2,500 for two"
0x3be7c8eeaf83fd9b:0x15430182f5e6edfd,"₹3,000 for two"
0x3be7b8f01708e201:0x56a6a38ee561f7dd,"₹1,600 for two"
0x3be7b76672dd4449:0x91cdf0ebb68baaa2,₹500 for two
0x3be7c9b9fdf7b777:0xd2487c0ce242b1b5,"₹2,800 for two"
0x3be7c900326aa277:0x811f92c4d3116811,₹600 for two
0x3be7c10c6c2b1411:0xad415e380e6009bf,₹300 for two
0x3be7bf1de79d7419:0xcdda684357a765e7,"₹1,800 for two"
0x3be7bfd247f48717:0x90ed8af6d6e8748f,₹600 for two
0x3be7b1007e7ec015:0x437900cd5570224d,₹600 for two
0x3be7c14eee59bfb9:0xb93f6de62a2f6cb2,₹400 for two
0x3be7c3b9e2b8e745:0xe32920f2a0569c70,₹700 for two
0x3be7c34e7ace0eb3:0x3afecddefc158fdd,₹600 for two
0x3be7b9218eaaaaab:0x103256a1ed2cec6c,"₹1,700 for two"
0x3be7b18332c4ee57:0x81c0ae920e5ca741,₹500 for two
0x3be7ed4bc8be83c5:0xc98625e17a4a4733,₹950 for two
0x3be7c195fe81deef:0xc2c204fa5b8bef76,"₹1,300 for two"
0x3be793c3749653e5:0x779c5782a45b1df0,"₹1,200 for two"
0x3be797178b0f5e23:0x8ec07e78f71c1d1e,₹600 for two
0x3be7b91419587b4d:0x719aad6c695e902b,"₹1,800 for two"
0x3be7bd08d7e3e82d:0x8e1a7e99dae585e2,₹300 for two
0x3be7c9001fb6e177:0xa52f12f1036bb24e,"₹1,400 for two"
0x3be7c96488e8f32d:0x546ac33dd2d81cd5,₹700 for two
0x3be7b9e1b699b10d:0x4b89356402ac0a63,₹450 for two
0x3be7b79d8a5bf6af:0x781c61a235519337,₹500 for two
0x3be7b62763a22183:0xa4b01b4d215b088a,"₹2,000 for two"
0x3be7c86a85000001:0x9aa09a8b5892911e,"₹5,000 for two"
0x3be7b73b26f5dbaf:0x330b821534e512f2,₹300 for two
0x3be7c77a9ec970e5:0x964a081b9011d8eb,"₹2,400 for two"
0x3be7c9fced6cf2c9:0xc186562941861c7,"₹2,000 for two"
0x3be7b9000d0b60df:0x142e6fabd041d4f2,
0x3be7b9007a2e628d:0xe75a511c309e01da,₹350 for two
0x3be7cedb152fffff:0x6273ae5342a8e934,₹300 for two
0x3be7cf8917e14b17:0x6d3306c72ac27502,₹500 for two
0x3be7d1daffffffff:0x57f116b6193afcf2,₹300 for two
0x3be7cfcb6340ca4f:0xb5db994a03751132,
0x3be7c94174da3c01:0xfef8f81c57e93ee2,"₹1,400 for two"
0x3be7b12d489a77cf:0x8a62585fb7b6de4a,₹350 for two
0x3be7c911c1737c89:0xcdf59ef869e9558,₹600 for two
0x3be7b65b456ea2bf:0xb234dd12a4816790,"₹1,400 for two"
0x3be7c823427a2de7:0x39dbf8a81eb74aef,"₹2,000 for two"
0x3be7b7522816b519:0x6f2a5994cce70309,"₹1,200 for two"
0x3be7c9a143ffa273:0xec5689473e7a6de6,"₹1,200 for two"
0x3be7b64c2ea3d18b:0xedbc64de46889c9b,₹850 for two
0x3be7b7145f52b7ff:0xebfa5f082f74e51d,"₹1,100 for two"
0x3be7b7007dc2c9e9:0xf809dab38732ed53,"₹1,100 for two"
0x3be71c329eb18739:0x853e9a2140325672,₹500 for two
0x3be7b9485ae6e33f:0xb52189e917245739,₹350 for two
0x3be7ab9077d026d1:0xcdfbe6277997459f,₹300 for two
0x3be7bb00464b4ebb:0x38f3da0d42c70942,"₹1,500 for two"
0x3be7c960dba4904f:0x1da6aa24eeec03d9,₹600 for two
0x3be7c9b40eb396b9:0x711d28e6fab725d7,₹400 for two
0x3be7b75fd5198ae9:0x41b607b935c1287f,₹400 for two
0x3be7c804dc695b67:0x798f1b3a08ba717e,
0x3be7b7c560dd545d:0xf9f9968b2c466cf7,
0x3be7b750753e0ec1:0xf3b9341651f5e0fd,₹950 for two
0x3be7b7a99cd078cb:0xf399f663cd86fb40,"₹1,300 for two"
0x3be7b7eea52a61d7:0x453ff0e463586a45,₹450 for two
0x3be7c83fc0eb5271:0x52b711524a2da569,
0x3be7b75832924a91:0x50bbeed1c05a09d2,₹950 for two
0x3be7c95aa1ee566f:0x228a14f91e05ec3,"₹2,000 for two"
0x3be7b3216b2d63d5:0x72f26122d3753fa2,₹500 for two
0x3be7c7f3b76c15d1:0x449c74fc55e283c6,₹350 for two
0x3be7b79a2e6c5a73:0xea34fb6723b03efd,₹400 for two
0x3be7b7d60974c8b9:0x79b261eaf308d4bc,₹600 for two
0x3be7cf500c056177:0xaf44f19c5cb2793a,"₹1,200 for two"
0x3be7b79fcc81e8c5:0x17fa0f99c68af630,"₹2,400 for two"
0x3be7b6f72059f905:0xb5fd21fe0497b31d,"₹2,000 for two"
0x3be7b13affffffff:0xf22dcacfcf21cbfa,₹600 for two
0x3be7c792367a2041:0x912af218cd12e8b7,"₹1,800 for two"
0x3be7c9b1a328905f:0x9fa00b34065eece9,₹200 for two
0x3be7cf2610c6f6f7:0xe70f30796b16a0dd,₹500 for two
0x3be7d1d998b45a1f:0xe8fca4ea8a7a59ad,₹500 for two
0x3be7d1da4129b4ad:0x2bb4a7d17d62e699,"₹1,300 for two"
0x3be7ce2430477fcd:0xb24b87b963171a78,₹500 for two
0x3be7c1f8423a2161:0xff231766d9db2d71,₹800 for two
0x3be7c7d2dfddaf7b:0x97675a3d9137d846,
0x3be7c8721daf31a5:0x1b952a70b2008d5e,₹850 for two
0x3be7b6e8d69845cb:0x9837399643369e66,"₹1,900 for two"
0x3be7b7023d326f75:0xde7d90f465ba4e46,"₹2,300 for two"
0x3be7c863e8ca3d03:0x157f8c464194411f,₹700 for two
0x3be7c849d319e5a3:0x7173d7093a2c8b,₹850 for two
0x3be7c83c24b449a5:0xf45ca69687ce1783,"₹1,500 for two"
0x3be7c8255bdd36c5:0x667e3040cf3906da,"₹1,000 for two"
0x3be7c9a283677415:0x42b78a4372fe272f,"₹1,900 for two"
0x3be7c9c69d47f031:0x29f6147b117cce8d,"₹2,000 for two"
0x3be7af9757d3963d:0x8f80ca142f5ca2f4,₹400 for two
0x3be7c9b5820c5631:0x9faff910fd3a2ad5,"₹1,000 for two"
0x3be7b700087f6f55:0xd24d2611de680bc5,₹500 for two
0x3be7c9388c9441bf:0x20883071c917c21b,"₹1,200 for two"
0x3be7b6526c4a87d9:0x38249145225e262f,₹650 for two
0x3be7c602d9b1d4db:0xe7f5dbe3ec80fb45,
0x3be7af8e82b2f0b9:0xaf02e995d75a2d9d,"₹1,000 for two"
0x3be71fb4a8e6bead:0x4e0ac200fb25344e,"₹1,400 for two"
0x3be7c96e0bc5901d:0xeac40502d280d2a8,₹300 for two
0x3be7c93c3083d1f3:0xe2d55cd5de9eee5f,₹100 for two
0x3be7c85bfc54069b:0xadd0d13590dc633,"₹3,500 for two"
0x3be7b7a2a3e9c465:0x2d6bc41f0a3a94e,₹400 for two
0x3be7b85107f53897:0x32755e87119ff54c,₹200 for two
0x3be7c9f6482b779d:0x64c45839713a92f2,₹400 for two
0x3be7b7d9b64af6cd:0xb88f633afe66da8d,"₹2,000 for two"
0x3be7cf5155555555:0x391b6e3e8d8ab9b7,"₹1,200 for two"
0x3be7b9fd9369b62d:0xf1212aa5f7e1fac4,₹500 for two
0x3be7c7891e7f3ae3:0xb32e44ef9919a98f,"₹2,800 for two"
0x3be7b19f7f38231f:0x5ab73781c3786c26,₹500 for two
0x3be7b7cc5ee8edf1:0xe9f923d3e84b936e,₹950 for two
0x3be7b73c21351ded:0xd7555b1f12b5373b,"₹2,400 for two"
0x3be7c9b14b14e96b:0x2a0c3005d9937389,₹550 for two
0x3be7b952dc98a1dd:0x565ccf04e37afd67,₹500 for two
0x3be7c90febdbbb0d:0xa0d346dce9055e28,₹700 for two
0x3be7d1de2ddca537:0x196524b2dee23043,"₹1,400 for two"
0x3be7cf4cd573a6bf:0x377f0f7173d57ba6,₹450 for two
0x3be7ce0e21a46a49:0x9fe40c7b79ce912d,"₹2,000 for two"
0x3be7953ea3554867:0xebbcabdda3b65002,₹300 for two
0x3be7c1335917e513:0x92d703f8a1f18df9,₹400 for two
0x3be7c9f7cb5006db:0x17b1cc7317842ad4,"₹2,700 for two"
0x3be7b1c6efc26cab:0x2e76b95f5434b05,"₹1,500 for two"
0x3be7bd296d8641f9:0xe82731ff7f2babbe,₹900 for two
0x3be7c1440fc78c07:0xc48be157fa75d948,₹600 for two
0x3be7c3b3860ffe95:0xc42a5c7425115866,"₹3,000 for two"
0x3be7b91ec32af7b5:0xa5e689dcf921e957,"₹1,200 for two"
0x3be7cf5650e2d933:0xbd9e1443c3f1f0b3,₹700 for two
0x3be7c9001860a48b:0x90d6fe3f524cfb2a,"₹4,000 for two"
0x3be7b7604df9db1d:0x34c1b76409394126,₹400 for two
0x3be7c7cf52050fa3:0x4be1ba24778c8490,"₹1,000 for two"
0x3be7c9b5d5f19b5d:0x180129f12273810a,₹300 for two
0x3be7b7d5f4b29dfd:0x9bfd8f3152673111,₹950 for two
0x3be7c8421b26b4ef:0x6818d675d5cc541e,"₹1,800 for two"
0x3be7b7b60e22d7a7:0x7da1e3752db548fa,"₹2,000 for two"
0x3be7e9109396612b:0x966cae4107dc60a0,₹900 for two
0x3be7c8abcef7c45b:0x5467acf3faf44aea,₹300 for two
0x3be7c9a6fd005a73:0x1f422c75c6212f4c,₹500 for two
0x3be7b7a8545ce553:0xdab2a72a6041be58,
0x3be7b64a0e6250e5:0x3b71494ad0000000,₹700 for two
0x3be7b714c2eac775:0x5b14b747664831fa,"₹1,500 for two"
0x3be7c75edc293857:0xd505717afda3ff16,"₹2,400 for two"
0x3be7c9e92075a359:0x438fff3629fa97dc,"₹1,000 for two"
0x3be7b700285213c3:0xe00351bca7b0d8b4,₹500 for two
0x3be7b71dbcc678b1:0xe8f1b62625300b73,"₹1,000 for two"
0x3be7c9575e031b9b:0x6a50e8493695fb4d,"₹1,100 for two"
0x3be7cfb304908a53:0xf990d57a2aa50fab,
0x3be7ce0fe943a4c1:0x321056886668eb88,₹200 for two
0x3be7ce6743f65149:0xfa45d5f62fa794d4,₹300 for two
0x3be7ce71d23b1fd1:0xc186c36c9096777c,"₹1,300 for two"
0x3be7cfab349c937b:0xf0d06e7065689190,"₹2,000 for two"
0x3be7bbd1d9edbb21:0xaa636d1359614032,₹600 for two
0x3be7b15a18b1d527:0x3720ab093e4900aa,₹300 for two
0x3be7bd9f18433ae9:0xdc6be918bd5e02e2,"₹1,600 for two"
0x3be7a7f48e2b3af7:0x9f8c7d84771bcfc6,"₹1,200 for two"
0x3be7a9e4ca3b482f:0x710366b483960d6f,₹700 for two
0x3be7af8b2b74d0a3:0xafaf052d0410e7c,
0x3be7a980bcff881d:0xa035841ffca04156,
0x3be7c9f696017c79:0x1a863f05cc39f0cd,"₹3,500 for two"
0x3be7b8ee407144d1:0xec89af3398b93d79,"₹1,000 for two"
0x3be7b935396b751b:0x243f8cdab1160e82,
0x3be7b1580fc7ec09:0x35aa1fa5649bec2d,"₹1,300 for two"
0x3be7b640bf515f05:0xc9cd8fd5c80e87bd,"₹1,900 for two"
0x3be7c91ea6f750ad:0xb0d0ba99b3713957,₹350 for two
0x3be7c70ffa89c953:0x79432585ce6dddb,"₹2,800 for two"
0x3be7c9ac84a13613:0xb9d9bb803f5c6361,"₹1,000 for two"
0x3be7b7000d8cbf09:0x5a1d8161b1e296ba,₹350 for two
0x3be7b90176966a11:0xa9f0c73bb1420731,₹950 for two
0x3be7c37bfdcfd26b:0xc5959be228b2d4c5,"₹1,000 for two"
0x3be7c39f3ef50ab7:0x148c110e38295acc,"₹1,000 for two"
0x3be7c9ab494d99f9:0xe187202a2d951274,₹950 for two
0x3be7c7b4cc3e08cf:0x62351f069e047d63,"₹1,100 for two"
0x3be7b711fb390ad9:0x67db4d8e5254d2da,₹550 for two
0x3be7b7eb6df21871:0xa97a3f3d53d5d639,"₹1,700 for two"
0x3be7b7bbfdb7f0fb:0x64d578c241c8bed1,
0x3be7d1c34895ab79:0x22b1c0dca90c51e3,"₹1,400 for two"
0x3be7d1e80b64f02b:0xc8b364d48fa33c02,"₹1,300 for two"
0x3be7ce56f060b07f:0x8bb48a295b84970c,₹450 for two
0x3be7cf7e20925405:0x1a0b7aa6e1931a8,₹200 for two
0x3be7cf00586c465f:0xda1eab087592f71e,"₹2,500 for two"
0x3be7c89618f63701:0xca325760901d7afd,₹850 for two
0x3be7b7f3596131b3:0x1d6c28406a8b98d6,
0x3be7c98c318cd76f:0x1c4690d8136ebe55,₹500 for two
0x3be7c9211da093c7:0xf064300dddef55e1,"₹1,600 for two"
0x3be7c88c50b2814d:0xa700fde0f697cce2,₹350 for two
0x3be7b10040a9bd53:0x8ec5f2e0dcc750b0,₹200 for two
0x3be7b1cc8c33c68b:0xb01867fdad4b648b,₹400 for two
0x3be7c372d1c1a8e9:0x6829d7174cb574a6,₹300 for two
0x3be7b04dce611a23:0x8f6fcb407e600cf8,₹450 for two
0x3be7c3b3866d948d:0x4a90c1ef12194fd5,"₹2,500 for two"
0x3be7c30054eebc13:0x603a0868dcfa5ead,₹350 for two
0x3be7afbab3cf1e61:0xb0008ea09385e1e0,
0x3be7aec0fadbda89:0xf5ee528d749aab1c,₹600 for two
0x3be7c94ddba46113:0x3247f378a1ab746b,"₹2,500 for two"
0x3be7c7be70367c07:0x2cf26d9f9ae94f15,₹450 for two
0x3be7c9005a26e9ef:0xb2be795c4fefe11e,₹650 for two
0x3be7b63f12999d2d:0xe0c605c9a4d44d1e,"₹1,900 for two"
0x3be7b1db319ea85b:0x396590d3b94f8b53,₹500 for two
0x3be7c9b2b42b52cf:0xc560894d080a27c2,"₹1,800 for two"
0x3be7b63c7fa99221:0xc1b974141362d497,"₹1,600 for two"
0x3be7c816df3e0b81:0x4db23375a0e8ba15,₹900 for two
0x3be7c9c8f4b87781:0x5d67c893a74b8a75,"₹1,800 for two"
0x3be7c9a2fdf79831:0xefba42f006f92426,"₹1,200 for two"
0x3be7b6f1a70618fd:0x43a06f9c026f2636,"₹3,000 for two"
0x3be7b9af99fc62e1:0xffd75e25e1a0c6e2,
0x3be7c9bf76722f5f:0xf61b48031a281486,"₹3,200 for two"
0x3be7b85655555555:0x7b7ad280c064bed3,"₹1,400 for two"
0x3be7c7947088942d:0x20c4de3233b8b051,
0x3be7c830efe67973:0x580ec1f4abf43154,₹550 for two
0x3be7c8ecaa0cba43:0x36ae8b888e22f0a1,₹300 for two
0x3be7b7bb85acc585:0xe71213de92da3416,₹500 for two
0x3be7c9d409b5be67:0x1fb24489807bacbf,"₹2,800 for two"
0x3be7b7003e934a35:0x1f75df78e6909e21,
0x3be7b7eff3dd1a43:0x62477facc0542c87,"₹3,500 for two"
0x3be7b7c3b66abed1:0x710f9e084680a8e4,"₹1,000 for two"
0x3be7b729e6a56f4f:0x8b81c35f45de1c01,₹850 for two
0x3be7b61fa6217095:0x52e966c356118306,₹800 for two
0x3be7e835137064df:0xa5774f9131b955dc,"₹1,000 for two"
0x3be870765021002b:0x79b8b2db8d3fcae5,"₹1,500 for two"
0x3be7e98a2ada66f5:0x6ecf80dd91ee77f6,"₹1,600 for two"
0x3be7c33a94588df1:0xe4dd819fe347dc84,₹400 for two
0x3be7cfc6083823a5:0xb793f3351a4a5044,₹250 for two
0x3be7cf4b702bc131:0xb2d737740ce1b888,
0x3be795d1ea6688a9:0x4b60ace4422d84dc,₹650 for two
0x3be7b9724bfe6a7d:0xb6574b352068ad59,₹850 for two
0x3be7b9ef7f4c5497:0x6d1c2c6cb9e038b0,"₹1,000 for two"
0x3be7bbcf848c77a5:0x4c1790f834e2256c,₹500 for two
0x3be7ed2d6d781de7:0x3539781e1b37957d,₹350 for two
0x3be7ed368ddca475:0x875b438e336fb35c,₹700 for two
0x3be7bf006905aeb1:0x55710357e4eca1e5,
0x3be795c617d4af5b:0x690ade34f99a95,₹400 for two
0x3be7ce3e5e9085d7:0xc5e6f7c71df25c97,₹300 for two
0x3be7ce0d165595d9:0xf5e3e581369494be,"₹2,800 for two"
0x3be7ce214bc48589:0xc61d4174580ce1c7,₹350 for two
0x3be7cff2042e5083:0x2363d345d43707fa,₹500 for two
0x3be7c97a1a8a75d7:0xeaf1fe2b543c4a4a,"₹2,500 for two"
0x3be7b7e18ed9b1c5:0xb8145d49e698751e,"₹2,400 for two"
0x3be7b8f0cc7ee115:0x6231b3f54727e09c,₹300 for two
0x3be7c919239d07f9:0xa41aaa3e1fc3be48,₹500 for two
0x3be7c9d162e1ed85:0x8573c304fa91b87e,₹700 for two
0x3be7c9e9e42942ed:0x226778c40871176a,"₹1,700 for two"
0x3be79721db0c9f9b:0xfa671d11ec120548,₹500 for two
0x3be7b1c7c5cf676b:0x433a25f96f4b8295,₹350 for two
0x3be7b7b9bae1f9b5:0x4d7028198b8890f2,₹800 for two
0x3be7b7807359492d:0xe9169cac71ed3db0,₹400 for two
0x3be7c9e98449167d:0x21dcf549a43d5604,"₹2,000 for two"
0x3be7c9a9c5d6b84d:0x50211bba103c4c00,
0x3be7c8ed8a3cdc59:0xff89dd84f5797a93,"₹2,500 for two"
0x3be7c8abc115a509:0xdb158b43394006bd,"₹1,100 for two"
0x3be7b6f120bd65ef:0x1f1f1cae37ff91c8,₹450 for two
0x3be7c9fce134e3e5:0x82c75ef754a4c7a0,
0x3be7b73676f0a9e5:0x747d462429eef295,"₹1,300 for two"
0x3be7c620a0d29437:0x4a02392635008546,₹850 for two
0x3be7b7ed0ec649e5:0x755db5916d8c4f8b,₹700 for two
0x3be7c8f130000001:0x545d206dec1965c8,₹200 for two
0x3be7c9ce8ea7efbf:0xb2dc17badfe589fc,"₹1,900 for two"
0x3be7c61d35d5d0bf:0x603bb6dfead8de02,"₹1,000 for two"
0x3be7c916712e22d1:0x4d1f6c997460c88c,"₹1,800 for two"
0x3be7b7a9ecc62cf3:0x5b3a5fe482302097,₹300 for two
0x3be7c9af3ce9a44b:0xa85878f0f375780,"₹1,800 for two"
0x3be7b7313ad6e75f:0xd6e59785ffb75257,₹600 for two
0x3be7b78d5aff42f9:0x77d449bcf17462fd,"₹2,000 for two"
0x3be7b60fa977dd83:0x504f973f3b5d9668,"₹1,400 for two"
0x3be7c9a73072c263:0xac5e24fe2dc9e741,"₹1,100 for two"
0x3be7b73c1a235711:0x8cb5d30c7e14609,"₹3,000 for two"
0x3be7b7e1322b1c8f:0xb452b1fea891b817,"₹2,600 for two"
0x3be7c931e2ea19d3:0x2e3ad8a770e4d836,"₹1,000 for two"
0x3be7c9018047693d:0xeb39b487ac58d685,
0x3be7e1d88c08563b:0xe460850cddd48a1a,₹350 for two
0x3be7e9618a92e4bf:0xe21bb843e5dc3d0b,
0x3be7e9d2085e80e3:0x4644455f77367f57,"₹1,100 for two"
0x3be7e9ba1939175d:0xeb0dd51f81a6e1b9,"₹1,800 for two"
0x3be7c3bdf1c29a71:0xf42d3bf1245e9ede,"₹1,600 for two"
0x3be7c11ba7cf0095:0x2d9ddec03dbb78de,₹500 for two
0x3be87b390dba7653:0x8d2445cc5de470cc,"₹1,100 for two"
0x3be7ce595d1a4e47:0x8777d23ca2d14f64,"₹1,200 for two"
0x3be7b9e7936c4ec5:0xa33e62a11d1664a9,₹450 for two
0x3be7c3c19bd40e17:0xce70bd12df293151,₹450 for two
0x3be7b9a0dc34965b:0x4b1980da70925cc2,"₹1,200 for two"
0x3be7b914a49a0317:0x4b992f6f6c7ab95e,₹500 for two
0x3be7bf007f8d792b:0x4ee9b0398f1d0d27,"₹1,700 for two"
0x3be7c3cbf07cc04b:0x397cbe8461848375,₹500 for two
0x3be7c145bd062601:0xce3672d5a3e2665d,"₹2,800 for two"
0x3be7c3beb0099967:0xfc9677dbd6ef83e3,₹600 for two
0x3be7b114b998c00d:0xc43e5aa07f9d0ce6,"₹1,000 for two"
0x3be79364c4bc65e9:0xaf20ec4fa1187fdd,₹350 for two
0x3be7bf17cf08ad3b:0x13f8e35e2b2a0d36,"₹1,000 for two"
0x3be7c3173664abab:0xa194e0bb48549d0c,
0x3be7b1594de99551:0xfa2b7f5ec2f52abf,₹500 for two
0x3be7c3388aa38b6b:0x47a1cfd530bc62df,₹700 for two
0x3be7b72ff1886e35:0xf3e16c91e46581ab,"₹1,100 for two"
0x3be7c9d8daaaaaab:0xce473e71b011d694,₹300 for two
0x3be7b71856aa36ef:0x22b77fcf5f68b658,"₹2,100 for two"
0x3be7b9764ccd6bd5:0xfaab1634c31996c,"₹1,000 for two"
0x3be7b7f599d6742f:0x881d0f67d83010d8,₹850 for two
0x3be7b74ded608ff5:0x430b9d65f126fc19,"₹1,300 for two"
0x3be7b140fb56d5f7:0xd28a8b6a838c8e61,₹450 for two
0x3be7c74c28d17af5:0x466b256c1addd746,"₹2,900 for two"
0x3be7c3afaf0b2ccf:0xa3bb23df83757d6a,₹600 for two
0x3be7c144497c0001:0x321e7981d902856e,"₹1,300 for two"
0x3be7b92fd54e23cd:0x5ff0379b338db057,₹400 for two
0x3be7b96a1ff97daf:0xe85f63e9c9a52887,₹150 for two
0x3be7b90c3f8baa0d:0x61f9c6fb1b449d5a,"₹2,400 for two"
0x3be7b046c96ee529:0xb66ba926f851a439,"₹1,200 for two"
0x3be79580c784b1e9:0x6b283db9a781d444,"₹1,700 for two"
0x3be7bb3d14c3d26d:0x61bb21ac78f981fb,₹400 for two
0x3be7b042dd5da90b:0x500c459884953386,₹600 for two
0x3be7bc24bfffff9b:0x7919d612623790d4,₹400 for two
0x3be7b045b503ff63:0x69e4e028b0000000,₹800 for two
0x3be795000cc20cb9:0x360c77ee33c5f3fb,₹400 for two
0x3be7bb042126393b:0xa9556b96071a880b,₹700 for two
0x3be7c173c016e81b:0x71ca15eefa089cb1,"₹1,200 for two"
0x3be7c3804b6fbd6d:0x81cabe3f7442cfdc,₹900 for two
0x3be7e9c8a7aa0df5:0xc5169958ae9007fb,"₹1,000 for two"
0x3be7c60666aa0125:0x5fe58861f47d23c9,"₹2,800 for two"
0x3be7c971cdf0abe5:0xab1694747c6628a3,"₹1,600 for two"
0x3be7c99320e714c9:0xaeead52c950a90a,₹200 for two
0x3be7b87bae53065f:0xe1050e3beb02333d,
0x3be7c9d9d759a57f:0x570ef45cac4a5ba2,"₹2,000 for two"
0x3be7b7633285dc37:0xfc524641d1f2a19d,"₹1,900 for two"
0x3be7c9c304783a55:0xb12f52b2c8daf8b6,
0x3be7c83c25dd979b:0xe35464fcf58f6cf6,₹700 for two
0x3be7c9699c674011:0x345d5e99db0a3f2a,"₹2,000 for two"
0x3be7b6f11f1fd7e1:0xf655123da322651,"₹1,100 for two"
0x3be7b7640c3d40f7:0xcbfd72216995ebff,"₹1,800 for two"
0x3be7d1bf74c9704d:0xd512dc550a4aba0a,"₹2,500 for two"
0x3be7d1c0c51d3d5d:0x8056578ab9a503e2,"₹1,300 for two"
0x3be7d1c4c24ac8c3:0x11b977e760c16a4d,"₹1,400 for two"
0x3be7cfeb7dcd8909:0x8dbfd5b2d376138a,₹600 for two
0x3be7cf006a33331d:0x20662a75d8e9a8bf,"₹1,200 for two"
0x3be79592210269db:0xfaa41ea5e7a9c11,₹300 for two
0x3be7c300682612fd:0xf557cf2227969602,₹400 for two
0x3be7b08a6495baed:0x2c461ae7a48972c1,₹850 for two
0x3be7bfcbbce1519d:0xdec2fd25f32d3211,"₹1,000 for two"
0x3be7b1c252606e6d:0x2a910f5737eea4e7,₹250 for two
0x3be7c1cf9a04d89f:0xccb910f42b853b69,₹550 for two
0x3be7946cee7e9a8d:0xba77c7ac7cb70f88,"₹1,600 for two"
0x3be7b8ac8a668285:0x33751a65feec23d9,₹500 for two
0x3be7bfb9e9dc2fe3:0xaa0b4951392e622e,₹850 for two
0x3be7a95586734627:0x48eca5ddf2ab67de,₹350 for two
0x3be7b9697e8f3c55:0x29cfeb2ec7c59944,₹500 for two
0x3be7c73a866ecb37:0x566d78c582f44106,₹400 for two
0x3be7c995858df227:0xe1e44fba26724e7,"₹3,000 for two"
0x3be7b70f66615b0f:0xa73a27cb0083d92f,₹500 for two
0x3be7b6237af8a8c3:0xb90419d4ebf72d56,"₹3,000 for two"
0x3be7c9bdc1e4737f:0xcb8f2550ac24cca0,₹200 for two
0x3be7c827381225df:0x4aaa3fdb9e634324,₹850 for two
0x3be7c8d0b3152895:0x5bd39cbf7c7e87d3,₹250 for two
0x3be7cf013017d0ef:0x6d7735e7a8f75594,"₹1,200 for two"
0x3be7ce6d55f8b475:0x10fe8224fdbb7918,₹400 for two
0x3be7d1c13c0ef937:0x30cfede9559a0db7,"₹2,000 for two"
0x3be7ce8d75260871:0xb58d525e06438f88,₹200 for two
0x3be7cf04a438511f:0x8669418c69b2593f,₹300 for two
0x3be7d1e6fe5d672d:0xa2afe2ae1e76ac35,"₹2,600 for two"
0x3be7cedad4d99f53:0xc7c9c899ccaee1bc,₹200 for two
0x3be7d1c39064d5c9:0xba0ae792ad2f9067,₹850 for two
0x3be7c70006022b05:0xced81791650098cc,₹300 for two
0x3be7b766a56ca8bf:0xe25efec0392a06d7,"₹1,800 for two"
0x3be7c7a93e93d017:0x42c4c4d688c36dbe,₹500 for two
0x3be7c86ded542b17:0xa8f85d53671c7654,"₹1,700 for two"
0x3be7c9bafa8f1a5b:0x3460b90ce8567048,"₹1,600 for two"
0x3be7c914959faa07:0xfc8692373c801a9b,"₹3,500 for two"
0x3be7b11d8d196d03:0x6301de6d77dde3ee,₹900 for two
0x3be7b7df7e8a2bdd:0x86f712c9a6fa4a5c,"₹1,500 for two"
0x3be7b63caef37f2d:0xb8291baadd055b71,"₹2,800 for two"
0x3be7b74ba55d9a4b:0xb601ad2fd1e3a382,₹300 for two
0x3be7b6d4d2a7c95d:0xd097068733bf555e,₹950 for two
0x3be7b9011ca43f05:0xde526f84246f654d,₹400 for two
0x3be7c1c7914f4915:0x9f5148010af6b13b,"₹1,700 for two"
0x3be7931461b85099:0x6213580aed5feadb,₹600 for two
0x3be7bf025681cbd7:0x206a48306234d5ae,"₹1,000 for two"
0x3be7958a9e1c5101:0x7b922f0d483c16e8,₹350 for two
0x3be7b1944fe1d0bb:0xb8fb5f115470c2d,₹700 for two
0x3be7c0facd914a03:0xadb9f59bc03b7d9e,₹300 for two
0x3be7bbca3ad35885:0xa56016b309645e16,₹500 for two
0x3be7c304fffb8fbf:0xa23ab64d4474dc2e,"₹1,400 for two"
0x3be7e9b290fb11a7:0xc63c83598d29db35,₹500 for two
0x3be7c352843d146f:0x87bb4bc7c3d1dc25,"₹1,200 for two"
0x3be7e95e985cc519:0x170fb370542cbaec,
0x3be7af256a82633f:0xe03d3136d96e4007,"₹1,500 for two"
0x3be7ab85fa8ffff1:0xe9cfdb6c812df0d,
0x3be7c61a3363817d:0x47f0d02a2cdba02e,"₹1,200 for two"
0x3be7b8fbc310fbff:0xb779ada218bc88cc,"₹1,700 for two"
0x3be7c936896f55bd:0xf340c3b4e1d806f1,"₹5,000 for two"
0x3be7b8b4e8e89e29:0x2e64ce29b2fa3e74,₹500 for two
0x3be795acb8c4fb7d:0x5b8214059d93973b,₹700 for two
0x3be7b9397ae48f65:0x779f847d7cfef9d5,₹250 for two
0x3be7c2532fffffff:0xb20591b7effeab27,"₹1,400 for two"
0x3be7c14e64c4d731:0x8cc91650541ee54,
0x3be7ce22107044f9:0xa9aff9e186a3530a,₹300 for two
0x3be703a726e4f19f:0xb759e3759ed4fe55,
0x3be7ae76ea47b04d:0x1e77f0cfe92ff923,₹550 for two
0x3be7d113c4fbac23:0x213026c1252e5bff,₹900 for two
0x3be7cef38d80694d:0x6e701b3f3f2d9777,₹950 for two
0x3be7cedb5fcebfdd:0x33b836b26dca8542,₹500 for two
0x3be7cfd22e8a3703:0x86582cb1c509c0c9,₹200 for two
0x3be795a6b11a154f:0xcb6221ba56d6878c,₹350 for two
0x3be7bb87ee57cef3:0x6d897e4364f5c1e6,"₹1,600 for two"
0x3be7b9710cd0fb9d:0xfbcf34e167ad1fe2,₹700 for two
0x3be7bdfc0fe9d4f7:0xbb8a8bea6c557c24,₹350 for two
0x3be7b9877db7687d:0xcbea27fdb4cf7f78,"₹1,000 for two"
0x3be7b918ea4f10a5:0x65076edcc42abca3,"₹1,100 for two"
0x3be7b9201352950d:0x2b8a035bebb4c6ac,₹500 for two
0x3be7b9043fc564cf:0xad4363d95406797a,"₹2,500 for two"
0x3be7b9d78ce8fd01:0x7c27a7156a6a6d99,₹850 for two
0x3be7cf6d431be0a3:0x7bc234f8843211f3,₹800 for two
0x3be7d1b4a9fe51a5:0x8c32e2a00a03d8c9,"₹1,500 for two"
0x3be7ce8cbe4796a1:0xc4d710621fa20890,₹500 for two
0x3be7c30000441ed7:0x721812bb9c16a23e,₹400 for two
0x3be7959116427fcb:0xfbfceeb2a31ca06b,₹450 for two
0x3be7c1a5d9bf8023:0x280ce6d8303ba289,₹600 for two
0x3be7c18abaaf90b9:0xfd5a4ac012c3c826,
0x3be7b93de9a1e8ff:0xbb5ed7672ee2d764,"₹1,700 for two"
0x3be7b92745452501:0x4818436c9a722179,"₹1,300 for two"
0x3be71f94d8ec9283:0xb901681a3bcb7af7,₹300 for two
0x3be7b704e01a639d:0xe591f500e2cfe206,
0x3be7b72986acc051:0x4588fac006f0a606,₹700 for two
0x3be7c94f74923b51:0xdc4f4bf22899fd10,"₹3,500 for two"
0x3be7c7e483ff7bc5:0x4aedaa4c28e9096e,₹250 for two
0x3be7c92481893671:0x5b4987f73e04b92c,₹900 for two
0x3be7c982a79f1d7f:0x727177576000b475,"₹3,000 for two"
0x3be7c970697a65ff:0x290a6152bff55082,"₹2,000 for two"
0x3be7c93e8c060e87:0x1866bdbf5346ea26,"₹2,500 for two"
0x3be7b705608483c3:0x9cd9eb72517e1859,₹100 for two
0x3be7c93183138d3f:0x8e132f773c4ca9a8,₹700 for two
0x3be7c99538d2ca05:0x5f6f1c64ce46a429,"₹2,000 for two"
0x3be7b737c3afc1eb:0xb676cab7486f7c27,₹600 for two
0x3be7d1dc82a46b6b:0x55d37e5d4a870acb,₹650 for two
0x3be7cff6a11c6a5f:0xccb26946c93baa82,"₹1,000 for two"
0x3be7d19afbc8c517:0x3e7af1dbb5cacd14,
0x3be7d1e78b7c63ff:0xbb87eca4e76efecd,₹400 for two
0x3be7ce85eb5c0f4f:0xe9c15202cbd536ee,"₹1,200 for two"
0x3be7d1e6dc9c30c1:0xdef438b8906b9022,"₹5,000 for two"
0x3be7ced3f9cfa341:0xe1d4f594937ee263,₹500 for two
0x3be7cf1fede8e3d3:0x5ac217d169e043a5,₹350 for two
0x3be7d1e80cef4e69:0x717ee0488ad6de5d,"₹1,200 for two"
0x3be7cf04b101a06b:0x253262b51aabe729,₹500 for two
0x3be7d1e7a36570f3:0x17fdc49676d89800,"₹3,000 for two"
0x3be7c8d3690e6127:0xdae277b0048abce2,₹850 for two
0x3be7cfe5fc5859fd:0xa84c964bb6d675ee,₹950 for two
0x3be7cee53bdf59b9:0x492f39074ee78879,₹800 for two
0x3be7c39eb0f76e4f:0x9a4840e624ace26d,"₹1,100 for two"
0x3be797d0a5664b2f:0x66e2e4d0169cf9be,"₹1,500 for two"
0x3be7b966fe624699:0xe47c25ed8ec3753,₹500 for two
0x3be7b9f5d7c269d1:0x2edef507f1798ed7,"₹2,400 for two"
0x3be7b93e3f4659e5:0x5430b35ee864bc73,"₹1,500 for two"
0x3be7bbfb81bd67ef:0x775f0c05020dbcb0,"₹1,700 for two"
0x3be7ab3ebd208fa3:0x85e1d9ebe9787c98,₹550 for two
0x3be71cc297535fb5:0xd94ee337fd90f816,
0x3be7afc7b6973a7d:0xb4de380592729016,
0x3be7c95022672f03:0xa6ac6c0757efe70f,"₹2,000 for two"
0x3be7c9cd2bdc511f:0xa6f7971f0aa1ced3,₹400 for two
0x3be7b96d7aad26d7:0xa67a2cb4312a74eb,"₹1,100 for two"
0x3be7c925cb4bdfe5:0x7e31830c7d93dc65,"₹2,500 for two"
0x3be7c97f3c0ec40d:0xaa517ab4b2c8017e,"₹3,900 for two"
0x3be7b7f2309ad685:0xc1de35de8a14751d,₹800 for two
0x3be7b6229776d285:0x228c1af336ec1309,₹600 for two
0x3be7c9a7ceef56f1:0x82a734fd0c9f23e7,"₹1,200 for two"
0x3be7bbb2d710a713:0x957472b13b4134df,₹400 for two
0x3be7950072a10c6b:0x5f6f6e696ca730dd,
0x3be7c3ba8b0c04dd:0xaed2981a52cebe4e,
0x3be7c3004ba34011:0xa21c5fd4248390ee,"₹1,000 for two"
0x3be7b9347377f5d3:0x588e04a05fb6e6a5,"₹1,400 for two"
0x3be795b56adf11a5:0x9d5223f637d6830a,₹500 for two
0x3be7bed2ba155545:0x23d8ecbd59af069,
0x3be7c300041c8b7d:0xe3edcf331445d32c,₹350 for two
0x3be7c23e49d44387:0xa163f72fe6403898,"₹1,900 for two"
0x3be7c716973da153:0x115991f8e02663ee,"₹1,000 for two"
0x3be7e97a7b21d465:0xf2cd0582335a8d33,₹150 for two
0x3be8794cca1df439:0x54a2867437432468,"₹1,600 for two"
0x3be7c86d278b8b59:0xe5bd5e522357be1,"₹1,700 for two"
0x3be7c86ccb0ab035:0xf7249e26035ceff7,
0x3be7c7c2cb87526d:0x904bfbdb8d54114e,"₹1,400 for two"
0x3be7c988b2146121:0xd8b56f7d91a41b66,₹200 for two
0x3be7c92d07d0186d:0x72dfb50f38e61443,"₹3,000 for two"
0x3be7c93fb762ad13:0x2bf80000926b0d48,₹500 for two
0x3be7c9e80c5b51a5:0xcfab16ca1e300280,"₹2,300 for two"
0x3be7b7b9ea2cb149:0x80e30e4c76d68f3d,₹400 for two
0x3be7c871fe40858f:0x5d070e4763d658e8,"₹3,000 for two"
0x3be7c92d50febf63:0x76ff5c1f42293ee2,"₹1,500 for two"
0x3be7b15d6f7eb3df:0x6da27f4c1ad3dfd0,₹300 for two
0x3be71d7607011a5d:0x2d267ea05a791e87,₹950 for two
0x3be7c7e92e33e44d:0x7f849843a23a28a,₹550 for two
0x3be7b991a70186ad:0x2a3e8429b7293787,"₹1,000 for two"
0x3be7b9c2eb1807a9:0x7a5776d2d3785b4e,₹700 for two
0x3be7cf4dd79976a3:0x8ae15efc7345357e,"₹2,000 for two"
0x3be7c9fc250fbc9d:0xd80e5057eaebc3d1,₹800 for two
0x3be7cf29280df03f:0x25acd91b86647569,₹300 for two
0x3be7d17a1beaf0c1:0x7b1aa3fc6adac6ef,₹600 for two
0x3be7ce1fe6602ba9:0x8c91e8d83d033661,"₹1,900 for two"
0x3be7cfe5a1f9c719:0x19ce06cc1c756105,₹400 for two
0x3be7cf91b5934b89:0x5d58c103286cfb7a,₹300 for two
0x3be7ce106e9712ff:0xfda426124c8493b2,₹900 for two
0x3be7d1c39aa094f1:0xe336a061ad1bf568,₹300 for two
0x3be7d1927ad8cde1:0x84a45845af7e52fe,"₹2,000 for two"
0x3be7d196ac103337:0x498310a9712ebe93,₹500 for two
0x3be7ba9b5749b74d:0xce347ddbed2c653a,₹800 for two
0x3be795eedc950d31:0x7e4a54e18d9050e7,
0x3be7959d25735eb7:0x9654bf009052bed1,₹250 for two
0x3be7950d080a5edb:0x4ce6af7475f3e065,"₹1,400 for two"
0x3be7b77277271c55:0x9b7a84f96dd75bd2,₹550 for two
0x3be7b134c3933253:0xcde44e58860d816,₹500 for two
0x3be7b1005abe4893:0x64397eba6eeb2427,"₹1,200 for two"
0x3be7c9963c792827:0xa87e2bfac88bf320,"₹2,500 for two"
0x3be7c9000a3b175d:0x2f289a5ec6292a35,"₹1,400 for two"
0x3be7c9e3c36e6fb3:0x176f85528271148,
0x3be7c88dc72090e1:0x26d4b7ad07da718a,₹900 for two
0x3be7c9eaf59ba979:0xbf760284ebfca9da,₹700 for two
0x3be7c90ca76b906d:0x608abcccd1ea2511,"₹2,000 for two"
0x3be7c91249bec711:0xc4beebc01cf22c43,"₹1,400 for two"
0x3be7bf4bf0e40033:0x216fcc8d5d46dabd,"₹1,000 for two"
0x3be7b9d440291ba9:0xca8902d12f55df75,₹400 for two
0x3be7b92fe201d9b3:0x39d276bdabd4f505,₹800 for two
0x3be7b19f2e170b65:0xc540216716769203,
0x3be7b9024ce1e6bb:0x8343d55821c1b5c3,₹300 for two
0x3be7b11e11a860b9:0xc2fb725f9c2eb5cd,₹950 for two
0x3be7c132ddfb69a1:0xe311eac3f33e4be3,₹600 for two
0x3be7c3acf2802b21:0x669c7d1627c86d0f,₹300 for two
0x3be71da6abb3b1c9:0xb9a32d4f572b97a,₹250 for two
0x3be7c9c2ae72dc9d:0x5b4b775a92f59296,"₹2,000 for two"
0x3be7c921a05983bf:0x3aed409024121865,"₹2,300 for two"
0x3be7c707dcf3ea77:0x6069387389169eea,"₹4,500 for two"
0x3be7c9007be01b71:0x96ec63c31afe649c,"₹1,100 for two"
0x3be7b9a40db9a553:0x22803b52da7e66fa,₹500 for two
0x3be7b9a048e64be9:0xe93ca914f4103a59,"₹2,100 for two"
0x3be7c765ab636917:0x9e6907da95542276,"₹2,500 for two"
0x3be7b94c5d674a8f:0x930f3e1f86f55ec8,₹350 for two
0x3be7c38963c92965:0x65b028df65f6d430,₹500 for two
0x3be87b65b6c78c39:0xc4426c4883967892,"₹1,400 for two"
0x3be7d77eadcb63c9:0xb6465ebabeccb6d9,"₹1,400 for two"
0x3be7cf83ecd00b27:0xaac4c5077d4ab420,₹300 for two
0x3be7ce7a72faaaab:0x6831e3e60ffc8ea8,"₹1,100 for two"
0x3be7afa6943d0243:0x45fd40f76d5ebc8f,₹150 for two
0x3be7af02ef69b0e9:0x701cf2fd4630a92c,₹300 for two
0x3be7cf1e5b4b7ed1:0x4465e75ef5619f70,₹850 for two
0x3be7cecd6ca83131:0xfb25f4f5df9d929d,"₹2,700 for two"
0x3be7cfc0fb57bf6f:0x8a80fc165b21824d,₹800 for two
0x3be7cf1121dfae31:0xcd8c14627aad873c,"₹2,400 for two"
0x3be7cf42f0cfb71f:0x3679570fc22622b9,"₹2,800 for two"
0x3be7c90dfed30e11:0xb90b441d29fb3500,₹600 for two
0x3be7b7783b33bcef:0x78601c998d77d384,"₹2,500 for two"
0x3be7b76d0943b6d7:0xfb5ce8200d335fe7,"₹1,200 for two"
0x3be7c9f7ab1d5cb3:0xa8e0a41f7e36892d,
0x3be7b85c433915b1:0x2469070a20f22cc6,"₹1,000 for two"
0x3be7c81127040d7f:0x168bbbe5837d111,₹500 for two
0x3be7c61e4cf6ac01:0xe6cd5b06827fa22,₹700 for two
0x3be7b62e1e9cc79d:0x1dfe5e80ca1e5b1f,₹900 for two
0x3be7c9ce04bbf775:0xbf5e78220ae72cd4,
0x3be7c913a043cfe1:0x8df5ba29e8ec0b83,"₹1,700 for two"
0x3be7e9f8d0be79dd:0x2130034f0d814c3b,₹500 for two
0x3be7c3629fa88b35:0xb6025e5bce75b8f0,₹700 for two
0x3be7957c068c85b1:0xccfb1de5e6cad25a,₹350 for two
0x3be7c115a2e2eb3d:0xc6155a8027d88062,"₹1,800 for two"
0x3be7b9a9e218365d:0x1f15b64ce90b0251,₹950 for two
0x3be7b17f8dc23297:0xb69327f214950a9e,₹150 for two
0x3be7d7f9d5053af7:0x685650e744cfb44,"₹1,500 for two"
0x3be87b4399083d79:0x55fada96e3d0b229,₹700 for two
0x3be7e916ac007101:0xf495c2727701266e,₹400 for two
0x3be87b8f1c8d26eb:0xf2d3cf49c264f518,"₹1,000 for two"
0x3be7afa562333ea7:0xce9283807aea8ddc,"₹1,600 for two"
0x3be7c93be8fd8745:0xaf0872452a0853d2,"₹3,000 for two"
0x3be7b8768350d6c7:0x1c163803ad8e5b60,₹700 for two
0x3be7b97e6f6bcea7:0x183ac05a58d7cf02,₹200 for two
0x3be7b71d251920a3:0xd19dd9cadb4089ca,"₹2,500 for two"
0x3be7c9db5f2d3c07:0xff346f21b983ec18,₹850 for two
0x3be7b621132f5e5d:0x88e4fb7b38b752fd,"₹2,000 for two"
0x3be7c9f8dacbe379:0x7d07915cbb7d8a94,₹500 for two
0x3be7b61cae6691db:0x9a77074afcf3490c,₹550 for two
0x3be7b60f108398b9:0x36947d76fe426ac1,₹400 for two
0x3be7c9e1f31bc755:0x4ea4362942ce50e3,"₹1,400 for two"
0x3be7c93dc0c30e13:0xb132724b785c1a29,₹450 for two
0x3be7b759a9d5f43f:0xe815a2019a497292,₹500 for two
0x3be7c994afaff939:0x7e6118c795d0a889,"₹3,500 for two"
0x3be7c9bd9c651939:0x9288a12943d39d0e,"₹1,800 for two"
0x3be7cf3715554455:0x727124b60a34c6b3,"₹1,200 for two"
0x3be7d1993d3b240b:0xce599722d5d55eeb,₹200 for two
0x3be7cf2c31f74a4d:0x66c91183c1904c0,₹300 for two
0x3be7d1dc9e55a795:0xf11256967539e4d1,"₹1,600 for two"
0x3be7ce8640dd4e95:0xa76393777e3e2,"₹2,400 for two"
0x3be7c938a7dd9d6d:0xf4de48d35efe99ca,"₹3,000 for two"
0x3be7c93e67737047:0x403c5cb89a340e76,₹400 for two
0x3be7c9f4debe96c3:0x74823fe89214dab2,"₹1,500 for two"
0x3be7c96bea6a7a41:0x6655068659c2c4ad,"₹1,000 for two"
0x3be7c9df4edf1265:0x17425902b761377c,₹500 for two
0x3be7c9b4370182c5:0x6b63e2ee13bf7a51,₹600 for two
0x3be7b7c379a6844f:0x1f01acf23c35c46f,"₹1,800 for two"
0x3be7b60362b39b85:0x9b8fe1557a04618b,"₹1,700 for two"
0x3be7c913a0c40509:0x3687ed2bbd96cc0d,"₹1,100 for two"
0x3be7b72fe893b3af:0x46424f708ca4c50c,"₹1,000 for two"
0x3be7c9e0d875fc5d:0x17b194fc812a2f38,"₹1,000 for two"
0x3be7c9122833cf53:0xa438d93d8c564c8e,"₹1,800 for two"
0x3be7e85ca6a21f21:0xa0b7537571e6689b,₹400 for two
0x3be87bec2258d67f:0x64c5d77ebb7d9bcf,₹200 for two
0x3be7b04f5bba3497:0xcbee3ea3f97ef8f9,₹850 for two
0x3be7c1dbbc6d7971:0x5168a04a1fed5c53,"₹1,200 for two"
0x3be7b94359f308bd:0xd29f0507446acbaa,₹600 for two
0x3be7bf4e1ac2ab17:0x1983ae8424da672f,₹850 for two
0x3be7c3c107a5e5bb:0x6ec396db06d9a971,₹950 for two
0x3be7e96d242075dd:0x1159656a4c00c500,₹300 for two
0x3be71dee99d27b35:0x9c8bfd040a46009a,₹350 for two
0x3be7b7a92e8f6053:0x283f017ab579e11a,₹300 for two
0x3be7c7c65a2c5d77:0xf3b4bc2b7541c4b4,"₹1,000 for two"
0x3be7c9dc833c68f7:0x6d3a6736b9251c94,"₹1,500 for two"
0x3be7c7c8a96abc0f:0x31c1a7d90b581f68,"₹1,200 for two"
0x3be7ce8a8957a3ad:0xd7a20512d5a96ee1,"₹1,100 for two"
0x3be7c97018013b8f:0x9ba3a209221d5f63,₹250 for two
0x3be7ce0eff3693ef:0xff113413f9db37e8,₹600 for two
0x3be7addc6d2326c9:0x351c4e2ade79d5b,₹500 for two
0x3be7cf3e8b5a8789:0x518069b484cb46f8,"₹1,400 for two"
0x3be7cfd164c44c81:0x88b66fc3dbc7783c,₹500 for two
0x3be7cf22347515af:0x9aa7c49214e27c97,₹400 for two
0x3be7d13baca6e513:0xa086646382ba9ff1,₹200 for two
0x3be7b9b1c546e0bd:0x25f88e215213e594,₹900 for two
0x3be7b93c71a5e6ab:0x7843d649fb4c1d7a,
0x3be7c34f66ca1c51:0xc0be2527b9a6fb85,₹300 for two
0x3be7c158b260a37f:0x36d13b261c284db7,"₹2,500 for two"
0x3be7c1684b2463c1:0x9714bb3ad7944e32,"₹1,200 for two"
0x3be7c1c75c672239:0x4ed488905e51a7bf,"₹1,000 for two"
0x3be7b9b68fd4cd8b:0x25044a8667c5bf6b,"₹1,600 for two"
0x3be7c3d8af2daeed:0x13cec7c0aac1863a,"₹1,300 for two"
0x3be7cfee3be4f8db:0x484b034cefc445b,₹900 for two
0x3be7c7a367935ec9:0x356f5edbd5768964,₹350 for two
0x3be7b7000c2d29a7:0x62711b74cdd36fd4,"₹1,800 for two"
0x3be7c98b9c43dffd:0x9461bc7c60f5d18f,"₹1,900 for two"
0x3be7b7004e1d1efd:0x89ad248342ef51cd,"₹1,000 for two"
0x3be7b7e54419bcc1:0x86a95768af538853,₹250 for two
0x3be7c900566b4269:0xeb7a3be5e8dd40e6,"₹1,000 for two"
0x3be7c7c6ecc78977:0xa5b85e9f2731e5d1,"₹2,500 for two"
0x3be7b6f6a0ff064b:0x68d79cdaf27e77e8,"₹2,000 for two"
0x3be7b7d4b5eeea2f:0x6921a7ed95d83d32,₹850 for two
0x3be7b90b8ecdd093:0x68ae810933a0009a,
0x3be7b0c24fc62a8d:0x590d707bd0000000,₹200 for two
0x3be792d33b523437:0x5ce345daacffdab1,₹850 for two
0x3be7b8aaa9cbb967:0xc0645a51e51ae8b,₹950 for two
0x3be7c3c17dc5390f:0x7e1ebf596fcb5770,₹300 for two
0x3be7b9aa159fb303:0x7ba4778c30f8de72,₹950 for two
0x3be7e837cac68307:0x1548872a98104bca,₹400 for two
0x3be7af8efbc552cd:0x66efea9b75a832e2,₹100 for two
0x3be7afffdf043f7d:0x2efef55daa3aa2fb,₹500 for two
0x3be7dccb2874f96f:0xd63c113e080242c5,"₹1,600 for two"
0x3be7d1d981951fe7:0xcacbde10af0db255,₹200 for two
0x3be7ce6e29e2c8cf:0x52460738657ee923,₹500 for two
0x3be7d1d25f59499d:0x6a89b1178a56e13,"₹1,500 for two"
0x3be7cfc99cc79ddf:0x48c8fab9dbf1dc4b,"₹1,500 for two"
0x3be7d1994f9000df:0xa11737cb8605223d,₹700 for two
0x3be7ced629e15f11:0x5cf143b3f20db131,₹400 for two
0x3be7cf45f20fb1f3:0x8ea7dc4f5de5bda5,"₹1,200 for two"
0x3be7cefae0efc52d:0x1678f65a7674011f,₹300 for two
0x3be7b1ecb8c65505:0xd08ece2df3c9b9f4,₹300 for two
0x3be7c3a29015fbc9:0x4eacee8ef1ab5f54,₹250 for two
0x3be7bb646fcf8877:0x73ad7bbc49792b52,"₹1,400 for two"
0x3be795da9d73fe6d:0x733dd8ae2ba45db7,
0x3be79560c6caf507:0x8fe214c83b2ba3cb,₹600 for two
0x3be7bf226873866b:0x157648ef03e93cba,₹300 for two
0x3be7b92ccc2fb263:0x7c2fbb1e22dc49c8,₹300 for two
0x3be7bb2154d8aa97:0xb497cfdb4fd9bdc,"₹1,100 for two"
0x3be7c94fafff210d:0x708db9ca525a6b58,₹400 for two
0x3be7b647697001a7:0x11cea144d391c222,"₹1,200 for two"
0x3be7b124c3cabf01:0xe4e5bc1ed49dbfc7,
0x3be7c61fb3061209:0x5ff5d8c75004443,₹400 for two
0x3be7b784f702cabb:0x955a9d85ce421a47,"₹1,900 for two"
0x3be7b75f5ef01021:0x4ca1f50df2a9c893,₹550 for two
0x3be7b7de81a542c9:0xf6fae5c08f1f3f53,"₹1,800 for two"
0x3be7c7c4c86cc4c5:0x7c4266f50eb8d733,₹400 for two
0x3be7c7960347f28d:0x67d2680e64ccc485,₹550 for two
0x3be7c7be0cd78edf:0xcabbb12749613b63,₹500 for two
0x3be7b702bae86b4b:0x3672bc3953ec819e,₹300 for two
0x3be7b6ce80c8ce7b:0xbf0a09661377dcd5,₹400 for two
0x3be7c3adf57a8fe9:0x2502c1f4f5607b3f,₹400 for two
0x3be7e98b286ce709:0x1c19e9588afbc0c2,₹650 for two
0x3be7e99a5564e49d:0x2c0c2ee1221a647,₹200 for two
0x3be7b97bd89c7ad9:0xb124d21b2f53c299,"₹1,800 for two"
0x3be7c90043eff459:0xe3d0656e5813180f,"₹4,500 for two"
0x3be7c763c5417f4f:0x10e2ec4ee2184b69,"₹2,500 for two"
0x3be7b1007bd10c43:0x7e5e4d8e5bb64a3a,₹400 for two
0x3be7c810fc200fa5:0x8451c8dbd61a8e2a,₹900 for two
0x3be7b7ee5bfb4a11:0x48f9ebc6824f6f39,"₹1,000 for two"
0x3be7c9c4ebc70c7d:0xb2c9c473630321cf,"₹3,000 for two"
0x3be7b7f9133374c9:0x347db091ea4afcb7,"₹2,500 for two"
0x3be7b78d578a7f5d:0xd5a64630faf3c4dc,₹500 for two
0x3be7b50bf9cfbe41:0xb6acfc1aa272dd8f,₹350 for two
0x3be7b7cbe91813ef:0x7860b2d2a7e98a58,"₹1,200 for two"
0x3be7b7324b2264d1:0x485dce4c0be5b054,₹900 for two
0x3be7c9166aadcc0f:0xa974262480629471,"₹3,000 for two"
0x3be7b63fd72de173:0xfa58aaf3beb2bff7,₹500 for two
0x3be7c9116228ae79:0x9a08b156b863c72b,"₹2,000 for two"
0x3be7c9f7f16a1111:0x4cd90c2ba1043804,₹300 for two
0x3be7b78f6ddaec4d:0x173d1a42be19e9fa,"₹1,000 for two"
0x3be7b7834cf7f6fb:0x2861cf8fdef8ccd1,
0x3be7c9f34da49d31:0x20c147f8b3caba19,"₹1,200 for two"
0x3be7b7895b775889:0x1651c2b9d314ace,₹400 for two
0x3be7cf500c056177:0xdc56195261136009,"₹1,000 for two"
0x3be71e57ebf89c3d:0x90bfaf104f6a3c9d,₹400 for two
0x3be7a9007abcba29:0xc6ea8ab1f71ecc40,₹900 for two
0x3be7b73a11b5c883:0x3972cb010a65ec29,₹650 for two
0x3be7c966c6b6eb79:0x7d912dd4fd7bda43,"₹2,900 for two"
0x3be7b7df5a1a6773:0xc75b3945b43becac,"₹2,500 for two"
0x3be7c7f276bcf02d:0xa1548a649ba7f2b3,"₹1,600 for two"
0x3be7c814f7c69ea9:0xdc4fa2e463be417,
0x3be7c9c308aca135:0x24df7055480281ee,₹550 for two
0x3be7c90002bfeab3:0xd99c6eae5bf2e29b,"₹1,500 for two"
0x3be7b6dbfd462461:0xc0f98a6751236fd8,₹350 for two
0x3be7b8f95adc6309:0x9929fceea13f86e1,₹950 for two
0x3be7b70dfb049bd5:0xb3a9ee6586d126cf,"₹1,400 for two"
0x3be7c9d682f55cd5:0x4ef68132892c6b68,"₹1,000 for two"
0x3be7c9229da23671:0x654b1e33281739e9,"₹1,500 for two"
0x3be7b6500b80301f:0x91b2574693df926a,₹300 for two
0x3be7c77def5f7853:0x17b41e3235604575,"₹1,600 for two"
0x3be7cef5ae46c923:0x1d1d39bfb866b8d8,₹150 for two
0x3be7cf9c1a68fec9:0xa74e1911c997b391,"₹1,000 for two"
0x3be7cf080087e26f:0x6af26cf24c86d931,"₹1,300 for two"
0x3be7d1feb66f42b1:0x77e4016e3dd012d6,"₹1,700 for two"
0x3be7cf099ea7be7b:0x81537a525162fc27,₹300 for two
0x3be7ce8d344f9941:0x2212b136c6f465c0,"₹1,400 for two"
0x3be7ce867aa462f7:0x7163257680c33d79,₹400 for two
0x3be7ce11f86e09b3:0x7d50a8a335537da0,₹700 for two
0x3be7ce3c4e728de3:0xc4777be54a86b75c,₹200 for two
0x3be7c98402295efb:0xb24e6540f7c354a1,
0x3be7c100688b3ccf:0xa563c695cdafccba,"₹1,500 for two"
0x3be7bbbd9cb1343b:0x647fd88c3cec5dbb,"₹2,000 for two"
0x3be7c3523ccb5193:0xdbd27685ba13323e,₹800 for two
0x3be7c3dc15378481:0x951d4be5209d224b,"₹4,000 for two"
0x3be7bb00302717eb:0x2519a3ca0ba5247,₹900 for two
0x3be7c0dd8b6da1a9:0x37deb2a938bd9e94,"₹3,000 for two"
0x3be7c991b832b67b:0xaa6621277db97481,"₹2,000 for two"
0x3be7c905581e2e09:0x4cef3c83e5e93207,"₹2,000 for two"
0x3be7b94c02082709:0xd5567bd98c44a19e,"₹1,000 for two"
0x3be7d1c3c925b199:0xeeb9a15620dc2ba,"₹3,500 for two"
0x3be7b77d5bf2d625:0x2f896d1ecb0a37d0,₹400 for two
0x3be7c9002a3a0b57:0x38bf07d2b19236d3,"₹3,500 for two"
0x3be7c972e372dc89:0x7119512c355de576,"₹3,500 for two"
0x3be7c9ae81b1f825:0x515a216360c1e667,₹500 for two
0x3be7b6dec6efffff:0x8f0a7070b98f1079,₹400 for two
0x3be7c81567a813c1:0x72da4a98e20c365d,₹950 for two
0x3be7e997f49abc63:0xf42255be131f7ce5,₹400 for two
0x3be7e9cde1e2061b:0xa656af76625a696a,₹950 for two
0x3be7e9a37e5ffd19:0x513bc615867d6ae0,₹250 for two
0x3be7b716bb3bda57:0xc01686d6d0a4994c,₹300 for two
0x3be7b619ed8a8ba3:0x91c03b1da880b330,₹950 for two
0x3be7b7539b399075:0x64b1657c660e833a,₹350 for two
0x3be7b6181c9ac959:0xbd0f2243403e1bdc,"₹1,600 for two"
0x3be7c83c25dd979b:0x20d52fa44c7a3ca8,"₹2,500 for two"
0x3be7b78b9a120e73:0xeb349e4bd8e95803,₹600 for two
0x3be7c9d31246f115:0x265f98fa6865d526,₹500 for two
0x3be7b15ca8550253:0xfe1a4dbc8ece8310,₹500 for two
0x3be7c9e47a416807:0x5ddc41cc4adc5551,₹700 for two
0x3be7c765086dc98d:0x916cad0986845f53,₹850 for two
0x3be7b745c8a1b043:0xb7ff9a28e8d781c3,₹150 for two
0x3be7b72a9b932fdb:0xa03203844c96003d,₹500 for two
0x3be7a92ed8264e85:0xe59d01e44812772c,₹300 for two
0x3be7abed43f81cdb:0x518cf231350c1349,₹450 for two
0x3be71d35ff3185e1:0x22a029cb04c74629,"₹1,000 for two"
0x3be7b736976d5efb:0x193034a19381acc,₹300 for two
0x3be7b63cd0e96cb1:0xe0b662b2d3494182,
0x3be7bf3aa890d091:0xccff4642f844e8ef,
0x3be7c957c30d4eef:0xaa4cb1b30d1fb406,₹800 for two
0x3be7c91e0246e9b7:0x6a3d721e51d2119,₹300 for two
0x3be7c8ffbeb9dfcb:0xd6fe915e1b27e04d,₹450 for two
0x3be7c9b150b95adf:0xcaed86f70ea6e0af,"₹6,000 for two"
0x3be7c91053c2170f:0xf6d910396c7ff802,₹900 for two
0x3be7b7aefb966b27:0xa00ec1b8241bceac,"₹1,900 for two"
0x3be7c7e60a1748e1:0x4659b96d297c86ba,₹450 for two
0x3be7c7e6095855a5:0x281c2584fd95f951,"₹2,300 for two"
0x3be7c7e67294fde3:0xb7b09365b7a6c758,"₹2,000 for two"
0x3be7b16e8f5dec77:0x91dd70e2f4e887d6,₹400 for two
0x3be7c7462b7f21af:0xbfaede659034f33d,"₹2,100 for two"
0x3be7d1ec03a13f3b:0xec05a6e412c6b9de,"₹1,600 for two"
0x3be7ceeb7b967e33:0x3ace3d609ae10dda,
0x3be7cefd98002ccf:0x768a191e1d6413e2,₹450 for two
0x3be7cf0b1ad734c9:0x91a80e30bdd51947,₹350 for two
0x3be7cee5e597cfe7:0xa1a59cc2efbbc8bf,₹350 for two
0x3be7cf1ae41b79a1:0x9dcba44519fc0a7f,₹200 for two
0x3be7cf3f5702fed5:0x6737214ed358fe6a,₹300 for two
0x3be7cfee3e178c67:0xc6a287d9d8248ae9,₹700 for two
0x3be7d1e776492e0b:0x511c0f8df5baaba9,₹700 for two
0x3be7c13ea3a30879:0x6680ff4fa802d291,"₹1,400 for two"
0x3be7c10004cfcb61:0xcb8127f942473ee,"₹1,900 for two"
0x3be7943d7eeef7fd:0x17f792af065d8712,₹250 for two
0x3be7cf0012e16e91:0x2831f371865c26a6,"₹4,500 for two"
0x3be7cf3224f991f5:0xade5f9dcfb900658,"₹1,100 for two"
0x3be7c9e981443347:0xe928949df0975d3b,
0x3be7c90061457b6d:0x73d3f267c61c98b2,"₹1,600 for two"
0x3be7b7341ce87ec1:0xc855e07873451274,₹400 for two
0x3be7b72fd82ae443:0x9236ac59f707bed1,"₹1,700 for two"
0x3be7c9163f9ff243:0x5e64a39b189e53a6,₹300 for two
0x3be7b76d36d318e7:0x2af8a04ba6833d4b,₹400 for two
0x3be7c871f48a9f91:0xdfd30f49522930f0,₹400 for two
0x3be7b91588c94253:0x66dd026367f6f19f,₹950 for two
0x3be7b9056d5a3955:0x7b9be4fdc1e7b1ae,
0x3be7c1b678cbcfe1:0xd982d6f52277ca45,"₹2,000 for two"
0x3be7b9e61e5c1e5d:0x46a134dad4054b52,"₹2,000 for two"
0x3be7b8de3fffffff:0xb4f54d9384022bac,"₹1,000 for two"
0x3be7bb67c723ca69:0xa62391cea80bfe95,₹700 for two
0x3be7ce8c84ac6759:0x3397f735d398be29,"₹1,600 for two"
0x3be7ce8cc097ff7f:0xd0d7f6be2c27350d,"₹2,800 for two"
0x3be7cf9793acdacf:0xe4b86ecafe4dbf14,₹250 for two
0x3be7ce49fac3be3f:0x5b00964da97fb46b,₹400 for two
0x3be7cf16190dccbd:0xc10412446013ea14,₹400 for two
0x3be7d1dcbea6be7f:0x45a6cae61ba5b1de,₹500 for two
0x3be7c9db42b3d2a9:0xdb66a8dc79b73dfd,₹300 for two
0x3be7b1850a630a37:0xcce06802a1bb424e,
0x3be7c93d465db507:0xdd32845078fd19d0,"₹2,400 for two"
0x3be7c93ddb73c38b:0x6fe7c71c56731475,"₹1,400 for two"
0x3be7c7374f848d29:0xb83b268c3929242a,"₹1,500 for two"
0x3be7c7cc74937a79:0x65367a02cf40aa9a,"₹1,200 for two"
0x3be7b7a4387c8af5:0xe3e576d93f3392e5,"₹2,500 for two"
0x3be7c7401c2915c7:0xa67575845f83d027,"₹1,000 for two"
0x3be7b65aa4713fe7:0xdca374f369202833,₹900 for two
0x3be7c70c944b9adb:0xdbc1dc1d093a3556,"₹1,500 for two"
0x3be7b9e1f6ef5891:0x8e42ea744760a13e,₹300 for two
0x3be793003e59c241:0xeed9a93431023e6a,"₹1,100 for two"
0x3be7c1eadd74984b:0x8436e71853ffa407,₹400 for two
0x3be7c1e19d2f3285:0x6988f42dd67079ee,₹950 for two
0x3be7bf50f984911b:0x58c857555eac6c7,₹500 for two
0x3be7c7b04a5540e3:0xe02c720945aca4bb,₹400 for two
0x3be7c995667c50e7:0xb3511a6b349ef870,"₹2,500 for two"
0x3be7b7c5fc0379d3:0x7c654e195dc237fb,₹300 for two
0x3be87bb10678bb0d:0x813311bb86c80da7,
0x3be7c9f92e551ccb:0x7131ae61c584ad1f,"₹2,800 for two"
0x3be7c964821edd97:0xbd9c0d28ac969adb,₹300 for two
0x3be7c917aaf3d2e7:0x810500c20f7a939b,"₹2,500 for two"
0x3be7c90023688d55:0xd7dbf86e00108f8,"₹2,200 for two"
0x3be7b63d6198d70d:0x9554641a27be429,₹700 for two
0x3be7c9d5ecfe43c9:0x49c962d06b378ef6,"₹1,700 for two"
0x3be7c62cfc7b1c17:0xd8811119bae373c3,₹850 for two
0x3be7c9b2cb1947ad:0x1abbd415bcef99dc,"₹1,200 for two"
0x3be7b742f375bc37:0xf2ca27a496a06b0b,"₹2,900 for two"
0x3be7c98fc4985e19:0x879644bdb8877a59,₹900 for two
0x3be7b16e84845133:0x58ef6d3bf4d637ef,₹500 for two
0x3be791000c36875b:0xbf3ae8dcaba0db53,₹350 for two
0x3be7c1d10f986c7b:0x43923d593324e266,"₹1,200 for two"
0x3be7c11f73abf439:0xfca8eed87e4fa9ba,₹300 for two
0x3be7bf7d9371625f:0xc73f5bf42a2b0008,₹950 for two
0x3be7e9c8a7679c2d:0x6cd7eecd4e0cd03d,₹600 for two
0x3be7c90a4bcbc8cb:0xc0dc4ce4e290d47c,₹500 for two
0x3be7c8eeafc08131:0xe149f6372f76dec4,"₹5,000 for two"
0x3be7c93d31e3d2f7:0x7b08d5298f4c668f,₹600 for two
0x3be7b7a3539f85b9:0x169e22d765db2bca,₹500 for two
0x3be7c7898f61250f:0x6feb80511aae694d,"₹1,500 for two"
0x3be7c9b5d31e4e9f:0xa66a663540b8ca49,₹450 for two
0x3be7c92f64ed3e51:0x735a8e20741e8959,₹500 for two
0x3be7c9e7386ef971:0x8b9124f08cba77d4,"₹2,500 for two"
0x3be7b8fbd48113af:0x54760e862559609e,"₹1,200 for two"
0x3be71ce807c9d65d:0xcb8a97051e828a56,₹500 for two
0x3be7a91936ed3793:0x840b0a1fdb64abde,₹150 for two
0x3be7c9005f1a7955:0x7a085462da293594,"₹1,400 for two"
0x3be7c9000ae57e35:0xb4e8a2cb88e36220,"₹3,000 for two"
0x3be7c7392047b205:0xc94e12a6b64a7996,"₹1,800 for two"
0x3be7b74c79c1978b:0xcad697771cdd95d1,₹700 for two
0x3be7b7523045100f:0xe1fba600d12599f2,"₹1,800 for two"
0x3be7c96bce76f471:0x5b07172ae60adc10,₹300 for two
0x3be7c9abbfcbd45d:0xf5182b03c86518b,"₹2,000 for two"
0x3be7c908a0a494fb:0x2158c696d1deeed4,"₹2,600 for two"
0x3be7c9a5fc446a8f:0x34328a9ccb4a5c6d,"₹1,300 for two"
0x3be7951a58cfc7a1:0x97cdcf47011032e1,"₹1,200 for two"
0x3be7b1502f9ba977:0x95be0717edafb16f,₹400 for two
0x3be7b923b240e5bb:0x2e0ff81096fb2b35,₹950 for two
0x3be79514774c3f83:0x35b668b3c198353e,
0x3be7bf1e1a841a6b:0x3c0235dabfdcbfe,₹200 for two
0x3be7c14a2193cee9:0xf5db803fc8629856,₹300 for two
0x3be7b9e51f474429:0xf907db4099ca4887,₹350 for two
0x3be7b0e2d7e37ee9:0x4f0d7b3686aea10f,₹350 for two
0x3be7b7aa9aab732b:0x2e7bd6bb4da52a7c,₹950 for two
0x3be7b7256c920c2b:0xe164cea8c8fb2ff1,"₹1,500 for two"
0x3be7c9eee4eebf75:0xd14cd6d14f4aa2b3,₹900 for two
0x3be7b7da38a14e5f:0x354e5870a07a48a5,₹500 for two
0x3be7c94bd9ffb9c3:0xe3820fc467efa98b,₹600 for two
0x3be7b70865190877:0xb4177f8b7d4a69be,"₹1,300 for two"
0x3be7c80ddffa51d3:0x52ee401920a54f09,"₹2,300 for two"
0x3be7c23ff9af52c5:0x936f205a38c2abf0,"₹1,200 for two"
0x3be7c92ba233a8e3:0x2b8c73038f7f67c5,"₹2,100 for two"
0x3be7c91316abb00d:0x6cf4def1f5dd5ef3,"₹1,000 for two"
0x3be7b7c0ff4de383:0x82a240ef4c090f9c,"₹1,000 for two"
0x3be7c8ec2f38657b:0xcdc8ba8aba2faa6b,"₹4,000 for two"
0x3be7c8375d132621:0xc5236c9b1cc9ddd8,"₹1,500 for two"
0x3be7b1b638be92ed:0x1129e7bdf6d6a291,₹400 for two
0x3be7c9b89300ec5b:0xcfbb40f6827b0366,"₹1,400 for two"
0x3be7c95d6bc28651:0xba086868d7a13d14,"₹2,500 for two"
0x3be795a10e6c69a9:0x210cdeaca61bc0b6,
0x3be7b02970c4b9f9:0xede05225d3b038fb,₹700 for two
0x3be7bba6fceeae77:0x8c3b547ede00019c,"₹1,000 for two"
0x3be79424aa391843:0x4a844b5c26f03cce,"₹1,200 for two"
0x3be7c133e6308dfb:0xe140c61626c792eb,₹600 for two
0x3be7c3001a148ddf:0x53fd458f0aa10482,₹500 for two
0x3be7c30535fedfd3:0x7ab09fa4a87a24e0,"₹1,200 for two"
0x3be7ea095ddc0001:0xcbac9280e0f180fd,₹300 for two
0x3be7e9a25baac40d:0x7e3790462b4b6ccf,₹500 for two
0x3be7c839e1a89b8b:0x7b75dbb5618e7a6a,"₹1,200 for two"
0x3be7a97181cd4e69:0x38cd28906c5be4b4,"₹1,000 for two"
0x3be7af7a7b3e3139:0xe0d81a487d60c092,₹400 for two
0x3be7af79a4885eff:0x7ec799fb3e2d7b44,₹200 for two
0x3be7cf531a63f7f9:0xb6333415ff89616,₹500 for two
0x3be7d1e65933ff2d:0xa26cabde8d5d5c91,"₹2,500 for two"
0x3be7b63ef5c5d7db:0xc533abfb6d4cce35,₹100 for two
0x3be7b63cb8553a77:0xf18abcb13970b23b,
0x3be7c9c85fba2775:0xe609b548bf4f3787,₹350 for two
0x3be7c96bd55a633b:0xf73ef8a1cc8ac523,₹300 for two
0x3be7c9a1267f8e7f:0xe17360c5cea4680c,₹400 for two
0x3be7b63f5abbffb5:0x1a11ab95026ac143,
0x3be7b133f3877f5d:0x62108cd1e0ee2dc9,
0x3be7d1bff217938f:0x23b750157c918cea,"₹2,000 for two"
0x3be7d1c39c3c099b:0xf291ba8795313fb9,"₹1,800 for two"
0x3be7d1dca4a46a55:0x255c4abe876037b5,₹450 for two
0x3be7cfc089ca50ff:0xc273c4be894dd27c,"₹1,000 for two"
0x3be7cf29c0d30255:0xde19efed6b31b244,"₹3,600 for two"
0x3be7cf42e399f7ad:0x6cb98d34e1c9b043,₹450 for two
0x3be7b726c76e5d11:0xe9adcf0751f665c9,₹300 for two
0x3be7b7988ef2fbd5:0xab6356f1720ad8f6,"₹1,500 for two"
0x3be7c926bb0a01c1:0xcf070960bb8e230d,"₹1,000 for two"
0x3be7b7a9d209b559:0x2d6e81a09f8bd2de,₹500 for two
0x3be7c9ac0e00c735:0x6300da08e9f6d9fd,"₹1,400 for two"
0x3be7b7bfaf52cca1:0x1b8da60c171a74a3,"₹1,600 for two"
0x3be7c8368eca746d:0xff6980b5c4a6003b,"₹1,800 for two"
0x3be7c93fb762ad13:0x7e19d16ae6c7e4a2,₹500 for two
0x3be7b7a75ea079dd:0x4af49888afc6c4b2,₹600 for two
0x3be7b793379cd84f:0xbe14eb990e148428,
0x3be7b7ece11f3c29:0xfbd8d63b39ddab67,₹500 for two
0x3be7b70016471473:0xe3d23b1d59ec1cda,₹700 for two
0x3be7b77190a1ffdf:0xed831765e4473149,₹250 for two
0x3be7c75e2866ca2f:0x1dfaaaf1fc7913be,₹300 for two
0x3be7c950382c58a5:0x31ebdefaca4c2e32,"₹1,200 for two"
0x3be7b76b6659714f:0xec45712e87158f88,"₹1,500 for two"
0x3be7c76897e6112b:0x6391a5f8bbb926bb,₹550 for two
0x3be7b8ff8379c5ff:0x193c38d139a7d1d5,"₹1,200 for two"
0x3be7b70b7454e789:0x875cb700d529c47,"₹1,400 for two"
0x3be7c9ce46563611:0xfa5ecf6ebe8877bc,"₹1,000 for two"
0x3be7c83d4c7e1d2f:0xfd2ba7793f8b7446,"₹1,000 for two"
0x3be7c9216303fe89:0xa42f9bba58a96ef9,₹650 for two
0x3be7c80e4557b8c5:0xc9f3453625967182,"₹1,700 for two"
0x3be7b65aa4713feb:0xbe3af2ff6eba884c,₹300 for two
0x3be7c978fb8518c9:0xc621e939d02cb6f9,"₹1,600 for two"
0x3be7c76b18b9aa35:0x40b8b59551d6412d,₹350 for two
0x3be7c61e4a408a41:0x5aa088dfc7864ffe,"₹1,400 for two"
0x3be7b70033014ebf:0x66895f4019268538,₹600 for two
0x3be7946cee372d8d:0x1f42dc0def62d5b9,"₹1,200 for two"
0x3be7c30078daa8af:0x8f0d4a0788750c6d,"₹1,800 for two"
0x3be7c30b9de75231:0x53ea11364fa4a6b2,"₹2,200 for two"
0x3be7b9273aa3419b:0x7cd2954ff8c7aeaa,₹500 for two
0x3be7b93fec49c997:0x59d715651d46d107,"₹1,400 for two"
0x3be7b91e4daaf333:0x55f23f2cb8cd61ba,"₹1,500 for two"
0x3be7c1be472fac0f:0x1c570efe5d4ea4a,
0x3be7c14a0918333f:0x8751d525b8d04d9a,"₹2,100 for two"
0x3be7c0a8172c6a13:0xeb86d16cdf9e4772,₹950 for two
0x3be7c146fe7c86f1:0x12f3a92025d188e,"₹1,000 for two"
0x3be7c33ce8464c45:0xbb6a4a28fcf1f9a7,
0x3be7bb005d9ab00d:0x5972f2e60750c8b0,"₹1,700 for two"
0x3be7bbcfbd040a75:0x5b44b435de2eefef,"₹1,000 for two"
0x3be7c10b3f4c9f6b:0x3aa2432f492aab82,₹300 for two
0x3be7a97fab9c9c35:0xffc3ce94996d288e,₹600 for two
0x3be7a970cd28b271:0xe4d0aa89b46bd37e,₹600 for two
0x3be7e86b75b1e55b:0xada9728b78b29842,₹850 for two
0x3be7cf0107e971a9:0xd0c788bb8090e328,₹400 for two
0x3be7ce57c288e8f5:0x1124d5ee572edbb0,₹400 for two
0x3be7ce596f9e3e7b:0xb2957de69481cc5e,₹400 for two
0x3be7b73d0dc82b2b:0xd583b0034b0c89c3,"₹1,200 for two"
0x3be7c8145cb7388b:0xc124c6735ae2edac,"₹2,600 for two"
0x3be7c9b1de53068b:0xfe1a2c2cbc8a7027,"₹1,300 for two"
0x3be7b969b0ccfdc1:0xf1b6a4ce27897b1a,
0x3be7c8a936ddecc5:0x47d6039a8acbd79b,₹700 for two
0x3be7c7939b61de3d:0xbfcf53192dcb76f4,₹450 for two
0x3be7c9f98af419c7:0x7a95ed5776018191,₹300 for two
0x3be7ce240e79e523:0xe21df5b9df295b2f,₹900 for two
0x3be7cf67d30ec5b9:0x67b922c7076a4b41,₹450 for two
0x3be7c956f626d055:0xef570a313fbfb9ac,₹400 for two
0x3be7b638f641b6bf:0x2e208a3eba2a19a7,₹400 for two
0x3be7b7ea98569465:0x715fde6d5c668d9c,₹300 for two
0x3be7c91ef62b800f:0x7ab1506106d6b7a7,"₹1,600 for two"
0x3be7c99e2b37df49:0x9b12d8308e4e3b10,"₹1,600 for two"
0x3be7c9abd33d5da5:0xbedf2d3d22c6c28e,"₹1,100 for two"
0x3be7c953bd0ddef7:0x60b032153b9fc9e0,"₹1,100 for two"
0x3be7c97c29023901:0xe71b7ee37ac1ed43,"₹1,900 for two"
0x3be7c935e2d1857f:0xd1401bac7db87f1e,₹450 for two
0x3be7c941b4afca5b:0xd730d9b9722622cb,"₹1,600 for two"
0x3be7c9e6efffffff:0x1a338f1cb3ce0ac,"₹1,800 for two"
0x3be7b7a0d95d5fa7:0x541427a4bc6c700,"₹1,600 for two"
0x3be7c7006fffd497:0x19cbd94a1ce08dd,₹300 for two
0x3be7b1569f0bf11b:0x22d3fe4b0f47d546,
0x3be7c3d47ff8238d:0x1200fe19e33ec3f7,"₹1,100 for two"
0x3be7c35595949855:0x808f13ef096133af,"₹1,200 for two"
0x3be7bf0b42f08097:0xe8c5600ab8c9c4e8,₹300 for two
0x3be791014f04f4cb:0xdc74382259f0ddfb,₹600 for two
0x3be7b1fa88d64413:0x25c981f2ff795fff,"₹1,300 for two"
0x3be791c7751adfeb:0x6883c00b2fa8bf56,₹300 for two
0x3be7932b3fd8b081:0x982cea8fa0b85b1,₹350 for two
0x3be7b1cd8e60d961:0x5ffdc3b3d3352ea3,₹500 for two
0x3be7b963d87204b5:0xe5215b4e68501ba8,
0x3be7b95e5b38f443:0xb68c064e692495c5,₹500 for two
0x3be795001d90fc5d:0x840d9579ec884524,"₹1,100 for two"
0x3be7b1b291b3a935:0xd3b565455e64b609,"₹1,000 for two"
0x3be7c173c3a4c3cf:0xfd3fdfbb9c230164,"₹1,800 for two"
0x3be7c14b955350ad:0xfadaed5527b4a60f,"₹1,200 for two"
0x3be7b985963fc0d9:0x3771f3c5377ea30e,₹400 for two
0x3be71d652dccf067:0x7e1d71e17c9f586d,"₹1,200 for two"
0x3be7c36e7667b723:0xdb23dcca7d1c26a4,₹850 for two
0x3be7c3c345fc1673:0xd1579abf784530f3,"₹1,200 for two"
0x3be7c3e41bf5f75f:0x9feb3f86571f1302,"₹1,100 for two"
0x3be7c37f25dab94d:0xc1263d03da396b19,"₹3,000 for two"
0x3be7ce8d3b1a8531:0xff50919f633d413d,₹550 for two
0x3be7cf6d35bfac2b:0x928e976086318bea,"₹1,000 for two"
0x3be7cf205482895d:0xcf35c5436dccd7d7,₹300 for two
0x3be7ced1b9af0735:0x20a816185865d124,"₹1,100 for two"
0x3be7c3d12193838f:0x88908ab285c23909,₹400 for two
0x3be7c1141353f691:0x858a1b3b6ecd16c6,₹600 for two
0x3be79757cbecaaff:0xf75371ec8b74eef0,"₹1,000 for two"
0x3be7b9396f739c77:0x50dadb0e5c58ca9c,₹950 for two
0x3be7c3acfa4fffff:0x225f5d836f2f6e16,₹500 for two
0x3be7bb22f8ca94ed:0x7637ca1ece733f36,"₹1,600 for two"
0x3be7b1bed7abf619:0x2d0abb5c933aa82c,₹350 for two
0x3be7930aa0c80831:0x9a6ba9ec79dd37c,₹300 for two
0x3be7c31d42d0e829:0x2e6fa3b3164722f7,₹500 for two
0x3be7b1dd58098249:0x8a101869501232cd,₹950 for two
0x3be7c3c65dd66747:0xc8fc5d268e1ffc24,"₹2,500 for two"
0x3be7b73b0d99b2e9:0x6ab802cfef9bdabb,"₹1,800 for two"
0x3be7c9d3b299e919:0x964347e9ff84cb3b,₹400 for two
0x3be7c91391f22eb9:0xe6562bb312e70c90,₹400 for two
0x3be7b7239a667e17:0x779b36baa0a79e99,"₹1,100 for two"
0x3be7c9fddceeafa9:0xb6d238bebc0e2d5f,"₹1,600 for two"
0x3be7c9e9632fa767:0xa041ed4ba454f492,"₹4,100 for two"
0x3be7c9b41c91e691:0xcc91056318fb9284,"₹2,100 for two"
0x3be7c99824616e79:0xa01db96507bcb46,"₹3,500 for two"
0x3be7c950a7c03e75:0x67d15345cd7f6fe6,"₹1,800 for two"
0x3be7b80060f2fa67:0x7981ebf961dd5da5,"₹1,500 for two"
0x3be7b18d590af25f:0x5012f6eed195510b,₹600 for two
0x3be7c9a5a3d4c6dd:0x603596f1a2e92568,₹600 for two
0x3be7b6ce0ed475c7:0x279cbe6afb0e2114,
0x3be7a996e1520ecf:0xfd4881e8d388460c,₹400 for two
0x3be7af199797a9f1:0x127076bd7d08a8cb,₹600 for two
0x3be7af8dc0c98199:0xa7cc3a9e5ee5219b,"₹1,200 for two"
0x3be7c84745cd90e3:0xcc43e709144b2ae0,"₹7,500 for two"
0x3be7c9d2ae033185:0x318cf88a4a5bf516,"₹2,800 for two"
0x3be7c745b0fc85a7:0xdcb498282e5ca045,"₹1,500 for two"
0x3be7c9a4a6e41719:0x7d756d3b0880f0ba,"₹1,300 for two"
0x3be7c9874d9e0eb3:0x9d3864fdf1206fa9,₹200 for two
0x3be7b72d5133a161:0xacbdcd08736a57f7,₹950 for two
0x3be7c9c776b3dfad:0x26abc6a51abf15e1,"₹2,500 for two"
0x3be7c9d261151f53:0x70b286770ecaf609,₹550 for two
0x3be7c138e0913c0d:0xce3da89ba8fdb9a1,
0x3be7b7314377d327:0x11475571f714a685,
0x3be7b9ebbdbf153d:0x97df5d78bc080f18,"₹1,300 for two"
0x3be7c84d19c77271:0xf25ed066ebdce1ba,"₹2,000 for two"
0x3be7b6e29d28df55:0x38a8f2338ba78f94,₹950 for two
0x3be7c9f65baaa081:0xa79edee5c604cace,"₹1,300 for two"
0x3be7b719337ca083:0xc70ac3abe4ece465,₹150 for two
0x3be7b77972023ebb:0x74c16e8f38d8c96e,₹650 for two
0x3be7b186e09d1619:0x2d961c07ad3bbf8a,₹800 for two
0x3be7b6dc19400d3d:0xec3b611818934535,₹850 for two
0x3be7b6e9b1ace8bb:0x6a0d4a2a96a6834,₹950 for two
0x3be7c8e01d983e2f:0x8c21c577f5500826,"₹2,500 for two"
0x3be7b746788bfe03:0x3480a88433304dff,₹350 for two
0x3be7b7992e021b0d:0xaa0fea79c7f9d084,"₹2,100 for two"
0x3be7b8f072d7dfd1:0xbbd0442fbbf7c3e1,₹300 for two
0x3be7c7e698b132d9:0xba58126552451697,₹350 for two
0x3be7b1006dee1713:0x93ab9f172051654d,₹400 for two
0x3be7933eb62b17f7:0x86e36876bea1e89f,₹950 for two
0x3be795c59c257fe9:0xb984bab2e653fc85,₹600 for two
0x3be7ba2b4b3b9991:0xe2cef2a71f26b408,"₹1,400 for two"
0x3be7b93c9ce2845f:0xa90822dcdae3aeee,"₹1,900 for two"
0x3be7b92729d76dc1:0x37f93de389da2ad1,₹450 for two
0x3be7ce0d1657baa7:0xe7c6df380000d322,"₹1,500 for two"
0x3be7cf8d55011c43:0xbfc3c440c6325235,₹200 for two
0x3be7c92c65bdc5cb:0xe998bde5bd87fd6e,₹350 for two
0x3be7c1218bdb1783:0xda45f6f7561bb24b,"₹1,000 for two"
0x3be791a78d1075d7:0x9300d65b326b8bbd,₹400 for two
0x3be7b11308a85669:0xf7433ee4fce0b07a,
0x3be7bf1f409090e1:0xa12a93f3ef8913bb,₹500 for two
0x3be7bb80c6ebebd1:0xa41129daee945a08,
0x3be7c3fe9accf1e1:0xb04092b5794f9266,"₹1,300 for two"
0x3be7c3584d302c47:0x603cf94dbe119741,₹450 for two
0x3be7c3bebd20a7f1:0xe7d052bf89cc5b1e,"₹1,200 for two"
0x3be7c300304bf37f:0x5f12313ed3d112b7,₹400 for two
0x3be7e99ce0a24e99:0xcf974fbd3f17354,"₹1,100 for two"
0x3be7e95ff9d82f8f:0xbd13b47fcbf0bed,₹700 for two
0x3be7cfce272889c7:0x83fdd2fa5749e6d7,
0x3be7d1c11028e021:0xe8f80087e87eab67,₹200 for two
0x3be7cf083127c327:0x4c8fd216a04f41e4,₹700 for two
0x3be795b24cf9e83b:0x83340cf8a2d153c1,"₹1,300 for two"
0x3be7b92cf8a966e1:0x61fa18b0f219605a,"₹1,200 for two"
0x3be7b9b7a2d21bbf:0xa6a76b0c85210e98,₹900 for two
0x3be797cce37bf3ad:0xc4b1d15e5b4bc955,₹450 for two
0x3be796840e935c6d:0x155f49ed5fcb5827,₹600 for two
0x3be7b9d4d5e1ad77:0xa089f45f6d64662,
0x3be7bbe322da3899:0xc4e15a7aee2f971f,₹800 for two
0x3be79398780517fd:0x890b8816e8ab7cb9,₹200 for two
0x3be7b046c96ee529:0xa889bd62049a8c1c,₹500 for two
0x3be7bb0ae65d20e5:0x7e16118ccde530e2,"₹2,600 for two"
0x3be7b9ab978f6b7b:0x229ef087585a8ba3,₹200 for two
0x3be7b7c4e0ff9fa1:0xdfb5c5110da267ac,"₹2,200 for two"
0x3be7b798ec2c6e9b:0xe38ca63b82f8756e,"₹2,000 for two"
0x3be7c9ead2c2466d:0xba65af1cf1ca3f5,"₹2,500 for two"
0x3be7b623bba29aed:0x8dc9df586df55ac6,₹950 for two
0x3be7b7c35120a629:0x807870b4bd5e0c4,₹700 for two
0x3be7b8e54bbf11ef:0xa214a7f373d305a9,₹700 for two
0x3be7b71e1a98d291:0xa740eeeeef461d89,₹300 for two
0x3be7b796b5524cbf:0xd2b6431c0d885259,₹200 for two
0x3be7b7c7edc8c9bb:0x33016b570a7ce543,"₹1,000 for two"
0x3be7c9bd7802e87b:0x6752da0fa1ab5a44,"₹1,200 for two"
0x3be7b0fda26c15f5:0x286d70e28ceab37,"₹1,700 for two"
0x3be7c90023c2e927:0x586321b23fbe6bbc,"₹3,000 for two"
0x3be7b7b348fad911:0x3598dcff03b6907,"₹1,200 for two"
0x3be7c90069e2d2c5:0xa06a9b443026d05,
0x3be7b42cef000001:0x5ffb214ecee29b4b,"₹1,200 for two"
0x3be7c82371f3146f:0x835521cb676f5e9c,"₹1,400 for two"
0x3be7b7114a0524db:0x1b08c2bf98d3ce88,"₹1,100 for two"
0x3be7a9e9f636efbb:0x57837c12b8b940f5,₹250 for two
0x3be7c90005d6e377:0x7f9fd051fe1bcca3,₹400 for two
0x3be7c9aa7fa948a3:0x9097d87f79187b8d,"₹1,100 for two"
0x3be7c62ad34684d9:0x24ead68d902f3808,"₹1,500 for two"
0x3be7c8f13d2e5391:0xe3c171e8433ae536,₹500 for two
0x3be7c90b8dd05785:0x8e2180e75feee4d6,"₹1,800 for two"
0x3be7c7f3eddc4f19:0x61769e8c22ac6a06,₹300 for two
0x3be7b767c6281857:0x84edc59f041a75b8,₹600 for two
0x3be7b93c50363d01:0xe1bdec4f5b6c33f7,₹550 for two
0x3be7b7b764d6e7cb:0x6bfab48ca70a1871,"₹2,000 for two"
0x3be7c91414045273:0x247d4483e40a37dd,"₹2,000 for two"
0x3be7b9512b66fe7d:0x36e11b8bd3b1bc65,"₹1,100 for two"
0x3be7b93d1b249ccb:0x56bd960a97c7a4f,₹300 for two
0x3be7b983e0ddfea1:0x8435d6ee7e830cc1,"₹1,000 for two"
0x3be7c373a2e2e083:0xa0351cef92215146,₹400 for two
0x3be7c25337bcfdd3:0xf05df0d2a0804082,"₹1,000 for two"
0x3be7b9aa40e81393:0xad1d7beb8e8a7d8b,"₹1,700 for two"
0x3be7b927229de115:0xc26ce0876ff4393a,₹950 for two
0x3be7ced14218f28b:0x8074e2db40855e2f,"₹1,400 for two"
0x3be7b8fe34947ffd:0x6e5b40ef38cb0fc1,"₹1,700 for two"
0x3be7cfcd26dbe8ed:0x5a9fafd7638371e0,₹800 for two
0x3be7bb1c3253563f:0xa4581f6d67599046,₹500 for two
0x3be7c3dffd0c745f:0x82a1f7655cfcc806,₹600 for two
0x3be7b9d4ed4a42d5:0xa51d88545d5839cc,₹800 for two
0x3be7b92219d8112d:0x6d95527a0cd6cfd8,₹900 for two
0x3be7b19114df8227:0xed3a29eec28429c6,"₹1,300 for two"
0x3be7bf94cd7c7e63:0xaadbf42c50056519,₹500 for two
0x3be7b12e3813ef27:0xef6b9b6dec22c4d9,"₹1,500 for two"
0x3be7e5d62d716535:0x9b5e770635646b01,"₹1,000 for two"
0x3be7c31524a9c0a1:0x3b308e9e040ea6c3,₹800 for two
0x3be7e844ac8ac1c5:0xa72ff5426c0045e4,₹500 for two
0x3be7945c112eab5f:0xb0922b11a4b66d54,"₹1,300 for two"
0x3be7abd2c55adc51:0xd0a0fdb32d3552a1,₹950 for two
0x3be7afffeb8274a5:0x3599a0042578f187,"₹1,900 for two"
0x3be7b08aef7d6f75:0xd184ed462603b85e,"₹1,000 for two"
0x3be7b1791a9ba23b:0xb4712837df0bda6d,"₹1,000 for two"
0x3be7b192cef75b5d:0xdadd075266715a82,"₹1,800 for two"
0x3be7b198586ba849:0x23d4e71e5a666da2,₹950 for two
0x3be7b65b6e0870c3:0x136ad59e892aa39d,"₹1,600 for two"
0x3be7b6c57ce26bb3:0x633be923b4d2ccd7,₹600 for two
0x3be7b6e9f0cfda8f:0x788a077c1fac0e9,"₹1,600 for two"
0x3be7b6f125219019:0x93718c8ed9c57dcd,"₹1,200 for two"
0x3be7b7002d2f7fdd:0x2c369b50cde8dc58,"₹1,900 for two"
0x3be7b7402a780def:0x1e27006a0e23630f,"₹2,800 for two"
0x3be7b75483bb3ced:0xe8232e89c73e3d3c,"₹1,800 for two"
0x3be7b7814eed0941:0x93bba0bf6d9965e4,
0x3be7b7843db58dbb:0xa91ff3ffaa7ff2aa,"₹1,700 for two"
0x3be7b7a6685504c1:0x23bfb00391fca9bc,"₹1,400 for two"
0x3be7b7b218b4a51f:0x7de9f37ae1f7f4d0,"₹2,100 for two"
0x3be7b7b69f942349:0xe9c691195d45c837,₹950 for two
0x3be7b7c89538d39b:0xad342929a73a7ec7,"₹2,000 for two"
0x3be7b900785a7fab:0x4e909ae920fc710,"₹2,000 for two"
0x3be7b94b3b411aef:0xacf353e60637e9f5,"₹1,600 for two"
0x3be7b9c6a12be635:0x3bdd4ee877a672fc,"₹1,600 for two"
0x3be7baa422438f0d:0x832b23dfe641cc08,"₹1,200 for two"
0x3be7bb000a03bcf9:0xeea2c2561350c052,"₹1,200 for two"
0x3be7bf8960971a95:0xf4ba01f918ea1384,₹950 for two
0x3be7c13af645de13:0x174ad54f2674af2b,"₹1,800 for two"
0x3be7c37ec47b5dd1:0xbf38927cdf862d0e,"₹2,200 for two"
0x3be7c631abcabef3:0x88b1bfef358ebeae,₹950 for two
0x3be7c7493941bb55:0x4d63641645c8a754,"₹1,600 for two"
0x3be7c7c15312e4a5:0x186f41bb6b09dc7,"₹1,600 for two"
0x3be7c7c173ee36ef:0x298f3f1f08cbcc6c,"₹1,700 for two"
0x3be7c7dd6147424f:0x5814bb61a15c620a,"₹2,500 for two"
0x3be7c8156606bd63:0x8f64a34f5806f471,"₹3,500 for two"
0x3be7c8234592436d:0xbd683de57cf9ee02,"₹4,000 for two"
0x3be7c834f95fffcd:0xf1fe542081ae685a,"₹1,000 for two"
0x3be7c83985555567:0xfe4e765081e8c2ab,"₹1,400 for two"
0x3be7c83ec508ead5:0x98a9b1236bd32557,"₹5,000 for two"
0x3be7c863e8557381:0xbabb50365fc5a001,"₹1,200 for two"
0x3be7c90012eea477:0x84fbbd3094fcc781,"₹3,200 for two"
0x3be7c90052894f47:0x9d5350f0400f3142,"₹3,500 for two"
0x3be7c90201d72adf:0x5f1e0198894ae05b,"₹4,500 for two"
0x3be7c917d2db43eb:0xd2639a41a723750,"₹1,500 for two"
0x3be7c9392e74b6d1:0x6eaf4f59b4f7a697,"₹2,500 for two"
0x3be7c962ab1b6175:0xec45ac6e12f7aa1e,"₹1,600 for two"
0x3be7c967916d991b:0x59251751baa07eef,"₹3,500 for two"
0x3be7c96d811b9ffd:0x24c006a5127258eb,"₹3,500 for two"
0x3be7c972e372dc89:0xa9a41da596e8190c,"₹4,000 for two"
0x3be7c972fc40dc83:0x6b509903b6e7a7d9,"₹2,400 for two"
0x3be7c97f64cc09e1:0x4dc3b7b23830e400,"₹1,200 for two"
0x3be7c98f447f1617:0x890493ff7deeb904,"₹3,500 for two"
0x3be7c99ab5fdba87:0x4e3ca7016c6b0aa7,"₹3,000 for two"
0x3be7c99dfd2d50f3:0xac93f06f0040bae8,"₹1,200 for two"
0x3be7c9c5aa4140fb:0xa67b0d7b2409d0d0,"₹2,000 for two"
0x3be7c9c90a4ab9ad:0x392a6b2e98662790,"₹1,200 for two"
0x3be7c9cb15e537e1:0x8f524d52155fe58,"₹1,900 for two"
0x3be7c9d3241b7f09:0x932685075c4a30a0,"₹1,300 for two"
0x3be7c9dc084f20e7:0x3364654ffcc2ca17,"₹2,400 for two"
0x3be7c9e650dbae8f:0x92a505026a4eb633,"₹4,500 for two"
0x3be7ce708873f2bb:0x4f10a243716163a6,₹500 for two
0x3be7cf00299b6f07:0x72a60bc3875c8024,"₹2,500 for two"
0x3be7cf313768ae49:0x80822c1938e45b0c,"₹3,100 for two"
0x3be7cfc6db5c2ed7:0x3bd4e04655cb16a7,"₹2,000 for two"
0x3be7cfcdf23648c7:0xf95bb2066a82e901,"₹3,000 for two"
0x3be7cfe46ce60a1b:0xe3b39ecec22cf780,"₹5,000 for two"
0x3be7cfeb6f75b975:0x87457523e29ac6bd,"₹3,500 for two"
0x3be7d1c30a9927b9:0x93f817f1a8e74b23,"₹1,200 for two"
0x3be7d1f39276d4ff:0x8cdc128f474443d4,"₹2,900 for two"
0x3be7e867dba39597:0x2ecd17abd0615f1a,₹950 for two
0x3be7be203d32ebdd:0x9d942010c121b248,₹950 for two
0x3be7958aa9b7d0ad:0xf3f6efe0301e26bc,₹500 for two
0x3be795634b9c54b9:0xd587a7e3056ec239,
0x3be79415247eca67:0x64681eeff0374a6d,₹300 for two
0x3be7bf4bf47e6ca9:0xb9491fc1f60b3ba7,₹800 for two
0x3be7958aa2661e09:0x59776678da106912,"₹1,000 for two"
0x3be7be206159f9a7:0xd0f9f96e0548959e,₹550 for two
0x3be7be20766ef1bf:0xaba89af2e838aa59,"₹1,000 for two"
0x3be795bdab89508f:0x28d1b159ebb1ed12,₹600 for two
0x3be7ce67408154bb:0x454c2bc2c6b6cef3,₹300 for two
0x3be7d10046e4fbcb:0xf2053438f8c73ea5,"₹1,500 for two"
0x3be7d120679f3af5:0xf891c891e8e6e5b,"₹1,800 for two"
0x3be7d1730faa14a1:0x676454f0bb87fb1d,"₹1,400 for two"
0x3be7d1c35c4fa691:0xc1ce95afc4fe5e3b,
0x3be7c92d2f259e75:0x8a15312176c02e05,₹850 for two
0x3be7c92e40b094d7:0xf0fa7bf1b3480191,₹700 for two
0x3be7c9933ee5ee51:0x1fdf84ec6c83f65b,"₹3,500 for two"
0x3be7c968e8d3fab3:0xba7845e831cb71e4,"₹2,500 for two"
0x3be7c92d84aaea07:0x941654e5e2f4e07f,"₹2,000 for two"
0x3be7c9f66753e0cb:0x57f88ab4a400f4d7,
0x3be7c91e7aaaaaab:0x85a286c6fd596dfd,₹200 for two
0x3be7c823a20fced1:0x7357ff1643464e8,"₹1,400 for two"
0x3be7b700583a18cd:0x608b5c1d9644490,"₹1,000 for two"
0x3be7b62c62d2a639:0x56f72b6bcc3ec400,₹850 for two
0x3be7b630ffffffff:0xd6b0444be5b91cd5,₹850 for two
0x3be7c8a645c07565:0x9617fecaf6c05090,"₹1,000 for two"
0x3be7b622933fffff:0xc765a16cbec0d93f,"₹3,000 for two"
0x3be7c8523d053da7:0xcae6909096ec9d6a,
0x3be7c8522c7aabef:0x7d8d9eeddbc10b92,"₹1,000 for two"
0x3be7b63f41b396d1:0x44d25b9d8e44b984,
0x3be7b7c87f843d1d:0x219a5ee9f12660be,₹950 for two
0x3be7c83c256f6a91:0x497dd43353bd8d01,"₹1,000 for two"
0x3be7c8bd0783d343:0xb7c373d117e6c3e8,₹850 for two
0x3be7c8bcae88fcdd:0xbc383a7e6eb24290,"₹1,000 for two"
0x3be7b649ddd2fde5:0xf96fc052243ded51,₹700 for two
0x3be7c9b8f7d203b1:0x1ed2f0056531e35f,"₹1,600 for two"
0x3be7c86da9057423:0x2e6abaa8bdc641d2,₹600 for two
0x3be7c86d106ecde3:0x28cf20dba037b46a,"₹2,200 for two"
0x3be7c86d26e314df:0x66cccae431d2234a,"₹2,100 for two"
0x3be7936bf87af2a5:0x38afcef45fc6e327,₹550 for two
0x3be7bb05d946cd87:0xd98847b3bc310324,₹650 for two
0x3be7b9f8d64a945f:0xac2181d0118df2e1,₹300 for two
0x3be7b97337d7bcd9:0x5056b21977950cf9,₹500 for two
0x3be7b86e528cb077:0x8d741a3923449c59,₹800 for two
0x3be7cf33e3f27a03:0x962caeb87d90b4f7,₹500 for two
0x3be7cf33a7ea2ef7:0x8c4083ae0776f0e8,₹600 for two
0x3be7cfc80e8d3eb1:0xfc1d9263362b4d2d,"₹1,100 for two"
0x3be7cedaf778daa7:0xda9e6c618aaedac6,₹600 for two
0x3be7930024e77c43:0x160dc73545d26fa5,
0x3be7b96de018b191:0x298aacc9a2a5a6a9,₹700 for two
0x3be7c14e932b1ff7:0x96fb63946cffd04e,"₹1,300 for two"
0x3be7c1cafe4fa86f:0xa6b16577e2f9d8a8,"₹1,400 for two"
0x3be7c1a412350e39:0x87fcb4b070caa054,"₹1,600 for two"
0x3be7ced13e26c6d9:0x9387a7ca264c564c,"₹1,000 for two"
0x3be7ce8fc390dfd5:0xfafd51e0b8013bd8,₹400 for two
0x3be7c9a19e149143:0xa673e7bd894b0401,"₹1,600 for two"
0x3be7c907176fdea3:0x86447a59472ef9a6,"₹2,000 for two"
0x3be7c99824616e79:0x943f749fba76c05e,"₹2,900 for two"
0x3be7c995e487917d:0xd538fb093390389,"₹1,000 for two"
0x3be7c9dbadb09d39:0x969fb64e4b924906,"₹1,600 for two"
0x3be7c997de1d06a7:0x5700d23532342de3,"₹2,100 for two"
0x3be7c941b093b28d:0x86cbd11dbb6f483d,
0x3be7c91adb7488a7:0x241cd2f66034e79e,₹300 for two
0x3be7c9d7307f96d5:0xd1fd12153506a602,
0x3be7b1ce4ac116f3:0xde3f315e08b56c7e,₹650 for two
0x3be7cedc5bfdce95:0xa9ad044f180ab263,"₹1,000 for two"
0x3be7ce1329b532e3:0x139a09aae34fd5e0,"₹1,300 for two"
0x3be7ce13022a45f3:0xa998975a3d665c0a,₹300 for two
0x3be7cf0a49d6ca79:0x5669b737c346bd85,₹700 for two
0x3be7cef2cb2f7d8d:0x3345a8b168a9eefb,
0x3be7c9290c2cc021:0xa6ac362d8d5a0211,₹700 for two
0x3be7c9924b46f86d:0x4faa6851cacfe623,"₹4,000 for two"
0x3be7c91166ff81f3:0x3fb7dda4a18a47f2,"₹3,500 for two"
0x3be7c9122b921bd9:0xd63399906379bdaf,"₹1,000 for two"
0x3be7c996782345d5:0xdc892a60418b4d91,"₹1,500 for two"
0x3be7c93027c364f3:0x56f44a1a997c8d3e,"₹3,000 for two"
0x3be7c83ec4e327b9:0xd5ec0ae667d4c81c,₹600 for two
0x3be7c83ecb2e4eb9:0xa5c947932ba93fac,₹600 for two
0x3be7b8fa32bec537:0x8890589236180095,"₹1,000 for two"
0x3be7b8fbcc5dd3b3:0x8e587c139866507,"₹1,000 for two"
0x3be7b9023d57ffa9:0x8608fe53f73af5fb,₹700 for two
0x3be7c611eecfffff:0xd18d7a82696364ff,₹700 for two
0x3be7be201e40a2a1:0xc1e1e0172132f2bb,₹700 for two
0x3be7bff72093c583:0x5fbfbe31acd3c5db,₹850 for two
0x3be7c141233dfd5b:0xfa5049030446c801,
0x3be79414d6f32f3b:0xc1a9b011c44124fb,
0x3be7bdad5bdf37eb:0xf2db0562939bb8c5,
0x3be7bdbfba136ad9:0xc42ed41912b7011d,
0x3be7bdb2b1c5e335:0x4fe46f7fdbe8d608,"₹1,000 for two"
0x3be79586b4c2adc7:0xc5073011c960c318,₹650 for two
0x3be7bf4bf3fef5b9:0xccc9e0198a53554,₹500 for two
0x3be7958a9afd7507:0xda09a35d711b5958,₹400 for two
0x3be7d1956fd83725:0xd565cbc2b1d8df1a,₹600 for two
0x3be7d1bfd970252f:0xd5673bf8b5e565d1,₹350 for two
0x3be7cee0876e42af:0x77ae8f200d9a9c31,₹500 for two
0x3be7b77a549d4fab:0x1303763c4c57235f,
0x3be7c9b82a9e4e3d:0x861ebb3708a64291,"₹2,900 for two"
0x3be7b6bd98dfd361:0x1860b4dc2e3394d8,₹950 for two
0x3be7b71beb7636d9:0xeec91f9aaf15b644,₹500 for two
0x3be7b7131ca975e3:0xfda7b0e33ddd6f48,₹300 for two
0x3be7b71ed51806a5:0x920a6e9a0fa6152e,
0x3be7c8bd9b046913:0xc582832bb8a98ef8,₹700 for two
0x3be7c796174ed0f1:0x75f2a105c50bf21b,"₹1,000 for two"
0x3be7b7b8c291c595:0x8f0c67892244d628,"₹2,200 for two"
0x3be7b7b5cb52882b:0xbea68d07841644d0,"₹1,000 for two"
0x3be7b7b955555555:0xf904c9756d3c06d3,₹600 for two
0x3be7c86cda9bab43:0x76b1b5bc06ddec5e,
0x3be7c87c55555555:0x4720c7587fd3e34,₹600 for two
0x3be7c9048b4bd1e9:0xffa85e3d3f9b076d,₹600 for two
0x3be7bb98d1b79beb:0x824c43a0434a53df,
0x3be7b92daeb4a1e5:0x91516eb292282138,₹300 for two
0x3be7b97367d72cf7:0x8a8ae68a4a59f6c7,₹250 for two
0x3be7c70fea8ce741:0x87a8017756b916b7,"₹1,000 for two"
0x3be7d1c0e1f70c81:0xa4af0ea659cee664,₹950 for two
0x3be7d1daffffffff:0x97010a84a66ea2ab,"₹1,000 for two"
0x3be7ce5ca81bc1e5:0x85d5fa4f1eec86fd,₹950 for two
0x3be7ce430eb7f191:0xae06636597fc7506,
0x3be7c17b5e33e8f1:0x438b1175e1a96125,"₹1,200 for two"
0x3be7c14e96633393:0x7dfc6558237a4bd5,"₹3,000 for two"
0x3be7c1839e12e503:0x71dd9af0b333f76d,"₹1,800 for two"
0x3be7ce2100f20047:0x86fe53a771f46839,₹600 for two
0x3be7ce2101c75129:0x8bd6bf44ca785207,
0x3be7b731132286c9:0xcd4219a5e0b205e4,"₹1,800 for two"
0x3be7c9e115013c21:0xf2f2ca7f37f4a5d5,"₹1,900 for two"
0x3be7c9a66d330927:0x62a952b57ede2783,"₹1,000 for two"
0x3be7c62fb687b31b:0xcc4126f955ecdf68,₹850 for two
0x3be7c9610daeabb9:0x5aefbea5d5986c3e,"₹2,000 for two"
0x3be7c7d459f0a52b:0x683eb0c037781809,"₹1,000 for two"
0x3be7c87232431b2b:0x56c89707ab67f4b,₹950 for two
0x3be7b6de7e311279:0x80729f948952ac28,₹700 for two
0x3be7cf30d0d97479:0xcad8f56c7b81dac2,"₹13,000 for two"
0x3be7ce13b11bb56f:0xdabc89476e48f3e9,₹300 for two
0x3be7ce123e899ba9:0xdfdf128467f241e0,
0x3be7ce12538539df:0x59a63dd5d1704a51,
0x3be7ce13a79a1911:0x759a0dc64ceb4eb1,
0x3be7cedb5f754a07:0x1fb674ee90ebdf29,₹950 for two
0x3be7cedc9bfa4fe7:0x1214b6ef1174c500,"₹1,100 for two"
0x3be7cedc9eb1fc13:0x2dc821a0173e881f,₹800 for two
0x3be7ce57e8959737:0x6be47fbf39a774b2,₹400 for two
0x3be7b625afb6706f:0x564dd4d2190c6c07,₹850 for two
0x3be7c9b6c4fa0b37:0x8578bbe962e4f831,
0x3be7c9b6ddade08d:0x1e141350c02cc20f,"₹1,000 for two"
0x3be7b7a38b6a4ee1:0x6e4102b63254228e,"₹1,600 for two"
0x3be7c6019121bf75:0x215a99fc195d6e41,"₹1,000 for two"
0x3be7b6ee6f7e0b0b:0x17b72cb5398bfc9c,"₹1,000 for two"
0x3be7b6e6a8407f3b:0x5b5f4233da297beb,"₹1,000 for two"
0x3be7b0efbc8d286f:0x5739bb74471afa9,
0x3be7c9c63acd01eb:0x190f3c3094cda012,₹850 for two
0x3be7c9fdad56933d:0x739ae124c324076e,₹500 for two
0x3be7c99fa4e4ab9b:0x868b08b58a952ffb,
0x3be7c8443fffffff:0xf6dda17f47cf2496,₹800 for two
0x3be7c9006531d4a9:0xfdba69b72e2af81d,"₹1,300 for two"
0x3be7c832395d6d73:0xadbc190c4ae04d6c,₹950 for two
0x3be7c93f13ac791f:0xa4afadb6f810ce0a,₹700 for two
0x3be7bd013da1476b:0xb393b479a7244536,
0x3be7b9bff99a6627:0xe7e9b463f761fbef,₹500 for two
0x3be7b92748d71bc7:0x5d59e514a36dd27e,₹600 for two
0x3be7b9275ea3e8ff:0x927c1695ba05bf1c,₹550 for two
0x3be7c894c58d2fa7:0x6c8fdeae8ea3fb52,₹700 for two
0x3be7b7dcf5f3491f:0x8646712b8274436c,"₹1,000 for two"
0x3be7b85e5f761c6b:0x77c5c2ab7f59d2e6,₹850 for two
0x3be7b9ae65ef5d7f:0xcde33a8a1d493e10,"₹1,600 for two"
0x3be7ceea3121b32b:0xe89b7da78cc7f55e,₹600 for two
0x3be7b7b421b68c0f:0x17a2007a72423130,"₹1,000 for two"
0x3be7c8d7abbea4ff:0x2dc483bf3e52e725,₹200 for two
0x3be7ce1f7e69d665:0xdca6fd8ca9cc9b8b,₹500 for two
0x3be7cecf6be3e423:0xe047353c77a2614c,"₹1,600 for two"
0x3be7ceea2b075cad:0x81ceedde54033403,₹600 for two
0x3be7ce40a68568dd:0x75a63c164c4e209d,₹200 for two
0x3be7b7e597a0fc1b:0x669483b3ecc28ada,
0x3be7b7357bc039a3:0xae75dbe343dbba7e,"₹1,000 for two"
0x3be7c7bd87f8cc61:0xd368aab1b48aada5,₹800 for two
0x3be7c7f1a1a6a581:0x200fb260d45585d3,₹500 for two
0x3be7c7be6a130b4f:0x5002516c40af96b3,"₹1,100 for two"
0x3be7c7ed07c1a1ff:0xfcde880ed9a9ef08,₹500 for two
0x3be7c7cf53dd3ff7:0xfdfc0cca55975303,"₹1,800 for two"
0x3be7c8c9aaaaaaab:0x1bb62c4150224982,₹450 for two
0x3be7c976293de911:0x844b1c44fce88e40,
0x3be7ce1f78afd7cf:0xf215707f8e3aa216,
0x3be7cecf425c4799:0x56f3115acac8a501,"₹2,700 for two"
0x3be7b1206339ab27:0x4ef91fb1a538cacc,₹500 for two
0x3be7c83224143d35:0xc1d32eed0f298ade,"₹1,000 for two"
0x3be7c82d43737809:0x670e14b45fcaa6ff,₹500 for two
0x3be7c8397b13ee17:0x1acb60284a40799e,₹550 for two
0x3be795b3ef8f6109:0x63423a63e9ea49f2,
0x3be7b8e1109d1ed7:0x19eae57501daeb18,"₹1,400 for two"
0x3be7c3ddd4e3d8a5:0x11ebfa4dacdec680,
0x3be7b7d323cfa29f:0x5350e1767ca6eef2,₹450 for two
0x3be7b7a661091231:0xa13d84037b64dc0c,"₹1,000 for two"
0x3be7c9b4d3c1a919:0x80d52caf84ea2ace,₹650 for two
0x3be7b85f6fffffdd:0xf3ba5d65ba1a9300,"₹1,600 for two"
0x3be7ce8fe1289fad:0x2abda35e0e7c405c,₹600 for two
0x3be7c8cd95f78781:0xe941508e42dacb15,"₹1,400 for two"
0x3be7ce123c4efa6b:0x6ff39503f3aad604,"₹1,200 for two"
0x3be7cf24d533b475:0x14bb9cd77382531a,"₹1,200 for two"
0x3be7ce71c7c00b11:0x53c761ab9b23313e,₹300 for two
0x3be7bd877fd56a55:0x7fac05fbee3593c8,₹800 for two
0x3be7b93f9a9aff67:0xa0cc8f4ab7c8b765,"₹2,500 for two"
0x3be7b9aeba917ceb:0xc407e5baa9c52bd5,
0x3be7b90d5d5154c7:0x381264f412d983d3,"₹2,000 for two"
0x3be7bdf9bb00cfc1:0x2506e07524ff327e,
0x3be7c94dc2d4509d:0xb656c53418dcfa17,₹600 for two
0x3be7b0e2c8b12211:0xe7eb68ce83030a8c,"₹1,500 for two"
0x3be7ce166c753635:0xc416b59bd8decb43,₹650 for two
0x3be793983f1ad4f3:0x1651f6735f2c8178,₹950 for two
0x3be7b9eaecb34c3d:0x1cc599e99ed24bb4,"₹1,600 for two"
0x3be7b9f38493849f:0x484870f49148a542,"₹1,600 for two"
0x3be7b94070bcaca3:0x9a520f000403c782,"₹1,400 for two"
0x3be7b94f1a485ff5:0xeb6df69b0b441411,"₹1,500 for two"
0x3be7b93f85bd6afd:0xae75a749406933ae,"₹2,300 for two"
0x3be7bff7fee27c03:0x9723efeccd622b5b,
0x3be7b0e2ddf18cad:0x2e572370e3ada6d0,"₹1,000 for two"
0x3be7b640f21d89ed:0xb1aa37147037cdb6,"₹1,100 for two"
0x3be7b6379aaaaaab:0x204c9175902277cb,"₹2,200 for two"
0x3be7b7200a11c781:0xab8f573690338df4,
0x3be7b7a012f3c535:0x597fbfc1dbca7512,
0x3be7c9946d3c5285:0xa9d747d9bd3e1be8,"₹2,300 for two"
0x3be7b76deaa73e0f:0x318d07bd5a233fbb,₹950 for two
0x3be7c7db682ff097:0xd2b60cc1dcdd91dd,"₹5,000 for two"
0x3be7c7ca72b7a2bd:0x3abf53fdb46c2815,"₹1,500 for two"
0x3be7b9a6cdb44393:0xdbecb48aa58c6289,"₹3,500 for two"
0x3be7c7e6efbcaf09:0x49365ca81b6acb18,"₹3,000 for two"
0x3be7c95e8410b8a9:0xbe08ca64a9147aeb,"₹1,600 for two"
0x3be7cf59395acd83:0xb3dee494749c777f,
0x3be7b701648ae499:0x9a30184a91233be3,₹700 for two
0x3be7c99c87816a17:0x8c69427a1dd81ea7,₹300 for two
0x3be7c7ce67a676ad:0x36f16657d10893c6,"₹1,000 for two"
0x3be7c62d3b03ca7b:0x3386823d7996f5ce,"₹1,200 for two"
0x3be7c91bdfb828cd:0x2aa41d9490bb7db5,"₹1,200 for two"
0x3be7b5e1efb59ae5:0xd34af4f0db09c104,₹300 for two
0x3be7b73804160b1b:0x1b7e1e62f5a34f0e,
0x3be7c87180a3c569:0x7828421a61f5e7e2,₹700 for two
0x3be7b9eac1ccdfc9:0x100f3be75e2a850,₹950 for two
0x3be7bdf04a546aa5:0x40138ddb77f5f924,₹700 for two
0x3be7961b2a356cf3:0x218a36fcf18cfe3b,₹300 for two
0x3be7c9f9976689e3:0x65fa8ec33ab59e9d,"₹2,000 for two"
0x3be7c93fb762ad13:0x9d8797dacfdc5f55,₹600 for two
0x3be7c99159464e07:0x4f0b695b1d199b7a,
0x3be7b0e2c92613d3:0xa6ae61919d1df690,₹950 for two
0x3be7b78643a2e23b:0x9ca47c0f3c1cbaa3,"₹1,200 for two"
0x3be7b7a75bd219d1:0x7d9e9bedb9e0de09,"₹2,000 for two"
0x3be7c723fc4d281b:0xd99dbb8e2d627b0c,"₹2,400 for two"
0x3be7c7aa1a69380f:0x99fe06ee6c7177a6,"₹1,000 for two"
0x3be7c92a327da461:0x5ae28ae5c11a9ed9,
0x3be7c62d25c0c6e3:0x9e9717eef63a0051,₹900 for two
0x3be7c9b6ce72e349:0xf9ce8b7f8f850492,"₹1,000 for two"
0x3be7c91a59bb39ed:0x9d1d2243357a02c3,₹650 for two
0x3be7c96b6a300277:0xbc3a3c573edbc20a,"₹2,000 for two"
0x3be7c8878feb440b:0x98381f6f35cbd137,"₹2,600 for two"
0x3be7c87d6e276f49:0x1798bb223c64bdee,"₹1,500 for two"
0x3be7b754f302dc9f:0xc7e76f133082a18e,"₹2,500 for two"
0x3be7c9d98e255e55:0x2be693621d065797,"₹1,000 for two"
0x3be7c88cabc37395:0x3b5605717ba8f3d2,₹200 for two
0x3be7c994d7e20789:0xbcd8b9c91da20da,
0x3be7b7b43c6b1a73:0xce68b2f771eacd8b,"₹2,300 for two"
0x3be7b7fda494a497:0xbcf59eaf1338c0f0,"₹1,200 for two"
0x3be7b6e25c483eb5:0x8fa1c95332940dab,₹350 for two
0x3be7d1fffdcbca7f:0x86160950d845743,"₹1,000 for two"
0x3be7d1da6a3b63c1:0x2cd0e6a96b41de18,₹850 for two
0x3be7d117d9a411bd:0xc398bd5c8ae14fe1,₹850 for two
0x3be7ce94aef6cb1f:0x6c3424e07ab6a91e,"₹1,900 for two"
0x3be7b704fc381155:0x21992d9949a871ac,"₹1,200 for two"
0x3be7c99454009a2b:0xa311598954cb2ff9,₹800 for two
0x3be7c82d7d330aa5:0x93ef74873ce6d907,₹500 for two
0x3be7c835ca54dbc3:0x3550a2d135083a46,₹850 for two
0x3be7b7058692608f:0x1a464200f8f69500,"₹1,700 for two"
0x3be7b7e450b3668b:0x8a75285b3b18eb2e,
0x3be7b774ffdc19b3:0xe399ff6b5d032ebd,"₹1,200 for two"
0x3be7ce13cb6e1a31:0x7a7ad4596391c363,"₹1,100 for two"
0x3be7ce13b2202ceb:0x7feb7258bd74f62d,₹950 for two
0x3be7ce13af978acf:0x8c4f61e8fa9c44da,
0x3be7ce124d636ac7:0x20fb81def4d6669e,
0x3be7c96e2c847095:0x19177df5462ceef0,₹500 for two
0x3be7c9f263c3e5db:0x21a0ff441c7e9aa9,"₹4,000 for two"
0x3be7b7216a045fcd:0x4a869b734cf22619,₹600 for two
0x3be7b8fc728eaab5:0x6b52ff6eb57e42ca,₹850 for two
0x3be7c8a2abffffef:0x64063b249d716323,₹600 for two
0x3be7c9007cf4e791:0xc55252d326e339e1,"₹1,200 for two"
0x3be7c88965af76c1:0xf88e994db024d795,₹500 for two
0x3be7c8c53e2f135d:0x4c8feba5dfc3cd55,"₹1,200 for two"
0x3be7cefda194d46b:0x99e837db56cbbcf6,₹600 for two
0x3be7cefda6985be7:0x827d1db49376d3d,₹650 for two
0x3be7ce3035fc9cdb:0x817c11cc36b59b4f,₹300 for two
0x3be7cfe1de5cd917:0xfc91b326e8eb1f5d,
0x3be7ce648c707c69:0xcec00945fadadbba,
0x3be7d1187337b6d3:0x976acfa735e1db18,₹700 for two
0x3be7d1da31e4842d:0x75131d4d121657a7,₹550 for two
0x3be7b0e499bf2d87:0x46c635eb3d8add1a,₹600 for two
0x3be7b6e314870bd5:0x50a9a5003f43059,
0x3be7b6e39f868be7:0xe3f2d477f38c4c5a,₹400 for two
0x3be7c80f71aaab9f:0x2850f5c21130757e,₹500 for two
0x3be7c9502b902225:0x542298954da99e67,"₹1,900 for two"
0x3be7c8a50afcb3eb:0xf9e4412ce124db60,₹950 for two
0x3be7ce7539eb6125:0x619614b420b0f9fe,"₹1,900 for two"
0x3be7cee700000005:0x3121b393023e1cde,
0x3be7c91f4f67a76b:0x2743b42fd4d5d526,₹900 for two
0x3be7c916b4546877:0x38c6b20858456fa9,"₹1,200 for two"
0x3be7c98bddbf1eb9:0x2ddabe6c012899b7,"₹2,300 for two"
0x3be7c8397b13ee17:0x3639f8ae20d77d1c,"₹2,000 for two"
0x3be7b78ae0da96a7:0xbc78360ffc31c0a1,
0x3be7b7a06d356ba5:0xe4a0f956ee805d92,"₹1,200 for two"
0x3be7c742bf839f1d:0x5617440a72252100,₹700 for two
0x3be7c70003fa62e9:0x1d986a0c4df105d1,
0x3be7c63029f642bd:0x1bc20961bba23e67,₹950 for two
0x3be7c631eb762193:0x80f56ff05f11d956,₹900 for two
0x3be7cf5e068d38fb:0xdfe961bf01747fd,₹700 for two
0x3be7b8765bc7db81:0x6e43c1482a59ab71,"₹1,400 for two"
0x3be7b876e371b68b:0xcf98e6d28c5d2c18,
0x3be7c8d75ba85d3b:0x1c682ae04066d948,"₹1,000 for two"
0x3be7c90abf04af83:0xc4c627f1157758,₹500 for two
0x3be7c86cda0af0b9:0x8523ee43a08403d2,
0x3be7b93505c0b13d:0xb391a19212c6cc47,"₹1,800 for two"
0x3be7c8e8bc55721f:0x34f570639fa5d2d3,₹500 for two
0x3be7b794220c12d3:0x6413e852d7ea5618,
0x3be7c834b67dc485:0xbcd967e1ea68882,₹550 for two
0x3be7cf16d63ed019:0x32b2f9ecc3bf0568,"₹1,200 for two"
0x3be7c7e4fa3be293:0x1248d936d732350,"₹2,500 for two"
0x3be7c88096397f43:0xad67d4b96783b530,₹650 for two
0x3be7d1dbfd17e84d:0xcdab720419b46f8c,₹600 for two
0x3be7c8515f1ec8bd:0x5a3d34ca0d4902bc,"₹1,000 for two"
0x3be7c93d2dc81935:0x3077414def68e7d7,₹950 for two
0x3be7c957cf3f54f5:0x73d0644c521db136,
0x3be7cf0000f4cbbd:0xce099e914fa940f3,
0x3be7b7bc56616e5f:0x5848d62425c13b3f,₹850 for two
0x3be7c67a8cf4db47:0x91db1bdf4addebca,
0x3be7c60426670af9:0x32b82c50853b4b2c,₹450 for two
0x3be7ce1f2d94af8d:0xcf585a04602535dc,"₹1,000 for two"
0x3be7cddf8bffedb3:0x20686d11fb73d19b,"₹1,800 for two"
0x3be7cf21727d5445:0xfc51846ae2718d84,
0x3be7c9bf739a213d:0x4f1f0cd9ed5de9d5,
0x3be7c91fd051de1d:0x6b24fc9ab779ee6e,"₹2,000 for two"
0x3be7b6cf1f733763:0xc0b872373e92350,₹250 for two
0x3be7c71ed6f8d5b3:0x20cd826175cb9806,"₹2,000 for two"
0x3be7c7e4faf12427:0xfe6c51a30610eebd,"₹2,400 for two"
0x3be7d1dc055a519f:0xadcee2ec026a6d37,₹400 for two
0x3be7b7b2c43a342f:0xf597c1394e2221f,₹200 for two
0x3be7b7e9573a0cad:0x8e8d6e5717ee7be1,"₹1,500 for two"
0x3be7c63b74b031ab:0x707d247953f56311,₹900 for two
0x3be7cf140eb98655:0x180cb954d4769bfe,
0x3be7ce8c6d587cd5:0xb1fe6335770df25,"₹2,500 for two"
0x3be7ce8c60c1a6cd:0x99d779c187855b53,"₹3,200 for two"
0x3be7ce8c7ff6ac85:0x6898bcdf062fa8e9,"₹1,500 for two"
0x3be7cfae08b874d9:0x2ce661d0fd56e791,"₹2,000 for two"
0x3be7ce8c8882b2ad:0x43e7339c8ffd9a13,"₹2,000 for two"
0x3be7c9a99b81772d:0xa07b2428e500dd8e,"₹2,000 for two"
0x3be7b9e318d181ed:0x704a020e04aa4c7c,₹400 for two
0x3be7d1dd5837994f:0x11a3ed8ec200c858,"₹4,000 for two"
0x3be7cef12a7e2fe9:0xbde596138de2b0e1,₹600 for two
0x3be7ce22ebd773cf:0x7dbfefac39e43f8a,"₹1,100 for two"
0x3be7ce21b47d2b77:0x23df539dc529ccb1,₹500 for two
0x3be7bded519a56f9:0xa13a69326e6afe57,
0x3be7c13977f1e6cd:0x71f4804ca2b0cc31,"₹1,200 for two"
0x3be7cffccb704dd9:0x290be37ef7a3c416,
0x3be7ce8c79a45839:0x8a13f6a0ac848bbb,"₹5,500 for two"
0x3be7c95a96b73a07:0xf4d4919f042ba798,"₹2,000 for two"
0x3be7c787e26d1ccf:0x1d7fa1dd02b27434,₹400 for two
0x3be799f2f530a367:0xcbcbd84077862686,₹300 for two
0x3be7bec036b0f7d3:0x85be86624344465d,₹950 for two
0x3be7c1ff52fade67:0x4a16ccf371c90f36,"₹1,200 for two"
0x3be7c1ab52d45193:0x9997d9e7f7c1ccfc,"₹1,500 for two"
0x3be7c196043cc7a5:0x524c1293c9bdbcf3,"₹1,800 for two"
0x3be7c14ef456b8e1:0xb2fdd2934eec9a32,"₹1,900 for two"
0x3be7d1876fefaba9:0x8ff7a4f791a20da2,₹600 for two
0x3be7d1daffee4cf9:0xd5f44e88486092c6,"₹1,000 for two"
0x3be7d1db660560eb:0xdbc4c08f3ea94474,₹500 for two
0x3be7b76e5fd7d3e3:0xfbed7929308bbfb9,₹400 for two
0x3be7c80f74b9250f:0x6c84c00381cf808b,₹400 for two
0x3be7c82df4b38aa7:0x866bf0a6c3784d1c,₹800 for two
0x3be7c937d7e28f2f:0xf3fd5c753882b35b,₹500 for two
0x3be7b8fbd5f92d2f:0xbcd3d502efdb4de6,₹800 for two
0x3be7c8a5182c5fd9:0x21068b43f8425778,₹700 for two
0x3be7c8a4e7cc159f:0xf6612a7d8c593c8c,₹300 for two
0x3be7ce74d553fd8d:0x12ae9bb086522179,"₹1,800 for two"
0x3be7c92dac1b289d:0x879f4dfa9727d9d0,₹500 for two
0x3be7c92d682d1301:0x7da20104a5e8b5c6,₹500 for two
0x3be7c9dd6139de5b:0xb261af3459a2d6dd,"₹3,500 for two"
0x3be7c8a5baa0a60f:0x4f70f3406d7d66b9,₹700 for two
0x3be7b783bc4573bb:0xefc55e89c644aaf9,₹500 for two
0x3be7b7a7e261c537:0xaf179c2cc87cf43,"₹1,000 for two"
0x3be7c8c542a5de81:0x1a8373a565081a2,"₹1,000 for two"
0x3be7cf6821987d49:0x51d3f56b6a17e7b0,
0x3be7cf007ddded21:0x5cfed40e2787d39f,"₹3,200 for two"
0x3be7b7b36238265b:0x7cf332906b5fa071,"₹2,400 for two"
0x3be7c9748d3eb87d:0x5e1a8463640f3aa6,"₹3,500 for two"
0x3be7c97460593921:0xe2c24e7cb355862a,"₹1,800 for two"
0x3be7c9c4b295cd61:0x951e2533b5cd6af5,"₹1,200 for two"
0x3be7b7e1a8e84107:0x1e0409246a465c47,"₹2,000 for two"
0x3be7b7ea7595b211:0xebd319c1c2d81b37,"₹2,500 for two"
0x3be7c91d06b7297f:0xf9eda5e8b551704d,₹600 for two
0x3be7b10060e82695:0x4b5ebd041ff7190f,"₹1,500 for two"
0x3be7b1005de9d0ab:0xd55a8304f9f87df4,"₹1,000 for two"
0x3be7b17d5987a3cb:0x5afe78c10c37db5,"₹1,000 for two"
0x3be7b946dc0de615:0x557fb3048d647cbb,₹800 for two
0x3be7b18daa6f0817:0x4d25d61c2ca115ab,
0x3be7c93914e07f6b:0xc287224df40e5cf6,
0x3be7c70f4c34da15:0x13b1012cfb7e905a,₹500 for two
0x3be7c7c1bc0f8439:0xc860c1455f87827c,
0x3be7ce25eebc63a3:0x12e7db969d20762,
0x3be7c97fc0faa1df:0x43954ff88ae715bd,"₹2,000 for two"
0x3be7ceeb82944169:0x86158f44565c5038,₹350 for two
0x3be7cf3cd1d748f7:0xf5405ea85068b76d,₹650 for two
0x3be7cf2237b0b075:0x56e143727149873,₹950 for two
0x3be7b7c6ec70763d:0xda9eb951309b84f4,"₹3,000 for two"
0x3be7b7e9e048425d:0x8c8f5e9418689d63,₹400 for two
0x3be7b7c3154bc7c5:0xfd1c7a3dc152e8c8,₹850 for two
0x3be7b9fd8717c3c9:0xcbd3c11ba139793a,₹900 for two
0x3be7b9737558ee93:0xd49d662f3d7bb78f,
0x3be7b14d5f7330c1:0x31184b9b34d8849f,₹750 for two
0x3be7b1e3b59a761b:0xdd979e6bd375a01f,
0x3be7c9d6285ff66b:0x5105360b7534e95e,
0x3be7c77bdb1bf583:0xb4ca1e1f75220a44,"₹1,100 for two"
0x3be7c8a0848f9843:0x282e125cbd66bbcf,₹900 for two
0x3be7c61fc34d0fd5:0xe55a33ea4e6b348f,₹500 for two
0x3be7c61e497c186f:0xce2223aa0fadbb02,₹850 for two
0x3be7c7276ca7d591:0xb7301053912ffa7f,"₹1,500 for two"
0x3be795839662f78f:0x8307144efc686228,"₹1,000 for two"
0x3be7958468e1266b:0x712a3a66397398c8,₹400 for two
0x3be7b92906af9761:0xebbe13d3a82fb14c,
0x3be7c9b14ddbf273:0x5259b0ea5fd423f9,"₹1,100 for two"
0x3be7c9ae22df7d05:0xe95acf3cac214561,"₹1,600 for two"
0x3be7c9b3f8b5e5e1:0x77575fa98360d30,
0x3be7c8257a888ecf:0x16cc8441781f97d6,₹700 for two
0x3be7c986e847c255:0xa899290f19d8132d,₹950 for two
0x3be7c975d56a28a1:0xa34998b4692a472e,
0x3be7c3be97405c39:0xdf46dcb7dde0ddbf,
0x3be7c319c6f42d4f:0x26c3dd7c9b2b9b5e,"₹2,400 for two"
0x3be7c3dbfbc666b1:0x47e11a52a8454cf,
0x3be7c37919ed65f7:0xcf15cfb5f4731e46,
0x3be779e44aa8f92b:0x62b489ebb30b6b21,
0x3be7b944e24493d7:0x6bdc4571648f2afa,"₹1,200 for two"
0x3be7c7bc9ab3eaad:0x961967d0ab972976,₹850 for two
0x3be7c16bdce475d3:0x66434efd89b963be,
0x3be7d1dc9f291335:0xa98b317ad41f9352,"₹2,600 for two"
0x3be7ce3f60f12969:0xdcf50f768f9d93d7,
0x3be7d1003712bd7f:0xed8874ea8af92970,
0x3be7b11956ab8791:0xbdf9824938b28980,
0x3be7c87164fbb5e7:0x93705c0aa703d239,
0x3be7d1e96fffffff:0x5d6c2fe528bcb0ae,"₹3,000 for two"
0x3be7b1ce1dbdd729:0x8a9b7606d741d7ba,₹500 for two
0x3be7ce5723256149:0xb343413d4274008f,₹300 for two
0x3be7d1dc9c50a3e3:0x32cd14da50b6bc07,₹950 for two
0x3be7ce5f13341189:0x13eaaee8b6f620cd,
0x3be7cef587c6537f:0x86cefabc012e106,₹500 for two
0x3be7cef58ef276e5:0x433f0730fb08be10,"₹1,000 for two"
0x3be7b17121d50b17:0x5b5b1646199423b7,₹500 for two
0x3be7b0d0eac9de5b:0xef0d2f1c4d12dc8c,₹950 for two
0x3be7b0d0f462eec7:0x19e3c5bb8c97578d,
0x3be7bb90caf77b51:0x213bc890c22ca912,
0x3be7bd9b43a4c485:0x513ceb6459002bd1,
0x3be7c3bd9ac49973:0x61c6d0c6b87a86e8,"₹1,800 for two"
0x3be7c3e7a76e4509:0x8e3837fc2f88af6e,₹500 for two
0x3be7c3dbee9d9d17:0xef711f953e24a2bb,₹450 for two
0x3be7c394004c0e6d:0xcf6a8ba84160fb0a,
0x3be7b93c2ae9bb19:0xa6bce0059888057f,₹600 for two
0x3be7bffcb5311631:0xfb1a7d156a0e6819,"₹1,700 for two"
0x3be7cee938c6654b:0xf2f1a42daca3e8c4,
0x3be7cf11ef503517:0x677c4378765552a9,₹800 for two
0x3be7ce1837b2403b:0xf272b67167648c56,₹700 for two
0x3be7ce7a4653635d:0x74c5b7f1a94e8a40,"₹1,000 for two"
0x3be7cecd6ca83131:0xb7179138ec9c4e7f,"₹1,000 for two"
0x3be7cebe44b677e9:0xee45f422590daed8,₹200 for two
0x3be7cf266ec992ab:0x9f7e81dd52836675,₹600 for two
0x3be7c9b2e64cb2fd:0x37e2fd07d5930a79,
0x3be7c7cd845de3a9:0x24405ab862c8eb10,
0x3be7c9130e1f0541:0xf8377c5b6612c8fd,₹950 for two
0x3be7cee93e5bcdf3:0x54343fbc28e70a12,₹400 for two
0x3be7cfc1c35fdc6b:0x6c84613839769cbe,"₹1,500 for two"
0x3be7cf030c6bdfb3:0x46145c0c15675ddd,
0x3be7ce89408e0ec1:0x2b25ba95eae9ee19,₹500 for two
0x3be7ced238692387:0x69ce5a63dfee8e10,"₹1,600 for two"
0x3be7ced23bb30573:0xd1fb1f926ce3bfdc,₹600 for two
0x3be7cf4cf88d1893:0x8c0184098a6aba7c,"₹1,000 for two"
0x3be7c618d9df4c39:0xba7acab95c391308,
0x3be7c75f50cab543:0x6e550a0661171ced,₹300 for two
0x3be7c8a5f0004ef1:0xe009c98a8657f39b,₹700 for two
0x3be7c8a5efc1b61d:0x8cb695b252331e68,"₹1,900 for two"
0x3be7c7d4b5b25441:0xa0511008602ada9f,₹600 for two
0x3be7c913086b5387:0x92fecf0ae6c51992,"₹1,500 for two"
0x3be7c9d56d7a47a5:0x156a36da76230a3a,"₹1,500 for two"
0x3be7c9000b7ea85d:0x2a43d55c7519ac46,
0x3be7b0e7ee235c0b:0x8763690132db25f3,₹700 for two
0x3be7cfde3c6e0b93:0x4bdc0e862f48b6bf,
0x3be7b8fe195531a5:0xbf0ba2d16d1cddb0,"₹1,800 for two"
0x3be7b75cbd2b314f:0xf3d3e8a56e76d364,₹500 for two
0x3be7c9bfb68f75bf:0xcea56cf24c24f664,"₹2,500 for two"
0x3be7c9e1efc4d20f:0xa762e20757f25464,₹600 for two
0x3be7b7c18fde4fa5:0xb75bf7d218587bab,"₹1,800 for two"
0x3be7b6034770c06f:0x91663497eab95a48,"₹1,000 for two"
0x3be7c900052c9bab:0x48ea945759c3526e,"₹3,500 for two"
0x3be7cfa0787d5119:0x6191057da494a8d5,₹950 for two
0x3be7cf325555553f:0xf30e575d6c24c682,
0x3be7cf17a48c7e17:0xd2572a6fdbbcd9cb,"₹1,300 for two"
0x3be7cf2d8f2b0255:0xa449348e8c89f9c1,₹700 for two
0x3be7c7ff6b02b467:0x873af0f06ecd81b7,
0x3be7c90e7993770b:0xfd9b70e4931d2cd7,₹800 for two
0x3be7c9aeeeb6b9e3:0xaf435d602e887f76,"₹2,700 for two"
0x3be7c9c2c5d641c7:0xddeeb2ec5b37752e,"₹2,800 for two"
0x3be7c9bd2dd39b35:0x88e3fcf87797f889,"₹1,400 for two"
0x3be7b7059e502a55:0x6f3aad59779f0942,"₹1,400 for two"
0x3be7b6fdde422fed:0x2506a895222dda55,"₹1,000 for two"
0x3be7b73d0772b243:0xdbb001d04790ad8d,₹350 for two
0x3be7b70019b6aded:0x71bc7fcab47b76d9,
0x3be7c8443de96063:0x150d7b82b2fa0681,"₹6,000 for two"
0x3be7c9d2d27917f7:0x653ea484266acd7b,₹700 for two
0x3be7c9d1a190c0a1:0x7cddea4ae446598d,₹850 for two
0x3be7b12027f4a703:0x8d40e10573d9157f,"₹1,200 for two"
0x3be7b0d73f3b64bb:0x6029da0bebe2828,₹600 for two
0x3be7b0d0c77155af:0xb397e85aafd09574,"₹1,000 for two"
0x3be7b6bc7f75e841:0x105e2e66fa02a083,"₹2,000 for two"
0x3be7b725fff36593:0xd811ff25d154ac25,"₹2,600 for two"
0x3be7b6bf58bed4bd:0x4d4aa1483a950de1,
0x3be7b862ff22e56b:0x7552c2d49409e49b,
0x3be7c83efbb5bccd:0x88644402fc0e76bc,"₹1,600 for two"
0x3be7c77779897883:0x9abb47495273443,"₹1,800 for two"
0x3be7c620078a808b:0xb3d1e85c63db59fa,"₹1,400 for two"
0x3be7c7573eead34b:0xc6f87abaf66c7d58,₹700 for two
0x3be7c61997586915:0x9e82034956a4211b,
0x3be7cf4366f8b2a7:0x33f86c6d833ab0ad,"₹2,000 for two"
0x3be7cef0efe167db:0x8208ed2a04ba66cf,"₹1,000 for two"
0x3be7cefaa4118253:0xbebd4b1fa4d0bc5a,"₹4,500 for two"
0x3be7cf0070ebf053:0x3f5fe7f94c52b7cc,
0x3be7ce7d49755595:0xa8fc96af7be59714,"₹1,000 for two"
0x3be7b9d218e4c7c5:0x74e9c89527baae85,
0x3be7bdabb25070cf:0xa9d8d42db4766307,₹250 for two
0x3be7b9934c2ee131:0x391e966aa6cfb4c4,"₹2,400 for two"
0x3be7b905e82a78b3:0xbad11322f2d2bd8,"₹1,300 for two"
0x3be7c3000ba6d4b9:0xafd770bd6b614b3,₹850 for two
0x3be7b61de6dc39cd:0x8ef2d5d54118544d,"₹1,800 for two"
0x3be7b61ded59e91f:0x56e59a1ffb3e2964,"₹1,500 for two"
0x3be7c96679ecff3d:0x157d2909b12ddc95,₹100 for two
0x3be7b70238078209:0x1a78e70cf2da2e63,"₹1,800 for two"
0x3be7b7dc869fb413:0x184ecbeea0d388fd,"₹1,700 for two"
0x3be7b70185a82061:0x1d6d4778d75e7fb7,"₹1,400 for two"
0x3be7b6ee3b701d81:0x67b9da423f3bfa22,"₹1,800 for two"
0x3be7c8f6d0e12a1f:0x45148f58fec1e86b,"₹1,000 for two"
0x3be7c8f130000001:0xf87673e06aca5d42,₹850 for two
0x3be7c863e8557381:0xb31b6fd19a1dfff4,
0x3be7c86ded542b17:0x2269e4e53c3784c1,"₹1,000 for two"
0x3be7b85fb9966ed3:0xf224d664d19d1ad7,₹350 for two
0x3be7c66c8ff52145:0x721249c8ba45cbd0,₹400 for two
0x3be7b87bb0081897:0xc56716e85ab6e175,₹850 for two
0x3be7c7cb85bb6645:0x466fc948f0ca1a84,
0x3be7c7e45912caad:0xc8c7150336adffa5,"₹1,600 for two"
0x3be7c880b480a43f:0xa2f174aacdb20e86,₹850 for two
0x3be7c9c4a59962a7:0xf62451726ebba467,₹900 for two
0x3be7c944791b89b7:0x88a78a369b61b43e,"₹1,500 for two"
0x3be7c959a67277ad:0xc68f368de3e2b2c,
0x3be7b72767abcd71:0x4e3236064c02bb46,"₹2,500 for two"
0x3be7b62349f603fb:0xbcfc0eb07d03d7ed,"₹1,800 for two"
0x3be7b784e4445d57:0xb58b38a261e3fbf2,
0x3be7b103aaaaaaab:0x31c1b6699200f594,
0x3be7b946e9f9953b:0xfaa4320237ace8e5,
0x3be7b98f47e7ca1d:0xfdd0d31cf147c4ba,"₹1,000 for two"
0x3be7b9af5dd13dd9:0x6bf5101b3d32176b,
0x3be7952a5cd7616b:0x4ac1c5cf659d6e82,"₹1,000 for two"
0x3be7c8ee277ae239:0x57b4894401bcc5f9,₹850 for two
0x3be7c7ae2de8a8df:0xa9f72a12941bc8ce,"₹2,900 for two"
0x3be7c856a863c0fb:0xaa46876bcdf7c7dd,₹950 for two
0x3be7c9fd7d3801d9:0x81b4cba39f2e5b66,
0x3be7b6b7273eb4eb:0x4e2b924d036da3e9,₹500 for two
0x3be7c7af43060a11:0x2f1e69d56b103a19,"₹1,500 for two"
0x3be7ce1f9cbcd877:0x581b53b89155174f,"₹1,000 for two"
0x3be7ce2001eb0d41:0x25c60d0b0a5557bb,
0x3be7ce200315ee25:0xe6455c5a5b18d5e2,"₹1,200 for two"
0x3be7ce1f69c6a147:0x1e9f2dd2688e1f2b,
0x3be7ce24c3989ddd:0x5458e031fef80348,
0x3be7b0e53834086d:0x6f0b1c90d48cd05d,
0x3be7c86cc4f55adf:0x6268cce8619c7927,"₹2,100 for two"
0x3be7d1ebfaf3788b:0xc7ecfe5dc66c9494,"₹1,800 for two"
0x3be7cf83d1a3c1b3:0x14f5a25e32fc6aba,"₹3,500 for two"
0x3be7cec042af188f:0x21e233a50cd29113,₹850 for two
0x3be7cf5c055139df:0x14ab5ea0793d9288,₹300 for two
0x3be7ce449f70a05d:0xfb4193c6b487ac13,"₹1,000 for two"
0x3be7c9007d1c1e9d:0x80c76a76602a24d6,₹850 for two
0x3be7c9cc8c4b8483:0x4eb7c7eb6d4324c4,₹500 for two
0x3be7c9cb4c0c6b6b:0x8c8c8969d013a87,₹800 for two
0x3be7cfb678d23dcb:0x77cf430434d65c94,
0x3be7ce242cda94fb:0x82fb6bfa43eaa106,₹850 for two
0x3be7c9dd5559d7d3:0x5ff8849b7355ee5,"₹3,000 for two"
0x3be7c901fd3e6509:0xa83f51669f63dddb,"₹6,500 for two"
0x3be7ce201f3ad04f:0x3699b287d6ad5ddb,₹850 for two
0x3be7ce1042903f47:0x66d76b28052017c9,
0x3be7b0c1e58716e3:0x33d14bc0dffc1fee,₹400 for two
0x3be7c951d743e36f:0xd3f1fa8720610865,"₹3,500 for two"
0x3be7d10696e478ed:0x23466f98316a0d4e,"₹3,000 for two"
0x3be7d17a54072cef:0x854a618ec44c3c59,"₹2,500 for two"
0x3be7d1dcc331fcdf:0xdfaf93d11c4404e5,"₹1,200 for two"
0x3be7d1af76f9923d:0xfbeaf2dbb498b6e7,"₹2,500 for two"
0x3be7b6bdec9dfc75:0x4974f2ab5a2feece,₹400 for two
0x3be7b1dfe42ed893:0xe596c7a650a67acc,
0x3be7ce267fe3213f:0xa11d3a220785f398,
0x3be7b651c9132b93:0x92e17ac17523d648,
0x3be7b75556acd911:0x7e086e06fd827aff,
0x3be7ce23bdcb8c63:0xa6c7953c29745d6f,
0x3be7ce19f38aa6f3:0x8514907518261d44,₹700 for two
0x3be7c82aca3214fd:0x4b931dee55307cc6,₹500 for two
0x3be7c8eea58dd9ab:0xb9a6111e2710c7de,"₹3,500 for two"
0x3be7c8ec2e893a25:0x8f200694d75bd87f,"₹2,500 for two"
0x3be7b72307b19a23:0x2be996e466fb62d4,₹550 for two
0x3bdd6158e78d4811:0xc972f9b9dcd2ec14,₹700 for two
0x3be7ce6c5cde1ded:0x7902f654187909f0,₹850 for two
0x3be7cf872377f7c9:0xa8398a7f1e6c720b,₹850 for two
0x3be7cf21027b50ff:0xd80b86ea650174ae,₹900 for two
0x3be7cf21220d69e5:0xfb4c6867633dfc44,₹700 for two
0x3be7cf1f7a1b9395:0x2bf66e10904305ff,₹600 for two
0x3be7ce1a06b8fddd:0xc46ef84f839f4e7c,₹400 for two
0x3be7c8d4178e7169:0xf8165c5eb6405fe1,₹700 for two
0x3be7c62d09765765:0xb067c5fbb452dfd8,"₹1,800 for two"
0x3be7ce6c6924fe9b:0xcd822a0b86bed901,
0x3be7ce12e98711a7:0x2684367cec4ee004,"₹1,200 for two"
0x3be7ce6c71b6a08d:0xaf8fbc2e073e31cf,₹900 for two
0x3be7cfa9dcb8b77d:0x9aa46992fcd5371,₹600 for two
0x3be7c8abcf7563b3:0xf855775da04723ea,₹950 for two
0x3be791bd75504a81:0x60fec22520565f0,₹250 for two
0x3be7b15c923d90cf:0xaaca1e5b0d23c3df,"₹1,100 for two"
0x3be7c131b702b0d5:0xb931504327265761,₹600 for two
0x3be7c131b0f0f2ab:0x53e7258546d296cf,₹700 for two
0x3be7b13d23a47f17:0x9496bf7c12fca6e3,
0x3be7b13d244cee2d:0x9cd0a722f732ba2a,"₹1,500 for two"
0x3be7b122e8e08d33:0x715146335c98ccfc,"₹1,000 for two"
0x3be7b1e8ac8d2867:0x76b8096af1ecf980,"₹1,300 for two"
0x3be7cf9bd2965b37:0xb1b994ae3843a2f8,"₹1,400 for two"
0x3be7ce1380ea1ded:0x6437959259b5e74,
0x3be7d1000abb2203:0xa13594975a3cf854,₹500 for two
0x3be7c814fd1d66e1:0x623f3d1bd91b1f0e,₹700 for two
0x3be7c9fe0412e6e3:0x3af2ac3257216a7e,"₹1,000 for two"
0x3be7c865a474aa6f:0x4d8ebb77ca0dce37,₹700 for two
0x3be7c9a76b9b5b2f:0x7c16723f64721ace,
0x3be7c8a8b7c415fb:0x5c5acd345006e033,"₹1,400 for two"
0x3be7c8a8cdb47e99:0x262f4eea301c3d77,
0x3be7b7f725f18ec1:0xae032be2f930f580,"₹1,000 for two"
0x3be7b6f0d813c6d3:0x2b4096468187d9e6,₹700 for two
0x3be7b6f12590f9f3:0x181ffda014a22f81,
0x3be7b12e3eb4174d:0x7e246b2d29a02d1b,
0x3be7c977a2a0e537:0x6eca78bc88ddc13b,₹700 for two
0x3be7c78f312ee81d:0x80290c9bef1050d5,₹850 for two
0x3be7b627912f5e5d:0x78bddaa18bac16e2,₹700 for two
0x3be7d1c13dbce89f:0x5dde8d3f775fd0a7,"₹1,800 for two"
0x3be7c81536f0e099:0x923425401416de3c,"₹1,800 for two"
0x3be7c9881dc12b47:0x5ebb966ff4d2f4f2,"₹1,400 for two"
0x3be7b622afffffff:0x363d9bb8e85550a4,"₹1,200 for two"
0x3be7b763adb72207:0x6b6d3dcc51407177,"₹1,200 for two"
0x3be7b7d6b88e0d53:0x17f344ffa0de31f9,
0x3be7b7006227cd75:0x12672ea349983986,"₹1,400 for two"
0x3be7c9ff010a0e77:0x840044b83199643,
0x3be7b1211b5ac3f3:0x9cfbad00aa070202,
0x3be7ce8bf751d3b3:0x3b14245b38abb245,"₹1,000 for two"
0x3be7cfc075d93651:0xd988555cdc595101,₹700 for two
0x3be7ce3a6caf4b77:0x3b0ea4b58ab385e4,
0x3be7ce5286b95555:0xfbf7bda5e00a62b5,₹100 for two
0x3be7cf79082e53b9:0x607312a07e810593,₹450 for two
0x3be7cef5ba980edd:0x87ce8842dc6fef5b,"₹1,000 for two"
0x3be7c99c55e8bce1:0x51c72b68396d6a6d,"₹1,500 for two"
0x3be7c9d54c6fd509:0x690b552aec5c3b19,"₹3,000 for two"
0x3be7c90307e097eb:0x499cffa5541de0cb,
0x3be7c9074bd25a27:0x9828b6556f408daf,₹700 for two
0x3be7c81568c74ff5:0x4ffc58567f410bc0,"₹2,000 for two"
0x3be7c81568b1a243:0xb5da610e0c0ba1af,"₹2,200 for two"
0x3be7b63c5dde6425:0x78f3f6fc8b314536,"₹2,400 for two"
0x3be7c8ee0bf0851f:0x9c12549d219f7b22,"₹2,500 for two"
0x3be7c9e1e7e318e7:0x5d6106340b097497,"₹2,500 for two"
0x3be7c9700d3a7c95:0x1d71f466985edd3f,
0x3be7cf88304d66bb:0xa96ee3c808d893af,
0x3be7c84c5492ca3b:0x7448bf20b6b11d45,"₹3,500 for two"
0x3be7c9b150a7ce7b:0x5c608d2c4abba640,₹500 for two
0x3be7c9bbd1072bbd:0x44a0ca9f7b9665db,₹700 for two
0x3be7c814ce0ec2eb:0x94262d8f3863d342,₹950 for two
0x3be7c8a64956d507:0xec8f5c9de22b08b6,₹900 for two
0x3be7c8a65ff19c87:0x2f16b2a9bc6e3e82,
0x3be7ce71f6e1a39b:0x4f93ffd5251fa824,
0x3be7d1e076ad68b3:0xc8ce7f5edd13b53d,"₹3,000 for two"
0x3be7b6f8cac6a0e5:0x5aa153b981ccd076,
0x3be7c8042bd7d819:0x901136366ecbdf5d,₹850 for two
0x3be7c80422db3f73:0x307ddc81e97ee91b,₹600 for two
0x3be7b99cc42d3ef5:0x3f2f4d2191ede4e4,
0x3be7b02e0653210b:0x9e60bedfa41c50b6,
0x3be7958e577cf301:0x44ae4b6a2af6e807,₹350 for two
0x3be795eb13cf645d:0xc0b26bed36f23cd4,
0x3be7cee591fb5dcd:0x9a3f30f2f1f517a0,₹650 for two
0x3be7c9dd3812c1f5:0xc635dfe3a843596f,
0x3be7c93f1d80cd7f:0x2ff095a088915d81,₹600 for two
0x3be7c8c2eaa16227:0x6932dcd6f53f3dae,"₹2,800 for two"
0x3be7ce0da600d9fd:0xd32d171542e8573,
0x3be7b7760d1e9e41:0xa44b7c0b4fa3096,"₹3,000 for two"
0x3be7b7f3e9c1b2db:0x4c98dd9e4b640c2f,"₹2,000 for two"
0x3be7b6239b2a9639:0x61f38f6261e04eb7,"₹2,500 for two"
0x3be7c84d033839f7:0x8a926b46d58932b,"₹1,400 for two"
0x3be7c856a7d54355:0x15e6571f4c16813b,
0x3be7c84cfe45c137:0x198409f72cf6deb6,"₹1,200 for two"
0x3be7c9f8fe38e7d7:0xc465a442b05b8a09,
0x3be7c93c0c2ca3bb:0xe79c92cf8871d579,"₹1,750 for two"
0x3be7c9e6c526da61:0x66126d158aaa5617,"₹4,000 for two"
0x3be7b6e2b939e1af:0xc91fbaff4c2bf8b4,₹850 for two
0x3be7ce1171a5ae35:0x9a080c64e3a0c278,"₹1,200 for two"
0x3be7c814db1e8afb:0x51149682d96bf0cb,₹950 for two
0x3be7c88440000013:0xb0b54b9dee8b1510,"₹1,200 for two"
0x3be7c921dba4d58d:0x25a1936841e957e9,"₹1,200 for two"
0x3be7b0e2d0c50421:0xdd48e5f34decb0b3,₹850 for two
0x3be7b775e33673c3:0x83b4d25d2b16b789,
0x3be7b14808011885:0xa4c9fd4afa2abfde,"₹2,000 for two"
0x3be7c89f81e12db1:0x69b90512dc7661bd,₹700 for two
0x3be7ce6afbd645fb:0xf8f15a2d10802e82,₹700 for two
0x3be7c8abcf630c95:0xa270881add4874ae,₹600 for two
0x3be7c7aec2fab211:0xd133d4090c659ccf,"₹1,500 for two"
0x3be7b05c0eec0e5d:0x7bc223270b2a3c72,₹950 for two
0x3be7c57677c99c27:0xa8ad946809685893,₹350 for two
0x3be7b0d6f6faaaa1:0x56e9dedeb3c86cef,₹950 for two
0x3be7b15f8d7e0c25:0x9010a592a263627c,"₹1,700 for two"
0x3be7c70019a66515:0x1de4a9877afe840c,₹600 for two
0x3be7c912012a066d:0x6640e559ce56b298,"₹2,500 for two"
0x3be7b6fcda7b20b7:0x89dc2f78ec6d7699,"₹1,600 for two"
0x3be7c9006071c803:0x808249a05982e18a,"₹5,000 for two"
0x3be7c720733b0567:0x90d238911c071be5,
0x3be7c90025186e3f:0x256aeb8721eb16a5,
0x3be7c9634995f9bb:0x8b2c0d6e5bd6039b,"₹1,800 for two"
0x3be7b72760297e5d:0x17370da01bcc7734,
0x3be7b6d8ac34339d:0xc946b5d0e7495178,₹950 for two
0x3be7c7bf4876ad67:0xfdc000394740b943,
0x3be7c8a354364989:0x8fa68d0026b9e621,
0x3be79585b77008db:0x1fa6e76c9302e99a,₹700 for two
0x3be7bdde5d20feb7:0x2eff91029a2a034f,₹850 for two
0x3be7c187175bfb2b:0xeb41158a6ba91d82,"₹1,000 for two"
0x3be7c39f839a948f:0x33b6d4d48d85843c,₹700 for two
0x3be7b31a54551b37:0xdf872f53eea524c8,"₹1,000 for two"
0x3be7972a849c8fdf:0xcc7af08238997355,
0x3be7c19c241c595d:0xcc6f5ecb05ade564,"₹2,200 for two"
0x3be7c14cf7690c3d:0x4c9dbde502e6a8fe,"₹2,500 for two"
0x3be7c1454327aeff:0x87421329dcbd5c93,"₹2,500 for two"
0x3be7c9e962e79db9:0x6c9c28a70c47c027,"₹3,000 for two"
0x3be7c9aea9784cbd:0xf26b63a9baaed7f9,"₹2,000 for two"
0x3be7c9e984316fe3:0xac34dfb5d51500db,
0x3be7c9738d058d45:0xe276119f570eab86,"₹1,600 for two"
0x3be7c959e4d8c99b:0x2c3f682f150d4467,
0x3be7bfeeb95698d7:0x3208d093699cc2ef,₹850 for two
0x3be7bece4bd93a3b:0x3f18e72d4c2947e2,₹950 for two
0x3be79585045a8f9f:0x454bf6634cb5d595,"₹1,200 for two"
0x3be7958576d83d0b:0x7ecfcacfa682e32e,"₹1,000 for two"
0x3be7c0d141473e29:0xcd62f444016bdf68,₹850 for two
0x3be7b97ad9707a6f:0x85ab7ad19951d3a8,"₹2,700 for two"
0x3be79662c5265885:0x3fafa4f2e0ee77a3,₹950 for two
0x3be7c14cfa4692ef:0x7729b6e11880e1fb,"₹2,000 for two"
0x3be7c9ea43970135:0xd3df0da63634b3ce,"₹1,700 for two"
0x3be7c91e0c22cff3:0xed9b5adad79628ed,₹950 for two
0x3be7c9a5a0f1c3b5:0x5d6c0d9c814ae886,₹850 for two
0x3be7c9e99c6455dd:0x4c899a5c98f6699,"₹2,000 for two"
0x3be7c9ea4f73a7f7:0xd8aab01592c6e8d4,"₹1,700 for two"
0x3be7c9e9842d7623:0x5f6fd4406c131afd,"₹1,800 for two"
0x3be7b7cba046d585:0xadce328df8b70b27,₹600 for two
0x3be7b63981857ccd:0xd187658956d8027b,"₹1,000 for two"
0x3be7b7246c4cfb65:0xc54a95af2e8a29b1,"₹2,500 for two"
0x3be7c71d3c554697:0xee7325d321cb6733,"₹1,500 for two"
0x3be7c7c6191dd001:0x99abd79fb9a65461,
0x3be7ce724215f375:0xcdf5bc22f71e401b,₹950 for two
0x3be7c86df972d9a7:0xc1596977403bc148,"₹1,600 for two"
0x3be7c86dfe47197d:0xee9d79aee1f8f007,"₹1,800 for two"
0x3be7c86d8cf49237:0x7544812168e3975d,"₹1,600 for two"
0x3be7c83949368763:0x7509a9435c5c33a3,"₹1,900 for two"
0x3be7b765319f5fb9:0xffa23b50fa62432c,"₹1,500 for two"
0x3be7b78b0fac7e5d:0xa8851ae223c50ad5,"₹1,000 for two"
0x3be7b7562790a60f:0x5083863c686486da,"₹2,100 for two"
0x3be7b733c8720d09:0x6a89e1e7b773ca96,₹700 for two
0x3be7b3b9e6fca12d:0xb426a31d81e4cc55,"₹1,350 for two"
0x3be7b7934893eb0d:0x9f84317a7f12e036,
0x3be7c78bea8a9d45:0x6c3a6a350b0848d4,
0x3be7c78bc293eb79:0x2e80d365543bdb3a,
0x3be7b6edf966768d:0x87d13fa424de66ec,"₹1,600 for two"
0x3be7b6ee658b3e2d:0x2b1487db1b944325,"₹2,300 for two"
0x3be7c7cf543d131d:0xb8399480c86ea3a2,"₹2,500 for two"
0x3be7b724f3fcf355:0xe4a32732d29d1042,"₹1,800 for two"
0x3be7b7a1cffd1391:0xdb6e5fd6cb9a3863,₹600 for two
0x3be7b733c424e091:0x24f6ecc4355cca35,₹500 for two
0x3be7b13e9f1b28b1:0x465b7c07ed591945,₹500 for two
0x3be7b35efa8d9c8d:0xc08e448dc0c2f415,"₹1,300 for two"
0x3be7c811aaaaaac3:0x90766f05e6f49860,₹900 for two
0x3be7c60d6a17eb87:0x60a0397250819f8f,
0x3be7cf76915da3b3:0xf82d647589847aa5,₹850 for two
0x3be7b02e73b79b47:0x1b577d3d126ee3b9,
0x3be7c1355e6e117b:0x35e6abf6f52360d3,"₹1,800 for two"
0x3be7b6217a060a15:0x49bc30f00e2e0288,"₹1,900 for two"
0x3be7b6ebf294a509:0x8003f8f330d62652,₹850 for two
0x3be7c85af128c1fb:0x2cc538d0c7109b4d,"₹4,000 for two"
0x3be7c9e8f86df953:0xf4ce007ee683a98,
0x3be7c97990298573:0x8864953a5483d8ca,
0x3be7c978048fc55f:0xc71ab6c6b4489cf4,
0x3be7b710aa7c2b9d:0x354b6bfc19ec240b,"₹1,100 for two"
0x3be7b79a8f2c20fb:0xf55560589f04e65,"₹1,200 for two"
0x3be7c924b1918e17:0xde9ffb24c75396d7,₹500 for two
0x3be7d1d9300fb989:0xced9ce2e8c0bb57a,₹800 for two
0x3be7c94f937783d7:0x1cd185cc218db65a,"₹1,600 for two"
0x3be7b12d0784b597:0x57a1a021dd636956,₹850 for two
0x3be7b0cccd155555:0x9f0c164c63e74306,₹300 for two
0x3be7bd81f106ac45:0x1d39bda78197afaa,"₹1,200 for two"
0x3be799ebf7bc1dd7:0xa8b387c429826425,"₹1,800 for two"
0x3be7d1db86cb7aa7:0x950b65f21118600b,
0x3be7d1e6dcd897df:0xa2f3d5677f715126,"₹2,000 for two"
0x3be7b7acd5b733ed:0x493e271ad9deec95,"₹1,000 for two"
0x3be7b62dda2bedaf:0x855ff22066eaa539,"₹1,000 for two"
0x3be7ce0cbed13c25:0xcccd603868a3d11a,₹700 for two
0x3be7ce0c96201119:0xd97158c8f9cb2bae,₹700 for two
0x3be7c8ce3da6dc49:0xc2bc21264d86c4cf,₹800 for two
0x3be7b1386d415555:0x1875f342c1ca3a3a,₹950 for two
0x3be7b73d25d91db5:0x7be81e8c756523df,₹400 for two
0x3be7b0dbb4c9d0d9:0x653888b0a662b62a,
0x3be7b0dbb3d39fff:0xcf6757311e0056e1,"₹1,000 for two"
0x3be7c904f4cc29ef:0x8e3acf5f4e95e266,₹950 for two
0x3be7b8e538f2be49:0x2c30de39f7c786e2,"₹1,000 for two"
0x3be7b8faad4dede7:0xc3bbdb11c3870d17,"₹1,400 for two"
0x3be7b8e54de85c35:0x2413822c8bf391aa,₹800 for two
0x3be7b8e5387c612d:0x7dccce9da2d7dc78,₹600 for two
0x3be7c901ff3ce267:0x6debb3e712813172,"₹3,400 for two"
0x3be7b7c4e7d752c7:0x47d97f6ac45f61b5,
0x3be7b6cb898e1921:0x6fbdf673bdf2f322,₹300 for two
0x3be7b72903460ddb:0x4f75340db817cb93,₹450 for two
0x3be7b6df5e8b9237:0xc58754e5e987be93,₹450 for two
0x3be7c879c66594ed:0x309fc2a868e1a520,₹850 for two
0x3be7cf0496ec97a1:0x16f92ba652f3caac,"₹1,900 for two"
0x3be7ce70889fee6f:0xcee9af7749369782,₹450 for two
0x3be7c92b8878e667:0x8cb945c564df187,"₹1,000 for two"
0x3be7c90e3749f5e3:0xe72c052a5819603c,"₹1,500 for two"
0x3be7b61e5e55dc53:0xe1152f3755bcc4b5,"₹2,000 for two"
0x3be7b7338b892e13:0xe062ce65fb6eb55d,
0x3be7c90e6568fbe1:0xe329c41865fd108f,"₹3,000 for two"
0x3be7b6cf86371ba1:0xfcde917f4ee69e28,₹600 for two
0x3be7ced18f339c9d:0xc9b6fd38834dd75b,₹700 for two
0x3be7bdcec1f78d69:0xc33cbcae65a91724,"₹1,000 for two"
0x3be7bd298f0eacb5:0x8f1f42c08eafeb1a,"₹1,900 for two"
0x3be7b1b5e71c8c4b:0x1155d60d3582da94,
0x3be7b10605ba417f:0x99e1d8533d144b54,"₹1,000 for two"
0x3be7c133e76f1551:0x5a187694d064884c,"₹1,400 for two"
0x3be7ce0efa1e377d:0xbf6cdbac7043c027,₹650 for two
0x3be7ce87c5857a9b:0x365fe274d965b5e3,"₹1,800 for two"
0x3be7cfe290e355a9:0xcb85236cacb4efa3,₹900 for two
0x3be7ce8796fc6aed:0xa8f11316d3c1da57,"₹2,500 for two"
0x3be7c94865703539:0x4d988bb91502f514,₹200 for two
0x3be7b7647789d43b:0x8ab08e032eae79d0,₹350 for two
0x3be7c6283fd4a329:0x63e0802da5a9b42f,₹600 for two
0x3be7c62819ab3909:0x29aaeabf58b7a2a0,
0x3be7c7cfaaaaaaab:0x5fd3558e7ed205a,"₹1,500 for two"
0x3be7c9c898476b37:0xfdc9367a4e644327,₹950 for two
0x3be7b7db387892c7:0x1570a0232f8ebf30,"₹1,200 for two"
0x3be7b7ecdedc5653:0x84a37aa2d43c5639,"₹1,700 for two"
0x3be7c3bebc422075:0xa471ebf664830b79,"₹1,700 for two"
0x3be7c3a055555515:0x7daca24e91308b6f,"₹1,300 for two"
0x3be7ce28b5ea3945:0x19da1d8f43d864a5,₹600 for two
0x3be7ce864061577f:0xe9c91934173c39d8,"₹2,000 for two"
0x3be7cfb2b2cecf1d:0x2e38ae8a46314d57,"₹1,800 for two"
0x3be7c9d7042acc6d:0x14fadba2ad4da6a4,₹450 for two
0x3be7c9d70feb50b9:0x4fb58f04952ed30,₹950 for two
0x3be7f3de872225a5:0xc972780fba8ac9ca,
0x3be7b1185d669e0f:0x5cbeab8985ed086,₹550 for two
0x3be7cee6ac08912b:0xf7bb364ad7834266,"₹1,800 for two"
0x3be7cf28e57a2ce9:0xb10d166d8a045826,₹950 for two
0x3be7bd115e860123:0x9ebc44eb208678e2,"₹1,000 for two"
0x3be7c3e80aa49561:0xb5c19a5eff9b60b2,
0x3be7c3e7d9966669:0xceb08cd819422fca,
0x3be7c3dd598bf8fb:0xbaa26a7540c7b488,₹400 for two
0x3be7d1e70776872b:0xf383e32b9921b7c0,"₹1,600 for two"
0x3be7c9002444b393:0x27796b138de89e91,"₹2,000 for two"
0x3be7c9d3cc0aa281:0x4a4121f9948753b5,
0x3be7c921941768e7:0x947bf469c871912d,₹950 for two
0x3be7c9330506d981:0x7761d788f2c74ea2,₹850 for two
0x3be7c8ce141f2319:0x561b7533b7ec45d,₹600 for two
0x3be7ce0e0ebe4e95:0x1b1f6f572b6ad9a7,₹500 for two
0x3be7d1c06fffffff:0x375ff33a40669677,
0x3be795a77678dd87:0x5127a881bac4e4f8,₹450 for two
0x3be795cf1bf7e945:0x5cb13078b28006de,
0x3be7c34df201f221:0xa801a7cde26192e9,₹850 for two
0x3be7b772bf6aa0a3:0xcd3f6a252ca26b48,₹850 for two
0x3be7b05b47b9ce83:0xd18422314b12a6b3,
0x3be7b108483b6601:0xadb157e291297490,₹500 for two
0x3be7b9178d44aca9:0xf7a09d9124c6b100,₹650 for two
0x3be7c7e32bfc6e05:0x8bfd60f189bbea42,"₹2,800 for two"
0x3be7c82f0f34a29b:0x7e9a07a1da31e342,₹850 for two
0x3be7c8ff00000001:0xaec90dc79783fc3f,"₹1,100 for two"
0x3be7c9076f2a6cf9:0xd8fe559665b77695,₹950 for two
0x3be7c7c46f80a267:0x287562cf95a2c7b1,₹500 for two
0x3be7c822d36528b1:0x9907e353a805755b,₹950 for two
0x3be7c9f864c3ce85:0x71f52a762b868805,"₹5,500 for two"
0x3be7b6cb98d2cd87:0x1ef60da033d84d3f,₹850 for two
0x3be7b7c0c1479335:0xa5f6523b250b52d,₹300 for two
0x3be7b636488cda79:0x2b6fce556e6ca0c4,"₹1,000 for two"
0x3be7c90e3749f5e3:0x456280e03fc9e99,
0x3be7c92955eede4d:0xcac92a2664fc1b31,
0x3be7b8f5b6cb36d3:0xe8677705e87a7858,₹600 for two
0x3be7b13affffffff:0x6c3956e51c8b5c48,₹600 for two
0x3be7b7f2383f715f:0x737a0d60b006de6e,"₹1,400 for two"
0x3be7b6eeb5e6f079:0x4c99a1a5a93ba4f7,₹600 for two
0x3be7c7ef5af5951f:0x25831c0e928781f0,"₹1,800 for two"
0x3be7b1b6368bf56f:0x6e0f483fc9ceb7f5,₹950 for two
0x3be7c9c62769ad8b:0x79a9ad6301602f53,₹550 for two
0x3be7c9919e7cb9cf:0x9c2fbc3307c34029,"₹1,000 for two"
0x3be7c9b81c95fe9d:0x5df4c1552fa1fa81,"₹1,100 for two"
0x3be7c9ba0b0201c5:0x8ca83ba177c59c4a,
0x3be7b6e09a608e7d:0x1c54c5f5ec943d77,₹950 for two
0x3be7b9677e3c16a9:0xbcbb39a2109eb44a,₹450 for two
0x3be7ce28ba8bc7a5:0xa2de50c8d11b22c7,₹600 for two
0x3be7d10041085f45:0x17fd52d8351b6edf,"₹6,000 for two"
0x3be7d1eee055d707:0x2a2182a924d321b4,"₹2,500 for two"
0x3be7d1ef2368eb05:0xb57a10e7ac754ab8,"₹6,000 for two"
0x3be7ceed003de1c9:0x2337709ecd32790c,"₹1,000 for two"
0x3be7b6f0d1e8ac9d:0x449a92aa8c0d528d,
0x3be7bba3a1b1a34b:0x71c63b58e74d15eb,₹950 for two
0x3be7b04de01ca509:0x6c11da00cddf34a3,₹650 for two
0x3be7bdfcbce5fc69:0xf260503828b99669,₹300 for two
0x3be7c0d02de2cb15:0xa4f92f5f17a2b06c,
0x3be7c3a971a7fded:0xc792e74e0c51edb6,"₹1,200 for two"
0x3be7c3ac9d3bd787:0x99b76a0a5e514728,₹850 for two
0x3be7c3abcfb9cbdf:0x2b6ecf31a95c2709,₹950 for two
0x3be7c3abc8ee4161:0x795ff08cca9183bd,"₹1,500 for two"
0x3be7b7c596fff845:0xb515f97549deef8c,"₹1,200 for two"
0x3be7b71632ac8359:0x90f0d1ef27467f54,"₹1,000 for two"
0x3be7b6e569555555:0x322c83069c7b1af6,
0x3be7c9a3cabbeb99:0xf21d0501ca46b08d,"₹1,000 for two"
0x3be7b8620cf6f221:0x4ec4790983b7aab6,"₹1,100 for two"
0x3be7ce3d7f00f061:0xd15e0bc4cde25e49,₹800 for two
0x3be7b630d80a7285:0xc48b23dc2099c9fb,₹800 for two
0x3be7ce9a64d262e9:0x14e53efe1d597ae7,₹600 for two
0x3be7b0ddaf8f2651:0xe3417a9312034977,"₹1,000 for two"
0x3be7c994993d5555:0x139c126516d79367,₹650 for two
0x3be7b63e14ca5745:0xb77a42174dcd236f,"₹1,400 for two"
0x3be7b7ca3b2e224d:0xabe67892f7218ee9,₹850 for two
0x3be7c82b1d3837b1:0xe2f10992d03a3341,₹850 for two
0x3be7b10f10b8ef6d:0xa20e476739bac721,₹700 for two
0x3be7b6eb8fffffff:0xdc320b711aa017e,₹550 for two
0x3be7b7345eea7479:0xe76f38eebedb67b0,"₹1,600 for two"
0x3be7b0e06708b8c7:0xfa7e6b2d66efb426,₹850 for two
0x3be7b646a1472043:0x51a31d2eb144bb82,"₹1,100 for two"
0x3be7b64714187a05:0xc598cf4d0a7e38fd,₹400 for two
0x3be7b6e51a5c72df:0x27de10eaaf24b1b1,₹250 for two
0x3be7b97d6eae28fb:0xf5d5b448a91af91b,"₹1,000 for two"
0x3be7cfc4f8606e05:0xc5e9c8475139055a,₹300 for two
0x3be7c912e59941f5:0x86cee354d608ec42,"₹1,900 for two"
0x3be7b6d8c1038955:0x49df047bfeffff66,"₹1,500 for two"
0x3be7c7dfae604895:0xefe12d735babb047,₹650 for two
0x3be7b787e37e487f:0x7d96cbae202d22dd,
0x3be7c98987d3ee13:0xab6deb1b0d6c4c22,"₹2,500 for two"
0x3be7c9c03053fe57:0x1931cf470d26ecc7,
0x3be7b7f2ce5c1d2b:0xc1c9aace5a3c5c5d,"₹1,300 for two"
0x3be7c9bc946d80bd:0xe85507139a9cdb82,
0x3be7bbdfd73970ed:0x34d3144e442209a0,"₹1,200 for two"
0x3be7bf26a10401a9:0x7de51b463cab2bed,"₹1,200 for two"
0x3be7bf590b5a2c23:0xe5ad8c6db197a5e9,₹250 for two
0x3be792d30ef0b457:0xdd4bf2f34fefe3e1,
0x3be7bbe02b4b9dc9:0x75a1e7a1c24e6706,"₹1,200 for two"
0x3be7956b47e1df3b:0xd7032861e4653f45,₹300 for two
0x3be795001d0c4cd7:0xaa2d083169635163,₹700 for two
0x3be7b653fe618167:0x928f906a5609d0e1,₹950 for two
0x3be7b720129c8f8d:0x47fc5ca1fc20c7a7,"₹1,200 for two"
0x3be7c8a0867f2297:0xcc58cbd18358a9c1,₹850 for two
0x3be7bfe03872a7df:0x1a145b9434f79939,₹300 for two
0x3be7c38542c1074b:0xfed1150c2ec7a4ca,"₹2,000 for two"
0x3be7c3c1758eaf7b:0x6439182a63627179,₹600 for two
0x3be7b731cf53bc5f:0xcfb8701f9cb2f050,
0x3be7c9a60cdedbb3:0xd34eddc4325443f7,₹800 for two
0x3be7c83a6c82b9d1:0x4ffaf30a62bfc880,"₹4,000 for two"
0x3be7c83a6dc9ceb9:0xe8279fdb3ae936a8,"₹4,500 for two"
0x3be795c49e37024d:0x5adc418e889653cc,"₹1,200 for two"
0x3be7bf6659754e5b:0xe3e46af24d760f9b,
0x3be7b9dd38b96a67:0xcc8f6e69c8282859,₹400 for two
0x3be7c11898c57a55:0x958aca5ef7aadf3e,₹500 for two
0x3be7b95be6e58483:0xc0667fd6354253d9,₹400 for two
0x3be7b9b368bb1921:0x56e2e0566f843c67,
0x3be7b99ff5a3e997:0xe23084a7814b60ec,"₹1,400 for two"
0x3be7bdc4b67bdb9f:0xf4689bb33dd10e48,
0x3be796817797f84b:0xfbfd3e1013d4dac4,₹500 for two
0x3be7ed2d320867b1:0x9910cdb3d418679e,₹950 for two
0x3be7b9d2d4f56bed:0x4f96ca1879360691,"₹1,600 for two"
0x3be7b9172c56f2b7:0xb231f999fba0d047,₹950 for two
0x3be7b91096ee2cdb:0xbac1369da6030ca4,₹200 for two
0x3be7bd000fabcf3b:0x24fdfe73fa153d7d,
0x3be7bf4a7e26ccc1:0xc3507ed0f0845045,"₹1,200 for two"
0x3be7c1f8d3ed2777:0xf54c555a188b0540,₹500 for two
0x3be7c0c5be8eb643:0x8499bae8350d3b81,
0x3be7c143895df63f:0x6131589c829e9052,₹850 for two
0x3be7c14eeaaaaaab:0xddc770373020466f,₹700 for two
0x3be7b059c2eac67d:0x66db8a63ec5e34d0,₹650 for two
0x3be7d1d998b45a1f:0x9b6c38d0ba8e3ba6,"₹1,400 for two"
0x3be7d1da3afdb27f:0xe0781a662aed053d,₹700 for two
0x3be7d1d98eead881:0x7cc1a5550de388f6,₹850 for two
0x3be7cf0044f655ef:0x20ec3f6e036c0d88,
0x3be7b79e476fa1d5:0x64711830da01dfbf,₹600 for two
0x3be7c7e508cab4f7:0x20fd95f2b68c5a2d,"₹2,400 for two"
0x3be7b8f047992541:0x3967e8ff415360a4,
0x3be7b8efc59bfdb3:0xc1ea9d686d19721d,₹400 for two
0x3be79440db315a3b:0xd1d3df7080fe6dad,₹600 for two
0x3be7951d7a4caa09:0xe5c3ead90744f592,
0x3be7b044c296aac9:0x992140f223758ea8,₹500 for two
0x3be7955578fa1597:0x53ee3c7591826bbc,₹800 for two
0x3be7b9641d9dd483:0x540f395dd77d535b,₹900 for two
0x3be7b91a75ca4e13:0xb08f93d8a13ac07f,₹900 for two
0x3be7b9c42fc762a3:0x302d385efadb71ac,"₹2,100 for two"
0x3be7b910cc9934e1:0x115125e26d726303,₹650 for two
0x3be7967fb19d7b39:0xc054f62114296adf,₹600 for two
0x3be7bd34267b1f95:0x97c1a2df1ac0d494,
0x3be7b9650aaadc73:0x2101b0edcd1054f4,₹950 for two
0x3be795d1079844a7:0x4d1c1b9e5c75762c,₹500 for two
0x3be795d164ede539:0xefdd3da6d1ba7e8b,₹850 for two
0x3be795d3fc3970ef:0x50d6818f13d79313,
0x3be7957f29c25527:0x2dcc59a2d8ec0260,₹600 for two
0x3be79508206a6247:0x5a897eedb6a4c5ba,"₹1,000 for two"
0x3be7b916cbfc5225:0xc4400a9863d5c799,₹700 for two
0x3be7b910cc3dff6f:0x1b83dd9eb66c8cf0,
0x3be7b9109e8c548f:0xabb22722d109ea79,"₹1,400 for two"
0x3be7bda908a74cd9:0xc03645c2acec0bde,₹600 for two
0x3be7c0c5f6e44f33:0xb819b58d6a3a7a67,₹700 for two
0x3be7c143888433f5:0x6b79feef09cc9e38,"₹1,000 for two"
0x3be7c14408ceb981:0x1ce32a44c24e0092,
0x3be79bc78a0733ab:0xcb328db85198eeb,
0x3be7b059c20cd7eb:0xaa3d064fc3609efb,₹650 for two
0x3be795d056ce3ab7:0x2a17f204a1d97042,"₹1,000 for two"
0x3be797007e0576f1:0x7023c18dcebb5267,₹400 for two
0x3be797754b1892d7:0x5e5aa17d8bc8ed39,₹700 for two
0x3be7b8ffb93bec45:0x14bb6b7151ad7d5e,"₹1,300 for two"
0x3be7c9c4df278be9:0x4643250f0e0c98ab,"₹1,300 for two"
0x3be7b723993dd103:0xc8261768f51ae209,
0x3be7c7facec7d625:0x5dda81416f1fa11,"₹1,000 for two"
0x3be7c7245ebdfcf7:0xec35f3322e5b1c9d,"₹2,000 for two"
0x3be7b8f03989999d:0xcc97ea6fdb26bb21,
0x3be7b8fbd6999cff:0x16ca2ed827841339,₹500 for two
0x3be7ce142adf1f09:0x6de37ad95f2aa6ed,₹300 for two
0x3be79440e6d1d7a1:0x11fea00fea9d4e40,
0x3be7b045a9bde96d:0x515e796546fbe763,₹500 for two
0x3be7b922c1a0aedd:0x4d46398ae3b2e59c,"₹1,200 for two"
0x3be7b922c1a5c7ff:0xc25edb18af7aba34,"₹1,200 for two"
0x3be7b91a69b382e1:0x84dddec47366e026,"₹1,600 for two"
0x3be7b910a7cbf355:0x12b7f7cc92ca25ac,"₹1,200 for two"
0x3be7b910972912c3:0xb1e043398ec55aec,"₹1,700 for two"
0x3be7bd9b18a53895:0x48b191486a8195c1,₹550 for two
0x3be7b1e6a153facd:0x7128835008f8bfd5,"₹1,000 for two"
0x3be7c9858f92f68f:0x832799f5e3d2607e,
0x3be7c90e3749f5e3:0xabb85068efb9f2d0,
0x3be7c9b059a38dcd:0x37bf4ee672bd6cbe,"₹1,300 for two"
0x3be7bb2dbda5cd07:0x6d38a97f21397291,
0x3be7b134620d84c9:0xaf6d924867fb84d8,
0x3be7c1340b0e699b:0x1da58a9456e695b1,"₹1,000 for two"
0x3be7c133ee3506b7:0x53cc2e7145ebfd9c,₹700 for two
0x3be7ced41effdb7d:0xa097efcab826ead0,₹600 for two
0x3be7b73d26414681:0xb719133f30dbe7fe,₹650 for two
0x3be7b0dbb05b4e95:0x96f16d83feab2149,₹400 for two
0x3be7ce8e255d9999:0xe1d38cdc27aa01b,₹500 for two
0x3be7b8efe852ac21:0xb551f82012adecea,₹950 for two
0x3be7b8e5388bdfaf:0x2dc2fdc6e688d1c5,₹600 for two
0x3be7b72d1018c8f7:0x21bf5bf0322c8b56,"₹1,700 for two"
0x3be7afd56018e097:0x33b90ac01cea1e83,₹350 for two
0x3be7afd58576b36b:0x949de0f1cfd87e40,₹700 for two
0x3be7bfe6da67a79d:0x23a38c72a501e9e1,"₹1,200 for two"
0x3be7bd2039090abd:0xf9fffca28d27ca07,
0x3be7bd090f57aaf5:0xeb2eb27d5ec9e69d,
0x3be7b96fce1beb5d:0xc80c1f3ef403c36b,
0x3be7943476c5f0b9:0xe5113bfe88121773,₹600 for two
0x3be7c94f0d61c165:0x4688ea5fb76ada02,"₹4,500 for two"
0x3be7c95f7c06151f:0x7f9f584b79cda250,"₹1,800 for two"
0x3be7c9171852cae5:0x52077a73b863fb8c,"₹1,700 for two"
0x3be7c8abfff57e0b:0x6da19c83a1c60fac,"₹1,000 for two"
0x3be7b8f071b4f177:0x90948bbcab6ba83a,"₹1,000 for two"
0x3be7b866ffb9c46b:0x27f6cf4cdd3d1a94,₹700 for two
0x3be793936f088b47:0x24d371f9f29a0409,₹700 for two
0x3be7b90016f47c15:0x9931f881caef9b00,"₹1,000 for two"
0x3be7943bc9e81b0b:0xa0f42796a8da8f13,₹200 for two
0x3be7bbf82cb5251f:0xdc8ee80a7d8f875b,"₹1,200 for two"
0x3be7bbd07d1cadaf:0xe3f726bbea5f8be,"₹2,900 for two"
0x3be7b028ad11338d:0xbbee636400980d2e,
0x3be7b9206b2ea61f:0xffb2d93e84e20ddf,₹950 for two
0x3be7c7fa9f3174a5:0xc265b0fc78255d88,
0x3be7c7bdf44c734f:0xbbcf897b3716bdac,₹600 for two
0x3be7c7bd8606b753:0x2e496ed4d32dc64b,₹600 for two
0x3be7936b19b89e0d:0x944e719820b21232,₹950 for two
0x3be7c86ded542b17:0x27a23028148896b0,₹600 for two
0x3be7c872bc7043df:0x6e061bfbe36e27a6,"₹1,600 for two"
0x3be7b71010419d3f:0x9600971f8469f3e,₹650 for two
0x3be7c7c4c1ea2a23:0xe815dab06423036d,
0x3be7c7c446bd94d5:0xe8e872812919b6b8,₹450 for two
0x3be7b7e3a83c3c49:0xe44e31eaf2a9ca2c,₹300 for two
0x3be7c91af8470347:0xef8b42e5f2bd7ddc,
0x3be7c91a5102641f:0xe12520afa0103279,
0x3be7c960bae358c9:0xa9d1feeb72d605ec,
0x3be7c8722d7b1181:0x2d9eaf2e069c6b8e,₹500 for two
0x3be7b7d3e0698c25:0x99a6a87755ef8826,"₹1,200 for two"
0x3be7c92758e55b91:0xf3e04526260cb5f4,₹300 for two
0x3be7b79d6043a4c9:0xfc83b6da86f211bc,"₹1,200 for two"
0x3be7b7c73257583b:0x7bd3fb240327cd9,"₹2,700 for two"
0x3be7b6f19c15c191:0x73d411a80a7758d6,"₹1,000 for two"
0x3be7b65253d57829:0x430e779ea2fd621a,"₹1,400 for two"
0x3be7b7002500ddcb:0x3abb71990a65923f,₹900 for two
0x3be7c8f6da0c56ef:0xcc85e0be7eb8ad47,₹700 for two
0x3be7ce8af24717d9:0xae1b5b0526d83ff6,"₹13,000 for two"
0x3be7cfbe93db0bff:0x8c978c2d48e4b7e5,"₹2,200 for two"
0x3be7ce8ba2a8a937:0xfca635cabe5e733d,"₹1,800 for two"
0x3be7c833236a9813:0x62cf70c6a5bb0b06,"₹1,400 for two"
0x3be7c952200b712b:0x7bd9bfd250a0be85,
0x3be7c82bb3f96bdd:0x1dbf258b9124c1e5,
0x3be7b1b5e60d24cd:0x699359ed974e7ef2,₹300 for two
0x3be7b786fba1b3f1:0x6c248182cd4f9b7,"₹1,100 for two"
0x3be7b6fc17f82369:0x913a0edb2b031bba,₹600 for two
0x3be7c79604ba555f:0x7304e83195ed5ddf,₹550 for two
0x3be7c602b6d52889:0x50db1ec110cf5c4c,₹650 for two
0x3be7cee0b1ff8ca1:0xee401be1f5b80b93,₹600 for two
0x3be7c88cfe83bb9d:0xa89e4c03dff0f397,₹700 for two
0x3be7c3da0fa663ad:0x8ab0ec02a5eb0dd9,
0x3be7b6c41e0ee08d:0x1ecad44bb54e0224,₹850 for two
0x3be7b784fbd01a79:0xb848d81b05e9256c,₹400 for two
0x3be7c62ec4db8b8d:0x374e030ec6abcdd6,"₹1,000 for two"
0x3be7c9d410605bb9:0x1754b34a366f051,₹350 for two
0x3be7c81a9f0433df:0x7b5c568f138715d0,₹700 for two
0x3be7c8808433454f:0x301e5715ce64d00c,₹700 for two
0x3be7c670b994eb2b:0x32ce9b44678ebbcc,
0x3be7b70405c6c397:0x33f3074f481348b,₹600 for two
0x3be7b6fbd69bfb05:0xd47d246e2b9bb1c3,
0x3be7c99fce541413:0x664b6f3a94e3fdf2,"₹1,100 for two"
0x3be7bbde1b9acf5d:0xb30ff17130f2cc4e,
0x3be7b911a9a0b075:0x77b324efa448c540,₹600 for two
0x3be7b90279c025b5:0x3068b0a0d625e63e,₹600 for two
0x3be792cd5dca60c9:0xf18b744e62e55b83,"₹1,000 for two"
0x3be7c3deb781eda5:0x6ba158e227a428a5,₹850 for two
0x3be795f24a370bf3:0x1b031ac2446afc73,
0x3be797a446d384c3:0xe4879f3892438773,
0x3be7b91f335e637b:0x2d0a4bee85b3cac6,₹800 for two
0x3be7c15e342b1d1d:0xc594b35c0013a877,"₹1,100 for two"
0x3be7b7a84ac3e229:0xd463644baefc09f7,"₹1,800 for two"
0x3be7b76013e1b9e7:0x705fd1322060d292,"₹1,100 for two"
0x3be7b802753cf7f7:0xbabf1ab00f32e0d3,₹650 for two
0x3be7b7c1622fec41:0xf75242a519362628,₹700 for two
0x3be7c8a8c5913307:0xc3332f56fe826965,"₹1,600 for two"
0x3be797d3dc9ac9bb:0xb6d48685758ac389,₹850 for two
0x3be7968280ee29a5:0x7af3552dfb5e7035,₹550 for two
0x3be79787879808bb:0xf88480d938cae107,"₹2,000 for two"
0x3be7bfc69c18c465:0xa5cbe4aeaa7743c7,
0x3be7c395a1392215:0x75c73ed7824937c,
0x3be7c9a60b4aee0b:0x65f1b7f8004f31c7,
0x3be7c9a5ea498fb7:0xb431b48458249ca0,₹950 for two
0x3be7c9a598312153:0x9cbf3ed6c510aaa6,₹700 for two
0x3be7c83a732304b7:0xca7b848f1ef58c14,"₹4,000 for two"
0x3be794411942ec03:0x153ebaace6bdfae8,
0x3be7bb0011f1a0f9:0xf8534100d7827224,₹400 for two
0x3be7bbeae1fd72e5:0x2ccb7e5bffc24a3d,"₹1,100 for two"
0x3be7bf6eaf842ca7:0x4719f252d81ebac,"₹1,800 for two"
0x3be7c3ab81698a57:0x69499484de06c1bb,"₹1,000 for two"
0x3be7c921f2ca263d:0xf65bf7715a88bb72,"₹1,000 for two"
0x3be7b6b2e9106de5:0xaa97b26ef18286fc,₹650 for two
0x3be7b7dee808a3e9:0xca5821c6f940682b,
0x3be7b7198e7c13eb:0xee0f14c2fa472bd1,"₹1,400 for two"
0x3be7c6272704f723:0xbe15d7f153ba27bd,₹850 for two
0x3be7c627288c44b3:0x9ea97a0251b96c16,₹500 for two
0x3be7c7cfaaaaaaab:0xe138828d3641dc06,"₹1,900 for two"
0x3be7c82809e99adf:0xe324be0eadcd21db,₹850 for two
0x3be7c793a5563d85:0x5c96697ee695304c,"₹2,900 for two"
0x3be7c7cca2de3747:0xe95347de2b09716f,"₹1,200 for two"
0x3be795edbe96f951:0x1362e196de905ee4,₹500 for two
0x3be7b70009ff82a1:0x6457b0c7f4db95a0,"₹1,000 for two"
0x3be7b71d710fa0a3:0xa8d968df7aed0a76,
0x3be7c72a133bf1b5:0x63b60c0cd9965e13,"₹1,800 for two"
0x3be7c610342e7c6b:0x2853abd7d95d2933,₹650 for two
0x3be7b923324c38f1:0x2f9cea0bb09e142d,"₹1,000 for two"
0x3be7bb442adadbed:0x7b50b2e75e8cde4d,"₹1,200 for two"
0x3be7bb4b4461eba9:0x85a6b647c2edecf7,"₹1,800 for two"
0x3be7bb84b98c4b3f:0xc4700e7d98f55c10,"₹1,200 for two"
0x3be7bbfc5b10ee21:0x2c560a5ba1b6fab6,"₹1,000 for two"
0x3be7bbf96a67f681:0xbe3cd595bc3fd747,"₹1,000 for two"
0x3be7c1a88cabb313:0x6cb03db4e5015162,
0x3be7b7e7c74e9999:0x50004342a4fb8dd8,₹850 for two
0x3be7c780db586f71:0x1a9574ed2c5e8631,₹650 for two
0x3be7c30d96cb911f:0xe2b93f66e55cccbf,"₹1,200 for two"
0x3be794108fde6dc9:0xac33e1ec97ce3bd8,"₹1,000 for two"
0x3be7bb65b81fd9e3:0x38de9cfbc03f32d1,"₹1,600 for two"
0x3be7bb120011cd7b:0x24c0aa831fffd1d9,"₹1,700 for two"
0x3be7c134ebb884c1:0x6d2dfff6545a8d56,₹700 for two
0x3be7c1cde7787b0d:0x1f3cef4ccab322bb,"₹2,200 for two"
0x3be7cef38f132d23:0x8e7378fa5300685e,"₹1,200 for two"
0x3be7cef46576c44b:0x51b8afab72d78cf9,₹850 for two
0x3be7cef4428eb3f1:0xa349c0e7eb818b3f,₹600 for two
0x3be7c0dbd8d5951f:0x307f66fb001daf55,₹650 for two
0x3be79b5a6755280b:0x8313aee81bd8a3f0,
0x3be7b03dd06e7047:0xb94e8eb3d756ed81,"₹1,100 for two"
0x3be7c1e2610bd04d:0xc6092407be743969,₹400 for two
0x3be7c141896e4557:0xc2609eecfbcb4fe2,₹650 for two
0x3be795c415ebd8b5:0xe2e59ea4812d5c85,
0x3be7b6c7f24ec949:0x85fe00af9f8b7dda,₹800 for two
0x3be7b6c7e102b40f:0xbb518efb74305eab,
0x3be7b6c86f83fc01:0xe8f33db9d9a17af9,₹700 for two
0x3be7c832386b42d5:0x6fd22191d3347b00,
0x3be7c99f97ca81ed:0xebc51f93f7c7d960,₹850 for two
0x3be7d1e0b398291f:0x798f63a7f235139c,"₹5,000 for two"
0x3be7cf60bd793f3b:0x20569f82ed652f61,
0x3be7c15543b9790b:0xee4f55f76ae54c73,
0x3be795c89c75d3ad:0x9b0a0af4bf7c1dca,₹450 for two
0x3be79451f0ee0111:0xa7fb4752a1825dd5,₹650 for two
0x3be7b9226c37ef1d:0xcb6f44ed6ca26fc9,
0x3be7b90029b12b43:0xbbbb6eda8247d9ca,"₹1,200 for two"
0x3be7b902949c39b9:0x9309cfd25d100cd0,₹800 for two
0x3be7c9a615952a4d:0x1338f13eef9dec39,
0x3be7ce8a591fede5:0x45a0aa4551780156,"₹1,500 for two"
0x3be7c8cb3fffffff:0x207f4ff02d3270eb,₹700 for two
0x3be795013737631b:0xe6901270fa9d1ff6,"₹1,500 for two"
0x3be7943e73c0ef1f:0xc3f874ea17857ca4,
0x3be7942efd244b8b:0xee4dab696917684b,₹700 for two
0x3be797fc89aa6375:0xbddf22f5a1103fa4,
0x3be796273e8fd879:0x80065544b215c40b,₹850 for two
0x3be7b1bd07272307:0x5e9f3ca743aae672,
0x3be7b02fc61daaf7:0xda161dc243eb7f97,₹800 for two
0x3be795550bbc6437:0x20015d84a4d112fd,₹550 for two
0x3be7b8769ca7e901:0x193a60795d7cc00c,₹850 for two
0x3be7b8769d6942e1:0xd41ac3bd860de564,₹700 for two
0x3be7c7cdc503d12b:0x4cbe78ce0cfe5150,₹550 for two
0x3be7c9b311fc3473:0xb0cd9eaedfc37fc2,"₹1,200 for two"
0x3be7c98d1394a31f:0x3938c853be1dafd4,"₹1,200 for two"
0x3be7c9007da9daab:0xe0249fc158ecc5e0,"₹2,500 for two"
0x3be7c95013eb2efd:0x4a4e992aaa1fbe84,"₹2,000 for two"
0x3be7b7a8ffdc7ea9:0xbcf719ba7fce6460,₹300 for two
0x3be7b7a84b6e652f:0xaf2788dd378f60f8,"₹2,500 for two"
0x3be7b7a849d422d1:0x6d30d6f055fb8ef7,"₹1,500 for two"
0x3be7c80c1101c8b9:0xc5ea6a797ec8ba35,"₹1,000 for two"
0x3be7b8642c7e1c47:0xef37ab6fe913663,₹650 for two
0x3be7b9f9ed50a32d:0x1b4e3c8f56ba2add,₹700 for two
0x3be7ceff68044615:0x284e3837ba4dca22,
0x3be7c9cd8fc41b29:0xdfb4e5f6eaef8d53,₹800 for two
0x3be7c97315de9da1:0xc4150076c253df3a,
0x3be7c9cfccf6f7df:0xea23671c74e9d4b3,"₹1,900 for two"
0x3be7b7cc5fd06251:0x33111ace810345a8,₹800 for two
0x3be7b9573fbe669f:0x79987d261587fcc7,"₹1,800 for two"
0x3be7ceecd68df409:0xe893108f5be12ef5,"₹1,200 for two"
0x3be7cf2d618991ff:0xb2d1dff98978a26f,"₹1,800 for two"
0x3be7cee9be1f349b:0x16c705a2b357ca4f,
0x3be7cfa002066c41:0xf695f4aa893b2435,"₹3,000 for two"
0x3be7ce932dbddb97:0xa5a72b3a708e66f8,"₹1,600 for two"
0x3be7cf0079952dfb:0xa0b92bfb69d2b604,"₹2,000 for two"
0x3be7c9025e72f459:0x8519d82df9468b33,₹550 for two
0x3be7c92afbfdb70f:0x35833e8c048f437c,
0x3be7c85201f95023:0x12e89df34aa79e71,₹500 for two
0x3be7c842bab4e71f:0x3f43a5b564965e6,"₹1,000 for two"
0x3be7c900c238ea01:0x321fbf7b9f200b8e,₹950 for two
0x3be7c900c542e3c1:0xa29698073a21da7f,₹550 for two
0x3be7c9736815a437:0xb0d41a7de9b686fe,₹850 for two
0x3be7b719799c1d7f:0x6f8c31bccde682c8,
0x3be7b750bbcdefbb:0xed70f6232f2c4aaa,"₹2,000 for two"
0x3be7b7e49292711b:0x1e160a5f5508fa31,"₹3,500 for two"
0x3be7b63cfbf4a9af:0x97f3de7b29340d96,"₹1,600 for two"
0x3be7b63cc1699017:0xcc1e8ff31e905738,"₹1,800 for two"
0x3be795c6c994cd39:0x394a65cf28e957f7,
0x3be7b9226e308809:0x2f6579c017f9a646,"₹1,700 for two"
0x3be7b97c922e3cc5:0x310c818e525cb0b7,"₹1,200 for two"
0x3be7b9030313b8e3:0x17005331091737eb,"₹1,700 for two"
0x3be7b9ef3316426b:0xbcf5aa50916b2db5,"₹2,500 for two"
0x3be7b902f397d935:0x8229e77d0dd62dce,₹950 for two
0x3be7bd097a598dbb:0x72c30194639c5336,
0x3be7c9efc001e7c5:0x62c3e0c35f319d4b,"₹1,900 for two"
0x3be7c7e3d33c2103:0xdd10148c8d9ec305,"₹1,500 for two"
0x3be7d1436c95fa97:0x79354ca843b9d1cf,
0x3be7ce396bccc4ad:0x95a44f3c46320b72,
0x3be7ce399d9c4ee1:0xa6bb9060d8c42962,
0x3be7c9e9795a5289:0x7ca6d00deb69f315,
0x3be7c9ccc80c0c5b:0xf4b2e049cebf318,₹950 for two
0x3be7c88c582666df:0x69c2c98e0d6f1e3b,₹950 for two
0x3be7c900534d83a3:0x9c05a9385c4d76d2,"₹1,000 for two"
0x3be7c9ac11ce2629:0xdc99a570ba42cd94,"₹2,700 for two"
0x3be7c81361557d15:0x107c32d99a1e022c,₹600 for two
0x3be7cf2c63d3b40b:0x7042c974ba4e6e6c,"₹5,000 for two"
0x3be7ceeaef94bce5:0x6a225b8154e0f90d,₹550 for two
0x3be7c8d05dd6d979:0xb00d6d06bd4298d6,"₹1,000 for two"
0x3be7c8d088df4bab:0x79c36e9a410bb615,₹650 for two
0x3be7930cb3dbca65:0xb33783df8d405026,
0x3be7c9a59733558d:0x7dcab20fb52add21,"₹1,500 for two"
0x3be7b0c550d66fed:0xfba2f744c2410f2a,₹700 for two
0x3be7c7e483ff7bc5:0x1dea8a835fbe2df4,"₹3,000 for two"
0x3be7c66b4c0e0265:0x70bee4cbda19a03c,₹300 for two
0x3be7b78c3ab716b5:0x8b5e037c4d371629,"₹1,100 for two"
0x3be7b76065c51d09:0x1c82cd4eb1f0f6e5,
0x3be7b640b6f76a69:0x6e69037a79925a92,"₹2,000 for two"
0x3be7c929c39aab01:0x9f7a0c2aefb5345c,
0x3be7c83292d34f57:0xe1207f112ad6483c,₹500 for two
0x3be7c631d74a5875:0x7389d23eaa6ef2bb,₹700 for two
0x3be7c63028fbfde7:0xfa261b8f75a53ece,
0x3be7c62fe85571a3:0x48d9cc9b0890da4,₹200 for two
0x3be7c8e633e97b3d:0xd21531e0f7b68660,"₹2,000 for two"
0x3be7c8e6331ea05f:0xd5c3fc3df92abcbf,"₹1,500 for two"
0x3be7c924da68848f:0x4a185623eaf030fd,
0x3be7c91286673cd3:0xaaa079cb1979f4b8,
0x3be7c905043e9803:0x50ce31914ae186df,"₹2,500 for two"
0x3be7c905558d0777:0x6577c0c1d6b093c6,"₹1,800 for two"
0x3be7c99bc873d559:0xdcbe3f734bfda958,₹400 for two
0x3be7c9ce163357fd:0x2a48278b24d86de1,"₹1,000 for two"
0x3be7c998be1cf7ab:0x2623cc05b0a6b9c3,
0x3be7b7a1c0653505:0xdb09f7b8839ac9c5,₹950 for two
0x3be7b798421508af:0x70ef108942166b47,₹900 for two
0x3be7bb4f83d07e2b:0x4ca79283c2370e7d,"₹1,000 for two"
0x3be7bb213a705be1:0x2b2cf93874a59f42,"₹1,200 for two"
0x3be7bb6d9639a055:0xfb42eb7e0c26e0a7,"₹1,200 for two"
0x3be7bb9f20f89375:0xc072cb5459952a77,"₹1,200 for two"
0x3be7bd6a2725b4a5:0x27242b65d41d24c1,
0x3be7bf524d576d1b:0xe014b44aa9affc55,₹600 for two
0x3be7b9b09e676e23:0x55311353c5f32f49,"₹2,000 for two"
0x3be7ce48f0e05e69:0x3b068bfcc2fea2c6,₹500 for two
0x3be7b7b72f2ad297:0xe7b1f416945affde,
0x3be7949dc3b651db:0xef279fa8d5598ed0,
0x3be7955a87016103:0x65cbb76e0776800c,"₹1,200 for two"
0x3be7c99f623845af:0xf6be976c9a2a697f,"₹2,700 for two"
0x3be7c856a7d54355:0xfbfb5b72c9db17e5,"₹4,500 for two"
0x3be7c9e12b6d09bb:0x30f09bd486beaa4,"₹1,300 for two"
0x3be7c84275e40a51:0x5e47d52eb038eeaf,"₹2,100 for two"
0x3be7b70bd52a6abd:0xf3457676c98de805,
0x3be7b76c93c6664d:0xa3cc3f6400284f7e,"₹2,100 for two"
0x3be7b62105435d15:0x5229166f64746901,"₹2,500 for two"
0x3be7b77e7a330ccd:0xc2b2488c96a0a5e9,
0x3be7c9db1bf1f1fb:0x6bb73c63f49235c6,
0x3be7b3de7d41c811:0xc123c735c9b3ca74,
0x3be7c92b9880f9c7:0xa7ee2f9e87eb8f65,₹500 for two
0x3be7c83766c38821:0x2b5090073f8d6283,"₹1,100 for two"
0x3be7c60641b21493:0x897671c7a995e013,"₹3,000 for two"
0x3be7c964a73251a9:0x866fa8ac29c315f8,₹350 for two
0x3be7c877faaaaac1:0x7e903ee9cd5fed3c,
0x3be7c9b81539d07f:0x351850c0631a48b8,"₹1,900 for two"
0x3be7c97f3e7ac1d1:0x14eb89b67659cdb7,"₹2,500 for two"
0x3be7c6260e1d08bd:0x3c59351d9caf21cc,₹350 for two
0x3be7b732afe88cb1:0xe649fd05aaa1d14a,"₹1,000 for two"
0x3be7c99a9322b661:0xb03ed5ec800a662b,
0x3be7c9af2d936903:0x52ec20577cc76ef6,
0x3be795d6f261ba8d:0xb57308ef9ccf5ea,₹850 for two
0x3be7bd7ce1ef92cb:0x3242d3067ad469a5,
0x3be7c37b6e908c59:0x110ffb9c4c8b5a88,
0x3be7c1ecad323f79:0xb4be8fce7b9631c4,"₹1,800 for two"
0x3be7c9fea547786d:0x8959955ea81475f,₹300 for two
0x3be7c9d560a0f8f3:0x78d48ff59e37faab,"₹2,500 for two"
0x3be7c972a10ce2bf:0xd048a2ab79a10b35,"₹14,000 for two"
0x3be7c9d45cdee22f:0xd3114c1c0b8bf672,
0x3be7b8ff8769ebbd:0x5c1ba192d3a8435,"₹1,000 for two"
0x3be7c8a465bc7ce9:0xe0d50fa4518b0dc1,"₹1,000 for two"
0x3be7cf2c05adb719:0x7974cd8de6f8c81d,₹600 for two
0x3be7c82bb6eeea1d:0xa26b88a090102ae5,"₹1,000 for two"
0x3be7b7a76177ac97:0x2c2073426f3083b3,₹700 for two
0x3be7b71b850f9d83:0xb64295a8836c3107,
0x3be7b6fec76f5d39:0x4971f50cab75c092,₹700 for two
0x3be7b1eb203695ff:0x550430ddbf42c804,₹600 for two
0x3be7ceddee668ed5:0xe83b2ab974d3eeaf,"₹1,100 for two"
0x3be7ceddfa7cae31:0x82d98383370e2161,
0x3be7ceddda68e6a5:0xf77fe6b86159c3c,₹950 for two
0x3be7ceded5e9522b:0x7f023b87b8ec2097,"₹1,000 for two"
0x3be7c88cfe908dfd:0xe254dd754bea355c,₹400 for two
0x3be7b7d1373c60a7:0xc5c01dd15c36e86c,₹400 for two
0x3be7b7d148b418a9:0x657bbb28b20d791f,"₹1,000 for two"
0x3be7b70041243ea7:0x7e432967698300da,"₹1,800 for two"
0x3be7b709d3eb3793:0xe1926d6890af7073,
0x3be78b7a2d376807:0xb8c8de67f7df7ec7,
0x3be79540ed78d74f:0x5f7c5d78dbc9357,"₹1,200 for two"
0x3be7be21a7f6aaab:0xee91dd623aa33c12,₹700 for two
0x3be7b8b482af9325:0x4638a2a087ee6d76,₹600 for two
0x3be7c11f10057ae7:0xd810de8b9b6a0980,
0x3be7cf8f5e2ec027:0xef87214534e1ab3,₹600 for two
0x3be79467680e3075:0x2a71a541ba31f5,"₹1,000 for two"
0x3be7946769da9b89:0xc0c49051bdb62454,
0x3be79502251cce0b:0x96cb14fe293e6b84,
0x3be7bfc5860e8809:0x6df4eacd1e4250cd,"₹1,000 for two"
0x3be7c1134568eb01:0xa192d636c2f22aa6,"₹2,000 for two"
0x3be7c14a034949f9:0xdc383886ff9ddf82,₹500 for two
0x3be7c149fff215eb:0xcf497d4a0dfa26d3,"₹1,200 for two"
0x3be7bbcc51e7387d:0x765e0e01d8068c7e,₹500 for two
0x3be795a217540383:0xa5d1578193702e3d,₹400 for two
0x3be7957c83940b5f:0x37c652956ec89df5,₹500 for two
0x3be7b64c2cc3c17b:0xd1756ef5aec4df87,₹600 for two
0x3be7b7a673b4d497:0xa9d7eda8790a426a,"₹1,500 for two"
0x3be7b7c8da28da1d:0x2cb1682dc777bd69,"₹2,500 for two"
0x3be7b6589dcbfca9:0x26d544b94f4d482b,"₹2,500 for two"
0x3be7c60d0c07b291:0xd2a221ff5bb8601c,₹600 for two
0x3be79411a2c764d1:0x53a713e62917f027,₹500 for two
0x3be7c1b167a43a4d:0x80fae26b5936af49,
0x3be7c0d74211320f:0x41e1ff6df345e83b,
0x3be7c0d70ffffffd:0x38ea196f97ff4ab4,"₹1,500 for two"
0x3be7bd8ba5350a85:0xd79458db32a1108c,₹450 for two
0x3be7bd8ba541ec6b:0x71877b2bf222af95,₹450 for two
0x3be7b70061f8d5bf:0x7c6a712e2f3d3f2a,"₹1,000 for two"
0x3be7b7731f1bb147:0xffe007eca70c0d10,
0x3be7b7cd3c1ca8fb:0x6908c5be489e608,
0x3be7b78f5729ce47:0xba943c7ffe929892,"₹1,800 for two"
0x3be7c9c25da91103:0xba2dd75e69d80a80,"₹2,000 for two"
0x3be7b722e731380b:0x492a272c7851b432,₹950 for two
0x3be7b8769ca0f3ff:0x2fa9a4cbb22ec4e8,₹500 for two
0x3be7c9b150a7ce7b:0xac43f7399a8497fb,"₹1,300 for two"
0x3be7c9264e1fb17b:0x80d559a1e0d246bd,"₹1,000 for two"
0x3be7c9167d6f6acf:0x69038d82f851ce89,"₹1,800 for two"
0x3be7c9394c46aaf7:0x7db2536adae4ad7a,
0x3be7c9001b0caa0b:0x145919c0f5601933,"₹2,800 for two"
0x3be7b7a8ffdc7ea9:0x71ad31b973b7b95a,"₹6,000 for two"
0x3be7b874c2b9c043:0xeeb76b322653740d,₹600 for two
0x3be7b79158b93933:0xf18fe4811f060797,"₹1,200 for two"
0x3be7b8642edc70a3:0x835c65415b5a3968,₹650 for two
0x3be7ce85876b709d:0x19882bc05f5366c2,₹600 for two
0x3be7be9632692161:0xd00cca35b2df2d6a,"₹1,400 for two"
0x3be7b1f5e7ecb66d:0xa47cd48179ce5b27,"₹1,100 for two"
0x3be7ce68ab7d23a7:0xe1c5e144be967fe5,"₹2,000 for two"
0x3be7cef331fd43b7:0xf7de3658e21e2b04,₹800 for two
0x3be7b95c00000001:0x2ad64b3c4949cf2,₹700 for two
0x3be7962747b2a75f:0x3788193662d97594,"₹1,800 for two"
0x3be7b042f186a787:0x1a9d65bcaf35ffe9,"₹1,200 for two"
0x3be7b0681ba0219b:0x19102850e17107d6,₹600 for two
0x3be7b032133c5a59:0x9220cc06c42b7060,
0x3be7b032135b5939:0xde417e2940fad8d,
0x3be7b1be67c06b5d:0xfdfb25b750679ef7,"₹1,000 for two"
0x3be7c7e450c9d06b:0x85b18d2fd99c270,"₹1,700 for two"
0x3be7c73a7c841ded:0x7798e4b073e94a91,"₹2,500 for two"
0x3be7c7ed6f9f2373:0xa26a59d977a31c1a,"₹1,800 for two"
0x3be7c73a42ce375b:0x935b02a1d10e68c0,
0x3be7957f4cb60da5:0xf5821711a64f8e4c,₹700 for two
0x3be7ce12cf49df39:0xfe3dae1916ac5320,
0x3be7d10027182099:0x8cdb641edfa2d411,₹600 for two
0x3be7c14a121497cb:0x73c34b3454dcb707,₹700 for two
0x3be7c1358611df07:0xa62b93447eeb3c0e,"₹2,000 for two"
0x3be794355f25a87d:0x7db498c32dbce489,
0x3be7bbf9202f6051:0x5c464ad62182127f,"₹1,400 for two"
0x3be7bbbd112feb95:0x11000739da58b96b,₹600 for two
0x3be7b15cd105dbfb:0x62f124aca0009885,"₹1,200 for two"
0x3be7b04de37076d7:0xefe141bbbccc2862,₹950 for two
0x3be7bb95216da195:0xd0855ca4091826ba,"₹2,000 for two"
0x3be7bb9ccb54f471:0x716eda80afb9788f,
0x3be7c1f3e38611e1:0x17a32a9c2164e7dd,"₹1,100 for two"
0x3be7b64c2f983f51:0xdf64d26e6994c4fc,"₹1,100 for two"
0x3be7b6589c407ef1:0xe93d015f26a2d490,"₹1,800 for two"
0x3be7c843bd1c85c1:0x97829d341d8909f,₹400 for two
0x3be7ce0c1d6e5e1b:0xba009b2496ee0696,"₹2,000 for two"
0x3be7ce0ea7ef5ff5:0xb74b40bfdf20ec11,"₹1,100 for two"
0x3be7ce6b572fd81d:0x593b6ebf68044695,"₹1,100 for two"
0x3be7c0d74c3c0e53:0x5f137b96c6c6e80,₹700 for two
0x3be7c159139f2111:0xf38c6427bc25968b,
0x3be7b75f0c709e65:0x166fcd59a9d4c1be,"₹1,500 for two"
0x3be7b63ca3dc6537:0x4397a893e173a66c,"₹2,700 for two"
0x3be7b72f9373c295:0x6ae0b77e71538ff6,"₹1,000 for two"
0x3be7b63c9b326155:0x5386f3d95c059048,"₹2,000 for two"
0x3be7c7a33b014e49:0x578a38494d3ee31e,"₹1,600 for two"
0x3be7b70779b32e3b:0xf77bf83abfcb3a5d,₹850 for two
0x3be7b9c4451b7f93:0x42d86dc6fee4f0cb,₹750 for two
0x3be7bdd414efd95b:0x8c3087c11c0ebd84,"₹1,200 for two"
0x3be7961b3da2aff1:0x10835f5f8b74f86b,
0x3be7c9e924068fdf:0x918f9aff5bda3e94,"₹3,500 for two"
0x3be7c7d8aee076e9:0xc54fbd3ff364801c,
0x3be7bcf85609d311:0x7b38cbb6fa4d71c1,₹700 for two
0x3be7bdaa0be344f1:0x152170a201075c37,
0x3be7c6b42eca1f6f:0xef0d4a589922ab22,"₹1,400 for two"
0x3be7c10042865f9f:0x2cd6560794a45b4d,"₹2,300 for two"
0x3be7c9a022029873:0x4d8b8600cbb4ddb2,"₹2,600 for two"
0x3be7c91221a91fbf:0xcc6be082eb56be2c,"₹1,400 for two"
0x3be7b78a62d14671:0x86f82c37ad1a9b40,"₹1,000 for two"
0x3be7c86a36d42b69:0x8187ba91406fad6c,"₹5,000 for two"
0x3be7c86a31e3773b:0x72fdd1ad9a0be324,"₹5,200 for two"
0x3be7c7e0ddae2173:0xbc5ea42f6f288851,"₹1,000 for two"
0x3be7c7d46e80b807:0xe50b159358ce7bf3,
0x3be7c91040f672c7:0xd78b978a480a2246,"₹1,500 for two"
0x3be7b720ba53a4d5:0xcc945fc781a995c,₹600 for two
0x3be7b6df54ad19f9:0xf9c29a1223e09a99,"₹1,200 for two"
0x3be7b7ecd2a591f5:0x984781dbc2e57bd,"₹1,200 for two"
0x3be7c8a335628081:0x7031e579b0464465,
0x3be7944a78256393:0x25ac6a8df881d6cd,₹800 for two
0x3be7c96eb02b3487:0x34bb32eb187abedc,"₹1,700 for two"
0x3be7c90057bac4ff:0xba75f98542c4bc,₹300 for two
0x3be7b95f367edc8d:0x3a306d6e0af47aa3,"₹1,100 for two"
0x3be7c819e3363d1b:0xf97a5b499e5c9bc6,"₹1,100 for two"
0x3be7b7cdd3d111ab:0xd0f72bd3f67c8e44,"₹1,100 for two"
0x3be7c83263614715:0x5fef63353e20e47c,₹600 for two
0x3be7c98436498581:0x25163730b82fb8ed,
0x3be7c82d5d9c21f1:0x8d02432464ad1583,₹600 for two
0x3be7b609c3174155:0xfec377f37d31aa98,
0x3be7c62fd78fb321:0xc214f864f803518f,₹850 for two
0x3be7c9055f19c3a9:0x494c99709820f6e9,
0x3be7c90e373f495f:0x278650b72af736c1,"₹2,500 for two"
0x3be7c916fdc4cab1:0x95b07fcf915a6578,"₹1,100 for two"
0x3be7c8badcc5dc0f:0x39d8e2dc79a85686,₹700 for two
0x3be7c7d2b31dc2f9:0x7fd4ef63e455c78e,"₹1,000 for two"
0x3be7b71c8853068b:0xc5e2e25ae3b9563a,₹700 for two
0x3be7b04799a8813d:0x4ee480b7e16af53b,₹400 for two
0x3be7c13a3b2eba6d:0x4befec350742e1f2,₹500 for two
0x3be7c13772206b13:0x57f7f7e85e0a5e8a,₹850 for two
0x3be7bba3e446c843:0x97d07c86b1a7c021,₹700 for two
0x3be7c96f4976c4f5:0x68af6c21957690fc,"₹1,000 for two"
0x3be7b1f375d7e45b:0x51cec372d892f814,₹500 for two
0x3be7c0c5aa72b741:0xae4492e317ad3197,₹500 for two
0x3be7c0c504d81527:0xa7540bef39a52182,₹850 for two
0x3be7c39d58078f69:0xda10b6580faeb77b,
0x3be7bc2cfc3df49f:0x52bd23b70a10f848,
0x3be7bd2591a2a921:0xed5776284fd16fcc,
0x3be7bd51bc96ef65:0x77019d7aa2b4d875,
0x3be7b96b9a8502b5:0x246381357cd20b5,₹600 for two
0x3be7b0ea25bf4311:0xd22c6019ee3a338a,₹400 for two
0x3be7c87c70e584bb:0x9f57cc814ecdde09,₹600 for two
0x3be7b64cb07a05dd:0x4c45ef2d2c6e1a70,"₹1,100 for two"
0x3be7c900293e26e1:0xb3d06eddd4bb7f7,"₹3,500 for two"
0x3be7c9a2a9fa620b:0x6d4348a182244a0e,"₹1,600 for two"
0x3be7bb7ff374c08f:0x37211e757e80d932,"₹1,000 for two"
0x3be7b08a902caf25:0x80244a6c83fd606b,
0x3be7b19cfcd99c69:0xf17d091bb5325393,₹500 for two
0x3be7b08a855deeeb:0xa8f33ca7aa12562f,"₹1,000 for two"
0x3be7b96ca96612db:0xfcabeacd8ba8913c,"₹1,100 for two"
0x3be7bd0071e468ad:0xc8ac4366b11ea06b,₹600 for two
0x3be7bd0d3bc816a1:0x43f17ba44d8c3535,₹600 for two
0x3be7bd34f6278e63:0x90333a049330cd5b,₹400 for two
0x3be7c359eddc6635:0x74ddadc6dd2faafc,
0x3be7c1d88e076335:0x75a33a7b5c90bccb,"₹1,200 for two"
0x3be7c1f6950a3d33:0x2ea2c2234d295ff2,"₹3,000 for two"
0x3be7c108fbce69e7:0x6dcbb4181490f1e9,"₹1,500 for two"
0x3be7cede78ac4371:0x3c501c67068ae596,"₹1,000 for two"
0x3be7c9d808f64ff7:0xf79c570f56383686,"₹1,900 for two"
0x3be7c78be2f75feb:0x211eb00a80195aa5,₹600 for two
0x3be7b9007a0d9a8b:0xa884ae99f7ccdcae,₹300 for two
0x3be7959f7a810dc1:0x90f8388484740a6c,₹950 for two
0x3be7bf4c115630fb:0xc18d3a5993c9a70a,"₹1,000 for two"
0x3be7b175484c23f1:0xa06b7d61309683e7,
0x3be7b0f39c50a7a1:0x51356f4b625cd493,
0x3be7c24c9910456d:0x6e332f0ba259b22f,₹600 for two
0x3be7b11506837bbb:0xe81b8e84ae7f8ed,₹950 for two
0x3be7b1249be6fb15:0x2598ec5c0fe52ab5,₹850 for two
0x3be7b0f37607c657:0x8b1d735b872f52e9,"₹1,000 for two"
0x3be7b16e2482c199:0xd7ad2f278dd340f6,
0x3be7b0f3097209a5:0xaee4c7129e250c4,₹550 for two
0x3be7968409dbcb79:0x47446b6c9802a0c,₹900 for two
0x3be79684744f14c1:0xd4afc3e1e37aa566,₹700 for two
0x3be7c24c8c6654bd:0xfb5153c8460363d2,₹850 for two
0x3be7b691289a9ca1:0x26ccf45e19e8d3fb,₹600 for two
0x3be7c602adf39237:0x23eeb6439050eb26,"₹1,400 for two"
0x3be7b7d37e356a31:0x7542641ad852a514,"₹1,600 for two"
0x3be7b14019196d85:0x6885e9e67c11c237,
0x3be7b08af3992151:0x127613749165ff46,₹500 for two
0x3be7b061d4e51b67:0xa97282a0f34f013a,₹950 for two
0x3be7960585f8a441:0x93c8b4361a702124,₹400 for two
0x3be7b92ea6784ab9:0x4cf2fce0c3eae24d,
0x3be7972b302ce5ad:0xdde17439b46c42b,₹300 for two
0x3be7bd9c4c81c6e5:0x26b573949820b1f6,₹300 for two
0x3be7c32b7eb0d34f:0xbc67c3704285313,"₹1,200 for two"
0x3be7c3aca2b793db:0x61bb20bc48bc0f0,"₹2,000 for two"
0x3be7c350fb219183:0x26a18b96dca5d753,"₹1,100 for two"
0x3be7c3eced0b6ecf:0xceff4e711f492d17,
0x3be7b23e59af398f:0x65ff16d7857d8894,
0x3be79777320cce7d:0xdc86b7e5367a05ba,"₹2,000 for two"
0x3be7c141b96fdd2f:0x26797b33c92d0d63,₹950 for two
0x3be7c1205f3da1ed:0xc090177f38a1296c,"₹1,000 for two"
0x3be7c124b398f3f1:0x806440e008998f6e,₹500 for two
0x3be7c13b29e80425:0x4728e43e3396f7ef,"₹2,200 for two"
0x3be7ce9a319dcaa9:0xf2467f0f68da215f,"₹1,300 for two"
0x3be7cedc138e7e5f:0x20cc49e4f881dcf8,
0x3be7ce43584e1e2f:0xd549ad3e2248487,₹600 for two
0x3be7ce437d353af1:0xd3ae0bd34af502c5,"₹1,000 for two"
0x3be7c921c157c1c3:0xff734fc4d0da7e1b,"₹1,000 for two"
0x3be7c78be230c8fb:0x166be6ba59699521,₹500 for two
0x3be7c829a001d609:0x42e77e7f12dd8435,₹700 for two
0x3be7b9397be9f741:0x51a076cb01e2635d,"₹1,000 for two"
0x3be7955dcd63e9d5:0xe601f0fedb0fbf0a,"₹1,300 for two"
0x3be7955c2982c28b:0xc7fe452ade4ce490,₹850 for two
0x3be7c3b3878b9669:0x6ededadcdb5ff3f,"₹3,000 for two"
0x3be7c1476c5c98bd:0xd0d929fd1266235,"₹1,000 for two"
0x3be7c146e8f5c213:0xd70d92c30209df79,"₹2,000 for two"
0x3be7c1470d01456f:0x12dfaefb2da499dc,"₹1,200 for two"
0x3be7c19a1ff2a551:0x9f1a4e6c98199d6,
0x3be7ce36facd0825:0xed24866d976a0287,"₹1,500 for two"
0x3be7cf5eb173b807:0x8784674834580fc7,₹300 for two
0x3be7b72fd77a5781:0x51099f91684c2736,"₹1,200 for two"
0x3be799bb3aa7c29b:0xed83726a7e72ed0c,₹700 for two
0x3be7c7d73ffffffd:0xc397726f8d26c48c,₹550 for two
0x3be7b7cc613a5207:0x98ffbdfe63dbd76d,₹950 for two
0x3be7b7828f1fc091:0x8889cbb27e17b663,"₹1,150 for two"
0x3be7b795ec2fd903:0x561561c368fa704a,"₹1,300 for two"
0x3be7b7c04ce2c20f:0xe3a8cfb0788c946b,"₹1,800 for two"
0x3be7c9cfa156b279:0xff7cb66c09171b99,"₹1,400 for two"
0x3be7b10043f7de43:0xb21182ad2af497f,"₹1,900 for two"
0x3be7bf6b149380db:0x537085997a103e06,"₹1,000 for two"
0x3be7c1ebccd341d5:0xa8a31979b1cd211c,₹850 for two
0x3be7bdf226e9b65d:0x866ae269a792755f,"₹1,000 for two"
0x3be7b0622c442cf3:0x706acc3bda205d8,
0x3be7955e60e3ddf3:0x230b8297602b6351,₹350 for two
0x3be7be1df4d5eca3:0xa721c0bc6c7a39ef,₹800 for two
0x3be79528c37ac0e3:0x2b1af0a6e003b614,₹700 for two
0x3be7b9230f813339:0xa909891d73081094,₹300 for two
0x3be7c7c5bcbd6c5f:0x52c50e0e0fbf3309,₹600 for two
0x3be7b75eb43cd253:0x215dae572936396e,₹850 for two
0x3be7c93bc54a9707:0xebf2d0d3b5b16ec9,₹500 for two
0x3be7b92a3e863e57:0x53ef948a221e61ed,"₹1,000 for two"
0x3be7bf2ad57d30b3:0xb565fc69e0339e16,
0x3be7b92dca6b176d:0xb7cc0a34b67f9592,"₹1,400 for two"
0x3be7bc4d1c074629:0xd285ce19e043e2bb,₹300 for two
0x3be793004316fe2d:0xb2be1ceb69adfaed,"₹1,600 for two"
0x3be7c12367d2ba57:0x8fd235a7bc25cfac,"₹1,200 for two"
0x3be7c1ed2238a133:0x5bb1d285451e5b0b,"₹1,000 for two"
0x3be793322131d5b1:0x49d538f3be11da44,"₹1,500 for two"
0x3be7852a4072a809:0x1ca610ef9025a914,"₹1,000 for two"
0x3be7c0e9e3007a7b:0xf6c5bf3090378bb8,"₹1,500 for two"
0x3be7c24cae971297:0x13fa25ef8672fb5f,"₹1,200 for two"
0x3be7c165bd2427ab:0xa8358c09ea3fa96d,
0x3be7b725045bdb43:0x70ddad8c28edde16,₹500 for two
0x3be7b8ac7b8ff4f1:0x14812cd87c3077a1,
0x3be7c8528b4d1c7d:0xab78336072acb837,"₹5,000 for two"
0x3be7c9422fdfec9d:0xde39023adc8d1eaa,₹800 for two
0x3be7c863df525d9d:0x6f54e2faaf9f947b,"₹1,800 for two"
0x3be7b22570b958dd:0xe42fc9e144f83e75,₹100 for two
0x3be7d1dfff98895f:0x6709775df5649388,
0x3be7ce2003819133:0x8b21080505b90c67,₹600 for two
0x3be7c87b33c3b945:0x339e956866d7075c,₹500 for two
0x3be7c88839ffac6f:0xf904a2af23155dcf,₹700 for two
0x3be79581acac4c1f:0xb6d46fe97e7609a8,"₹1,300 for two"
0x3be7c7ce6324c725:0x9fdf4dd48096a0ea,"₹1,700 for two"
0x3be7c7dffb5c3bad:0xfd7d313352535c0f,
0x3be7c0ce4fc1176d:0x91b13498574f737a,"₹1,000 for two"
0x3be7c3abd414d187:0x74dfead1bd28d7fe,
0x3be7c3abd1d2dccf:0xe784acc2b4a0d0fc,₹950 for two
0x3be7c30029090467:0x246d99a48001a00f,
0x3be7c303b9d9cb6d:0xac4dcd36b36a7576,"₹1,700 for two"
0x3be7c3054794f31b:0xbee8415a3fbd1706,"₹1,500 for two"
0x3be7c3ec489a0f3b:0x74aca1909328f411,"₹1,600 for two"
0x3be7b705b38fc807:0xafebb03703becd71,"₹1,200 for two"
0x3be7cf4845b86309:0xb95407b2aeeec934,
0x3be7ce6ac79b143b:0x712b6526068e0764,₹600 for two
0x3be7b85da8f48a0b:0x5aaab5571a54918,
0x3be7c676d68cac05:0x626ece517e361ff5,₹850 for two
0x3be7c78d3dc0bb23:0x306ff6212af112a7,"₹1,500 for two"
0x3be7bd1f3b98e151:0x2eba6416ad336098,₹400 for two
0x3be7bd7769905965:0x52b5fca4317ee0dd,₹600 for two
0x3be7cf7221c49047:0xb2e109015b54698a,"₹1,500 for two"
0x3be7b70807ffba35:0xf31efe2b9619b631,"₹1,600 for two"
0x3be7b10024d5fab9:0x44c75eaf40922863,"₹1,600 for two"
0x3be7b907b73e1509:0xc96074b720b1cbc7,"₹1,000 for two"
0x3be7c1402e1c75b1:0x3587a0e0721a491,"₹1,000 for two"
0x3be78584b9e57ccb:0xce11790a20db9e40,
0x3be7958dfa61c95b:0xa3dbecf4753f407f,
0x3be7c1454dbeb08f:0x5acd1cbaa1ca6a1f,₹600 for two
0x3be7b0442e2ea6c1:0xd1d189cf129cb7e3,"₹1,000 for two"
0x3be7b9b717ce0371:0xa38f04f4fb8fcb10,"₹1,500 for two"
0x3be7bf4a27c798b3:0x462dcf0d3d70a074,₹500 for two
0x3be7c87d617af739:0xb6e39058e3a4d0c2,"₹2,500 for two"
0x3be7c87d7b5c2c63:0xb8c5d0568b00099c,"₹1,800 for two"
0x3be7c887f75f975d:0x51e4f55b766383bc,"₹2,500 for two"
0x3be7cec6a311408d:0x94c121bd984cf9bd,₹600 for two
0x3be7c7c7acb51031:0x33ebe32308810bba,"₹1,500 for two"
0x3be7c9aabb5d565b:0x8b273f385666405e,₹500 for two
0x3be7c88844ef64fd:0xe32295424f554ba9,₹800 for two
0x3be7c1a1fa171c85:0x756919215cb44d31,₹400 for two
0x3be7c0d048add91d:0xb81b502134bba484,"₹1,000 for two"
0x3be7b753712dfd89:0xbe9c55fd578dfde5,"₹2,600 for two"
0x3be7c8157d66e7b7:0x158c5278d2309918,"₹5,500 for two"
0x3be7c8443fffffff:0x727200fbc7e4a33d,"₹3,500 for two"
0x3be7b1d20780a709:0x5a93f4c7850b055a,₹600 for two
0x3be7b1d1fe1b6993:0xec473ae9a7b19ad5,
0x3be7c3584ecde8b1:0xfd9d2123a56dd318,
0x3be7b6c4ffffffff:0x7653d93bcd4f2ea8,₹700 for two
0x3be7c8260e21ef55:0x120dc59cdd09223,"₹1,200 for two"
0x3be7b1614493672b:0x7021396aac18bf43,₹600 for two
0x3be7bf4ea0d20a93:0x7b77b24060d62160,₹950 for two
0x3be7c0e7f17d397d:0xb37372fe2528e47c,"₹1,000 for two"
0x3be7c852577c0069:0x9e81145a6da22dc6,"₹1,000 for two"
0x3be7c8528dc85aef:0x5b9e4abcad5ab099,"₹3,500 for two"
0x3be7c8f6c4990dd5:0x802bd997d285bb68,₹850 for two
0x3be7c8ff9f7a113d:0x50ab3c178653af6e,₹800 for two
0x3be7cf568a821f09:0xf47578e29eb289b2,₹700 for two
0x3be7cf5660a6283d:0xfc318f5aba58b2ac,₹850 for two
0x3be793260ca39763:0x27c5abbcab9fe438,₹300 for two
0x3be7b93809465ba1:0xa8c11f33d2d61cc7,₹850 for two
0x3be7bba7c7ebf573:0x94e88d892cd79d6,₹850 for two
0x3be7b139372f5199:0xae811f029a7996dc,
0x3be7b17f1503f553:0x60ce8b106545373c,"₹1,100 for two"
0x3be7be275e710b21:0x3e4780741d5f0c0c,₹850 for two
0x3be7bf004e062277:0xefceae2abc7bd8b6,"₹1,000 for two"
0x3be7c61fabd10ec9:0x192eaa9a161091ff,"₹1,200 for two"
0x3be7c9e59ed88e99:0xa1909c0d72ea8bfd,
0x3be7c62e0ba492b9:0xf4867dc13fb23793,₹800 for two
0x3be7b911e3ffd789:0x31f5020a522c37da,
0x3be7b944509c83bb:0xf0e962d34a540abc,₹900 for two
0x3be7b94450bc584b:0x5c929e0e405242bf,₹800 for two
0x3be7be1efe5de41f:0x32273777b49df3a2,₹950 for two
0x3be7be1f97da00cf:0x8ae2101f0f6b21a5,₹600 for two
0x3be7be1e5540247f:0xefa416c234e2e31b,₹700 for two
0x3be7c35e8c00c523:0x6fa6356a4291681b,
0x3be793710f8dbc39:0xd34b18093827de0,₹950 for two
0x3be7ed2b044074a3:0xfd9bd61f5efe839a,₹350 for two
0x3be7ed1b31562b95:0x61d413b77805de4f,₹300 for two
0x3be7cef021ea40b7:0x35cabdf264de6026,₹600 for two
0x3be7c8412f6d8ec9:0x1a9db97c2833c4d3,
0x3be7c8411dfb2d61:0xd3ae8899b5d39447,
0x3be7c8412eddfbc3:0x7229d46e0d5d6715,"₹7,500 for two"
0x3be7c846e0e1512f:0xdd51b67c02a795aa,"₹6,000 for two"
0x3be7bb0068a17e49:0xcbae2eee64a58235,₹450 for two
0x3be795a3a65f340b:0x157a5707ab711a31,"₹1,000 for two"
0x3be7c9b3d9d7c441:0xe1d09538df23f0a,₹650 for two
0x3be7b6049cb4817b:0x88a2047b95626ca7,"₹1,500 for two"
0x3be7c9f1130a74af:0x3279d4b05f282c06,"₹3,500 for two"
0x3be7c91f6b43f177:0x3ec9dbe9cba021ae,"₹1,000 for two"
0x3be7b0eceba54341:0x24922b6434ffc263,₹500 for two
0x3be7c625c80949f7:0xa28e83154a31501a,"₹1,200 for two"
0x3be7b15840b87b7f:0x6698004c27da3a00,₹950 for two
0x3be7b0c2914e15f1:0x59e915f7c45ae66f,₹600 for two
0x3be7b1bf2c71e5d7:0x6776f1ccc908b58c,"₹1,900 for two"
0x3be7c371eea5bfe5:0xa5792b0bd83e5cdd,
0x3be7bbed8470a295:0x20ff9365ecb62914,₹950 for two
0x3be7b90b728b481d:0x5f3f78ccc96164ac,
0x3be7b90b1a6f2d0f:0xc1315189c9295382,"₹1,000 for two"
0x3be795f4d5861e2d:0x2311d7a7ea583552,"₹1,100 for two"
0x3be7cfdb6d93308d:0xd86cdfcd52b521a4,
0x3be7bbf02c8b33c3:0x7e2e7dab5bec94ff,₹800 for two
0x3be79592ff077155:0x9f43404a898161d4,
0x3be795939afd049b:0xe557e9adda8d8b67,₹500 for two
0x3be7b047cb6edc55:0xdb678e7d31a8c42,₹900 for two
0x3be7b1d1438443d1:0x9e1f66bb7e8404ab,
0x3be7947d4383c09d:0xe4177490a43a811,
0x3be7b02f40275f77:0x731145d6d7589d93,₹600 for two
0x3be7b02f1494195d:0xc8521194c8e6dc9b,
0x3be795a2af754ed9:0xce2c2c9f2ae940ba,₹500 for two
0x3be795f4c6f67ef7:0xc592a053bcc0164,
0x3be7c1b2f44b2675:0x8b1d21740067ac41,
0x3be7c12440ee77e3:0xdde978c0d9885cc,"₹1,000 for two"
0x3be7c13a88ad8ca7:0x6d6b9a1e4ea330b8,₹550 for two
0x3be7c1370ff493c3:0xdbf2628c7d8859bd,"₹1,600 for two"
0x3be7c14279079401:0x30b370e791c171d9,"₹2,500 for two"
0x3be7c137544b15f1:0xc370b711f2e50540,₹500 for two
0x3be7c1377daa8599:0xcd25be0ead5a3d0a,₹300 for two
0x3be7c131693bf07b:0xf980e3d5853c14aa,"₹2,500 for two"
0x3be7c35aa93d49c3:0xeb0a344d1f3963d0,
0x3be7c353804f7f1b:0xe84c624a523ef2b0,"₹2,900 for two"
0x3be7b72323141003:0xa0b763b20382e476,
0x3be7c899bf621d01:0x798e55e5bac84caf,₹500 for two
0x3be7c7cd855b4137:0xe070362306f7f1f8,
0x3be7c73d0da769c3:0x32c5aff4e0084597,"₹1,400 for two"
0x3be7c7e46b2e6d33:0x7b2420c03c3ebbdf,"₹1,800 for two"
0x3be7bd4e2ff80809:0xcb1e3d55c841c63,"₹1,200 for two"
0x3be783a37c69de29:0x6020e31873e6fdb8,
0x3be7959bd91716e3:0x2faf9209b13ceecf,₹700 for two
0x3be7b91cfc244647:0xf1d612f844cf67aa,₹800 for two
0x3be7c1e388650685:0x385305f0406d70ef,
0x3be7c0e8ed6c6fc3:0x4c86a3d7fae2dc21,
0x3be792d30370aa3d:0xe5689a81d3474915,"₹1,300 for two"
0x3be7934418ce9b63:0xc3d35e7135233acf,"₹1,000 for two"
0x3be7b174791eb5eb:0xbc6d1e7665f4cc53,₹100 for two
0x3be7b6f7ac3e0385:0x39781a61ee7abf5c,"₹1,200 for two"
0x3be7b78e44439597:0xdec21ff4c13b69d1,"₹2,000 for two"
0x3be7b73e368b0899:0xb47daf530f8e7e90,"₹1,500 for two"
0x3be7b758ab479079:0x4540cb7135cd91cb,"₹2,000 for two"
0x3be7c3be80bfcfc3:0x70ca677c65948ec5,₹450 for two
0x3be7bbe8fe864649:0xd5e7fe950df476d8,
0x3be7bfaa217f0de9:0x6ac89d9989c928a5,
0x3be7c1d4373a2b93:0x57713d9be97f1f6,
0x3be7c1657267221b:0xd7df5a3472f2750e,"₹1,200 for two"
0x3be7c1b9513d9b83:0x9794116e60f2cdc1,"₹1,100 for two"
0x3be7c3b277581e25:0x9181f0282b4ac9c8,"₹1,000 for two"
0x3be7bd49afd65d71:0x94b56a9c76764b13,₹300 for two
0x3be7943fb40f6f51:0xd9ea7c1f94f3298d,
0x3be7943fc92d5191:0x34a995c4fcce9f6d,"₹1,100 for two"
0x3be793804ee9b9af:0xda25c61b4c5b9826,"₹1,000 for two"
0x3be79381a3fa3f8f:0x2062231ec7f641ee,
0x3be7958b494635a7:0x48967856d05524ce,"₹1,000 for two"
0x3be795ca6cd64fff:0x6beac04d68a4a537,₹950 for two
0x3be794485e5df1bf:0x79b9208d5e5e1ebc,"₹1,600 for two"
0x3be7c3a9bcd5387f:0x8e6f9d8d287d49dc,"₹3,000 for two"
0x3be7c31ca025e8b1:0xc2006f8cd1ff46d3,"₹1,200 for two"
0x3be7b938c0588d61:0xbf2a3697130d76e1,₹850 for two
0x3be7bf801ba93ae9:0x65dbd1a4c677aa40,"₹1,000 for two"
0x3be7c12e02911627:0x8e8e05f548d76f3a,"₹1,000 for two"
0x3be7b97325285d0f:0x9b41a9573b025c6c,₹700 for two
0x3be7bf1182a13e51:0x13143260b0000000,₹350 for two
0x3be7b8aaf3fce863:0x5f8b9ff02f3e3ad4,"₹1,200 for two"
0x3be7b96dddafbfaf:0x2ce661da0a26d2f3,
0x3be7b96cab98ad49:0x6832f0d30caf7c5,
0x3be7b94c7effe76b:0x6b095c43e1f5f5c3,"₹3,500 for two"
0x3be795ffc1b56ca9:0x846b5df6c2d494f6,₹300 for two
0x3be794499b42af05:0x269422fc5109194a,
0x3be792d56ac6673f:0x8687d97d33aa197,₹600 for two
0x3be7958a06ebb863:0x6e8caec9b18a05f5,₹300 for two
0x3be7be20970c1023:0xfa1ccf7428c85f43,₹600 for two
0x3be7946922bb96e1:0x3a808d359027d274,"₹1,000 for two"
0x3be7bb2d0cfe7d4f:0x4d6dd9ab7b1f88a5,"₹1,000 for two"
0x3be7c1cb0e33a041:0x484a913d12d6425c,"₹1,500 for two"
0x3be7c83c25dd979b:0xa7e7f01390523190,₹500 for two
0x3be793267d3f15d1:0x5d35af10d9ec8f42,"₹1,000 for two"
0x3be7b8dbaaaaaaa3:0x346acbf08d5be709,
0x3be7c0e039304f21:0xe563ecb6e127fad2,₹550 for two
0x3be7c717ed0e7bad:0xc13e0c843e699719,"₹2,400 for two"
0x3be7c7b37aafae67:0x4b19e4ae1fea9f86,₹600 for two
0x3be7c88006e95bef:0xae021c1c319d8448,"₹1,000 for two"
0x3be7940368d88fcb:0x65c865ec017b5a20,₹700 for two
0x3be7ce0d5cb4aa01:0xb75075a71a870fb5,
0x3be7cf33d7226669:0xe330245224e8f315,₹600 for two
0x3be7c0d17e4910a9:0x4bc0979a2d07642b,
0x3be79594fa9fe513:0x6f9a34bd1dba8cd0,"₹1,200 for two"
0x3be7c16e4767bde7:0x33c936a2178f88ac,
0x3be7ce8d935bc36f:0x7dbddf38149d82d8,₹600 for two
0x3be795006a2aaf55:0x4b58a10be7271900,₹800 for two
0x3be79b549f67100f:0x972b49b1ac90eb9a,"₹1,000 for two"
0x3be7bbd334fcb0ad:0x7ede4b273700fcfe,"₹1,400 for two"
0x3be7b6fcbcfa335b:0xaf522ca2ba0f14c6,₹600 for two
0x3be7b6fcc0bd59fb:0x37304e94fbf7625e,₹550 for two
0x3be79b005655844f:0xc6a5176a9242d944,"₹1,400 for two"
0x3be7959861acc7e9:0x618f130bab72e4f6,₹850 for two
0x3be7c9bf0628a9e1:0xc7f747f7aa3f5fd,₹550 for two
0x3be7c12e749ac6c9:0xcc6df0d5bb29c134,"₹1,400 for two"
0x3be7c9a070a0e325:0x77982dd9adee6e08,₹300 for two
0x3be7c9c60f353ad5:0xdff9d66df0101bbb,"₹1,900 for two"
0x3be7c816c187300d:0xca7e3d1ad60d8022,
0x3be7c8a069f01ba9:0x3853538661139aa,₹450 for two
0x3be7c8a0044bf36f:0x47811222b5d0e5e6,
0x3be7cf5650e2d933:0xb515be668ca33a6,₹950 for two
0x3be7cf748cfd6f43:0x2054207683f7c39a,₹300 for two
0x3be795d1c1e266a5:0xc44b7e6262512f59,₹600 for two
0x3be7942c55fb10af:0x5c4b7ace2d248c14,"₹1,100 for two"
0x3be7c0c4d4380f37:0xa81b50e39d89ee07,
0x3be7c1704b57b7e9:0xdd92e9bb6c74e4b3,
0x3be7ce12a9b29c15:0xdb6e05fed0388a41,
0x3be7b7cad7f27717:0x528252b1b959e8d5,₹450 for two
0x3be7b76207f582f1:0x157bbf5b67832f2b,"₹1,800 for two"
0x3be7c7cb51e4b769:0x1cee401cf755899f,
0x3be7c131c5d5e425:0xdd773945ea30a6ca,₹400 for two
0x3be7b6a10ac2740d:0xb018a7c1175aef6d,"₹1,200 for two"
0x3be7c8172a2fbdf9:0x71ee3cdbc0e40cc0,₹950 for two
0x3be7c814f7da1fcf:0x28c5adca4297f10f,"₹1,400 for two"
0x3be7c93237810cd1:0xe167f00551b8ac47,"₹1,200 for two"
0x3be7c89f808d152d:0xb23edc7679fb535a,
0x3be7ce5c9fc3a74b:0x9d43aa88a68b6485,"₹2,500 for two"
0x3be7b97d5817fc51:0xd4a767034a886af5,
0x3be795980eda3f89:0x6fa89b9986935498,₹950 for two
0x3be795a7666f3ec5:0xed797096b9f317e7,"₹2,000 for two"
0x3be7c0db29202337:0x4349ac635d080637,₹500 for two
0x3be7ce0d5b1aacbd:0x2aab05eedf042fbb,
0x3be7ce8d774883b5:0x6e8068a218b3c658,₹500 for two
0x3be7ce366c62633d:0x4ac649d8b8604041,"₹1,000 for two"
0x3be7959a6545d95d:0x97e8e288fe42e6b5,
0x3be7bd8a02ce8a5d:0xfbbaddc0da12c791,₹550 for two
0x3be7b92d29429047:0x9f806a966a88f408,₹300 for two
0x3be7cef644fed911:0xbbef2cc6aa52ba3e,
0x3be7c8bda0615cc5:0xc8632e0c2f3196a1,
0x3be7c84844b1b5b7:0x7a75de01f81a0eb9,"₹6,000 for two"
0x3be7c996880c5d6f:0x1e64060a4138b21a,"₹9,000 for two"
0x3be7bb5b643acb6f:0x4d7908623c997ce0,
0x3be7ba9cfdb3ceeb:0xe27371d452040396,
0x3be7b903b8341f53:0x445e756d74f4a085,
0x3be793819ccf6201:0xb0c76d50eeb4350a,₹500 for two
0x3be7b9e600e192c7:0xcf1ef093ae6db9cc,"₹1,800 for two"
0x3be7c61f3f838617:0xf3db415c30e18443,"₹1,000 for two"
0x3be7b9c773433be9:0x4bddd5ce1ad1023b,₹500 for two
0x3be7b92d3aa5155d:0xcb4d1642e46ae876,₹200 for two
0x3be7b92d3c7e71e3:0xe907363bb7a6619,"₹1,200 for two"
0x3be7b927229de115:0x61fab6e14f3765fa,₹800 for two
0x3be7b9a98308f915:0x6bbe2308e7329399,
0x3be79468be29ba2b:0x9178ba6e8296956c,₹850 for two
0x3be7bdee53c4d937:0xfbcee4cbef8d2779,
0x3be7b94454970c03:0xe3eab1adc48bb0fd,₹700 for two
0x3be795a85c6d290d:0x14e4685f46b9a238,
0x3be7943e983f1413:0xf0bb2d9a3f616738,
0x3be7bbfffb1a073d:0x617c116a00e2c74d,₹950 for two
0x3be7c96918fb097f:0xf2c3d10e6b003994,"₹3,000 for two"
0x3be79566b4af6b7f:0xbd2ef48ecbba86b3,₹400 for two
0x3be795644c911b33:0x12cfa540daa19f1,"₹1,400 for two"
0x3be7b93d31d95455:0x5a8b51aaa97b88a9,"₹1,400 for two"
0x3be7942850b88d0b:0x58105abac241a818,₹300 for two
0x3be795781e6af931:0x4e607391d0928a6a,
0x3be7b181a6c8725b:0x6bca392f461ad304,
0x3be797ef42e4eff3:0x2b82736be5866b0e,"₹1,600 for two"
0x3be7ce12fbc13bb5:0x94085a16b66bb9ea,
0x3be7c9b7699ba5af:0xfd6c0834cacfb725,₹850 for two
0x3be7c9130793481f:0xd21696fefb53a9,"₹1,200 for two"
0x3be77fbb0bae9cf5:0x32a0ba6b494f968,
0x3be7960a4dc8842b:0x29a07a431899d3a4,₹300 for two
0x3be7c3df056450a3:0x5e1d76ee18364889,₹700 for two
0x3be79a45da83fc23:0x83f738276dee40fb,
0x3be79b0127b7588f:0x3105905433811289,₹400 for two
0x3be7bffa23cc6b31:0x62ff0d6062a20a0d,
0x3be7bf50736ca515:0x1f070bbd8d41f751,
0x3be795b3ebcf6a41:0xfa359d94b69d9e81,
0x3be7ed3e9f000005:0xa8e2e989ecf8f806,₹400 for two
0x3be7d194e473ffff:0x6526c3f057551a06,"₹2,900 for two"
0x3be7ce96a74ffab5:0x11788fc3fa9984b3,
0x3be7c3e4444dfb51:0xad37365a78e34e39,"₹2,000 for two"
0x3be7c355dacad4cb:0x9ca9cebbc8b351c4,"₹1,500 for two"
0x3be7bbe3cd9a736f:0xe6d96fb558053e98,₹600 for two
0x3be7bb8710ff2b75:0xe5596a515b32492e,"₹1,000 for two"
0x3be7bbe3c9555555:0x1f17194a23753e2c,₹600 for two
0x3be797a5f9e8f083:0x530b0ca4a6322b3a,
0x3be7c86c9fd9d9a1:0x4a506d13fc618919,"₹1,000 for two"
0x3be7c86b7bfe1f5d:0xa7c467d76db76541,"₹1,200 for two"
0x3be7c90029ae70b7:0xaf3d5ae7a97b814b,
0x3be7c844460a0e15:0xf9ed2761111a03f,"₹1,200 for two"
0x3be7c611b4251927:0xabc7129f0871fafe,
0x3be7c7fbcb82aa69:0x89f9638c5f5d2498,₹600 for two
0x3be7942c4cdd6fff:0x101cbbb8e68471c6,₹600 for two
0x3be7c9191f07bc0b:0x713fb0b7d86889c9,₹400 for two
0x3be7b6ff31661971:0x1e2daf245ac43e84,"₹1,200 for two"
0x3be7b86581686edd:0x61b7aadbc6743060,
0x3be795b635ffef5d:0xc3f89ef83243975a,
0x3be7c252551e93f9:0x60a02cda7b5e84e,
0x3be7c253b28c9f6d:0xeab440481e1c6cfa,
0x3be7c630acbd75f5:0x27dee286409ad58a,₹450 for two
0x3be79581351f2469:0xc612d6c2657a2e01,₹350 for two
0x3be795ed23ed84bd:0xb26af0ac7f67db92,₹500 for two
0x3be7c1318f6ee679:0xa76b3a61c672551e,"₹1,400 for two"
0x3be79516dcba2bc5:0xeb25edcebf811989,₹850 for two
0x3be7b9b28db75669:0xd2775f79a6df85d3,
0x3be7b900a0764e31:0xdb55dfaee9ec1425,
0x3be7b19b26911a49:0xdf908203e89eaf59,₹600 for two
0x3be7955430c31aef:0x1c132289bf71c89a,₹500 for two
0x3be7954c289c0c27:0xd45938b8b635ddf7,
0x3be792d29159ae8f:0x770424c9cf023102,
0x3be792cd5c9bb43b:0xf590d7b23b4ba89a,₹400 for two
0x3be795b7233a8f5f:0xd8a5768dfda5f145,₹200 for two
0x3be7c99824616e79:0xd8da52a80214c0f,"₹4,500 for two"
0x3be7b7104a7f3ad7:0xa0a4a2720d61517b,₹200 for two
0x3be7c84676a297fd:0xbbcf25f3a5dc2664,₹700 for two
0x3be7c90670fb5329:0xc143fea0f720713a,
0x3be7b86e222c8365:0x120594ba151916d5,₹950 for two
0x3be7c96c03b16b05:0x18395351e521c57f,₹600 for two
0x3be7c836440c95bb:0xa696e51161bb77f9,
0x3be7ce58633ae553:0x4afee3e112440e0a,
0x3be7b1d0827cad47:0x368de80544836e4,"₹1,500 for two"
0x3be7b10de679f951:0xf2cb66314fd3e88b,
0x3be795d393d3cc5b:0x2ca05320d0d32d2,"₹1,100 for two"
0x3be7b97fd891be29:0x8d623f4a9654b966,"₹1,700 for two"
0x3be7b9a839d54a31:0xa2b73f6cf89728f1,₹850 for two
0x3be7b1e5d3470845:0xd306f51e15e92b66,
0x3be794eac0756647:0xcba19f6224727641,
0x3be7b92722767ca1:0x2f5acccb1c2b6b24,₹600 for two
0x3be7b8ac921ad97b:0xb61760e598c816c2,"₹1,300 for two"
0x3be7b9859682bd6f:0x9afa2f219baa2c3b,₹950 for two
0x3be7c73c38d422ef:0x39847d291e769d5f,"₹3,000 for two"
0x3be7c788be17468d:0x8a31c239ed4f797,
0x3be7c72a95c74ce1:0x11b0da852fbcb37b,"₹1,800 for two"
0x3be7949e3961e2f9:0x2856abe6f9da5e75,
0x3be7b981b2545275:0xeb01acf44489b98a,₹800 for two
0x3be7bc3d9b96d541:0x1bf3da3a9b26389b,"₹1,000 for two"
0x3be7b14d58a815e7:0xa19741b078d1e6d2,"₹1,200 for two"
0x3be7ed9507e71473:0x5d787112f4d316d,
0x3be7bd6a32df9c99:0x5be6b34e652993a5,
0x3be7c39925bc2905:0x103e99e9b6320ce4,₹800 for two
0x3be7c0dbcab9b791:0x8a226601986900d0,"₹1,000 for two"
0x3be7c82dbb5c9463:0xbfaffbaa825de3a0,₹700 for two
0x3be7c86a8f54295d:0xe8c04bcb2073fed2,"₹4,000 for two"
0x3be7c9569a9a6569:0x7235c527f1a4c79d,"₹2,800 for two"
0x3be7c86a8598b1b1:0xcba651f48fee0c01,"₹4,500 for two"
0x3be7c86a851b641b:0x4d013b2cf566b1bf,"₹4,500 for two"
0x3be7bf5ab9bf341f:0x7171db0472d0fc0b,
0x3be793b0b79d34af:0x5c32e82f531307fd,
0x3be7b1226387f5a3:0x7c7086753bf23374,₹800 for two
0x3be7b02a67fbdee5:0x942d69b7e0c3fc40,₹400 for two
0x3be7b02a38855ec1:0x6ba29a8e333bd159,₹400 for two
0x3be79593b3ad46e5:0xa65bc79f2a5d0c5e,
0x3be7b8b505208ccf:0xfce74981ce139e5f,₹600 for two
0x3be7b9007db94981:0xed8085f033af922a,"₹1,800 for two"
0x3be7b923f4000001:0xb5416cb3ef0df90f,₹700 for two
0x3be79685290d2bc9:0x8c50784685a0ba1c,"₹1,500 for two"
0x3be7b96cbdd4b3ad:0xb2c1db27d9753a12,₹700 for two
0x3be7c9cb589f7003:0xd69ef433f7b56c48,
0x3be79425a5a528a9:0xc9f318ca7ddbbbc9,"₹1,100 for two"
0x3be7bda0a28aac19:0x19b0eed81e503961,
0x3be79925c5017447:0xe81088983dcc8863,
0x3be7b9478828572f:0x7cd268c9e788b384,"₹1,000 for two"
0x3be7b95cc11ba7c5:0x948d1ee520b374e6,"₹1,000 for two"
0x3be7b03128946a59:0x6f6ee68a19935aa2,₹650 for two
0x3be7c25259abb7c9:0xe61fa989977f1649,"₹1,400 for two"
0x3be7c90318119bad:0x64a62b32d109c2b0,"₹2,500 for two"
0x3be7c8e019155555:0x470925bc1d93d121,₹900 for two
0x3be7958b95224a5d:0x42cae9762c212987,₹800 for two
0x3be7c1cb4d0e00ef:0x812c3c9eb086b64b,
0x3be7bd64001e4447:0xdd774c1f14985661,
0x3be7c9cf0610f78f:0xf0ba330529d4714,"₹1,200 for two"
0x3be7b96332debfa3:0xac95aa12484e5840,"₹1,000 for two"
0x3be7ce47ee87522f:0xbb517385c59fc855,"₹1,000 for two"
0x3be7ce48626a727f:0x1d3e96684eae345c,₹500 for two
0x3be7942c34b1d1a1:0x603ee4143707777b,"₹1,000 for two"
0x3be7959a77b53d79:0x5557589860b8e582,"₹1,000 for two"
0x3be7b8ad2c3c6d5b:0xfd29057501a58b5a,₹700 for two
0x3be7c16bda3d1de5:0x613967a406ad3d83,₹950 for two
0x3be7c16a111ab897:0x99bbcce5e21e6224,"₹1,000 for two"
0x3be7c07920508b2d:0xffc9c9bbb1be03ef,₹850 for two
0x3be7c1469f264dd9:0x48c8d29e7c14f66c,
0x3be7c75104991675:0xfc70cfa0146d23cf,"₹3,000 for two"
0x3be7b8b367ec5ce7:0x8ca9be502fe1a469,₹500 for two
0x3be7c24b9aaaaaab:0xf91ff30673955c83,"₹1,200 for two"
0x3be7c975299e8b7b:0x5c1e38cdfb178af0,
0x3be7bbe115f77f21:0x99aee111fef9d440,
0x3be7bbe158c07ae3:0xb964beeecceaab02,₹600 for two
0x3be7958f9ab7b1e3:0x74ee3770a285196a,"₹1,100 for two"
0x3be7b91a687505a1:0x4b4b3d911c75fe34,"₹2,000 for two"
0x3be7c0d0f6a72789:0x3e5bf25ae0fa4441,₹800 for two
0x3be7c8653c86c667:0xda6f23f9501dcb15,₹400 for two
0x3be7c8659f44aaf1:0x3239b0609d4a5365,"₹1,200 for two"
0x3be7c7eaa5a4afed:0xa944ed5940bcae81,"₹1,100 for two"
0x3be7c8800718a4e1:0x65df5c925f545f63,
0x3be7b12f05cbd2d1:0xdf6c65cba16a20d2,₹350 for two
0x3be795bbf56267b7:0x852971840afed0c1,
0x3be7c157bffcd543:0x116ef06d960c6ce0,"₹2,800 for two"
0x3be7d18755a5ddf3:0x54e1c653396b391b,
0x3be7ce566df24db7:0x8c231bbf6c8ea3c3,₹500 for two
0x3be7b7e9c816756d:0xf5356a28a9ebf4c3,"₹1,600 for two"
0x3be7c9103beb716f:0x26b9ea876aaeed4d,"₹2,800 for two"
0x3be7c926005aa93f:0x78f9c4456f24dbe9,"₹3,000 for two"
0x3be7936b5d72dc2b:0x107e3f281e6363a8,"₹1,200 for two"
0x3be7c3dd290a1531:0x2934f3b31dc8ad2f,
0x3be795f3171aaec9:0xf48cc17abc421162,"₹1,200 for two"
0x3be795d26753fb75:0xcabda7dc2eea6f08,"₹1,000 for two"
0x3be795d240baee7b:0x7c7aace443f102d5,₹900 for two
0x3be793cea9c0b4b9:0x6decceaa41f2c327,₹700 for two
0x3be7bf916d0d0815:0xbbb1fc4ad862952d,₹950 for two
0x3be7bf35f1c70c53:0x883ce2a64d44b887,
0x3be7954d86f131af:0x58de85a31d6c60e8,
0x3be7b93dd803a67d:0x3a1d6c0ff954ebce,
0x3be7b8eed7183af1:0x916c66b244e2bb13,"₹1,000 for two"
0x3be7bf06a283e347:0xcf27caa0d60a9391,
0x3be7b99f687f0577:0x80c4869bb1c9449b,
0x3be7c1f4c9307f59:0x27ce37dba5408d4c,"₹2,200 for two"
0x3be7c91b18ce7adf:0xbeadefa77ab147ef,"₹1,000 for two"
0x3be7b6448bbb4183:0x12a4e2c10bf2ac51,₹300 for two
0x3be7b70016edf539:0xb5a421d2c1e5c7d8,
0x3be7959876cda5d3:0x2f4ab85f168d9dcf,₹950 for two
0x3be7c1687ff3e3ef:0xe294b773ecf2b495,"₹2,000 for two"
0x3be7c9e701294057:0xa3b6fef8ceaea5df,"₹1,500 for two"
0x3be7c1ddad1ab557:0x75c09658f4928ba3,₹800 for two
0x3be79823b1b229c5:0xb24072e338229d16,
0x3be7c3dcc4f86099:0xe5719336eb61eaa1,
0x3be7c3acca162291:0xae8718f3af0ba07b,
0x3be7c3ee997dc6e7:0xe46751ba956e4186,"₹1,000 for two"
0x3be7c3acd6e998fb:0x3921bb9acc2a1e3c,₹700 for two
0x3be7c9d4ca04a90b:0x1947d7ec28e60662,₹850 for two
0x3be7c787b261fffd:0xfe2e90c356a94f40,₹400 for two
0x3be7c90011094c6d:0xb2cde823ec4ddf9f,₹600 for two
0x3be7b86df07dc183:0xe8412a23b07b8a3d,₹600 for two
0x3be7ce5960c2876f:0x19f73c47d37b9834,₹750 for two
0x3be7cf2b87e600fb:0x1d5b3da1210bbd55,₹300 for two
0x3be7b7c75c3db51d:0xca17a7e406e9c3d9,"₹1,400 for two"
0x3be795c11a161f2d:0xe3b8cc3fe0c89fcf,₹850 for two
0x3be7bf4dfc21e607:0x7daede5640f94354,
0x3be7d19241e88f99:0xdceebdf7208a7da1,
0x3be7b652c6067539:0xd04e4b757cc4ba1e,"₹1,700 for two"
0x3be7b6ee0655b047:0x6d37d7deaba160eb,
0x3be7b7030d4f5723:0xfcd6e3a14f0f6f04,"₹3,000 for two"
0x3be7950f66260a7d:0x420a641838f9c291,
0x3bdd792d3488165f:0x77d1dc707d0d9a17,
0x3be7bb007a1d4e7d:0x6cec5ffe89d47ead,"₹1,400 for two"
0x3be7b93c43a5f8a7:0xa4dc7d3e06971a02,
0x3be796e5843bb543:0xcfa2817dc7b71c56,₹300 for two
0x3be7bb499ceda2a9:0x457a7605ee78d9c7,"₹1,100 for two"
0x3be79185e5cf2439:0x821b141e20007462,₹400 for two
0x3be79534b7b359a3:0xfa95916bb6326e06,
0x3be7bd8ac8de8371:0xc771e097bd08910b,
0x3be7938152c077d3:0x7b2c66534013aee7,
0x3be7ba897e29e29d:0xf38ee77a2ab557d0,
0x3be7c1b9d8491eff:0x23c44b1a3fc67264,"₹1,000 for two"
0x3be785e723f72aa3:0x38c15dc95381156a,"₹1,000 for two"
0x3be7ed2dc5d6fb4d:0x493d627aabf10bde,
0x3be7bd57b96f37ab:0x13d968608c4e56a1,
0x3be79a38a32bb507:0xd0c3afa414aa8a24,
0x3be7b91c3a774ccb:0x3e3317a1cac10327,₹850 for two
0x3be7b9df54c475ed:0x8867ca4230e154c0,"₹3,000 for two"
0x3be7c0e8946c6cb7:0xee236edeba5ff88e,"₹1,100 for two"
0x3be7bdbefc4e1497:0x9d856e17a1fe3792,₹350 for two
0x3be7c93dacaa1073:0xd8c7afa6618d8e81,
0x3be7c93db9d0fef7:0x46849a4bcfc38da4,₹950 for two
0x3be7b6fda4837d37:0x910c8ca3249991a9,₹600 for two
0x3be7cfe9cf3ad6d7:0x78ad5cf086be8ff6,₹600 for two
0x3be7b068fc1e75c9:0x713a9367a40b42f8,"₹2,000 for two"
0x3be7bbd903c5b993:0xea10090eb0b477e8,"₹1,000 for two"
0x3be7ba898009feb1:0xf19bfa7dc485b029,"₹1,500 for two"
0x3be7c1e86763fa07:0x63282148f5af34b6,₹300 for two
0x3be7c1802f4b5d1b:0xbeba7e2dd1326cdb,"₹1,200 for two"
0x3be7bfad445db8cd:0x2c81663f284e3b45,
0x3be7c15d0f1c9a3d:0x2bff833b67cd3aba,"₹1,200 for two"
0x3be7cf2c101d7649:0xd1dc7fc6d5eccbfc,"₹1,800 for two"
0x3be7c8945cf90cf1:0xe826a469095c3cab,₹700 for two
0x3be7b93bdc29b719:0xae99332cc3255b2f,₹450 for two
0x3be799165537e9d3:0x27996acf3013e447,₹500 for two
0x3be7c8c42c36a5c3:0xa3c44cd725161180,₹250 for two
0x3be7c9bf807d38d9:0xe86ea7728f8661c4,₹950 for two
0x3be7c87ef4f1dba7:0x107fd202d2d6c92b,
0x3be7c78f57844ee1:0xd56feecbc5f0362a,₹650 for two
0x3be7c60e2ae09ad3:0xb3ca4697a2c51008,"₹1,000 for two"
0x3be7950001685b87:0x5a3216151107cf3e,
0x3be7b036c7dca6f1:0x7007550d7751f516,
0x3be796e3b940a7cb:0xd2a2832f73b6f7c1,
0x3be7937355d1bef5:0x3db0712b4df43e06,₹650 for two
0x3be7934a702a7dd3:0x1cc9d262bb56f674,
0x3be7b1cda165fcaf:0xaa0315abc920d1a8,"₹1,300 for two"
0x3be7c0a8308de65d:0x68f07f2cc4b36de6,
0x3be79539e72d8793:0x2c6e1a12cdc70cf7,₹500 for two
0x3be7c12902437143:0xfd6cbab9192e4c2a,"₹1,400 for two"
0x3be7bbdfeaa739f3:0x138cb925d429dc5e,"₹1,800 for two"
0x3be7b7f425f686f5:0xe04b1352c83346fc,₹850 for two
0x3be7b7de3f06dd3b:0x7c9fd8538264993e,"₹1,800 for two"
0x3be79418a822a3bd:0x4e945822e4195925,
0x3be7b942a4cb79bb:0x778891f5fc3f790b,"₹1,800 for two"
0x3be7b9a816622091:0xe74bdce1604e1f7d,₹600 for two
0x3be7933c956303f3:0xb1cfcad6b861f6fe,"₹1,200 for two"
0x3be7931a09ea7e4b:0x942c445b77ff005,₹850 for two
0x3be7bf81b19c4bcd:0x9402d29d680a92e9,
0x3be7bfdf5fb2984f:0xa0b183a2612571e0,₹500 for two
0x3be7982101fe2bc5:0xc128f2742a14da2c,
0x3be7bf515fe5b349:0x8a5dfeae2fdc40e5,₹700 for two
0x3be7bf5485743669:0xc82baa33cd0f4d77,"₹1,300 for two"
0x3be79373569b9205:0xae3851c404e07012,₹400 for two
0x3be7c0a85a701f0d:0xbc99a332bc66649c,₹950 for two
0x3be7990033526fd3:0xed1301318d8e6b46,
0x3be7bd00ac8870b1:0xb1508d398bced48d,
0x3be791014f630351:0xeb69b7f4648e9433,₹600 for two
0x3be7bcfd55e33e1d:0x71e94be09468a62b,
0x3be7c1e8d53dd059:0xd1da2b67d524b4de,₹450 for two
0x3be7c1fd00aabf83:0x524c98f8a30b8190,"₹1,500 for two"
0x3be7c0a653bbda11:0x70233f8f098a8790,₹600 for two
0x3be7c11599f21e19:0x549abc0a9470cc90,
0x3be7b7de6b7e99e9:0xbd50ca363283e1bd,
0x3be7b7bf67407b45:0x2070dc56cfc20162,"₹1,000 for two"
0x3be797ae9b5ac26d:0x56cc90624413fb98,
0x3be79384e734d84f:0xcc8cab71c186d374,
0x3be7b74f0e09abcb:0x28a75b46caa34724,₹950 for two
0x3be7c82734053ead:0xa7aa95cb0d6eea57,"₹1,400 for two"
0x3be7bb6f4b6ead55:0xb9e8c9cf326ef18,"₹1,200 for two"
0x3be7b65ae6d3a897:0x2d76252043ce5aef,₹850 for two
0x3be7b65ae14321b7:0x59a9c2e0c4adb8c6,₹700 for two
0x3be7b65c3fffffff:0x1f0cceaf6610b623,₹800 for two
0x3be7b65b6bc87bb7:0xfc00d338560e8959,₹700 for two
0x3be7b65b2026b4a5:0xc3179d1bedce65b6,₹500 for two
0x3be7b862294be87f:0xb9f3872a829f1d1e,₹500 for two
0x3be7b85da6c31ab9:0xb8d552682984f217,"₹1,900 for two"
0x3be7b16713687cc3:0x16eb9c1cb083bf42,"₹1,700 for two"
0x3be7c0dbb93f3a39:0xd4eb0722a09a4815,₹950 for two
0x3be79555a40506e9:0x8a0a8de405abc1c3,
0x3be7b92f8967c83d:0x26e8f39bb8c986a3,"₹2,000 for two"
0x3be7b9b496c2715f:0xbe1118f4cd0c63f8,"₹1,800 for two"
0x3be7bf49fd442859:0xa0c9e2e9dbaf9fa1,
0x3be7c89052b01107:0x50d36985a25a2a68,₹700 for two
0x3be7c88d0446cd13:0x8a7b82d9ffc466fd,"₹2,000 for two"
0x3be7c8275b76bb2b:0x74cd690feb5926c0,₹700 for two
0x3be795902cdc7177:0xf9bd76a14a5cfd21,₹850 for two
0x3be795d056a4f3d7:0x95203a96a4f9e6fa,
0x3be7c0c62032cbf5:0x791b16b06c7d154d,₹950 for two
0x3be7c9d4bbc5ce39:0xf9f3bd1c1f13cf79,
0x3be7b6b9e7ddc69b:0x4d11e2187c59bd25,
0x3be7b6bf8be835a1:0xf871602158e2602d,₹600 for two
0x3be7c726ee2de62b:0x5e8b790adce92f7e,₹700 for two
0x3be7c82ebd60de61:0xb26b5105e9a96a5f,₹650 for two
0x3be7c0d03e8105dd:0xc500795d0360d647,
0x3be7b02916b19f95:0x69ff2533157b9704,₹400 for two
0x3be7c3bea9b45bf1:0x922fd486cc7b87ab,"₹1,000 for two"
0x3be7c3de38a349e9:0x7cc04450b39c6969,₹700 for two
0x3be7c1102a7cd409:0x6625f4670bd27e3d,₹450 for two
0x3be78d5474fe47d1:0x337503986b88327c,
0x3be7bf51f9b6aaab:0x68fb6e17a482654b,₹200 for two
0x3be7c14714979845:0x773ee4511b87af8e,
0x3be7c1470dadc057:0xe4053239c4f77b5a,"₹1,000 for two"
0x3be7c1466cd34a67:0x2b52236d41625858,₹700 for two
0x3be7c146f9bf8c8d:0xddfb47797fb3883d,"₹1,000 for two"
0x3be7c146e859ac23:0x5814bc689be56c1a,"₹2,000 for two"
0x3be7c15f0048be53:0xdb7fb1b30806eae8,
0x3be7c11af1c6b5d5:0xed53850db610a6da,₹650 for two
0x3be7c1995554396b:0x6343b951523f1bdd,₹850 for two
0x3be7c10c1cb0cc77:0xdd5b3d2d54f5f60f,₹600 for two
0x3be79361602c73d5:0x83442ba70cb7d951,
0x3be7c1d918dfea9f:0x9b9c935bf28804cb,"₹1,400 for two"
0x3be7b94427568f93:0x616181c95223b75,
0x3be7bbd7ad4c6bf9:0x71495d2da35ce8c9,₹850 for two
0x3be7bf323ea767ab:0xb02612813d883661,
0x3be7b7d7fbebd8f7:0x35d556bf82321ed0,
0x3be7b7337501a9ef:0xdf3760a6be6b2e01,"₹1,800 for two"
0x3be7b9774afb21cf:0x84f2fb635fee8448,"₹1,600 for two"
0x3be795ca992f680f:0x32d89e8d96a702c,"₹1,400 for two"
0x3be795caa21cccf5:0x3d90afe06183d7de,"₹1,000 for two"
0x3be7b9277b7cb5e7:0x75a8cdc7b437bd97,"₹1,200 for two"
0x3be7b9025d083143:0xaf0248ff94b34206,"₹1,200 for two"
0x3be7c701bfde4311:0xea3be12905d0224c,"₹1,500 for two"
0x3be7953b05e639d9:0xbad47f120ab829a4,₹300 for two
0x3be7c13629b862e7:0xb9812d9a2a0290b3,"₹1,000 for two"
0x3be7957978a85f3d:0x4b23b87f78edac93,
0x3be7b965d53f19cb:0xb15ed0cc90a8a92e,"₹1,000 for two"
0x3be7b157e17365a9:0xe9b80251850355ad,"₹1,000 for two"
0x3be797503ea0112b:0x42a2de3afe79ae38,"₹1,900 for two"
0x3be797e89b53b203:0xc08f0ec642d3ccd2,
0x3be7b03478b16087:0xace87d1207793318,"₹1,200 for two"
0x3be7b79c41d57323:0x8ff68c2e0abd5314,"₹1,800 for two"
0x3be7b9d891ff18c1:0xacdd1583a24dad61,₹800 for two
0x3be7bfdf9456683b:0xd971c8da78c8fd3,"₹1,300 for two"
0x3be7c3e7b7a21651:0xf60b0a4fb5e59ef2,₹950 for two
0x3be7c181e05cdab5:0x86cfda8dbac6b83d,"₹3,300 for two"
0x3be7c949fe39217f:0xdfba6332f49a61f4,
0x3be7ed6cbcca432f:0x7d74b7e482c59555,₹350 for two
0x3be7b9b9b5139f4f:0xbdec9aa669f278a0,₹950 for two
0x3be797662609a44d:0x464a1807ffe10f6d,₹850 for two
0x3be7b93cbabf2fcd:0xa3b4c90fd6cbd3d2,"₹2,500 for two"
0x3be7b6ca73cb2df5:0x1fef406e3b5439b3,₹300 for two
0x3be7c836b9a39097:0x1e62168c5df2e8,"₹1,600 for two"
0x3be7c83640be1427:0x66a11c178cdc3396,
0x3be7c8340fffffff:0x9f99eb33e9dab407,
0x3be7b02c0bbb6b61:0xc4b62a8e4c9bc58d,₹800 for two
0x3be795e29ecd1df1:0x23e4e2f0eed54497,₹750 for two
0x3be7bd1d146779c7:0x1cc8926e15f18543,"₹1,800 for two"
0x3be7bbe0db473d9b:0xe5dca2240d2c4fe0,
0x3be7bb511d6a0bab:0xd6aa8aaf70115349,"₹1,600 for two"
0x3be7c8369344fddb:0x86f5035f54ead593,₹850 for two
0x3be7bbee510b01c1:0x2a099c359ad83e4e,"₹1,200 for two"
0x3be7bc1f77c1381d:0x31ed4856a1852be1,
0x3be7b03014acdcd7:0x7dca8a1b07ca3b96,₹600 for two
0x3be7c1cfc5a0b69d:0x3d320a05caf35fab,
0x3be7bb09ea2851b5:0x16c412f91c5c85d0,₹850 for two
0x3be796f348ce6ee5:0x6ea91f290b8394d7,₹350 for two
0x3be7c0c3c1e3da03:0x7c7b2bcb8d15bf19,"₹2,000 for two"
0x3be7c90023e58bcb:0x66d14307ba359283,"₹3,200 for two"
0x3be7c94496c50709:0xadf21df8300a8e72,
0x3be7c9e794310fdb:0x7f4d3547c14a86a0,₹300 for two
0x3be7b95e233c7c75:0x2e34f5b136b7eff9,"₹1,000 for two"
0x3be7b195ceaa684d:0xf26a84e4a99ccf38,"₹1,000 for two"
0x3be7b063388a27e1:0xc820b9dc20386ee4,₹800 for two
0x3be7bf098b2143f1:0x588f1c0098d04893,"₹1,800 for two"
0x3be7bfa4aa8018f1:0x2856368a2c7fdf60,
0x3be7b93f9774de93:0x778c44fa7128d1c8,"₹1,000 for two"
0x3be799193ff3bf17:0x9eac4625e148825f,
0x3be7c3b037b6f851:0xb1b3796b546a40ff,"₹2,000 for two"
0x3be7c3e79fbfd255:0x6a4703f8e0fd0457,₹400 for two
0x3be7b12892079df9:0x936f32dbdb8a2dfe,
0x3be7c7255050f43b:0x9044c555c0cb8737,₹650 for two
0x3be7b7f73675c153:0x20521257020eaff,"₹1,500 for two"
0x3be7b7e427d1f4d1:0xfcc00fdc11a816bd,"₹3,000 for two"
0x3be7b8624ec794c3:0xd0fe454f293f27a6,₹800 for two
0x3be7b9d7487f4e99:0xf29b2459399d11bc,"₹2,100 for two"
0x3be7c11f070059a7:0x27b655a2b78920c6,₹950 for two
0x3be7bfef9a5f3ba9:0xe59e22df48d31479,₹850 for two
0x3be7bfef9a18d729:0x96f5fe6fc6cf3a25,"₹1,800 for two"
0x3be795cf56ee1137:0x866d5bd1843bfd34,"₹2,000 for two"
0x3be7bb07ebfc4b5d:0x83197757876ac4d6,"₹1,300 for two"
0x3be7bb00512e347f:0x2f8a8a3f670d2ef,"₹1,000 for two"
0x3be7bb33913ce719:0x5884e7d44dcc0b39,"₹1,100 for two"
0x3be7bbdfe2b98e37:0x8e7a793cd04a6607,₹850 for two
0x3be7c3bed1110455:0x8ea1ac301043306,"₹2,500 for two"
0x3be7c32764cbed53:0x338981e131dd0faf,₹300 for two
0x3be7bb91698a5933:0x971571654e5341d6,"₹1,600 for two"
0x3be7b9916ee18287:0x53cb1e35e1c062c1,
0x3be79515402ac13d:0xbd73d5a0087cb1a9,₹500 for two
0x3be7938196a6791d:0x6d9d974e166a6cc3,₹950 for two
0x3be79381a41f8eb5:0x3de0eaac47a52be0,₹350 for two
0x3be795284c64803f:0x9e8b0bfb58912f0e,"₹1,400 for two"
0x3be7956c4b891487:0x6d6c876c0fb96bbd,"₹1,000 for two"
0x3be7956bb4989849:0x761a55c54bd74d2f,
0x3be7943fc94dce0d:0xac53c487e51ef755,
0x3be7943fc88dc3e9:0xf4390c513329bfc0,₹600 for two
0x3be79381a6a36aa5:0x4daa24e7196aaf99,₹350 for two
0x3be7c148a16c2811:0x8ff24d114fdf8f4b,"₹1,000 for two"
0x3be7950075d96f4d:0xd57c3121cadfbab7,
0x3be7b92a4aa496a5:0x3422146f6d12c657,"₹1,400 for two"
0x3be7b91c3d5b6c31:0x196ed0271943468d,"₹1,500 for two"
0x3be7c30066218819:0x665e29636268046f,"₹3,500 for two"
0x3be7c364de48df31:0x13d2da5abd2580a0,₹600 for two
0x3be7c3a853b32385:0xa1e2d81e9449bfe8,
0x3be7ede0c0d5f28d:0x8e4447350c0dcad0,
0x3be7b95fac9ce56d:0xff0635e8e01cc6e8,"₹2,500 for two"
0x3be7b9fb9f3c9a39:0x11dbf46408bf7b1b,"₹1,800 for two"
0x3be7b90452877a37:0xa865232a658cbecf,₹900 for two
0x3be7ce5810cbacc3:0xfbde4d121291e161,₹950 for two
0x3be7b18bd89c4697:0xa530205aa6d7b8fc,"₹1,100 for two"
0x3be7bf3e5cccff85:0xf8a1ead4e4eb5d9c,
0x3be7bb138bfe9c47:0xd192330aa5153893,"₹1,200 for two"
0x3be7a337328ed5c7:0x14e368ea96741e53,
0x3be7b91c2d874871:0x9c79b3f08903c6aa,₹700 for two
0x3be797cff9072f3f:0x299fa54ba7ad8447,₹950 for two
0x3be7c18f8b896535:0x9bafbf584278bf4f,"₹1,000 for two"
0x3be7b0468cc6981d:0xde248081f660a41e,₹500 for two
0x3be7ed55939748c9:0x72bcb40e5dcee5b3,
0x3be7c1270ad6dfd9:0x26c72fb228a72150,"₹1,000 for two"
0x3be7a3477f169955:0x443bfb4fd890cf2,₹400 for two
0x3be7b9a9f83c7b99:0x6cc031a2cf416a61,₹700 for two
0x3be7c13f60628f7f:0x7fa772d908b03cc4,
0x3be792cd5b55cbdd:0x57a2bd6b57d81fe1,
0x3be79391255d2f4f:0xb7c5e850905fc05,₹300 for two
0x3be7cf583d3cb7c7:0xe56ab24270115347,₹700 for two
0x3be7c9becc0320b9:0x2adce255ee608c38,"₹4,500 for two"
0x3be7b86e222ef229:0x648332efbbf8ed8e,₹750 for two
0x3be7b871f3e52b1b:0x95516603dc7f9561,"₹1,000 for two"
0x3be792ccfe5e5cff:0xcf28f1f38aae5fdc,₹950 for two
0x3be77fb8e24f06c5:0xee817e6857999093,₹700 for two
0x3be7bf99bd3104ed:0x5a93f61e9a9166db,₹300 for two
0x3be793533e44a1fb:0x799080a3e42a6f9f,"₹1,000 for two"
0x3be7c3c3307931df:0xb43e5f553426395b,
0x3be7c3c335659665:0x4a70b38a69877522,₹150 for two
0x3be795000bdfa391:0xf5f9eda944870cad,₹950 for two
0x3be7b0e6955490f7:0x5b5e22fb8dd0ef50,₹700 for two
0x3be7c9187adf61e1:0xca583fce1cf026a5,₹400 for two
0x3be7b8e7914574ff:0x26a333a87f6e3fde,₹500 for two
0x3be7bf005667c8e3:0x5c6cb692963833f8,
0x3be7c9186495ee37:0xe5a0e6e44a59d178,"₹1,000 for two"
0x3be7c918610a2c1b:0xfc41c3dd7591fb29,₹650 for two
0x3be7c7d2ef3cf015:0x789e62c927f93434,"₹1,000 for two"
0x3be7b8e7938fc6d1:0x6ebb021452ce630f,₹600 for two
0x3be7bf2349d37123:0xbdfbff2855c4ef4a,"₹1,100 for two"
0x3be795783077dec9:0x10aa289bff983d8c,
0x3be7959d5ed9c94f:0x6163469e5f523e66,₹700 for two
0x3be7b1a6fed192e7:0xa5d1619c8f5bca24,
0x3be7b174ea795933:0xe7554c1e6d1f2d86,₹450 for two
0x3be7b1003f7011c5:0x45164fd0624b8c05,₹650 for two
0x3be7edadc900c857:0xe128f6213aca9640,
0x3be7c3368bec43d1:0xcf976c7bfb7442ef,₹100 for two
0x3be7c80e022ed17d:0xc31de4c48c4b453a,₹650 for two
0x3be7b855f051adb9:0xcff7bd5c4ffdd338,₹650 for two
0x3be79488989c82e1:0xba1eafe1a1e0d2ba,
0x3be7c91b2f359a51:0x7a74a9bfb7a6635,₹400 for two
0x3be7c91ae66048bd:0x1346f89558be8838,
0x3be7b98508c0470d:0x44642d155794a2ee,
0x3be7ce565d04a89d:0xb636253ea27ab482,
0x3be7b655fcb7ac0b:0x453b70cab870549b,"₹2,800 for two"
0x3be7bd20308d73ff:0xd4de75d15aa392e4,₹950 for two
0x3bdd66f2bdcc7983:0x3be1945667aa52e1,₹800 for two
0x3be795d261d689a1:0x956e9d74d8f5bddf,
0x3be795d266e82753:0x98d14c3ae518bf6f,₹600 for two
0x3be795d26980df71:0x46b22acf900536bf,₹500 for two
0x3be7bf35f1097105:0x2c9e481ceda7541a,
0x3be7950b3f61da47:0x1fb658e583c7e38d,
0x3be7b9a2d373cf03:0x1509141a93acf6b4,"₹2,600 for two"
0x3be7943156056939:0x8b999845968eae9b,
0x3be7f3bec0d2f25d:0x69cb3efb4ff673fc,₹450 for two
0x3be7bd165f100ab7:0xa02708d6994141ce,₹950 for two
